index,model,prices,rating,sim,processor,ram,battery,display,camera,card,os
2,Motorola Edge 70 Fusion,27589,70.0,"Dual Sim, 5G, VoLTE, Vo5G, NFC, Wi-Fi","Snapdragon 7s Gen4, Octa Core, 2.7 GHz Processor","8 GB RAM, 128 GB inbuilt",7000 mAh Battery with 68W Fast Charging,"6.8 inches, 1272 x 2772 px, 144 Hz Display with Punch Hole",50 MP + 13 MP + Dedicated 3-in-1 light sensor Triple Rear & 32 MP Front Camera,,Android v16
3,Xiaomi Redmi Note 17 Pro Max,49999,,"Dual Sim, 5G, VoLTE, NFC, eSIM, Wi-Fi, IR Blaster","Snapdragon 6 Gen5, Octa Core, 2.6 GHz Processor","8 GB RAM, 256 GB inbuilt",10000 mAh Battery with 100W Fast Charging,"6.83 inches, 1280 x 2772 px, 120 Hz Display with Punch Hole",50 MP + 8 MP Dual Rear & 32 MP Front Camera,,Android v16
4,Realme P3 5G,15999,61.0,"Dual Sim, 5G, VoLTE, NFC, Wi-Fi","Snapdragon 6 Gen4, Octa Core, 2.3 GHz Processor","6 GB RAM, 128 GB inbuilt",6000 mAh Battery with 45W Fast Charging,"6.67 inches, 1080 x 2400 px, 120 Hz Display with Punch Hole",50 MP + 2 MP Dual Rear & 16 MP Front Camera,,Android v15
5,Apple iPhone 18 Pro,164900,,"Dual Sim, 5G, VoLTE, NFC, eSIM, Wi-Fi","Apple A20 Pro, Hexa Core Processor","12 GB RAM, 256 GB inbuilt",4056 mAh Battery with Fast Charging,"6.3 inches, 1206 x 2622 px, 120 Hz Display with Dynamic Island",48 MP + 48 MP + 48 MP Triple Rear & 18 MP Front Camera,Memory Card Not Supported,iOS v27
6,Realme P3 Pro 5G (12GB RAM +256GB),23999,66.0,"Dual Sim, 5G, VoLTE, Wi-Fi","Snapdragon 7s Gen3, Octa Core, 2.5 GHz Processor","12 GB RAM, 256 GB inbuilt",6000 mAh Battery with 80W Fast Charging,"6.83 inches, 1272 x 2800 px, 120 Hz Display with Punch Hole",50 MP + 2 MP Dual Rear & 16 MP Front Camera,,Android v15
7,Xiaomi Redmi Note 17 Pro,36999,71.0,"Dual Sim, 5G, VoLTE, NFC, eSIM, Wi-Fi, IR Blaster","Snapdragon 6s Gen4, Octa Core, 2.4 GHz Processor","6 GB RAM, 128 GB inbuilt",9000 mAh Battery with 67W Fast Charging,"6.83 inches, 1280 x 2772 px, 120 Hz Display with Punch Hole",50 MP + 8 MP Dual Rear & 16 MP Front Camera,,Android v16
8,Apple iPhone 17,82900,76.0,"Dual Sim, 5G, VoLTE, NFC, eSIM, Wi-Fi","Apple A19, Hexa Core Processor","8 GB RAM, 256 GB inbuilt",3692 mAh Battery with Fast Charging,"6.3 inches, 1206 x 2622 px, 120 Hz Display with Small Notch",48 MP + 48 MP Dual Rear & 18 MP Front Camera,Memory Card Not Supported,iOS v26
9,Xiaomi Redmi 17 5G,23999,61.0,"Dual Sim, 5G, VoLTE, NFC, Wi-Fi, IR Blaster","Snapdragon 4 Gen5, Octa Core, 2.4 GHz Processor","6 GB RAM, 128 GB inbuilt",7900 mAh Battery with 45W Fast Charging,"6.9 inches, 720 x 1600 px, 120 Hz Display with Punch Hole",50 MP + Auxiliary lens Dual Rear & 8 MP Front Camera,"Memory Card (Hybrid), upto 2 TB",Android v16
10,OnePlus Nord 5 5G,31999,75.0,"Dual Sim, 5G, VoLTE, NFC, Wi-Fi, IR Blaster","Snapdragon 8s Gen3, Octa Core, 3 GHz Processor","8 GB RAM, 256 GB inbuilt",6800 mAh Battery with 80W Fast Charging,"6.83 inches, 1272 x 2800 px, 144 Hz Display with Punch Hole",50 MP + 8 MP Dual Rear & 50 MP Front Camera,,Android v15
11,Vivo T5 5G,34999,71.0,"Dual Sim, 5G, VoLTE, Wi-Fi, IR Blaster","Dimensity 7500 Turbo, Octa Core, 2.6 GHz Processor","6 GB RAM, 128 GB inbuilt",7050 mAh Battery with 44W Fast Charging,"6.83 inches, 1260 x 2800 px, 144 Hz Display with Punch Hole",50 MP + 8 MP Dual Rear & 32 MP Front Camera,Memory Card Not Supported,Android v16
12,Vivo T4 5G,24999,66.0,"Dual Sim, 5G, VoLTE, Wi-Fi, IR Blaster","Snapdragon 7s Gen3, Octa Core, 2.5 GHz Processor","8 GB RAM, 128 GB inbuilt",7300 mAh Battery with 90W Fast Charging,"6.77 inches, 1080 x 2392 px, 120 Hz Display with Punch Hole",50 MP + 2 MP Dual Rear & 32 MP Front Camera,Memory Card Not Supported,Android v15
13,Samsung Galaxy F16 5G (6GB RAM + 128GB),13999,55.0,"Dual Sim, 5G, VoLTE, NFC, Wi-Fi","Dimensity 6300, Octa Core, 2.4 GHz Processor","6 GB RAM, 128 GB inbuilt",5000 mAh Battery with 25W Fast Charging,"6.7 inches, 1080 x 2340 px, 90 Hz Display with Punch Hole",50 MP + 5 MP + 2 MP Triple Rear & 13 MP Front Camera,"Memory Card (Hybrid), upto 1.5 TB",Android v15
14,Vivo T4 Ultra (12GB RAM+ 256GB),37999,75.0,"Dual Sim, 5G, VoLTE, NFC, Wi-Fi","Dimensity 9300 Plus, Octa Core, 3.25 GHz Processor","12 GB RAM, 256 GB inbuilt",5500 mAh Battery with 90W Fast Charging,"6.67 inches, 1260 x 2800 px, 120 Hz Display with Punch Hole",50 MP + 50 MP + 8 MP Triple Rear & 32 MP Front Camera,Memory Card Not Supported,Android v15
15,Apple iPhone 18 Pro Max,179900,,"Dual Sim, 5G, VoLTE, NFC, eSIM, Wi-Fi","Apple A20 Pro, Hexa Core Processor","12 GB RAM, 256 GB inbuilt",5391 mAh Battery with Fast Charging,"6.9 inches, 1320 x 2868 px, 120 Hz Display with Dynamic Island",48 MP + 48 MP + 48 MP Triple Rear & 18 MP Front Camera,Memory Card Not Supported,iOS v27
16,Motorola Moto G34 5G (8GB RAM + 128GB),14999,55.0,"Dual Sim, 5G, VoLTE, Vo5G, Wi-Fi","Snapdragon 695, Octa Core, 2.2 GHz Processor","8 GB RAM, 128 GB inbuilt",5000 mAh Battery with 18W Fast Charging,"6.5 inches, 720 x 1600 px, 120 Hz Display with Punch Hole",50 MP + 2 MP Dual Rear & 16 MP Front Camera,"Memory Card (Hybrid), upto 1 TB",Android v14
17,Realme P1 5G,13999,58.0,"Dual Sim, 5G, VoLTE, Wi-Fi","Dimensity 7050, Octa Core, 2.6 GHz Processor","6 GB RAM, 128 GB inbuilt",5000 mAh Battery with 45W Fast Charging,"6.67 inches, 1080 x 2400 px, 120 Hz Display with Punch Hole",50 MP + 2 MP Dual Rear & 16 MP Front Camera,"Memory Card (Hybrid), upto 2 TB",Android v14
18,Oppo K13 Turbo (8GB RAM + 256GB),33299,70.0,"Dual Sim, 5G, VoLTE, Wi-Fi, IR Blaster","Dimensity 8450, Octa Core, 3.25 GHz Processor","8 GB RAM, 256 GB inbuilt",7000 mAh Battery with 80W Fast Charging,"6.8 inches, 1280 x 2800 px, 120 Hz Display with Punch Hole",50 MP + 2 MP Dual Rear & 16 MP Front Camera,Memory Card Not Supported,Android v15
19,Samsung Galaxy S25 Ultra,99999,,"Dual Sim, 5G, VoLTE, Vo5G, NFC, eSIM, Wi-Fi","Snapdragon 8 Elite for Galaxy, Octa Core, 4.47 GHz Processor","12 GB RAM, 256 GB inbuilt",5000 mAh Battery with 45W Fast Charging,"6.9 inches, 1440 x 3120 px, 120 Hz Display with Punch Hole",200 MP Quad Rear & 12 MP Front Camera,Memory Card Not Supported,Android v15
20,Xiaomi Redmi 13 5G,12499,58.0,"Dual Sim, 5G, VoLTE, Wi-Fi, IR Blaster","Snapdragon 4 Gen 2 AE, Octa Core, 2.3 GHz Processor","6 GB RAM, 128 GB inbuilt",5030 mAh Battery with 33W Fast Charging,"6.79 inches, 1080 x 2460 px, 120 Hz Display with Punch Hole",108 MP + Macro Dual Rear & 13 MP Front Camera,"Memory Card (Hybrid), upto 1 TB",Android v14
21,Motorola Edge 60 Fusion,24999,67.0,"Dual Sim, 5G, VoLTE, Vo5G, Wi-Fi","Dimensity 7400, Octa Core, 2.5 GHz Processor","8 GB RAM, 256 GB inbuilt",5500 mAh Battery with 68W Fast Charging,"6.7 inches, 1220 x 2712 px, 120 Hz Display with Punch Hole",50 MP + 13 MP Dual Rear & 32 MP Front Camera,"Memory Card (Hybrid), upto 1 TB",Android v15
22,Realme P3x 5G (8GB RAM + 128GB),13999,57.0,"Dual Sim, 5G, VoLTE, Wi-Fi","Dimensity 6400, Octa Core, 2.5 GHz Processor","8 GB RAM, 128 GB inbuilt",6000 mAh Battery with 45W Fast Charging,"6.72 inches, 1080 x 2400 px, 120 Hz Display with Punch Hole",50 MP + 2 MP Dual Rear & 8 MP Front Camera,Memory Card (Hybrid),Android v15
23,Oppo K13 (8GB RAM + 256GB),23999,63.0,"Dual Sim, 5G, VoLTE, Wi-Fi, IR Blaster","Snapdragon 6 Gen4, Octa Core, 2.3 GHz Processor","8 GB RAM, 256 GB inbuilt",7000 mAh Battery with 80W Fast Charging,"6.67 inches, 1080 x 2400 px, 120 Hz Display with Punch Hole",50 MP + 2 MP Dual Rear & 16 MP Front Camera,,Android v15
24,Apple iPhone Duo,299900,,"Dual Sim, 5G, VoLTE, NFC, eSIM, Wi-Fi","Apple A20 Pro, Hexa Core Processor","12 GB RAM, 256 GB inbuilt",5800 mAh Battery with Fast Charging,"7.6 inches, 1878 x 2670 px, 120 Hz Display",48 MP + 48 MP Dual Rear & 12 MP + Under-display FaceTime Camera Dual Front Camera,Memory Card Not Supported,
25,Motorola Edge 70 Pro,39649,,"Dual Sim, 5G, VoLTE, Vo5G, NFC, Wi-Fi","Dimensity 8500 Extreme, Octa Core, 3.4 GHz Processor","8 GB RAM, 256 GB inbuilt",6500 mAh Battery with 90W Fast Charging,"6.8 inches, 1272 x 2772 px, 144 Hz Display with Punch Hole",50 MP + 50 MP Dual Rear & 50 MP Front Camera,,Android v16
26,Realme P3 5G (8GB RAM + 128GB),16999,63.0,"Dual Sim, 5G, VoLTE, NFC, Wi-Fi","Snapdragon 6 Gen4, Octa Core, 2.3 GHz Processor","8 GB RAM, 128 GB inbuilt",6000 mAh Battery with 45W Fast Charging,"6.67 inches, 1080 x 2400 px, 120 Hz Display with Punch Hole",50 MP + 2 MP Dual Rear & 16 MP Front Camera,,Android v15
27,Motorola Edge 60 Pro,29999,76.0,"Dual Sim, 5G, VoLTE, Vo5G, NFC, Wi-Fi","Dimensity 8350 Extreme, Octa Core, 3.35 GHz Processor","8 GB RAM, 256 GB inbuilt",6000 mAh Battery with 90W Fast Charging,"6.7 inches, 1220 x 2712 px, 120 Hz Display with Punch Hole",50 MP + 50 MP + 10 MP Triple Rear & 50 MP Front Camera,,Android v15
28,Realme P4 Pro 5G,28999,71.0,"Dual Sim, 5G, VoLTE, Wi-Fi, IR Blaster","Snapdragon 7 Gen 4, Octa Core Processor","8 GB RAM, 128 GB inbuilt",7000 mAh Battery with 80W Fast Charging,"6.8 inches, 1280 x 2800 px, 144 Hz Display with Punch Hole",50 MP + 8 MP Dual Rear & 50 MP Front Camera,,Android v15
29,Samsung Galaxy A17 5G,19499,58.0,"Dual Sim, 5G, VoLTE, NFC, Wi-Fi","Exynos 1330, Octa Core, 2.4 GHz Processor","6 GB RAM, 128 GB inbuilt",5000 mAh Battery with 25W Fast Charging,"6.7 inches, 1080 x 2340 px, 90 Hz Display with Water Drop Notch",50 MP + 5 MP + 2 MP Triple Rear & 13 MP Front Camera,"Memory Card (Hybrid), upto 2 TB",Android v15
30,Samsung Galaxy S25 FE,57990,75.0,"Dual Sim, 5G, VoLTE, Vo5G, NFC, eSIM, Wi-Fi","Exynos 2400, Deca Core, 3.2 GHz Processor","8 GB RAM, 128 GB inbuilt",4900 mAh Battery with 45W Fast Charging,"6.7 inches, 1080 x 2340 px, 120 Hz Display with Punch Hole",50 MP + 12 MP + 8 MP Triple Rear & 12 MP Front Camera,Memory Card Not Supported,Android v16
31,Motorola Edge 60 Stylus,20560,67.0,"Dual Sim, 5G, VoLTE, Vo5G, NFC, eSIM, Wi-Fi","Snapdragon 7s Gen2, Octa Core, 2.4 GHz Processor","8 GB RAM, 256 GB inbuilt",5000 mAh Battery with 68W Fast Charging,"6.7 inches, 1220 x 2712 px, 120 Hz Display with Punch Hole",50 MP + 13 MP Dual Rear & 32 MP Front Camera,"Memory Card Supported, upto 1 TB",Android v15
32,Poco X8 Power 5G,35999,75.0,"Dual Sim, 5G, VoLTE, Vo5G, NFC, Wi-Fi, IR Blaster","Snapdragon 6 Gen5, Octa Core, 2.4 GHz Processor","8 GB RAM, 128 GB inbuilt",10000 mAh Battery with 100W Fast Charging,"6.83 inches, 1280 x 2772 px, 120 Hz Display with Punch Hole",50 MP + 8 MP Dual Rear & 32 MP Front Camera,,Android v16
33,OnePlus Nord 6,46999,,"Dual Sim, 5G, VoLTE, NFC, Wi-Fi, IR Blaster","Snapdragon 8s Gen4, Octa Core, 3.2 GHz Processor","8 GB RAM, 256 GB inbuilt",9000 mAh Battery with 80W Fast Charging,"6.78 inches, 1272 x 2772 px, 165 Hz Display with Punch Hole",50 MP + 8 MP Dual Rear & 32 MP Front Camera,Memory Card Not Supported,Android v16
34,Samsung Galaxy A36 5G,28000,64.0,"Dual Sim, 5G, VoLTE, NFC, Wi-Fi","Snapdragon 6 Gen3, Octa Core, 2.4 GHz Processor","8 GB RAM, 128 GB inbuilt",5000 mAh Battery with 45W Fast Charging,"6.7 inches, 1080 x 2340 px, 120 Hz Display with Punch Hole",50 MP + 8 MP + 5 MP Triple Rear & 12 MP Front Camera,,Android v15
35,OPPO K14 Lite,16999,,"Dual Sim, 4G, VoLTE, Wi-Fi","Unisoc T7250, Octa Core Processor","4 GB RAM, 64 GB inbuilt",7000 mAh Battery with 15W Fast Charging,"6.75 inches, 720 x 1570 px, 120 Hz Display with Water Drop Notch",13 MP Dual Rear & 5 MP Front Camera,Memory Card (Hybrid),Android v16
36,Xiaomi Redmi Note 14,16499,63.0,"Dual Sim, 5G, VoLTE, Wi-Fi, IR Blaster","Dimensity 7025 Ultra, Octa Core, 2.5 GHz Processor","6 GB RAM, 128 GB inbuilt",5110 mAh Battery with 45W Fast Charging,"6.67 inches, 1080 x 2400 px, 120 Hz Display with Punch Hole",50 MP + 8 MP + 2 MP Triple Rear & 20 MP Front Camera,"Memory Card (Hybrid), upto 1 TB",Android v14
37,Realme GT 7T (12GB RAM + 256GB),34499,77.0,"Dual Sim, 5G, VoLTE, Vo5G, NFC, Wi-Fi, IR Blaster","Dimensity 8400-MAX, Octa Core, 3.25 GHz Processor","12 GB RAM, 256 GB inbuilt",7000 mAh Battery with 120W Fast Charging,"6.8 inches, 1280 x 2800 px, 120 Hz Display with Punch Hole",50 MP + 8 MP Dual Rear & 32 MP Front Camera,Memory Card Not Supported,Android v15
38,Samsung Galaxy S26 Ultra 5G,130999,,"Dual Sim, 5G, VoLTE, Vo5G, NFC, eSIM, Wi-Fi","Snapdragon 8 Elite Gen 5 for Galaxy, Octa Core, 4.74 GHz Processor","12 GB RAM, 256 GB inbuilt",5000 mAh Battery with 60W Fast Charging,"6.9 inches, 1440 x 3120 px, 120 Hz Display with Punch Hole",200 MP Quad Rear & 12 MP Front Camera,Memory Card Not Supported,Android v16
39,Vivo V70 5G,59999,,"Dual Sim, 5G, VoLTE, NFC, Wi-Fi, IR Blaster","Snapdragon 7 Gen4, Octa Core, 2.8 GHz Processor","8 GB RAM, 256 GB inbuilt",6500 mAh Battery with 90W Fast Charging,"6.59 inches, 1260 x 2750 px, 120 Hz Display with Punch Hole",50 MP + 50 MP + 8 MP Triple Rear & 50 MP Front Camera,Memory Card Not Supported,Android v16
40,Vivo T5x 5G,27249,66.0,"Dual Sim, 5G, VoLTE, Wi-Fi, IR Blaster","Dimensity 7400 Turbo, Octa Core, 2.6 GHz Processor","6 GB RAM, 128 GB inbuilt",7200 mAh Battery with 44W Fast Charging,"6.76 inches, 1080 x 2344 px, 120 Hz Display with Punch Hole",50 MP + 2 MP Dual Rear & 32 MP Front Camera,Memory Card Not Supported,Android v16
41,Vivo X200 FE (16GB RAM + 512GB),59999,,"Dual Sim, 5G, VoLTE, NFC, Wi-Fi, IR Blaster","Dimensity 9300 Plus, Octa Core, 3.25 GHz Processor","16 GB RAM, 512 GB inbuilt",6500 mAh Battery with 90W Fast Charging,"6.31 inches, 1216 x 2640 px, 120 Hz Display with Punch Hole",50 MP + 50 MP + 8 MP Triple Rear & 50 MP Front Camera,Memory Card Not Supported,Android v15
42,Poco X7 5G,17999,64.0,"Dual Sim, 5G, VoLTE, Vo5G, NFC, Wi-Fi, IR Blaster","Dimensity 7300 Ultra, Octa Core, 2.5 GHz Processor","8 GB RAM, 128 GB inbuilt",5500 mAh Battery with 45W Fast Charging,"6.67 inches, 1220 x 2712 px, 120 Hz Display with Punch Hole",50 MP + 8 MP + 2 MP Triple Rear & 20 MP Front Camera,,Android v14
43,Realme C63 5G,10999,53.0,"Dual Sim, 5G, VoLTE, Wi-Fi","Dimensity 6300, Octa Core, 2.4 GHz Processor","4 GB RAM, 128 GB inbuilt",5000 mAh Battery with 10W Fast Charging,"6.67 inches, 720 x 1604 px, 120 Hz Display with Punch Hole",32 MP Dual Rear & 8 MP Front Camera,"Memory Card (Hybrid), upto 2 TB",Android v14
44,Motorola Edge 70 5G,32175,75.0,"Dual Sim, 5G, VoLTE, Vo5G, NFC, Wi-Fi","Snapdragon 7 Gen4, Octa Core, 2.8 GHz Processor","8 GB RAM, 256 GB inbuilt",5000 mAh Battery with 68W Fast Charging,"6.7 inches, 1220 x 2712 px, 120 Hz Display with Punch Hole",50 MP + 50 MP Dual Rear & 50 MP Front Camera,,Android v16
45,Vivo V70 FE,38990,77.0,"Dual Sim, 5G, VoLTE, NFC, Wi-Fi, IR Blaster","Dimensity 7360 Turbo, Octa Core, 2.5 GHz Processor","8 GB RAM, 128 GB inbuilt",7000 mAh Battery with 90W Fast Charging,"6.83 inches, 1260 x 2800 px, 120 Hz Display with Punch Hole",200 MP + 8 MP Dual Rear & 50 MP Front Camera,Memory Card Not Supported,Android v16
46,Nothing Phone 2a (8GB RAM + 256GB),24999,70.0,"Dual Sim, 5G, VoLTE, NFC, Wi-Fi","Dimensity 7200 Pro, Octa Core, 2.8 GHz Processor","8 GB RAM, 256 GB inbuilt",5000 mAh Battery with 45W Fast Charging,"6.7 inches, 1084 x 2412 px, 120 Hz Display with Punch Hole",50 MP + 50 MP Dual Rear & 32 MP Front Camera,,Android v14
47,Samsung Galaxy F05,6499,,"Dual Sim, 4G, VoLTE, Wi-Fi","Helio G85, Octa Core, 2 GHz Processor","4 GB RAM, 64 GB inbuilt",5000 mAh Battery with 25W Fast Charging,"6.74 inches, 720 x 1600 px Display with Water Drop Notch",50 MP + 2 MP Dual Rear & 8 MP Front Camera,"Memory Card Supported, upto 1 TB",Android v14
48,Samsung Galaxy S25 5G,65929,77.0,"Dual Sim, 5G, VoLTE, Vo5G, NFC, eSIM, Wi-Fi","Snapdragon 8 Elite, Octa Core, 4.47 GHz Processor","12 GB RAM, 256 GB inbuilt",4000 mAh Battery with 25W Fast Charging,"6.2 inches, 1080 x 2340 px, 120 Hz Display with Punch Hole",50 MP + 12 MP + 10 MP Triple Rear & 12 MP Front Camera,,Android v15
49,Vivo T4R 5G,22999,66.0,"Dual Sim, 5G, VoLTE, Vo5G, Wi-Fi","Dimensity 7400, Octa Core, 2.6 GHz Processor","8 GB RAM, 128 GB inbuilt",5700 mAh Battery with 44W Fast Charging,"6.77 inches, 1080 x 2392 px, 120 Hz Display with Punch Hole",50 MP + 2 MP Dual Rear & 32 MP Front Camera,Memory Card Not Supported,Android v15
50,OPPO Reno 14 5G,44999,76.0,"Dual Sim, 5G, VoLTE, Wi-Fi, IR Blaster","Dimensity 8350, Octa Core, 3.35 GHz Processor","8 GB RAM, 256 GB inbuilt",6000 mAh Battery with 80W Fast Charging,"6.59 inches, 1256 x 2760 px, 120 Hz Display with Punch Hole",50 MP + 50 MP + 8 MP Triple Rear & 50 MP Front Camera,,Android v15
51,OPPO K13x 5G (6GB RAM +128GB),16999,54.0,"Dual Sim, 5G, VoLTE, Wi-Fi","Dimensity 6300, Octa Core, 2.4 GHz Processor","6 GB RAM, 128 GB inbuilt",6000 mAh Battery with 45W Fast Charging,"6.67 inches, 720 x 1604 px, 120 Hz Display with Punch Hole",50 MP + 2 MP Dual Rear & 8 MP Front Camera,"Memory Card (Hybrid), upto 2 TB",Android v15
52,Samsung Galaxy S24 FE 5G,39999,70.0,"Dual Sim, 5G, VoLTE, Vo5G, NFC, eSIM, Wi-Fi","Exynos 2400e, Deca Core, 3.11 GHz Processor","8 GB RAM, 128 GB inbuilt",4700 mAh Battery with 25W Fast Charging,"6.7 inches, 1080 x 2340 px, 120 Hz Display with Punch Hole",50 MP + 12 MP + 8 MP Triple Rear & 10 MP Front Camera,Memory Card Not Supported,Android v14
53,Vivo S2 5G,37990,67.0,"Dual Sim, 5G, VoLTE, Wi-Fi","Dimensity 7360 Turbo, Octa Core, 2.5 GHz Processor","8 GB RAM, 128 GB inbuilt",7050 mAh Battery with 44W Fast Charging,"6.83 inches, 1260 x 2800 px, 120 Hz Display with Punch Hole",50 MP + 2 MP Dual Rear & 32 MP Front Camera,Memory Card Not Supported,Android v16
54,Samsung Galaxy S26 FE,69999,,"Dual Sim, 5G, VoLTE, Vo5G, NFC, eSIM, Wi-Fi","Exynos 2500, Deca Core, 3.3 GHz Processor","8 GB RAM, 128 GB inbuilt",4900 mAh Battery with 45W Fast Charging,"6.7 inches, 1080 x 2340 px, 120 Hz Display with Punch Hole",50 MP + 12 MP + 8 MP Triple Rear & 12 MP Front Camera,Memory Card Not Supported,Android v17
55,Apple iPhone 17 Pro Max,143990,,"Dual Sim, 5G, VoLTE, NFC, eSIM, Wi-Fi","Apple A19 Pro, Hexa Core Processor","12 GB RAM, 256 GB inbuilt",4832 mAh Battery with Fast Charging,"6.9 inches, 1320 x 2868 px, 120 Hz Display with Dynamic Island",48 MP + 48 MP + 48 MP Triple Rear & 18 MP Front Camera,Memory Card Not Supported,iOS v26
56,Apple iPhone 15,59900,66.0,"Dual Sim, 5G, VoLTE, NFC, eSIM, Wi-Fi","Bionic A16, Hexa Core, 3.46 GHz Processor","6 GB RAM, 128 GB inbuilt",3349 mAh Battery with Fast Charging,"6.1 inches, 1179 x 2556 px Display with Dynamic Island",48 MP + 12 MP Dual Rear & 12 MP Front Camera,Memory Card Not Supported,iOS v17
57,Realme 14 Pro Plus (8GB RAM + 256GB),25999,67.0,"Dual Sim, 5G, VoLTE, Wi-Fi","Snapdragon 7s Gen3, Octa Core, 2.5 GHz Processor","8 GB RAM, 256 GB inbuilt",6000 mAh Battery with 80W Fast Charging,"6.83 inches, 1272 x 2800 px, 120 Hz Display with Punch Hole",50 MP + 50 MP + 8 MP Triple Rear & 32 MP Front Camera,Memory Card Not Supported,Android v15
58,Vivo X300 FE,84999,,"Dual Sim, 5G, VoLTE, NFC, eSIM, Wi-Fi, IR Blaster","Snapdragon 8 Gen5, Octa Core, 3.8 GHz Processor","12 GB RAM, 256 GB inbuilt",6500 mAh Battery with 90W Fast Charging,"6.31 inches, 1216 x 2640 px, 120 Hz Display with Punch Hole",50 MP + 50 MP + 8 MP Triple Rear & 50 MP Front Camera,Memory Card Not Supported,Android v16
59,Motorola Edge 50 Fusion (12GB RAM + 256GB),22790,68.0,"Dual Sim, 5G, VoLTE, Vo5G, NFC, Wi-Fi","Snapdragon 7s Gen2, Octa Core, 2.4 GHz Processor","12 GB RAM, 256 GB inbuilt",5000 mAh Battery with 68W Fast Charging,"6.67 inches, 1080 x 2400 px, 144 Hz Display with Punch Hole",50 MP + 13 MP Dual Rear & 32 MP Front Camera,Memory Card Not Supported,Android v14
60,Motorola Signature,59899,,"Dual Sim, 5G, VoLTE, Vo5G, NFC, Wi-Fi","Snapdragon 8 Gen5, Octa Core, 3.8 GHz Processor","12 GB RAM, 256 GB inbuilt",5200 mAh Battery with 90W Fast Charging,"6.8 inches, 1264 x 2780 px, 165 Hz Display with Punch Hole",50 MP + 50 MP + 50 MP Triple Rear & 50 MP Front Camera,,Android v16
61,Apple iPhone 17 Pro,130490,74.0,"Dual Sim, 5G, VoLTE, NFC, eSIM, Wi-Fi","Apple A19 Pro, Hexa Core Processor","12 GB RAM, 256 GB inbuilt",3988 mAh Battery with Fast Charging,"6.3 inches, 1206 x 2622 px, 120 Hz Display with Dynamic Island",48 MP + 48 MP + 48 MP Triple Rear & 18 MP Front Camera,Memory Card Not Supported,iOS v26
62,Oppo F31 Pro 5G,25999,66.0,"Dual Sim, 5G, VoLTE, Wi-Fi","Dimensity 7300 Energy, Octa Core, 2.5 GHz Processor","8 GB RAM, 128 GB inbuilt",7000 mAh Battery with 80W Fast Charging,"6.57 inches, 1080 x 2372 px, 120 Hz Display with Punch Hole",50 MP + 2 MP Dual Rear & 32 MP Front Camera,,Android v15
63,Poco M7 Plus 5G (4GB RAM + 128GB),15499,58.0,"Dual Sim, 5G, VoLTE, Wi-Fi, IR Blaster","Snapdragon 6s Gen3, Octa Core, 2.3 GHz Processor","4 GB RAM, 128 GB inbuilt",7000 mAh Battery with 33W Fast Charging,"6.9 inches, 1080 x 2340 px, 144 Hz Display with Punch Hole",50 MP Rear & 8 MP Front Camera,"Memory Card (Hybrid), upto 2 TB",Android v15
64,Xiaomi Redmi Note 17 Pro (8GB RAM + 256GB),39999,72.0,"Dual Sim, 5G, VoLTE, NFC, eSIM, Wi-Fi, IR Blaster","Snapdragon 6s Gen4, Octa Core, 2.4 GHz Processor","6 GB RAM, 256 GB inbuilt",9000 mAh Battery with 67W Fast Charging,"6.83 inches, 1280 x 2772 px, 120 Hz Display with Punch Hole",50 MP + 8 MP Dual Rear & 16 MP Front Camera,,Android v16
65,Samsung Galaxy M47 5G,26988,67.0,"Dual Sim, 5G, VoLTE, NFC, Wi-Fi","Snapdragon 6 Gen3, Octa Core, 2.4 GHz Processor","6 GB RAM, 128 GB inbuilt",6000 mAh Battery with 45W Fast Charging,"6.7 inches, 1080 x 2340 px, 120 Hz Display with Punch Hole",50 MP + 5 MP + 2 MP Triple Rear & 12 MP Front Camera,"Memory Card (Hybrid), upto 1 TB",Android v16
66,Realme 15 Pro 5G (12GB RAM + 256GB),33499,76.0,"Dual Sim, 5G, VoLTE, Wi-Fi","Snapdragon 7 Gen4, Octa Core, 2.8 GHz Processor","12 GB RAM, 256 GB inbuilt",7000 mAh Battery with 80W Fast Charging,"6.8 inches, 1280 x 2800 px, 144 Hz Display with Punch Hole",50 MP + 50 MP Dual Rear & 50 MP Front Camera,,Android v15
67,Poco X7 5G (8GB RAM + 256GB),19999,66.0,"Dual Sim, 5G, VoLTE, Vo5G, NFC, Wi-Fi, IR Blaster","Dimensity 7300 Ultra, Octa Core, 2.5 GHz Processor","8 GB RAM, 256 GB inbuilt",5500 mAh Battery with 45W Fast Charging,"6.67 inches, 1220 x 2712 px, 120 Hz Display with Punch Hole",50 MP + 8 MP + 2 MP Triple Rear & 20 MP Front Camera,,Android v14
68,Nothing Phone 3a Pro,27999,66.0,"Dual Sim, 5G, VoLTE, NFC, Wi-Fi","Snapdragon 7s Gen 3, Octa Core, 2.5 GHz Processor","8 GB RAM, 128 GB inbuilt",5000 mAh Battery with 50W Fast Charging,"6.77 inches, 1080 x 2392 px, 120 Hz Display with Punch Hole",50 MP + 50 MP + 8 MP Triple Rear & 50 MP Front Camera,Memory Card Not Supported,Android v15
69,Xiaomi Redmi Note 17 Pro Max 5G (12GB RAM + 256GB),55999,,"Dual Sim, 5G, VoLTE, NFC, eSIM, Wi-Fi, IR Blaster","Snapdragon 6 Gen5, Octa Core, 2.6 GHz Processor","12 GB RAM, 256 GB inbuilt",10000 mAh Battery with 100W Fast Charging,"6.83 inches, 1280 x 2772 px, 120 Hz Display with Punch Hole",50 MP + 8 MP Dual Rear & 32 MP Front Camera,,Android v16
70,Motorola Moto G35 5G,12499,57.0,"Dual Sim, 5G, VoLTE, Vo5G, Wi-Fi","Unisoc T760, Octa Core, 2.2 GHz Processor","4 GB RAM, 128 GB inbuilt",5000 mAh Battery with 18W Fast Charging,"6.72 inches, 1080 x 2400 px, 120 Hz Display with Punch Hole",50 MP + 8 MP Dual Rear & 16 MP Front Camera,"Memory Card (Hybrid), upto 1 TB",Android v14
71,Realme P4s 5G,34999,71.0,"Dual Sim, 5G, VoLTE, Wi-Fi, IR Blaster","Dimensity 7400, Octa Core, 2.6 GHz Processor","8 GB RAM, 128 GB inbuilt",8000 mAh Battery with 80W Fast Charging,"6.78 inches, 1272 x 2772 px, 144 Hz Display with Punch Hole",50 MP + 2 MP Dual Rear & 16 MP Front Camera,Memory Card Not Supported,Android v16
72,Realme P4x 5G,21939,62.0,"Dual Sim, 5G, VoLTE, Wi-Fi","Dimensity 7400 Ultra, Octa Core, 2.6 GHz Processor","6 GB RAM, 128 GB inbuilt",7000 mAh Battery with 45W Fast Charging,"6.72 inches, 1080 x 2400 px, 144 Hz Display with Punch Hole",50 MP + 2 MP Dual Rear & 8 MP Front Camera,,Android v15
73,OPPO Reno 16 5G,66999,79.0,"Dual Sim, 5G, VoLTE, Vo5G, Wi-Fi, IR Blaster","Snapdragon 7 Gen4, Octa Core, 2.8 GHz Processor","8 GB RAM, 256 GB inbuilt",6700 mAh Battery with 80W Fast Charging,"6.32 inches, 1216 x 2640 px, 120 Hz Display with Punch Hole",50 MP + 50 MP + 50 MP Triple Rear & 50 MP Front Camera,Memory Card Not Supported,Android v16
74,Xiaomi Redmi 14C 5G (6GB RAM + 128GB),11999,54.0,"Dual Sim, 5G, VoLTE, Wi-Fi","Snapdragon 4 Gen2, Octa Core, 2.2 GHz Processor","6 GB RAM, 128 GB inbuilt",5160 mAh Battery with 18W Fast Charging,"6.88 inches, 720 x 1640 px, 120 Hz Display with Water Drop Notch",50 MP Dual Rear & 8 MP Front Camera,"Memory Card Supported, upto 1 TB",Android v14
75,Infinix Note 40X 5G (12GB RAM +256GB),15999,62.0,"Dual Sim, 5G, VoLTE, NFC, Wi-Fi","Dimensity 6300, Octa Core, 2.4 GHz Processor","12 GB RAM, 256 GB inbuilt",5000 mAh Battery with 18W Fast Charging,"6.78 inches, 1080 x 2406 px, 120 Hz Display with Punch Hole",108 MP + 2 MP Triple Rear & 8 MP Front Camera,"Memory Card Supported, upto 1 TB",Android v14
76,Apple iPhone Duo (2TB),449900,,"Dual Sim, 5G, VoLTE, NFC, eSIM, Wi-Fi","Apple A20 Pro, Hexa Core Processor","12 GB RAM, 2 TB inbuilt",5800 mAh Battery with Fast Charging,"7.6 inches, 1878 x 2670 px, 120 Hz Display",48 MP + 48 MP Dual Rear & 12 MP + Under-display FaceTime Camera Dual Front Camera,Memory Card Not Supported,
77,Xiaomi Redmi Note 14 Pro 5G,21999,62.0,"Dual Sim, 5G, VoLTE, Wi-Fi, IR Blaster","Dimensity 7300 Ultra, Octa Core, 2.5 GHz Processor","8 GB RAM, 128 GB inbuilt",5500 mAh Battery with 45W Fast Charging,"6.67 inches, 1220 x 2712 px, 120 Hz Display with Punch Hole",50 MP + 8 MP + 2 MP Triple Rear & 20 MP Front Camera,,Android v14
78,Boltt Ace 5G (8GB RAM + 128GB),14999,55.0,"Dual Sim, 5G, VoLTE, Wi-Fi","Unisoc T8200, Octa Core, 2.3 GHz Processor","8 GB RAM, 128 GB inbuilt",6000 mAh Battery with 18W Fast Charging,"6.79 inches, 720 x 1640 px, 120 Hz Display with Punch Hole",64 MP Dual Rear & 8 MP Front Camera,"Memory Card (Hybrid), upto 1 TB",Android v16
79,OPPO Reno 14 Pro 5G,48979,,"Dual Sim, 5G, VoLTE, NFC, eSIM, Wi-Fi, IR Blaster","Dimensity 8450, Octa Core, 3.25 GHz Processor","12 GB RAM, 256 GB inbuilt",6200 mAh Battery with 80W Fast Charging,"6.83 inches, 1272 x 2800 px, 120 Hz Display with Punch Hole",50 MP + 50 MP + 50 MP Triple Rear & 50 MP Front Camera,,Android v15
80,OnePlus Nord CE 6 5G,37999,74.0,"Dual Sim, 5G, VoLTE, Wi-Fi, IR Blaster","Snapdragon 7s Gen4, Octa Core, 2.7 GHz Processor","8 GB RAM, 128 GB inbuilt",8000 mAh Battery with 80W Fast Charging,"6.78 inches, 1272 x 2772 px, 144 Hz Display with Punch Hole",50 MP + 2 MP Dual Rear & 32 MP Front Camera,,Android v16
81,Samsung Galaxy S26 5G,79999,,"Dual Sim, 5G, VoLTE, Vo5G, NFC, eSIM, Wi-Fi","Exynos 2600, Deca Core, 3.8 GHz Processor","12 GB RAM, 256 GB inbuilt",4300 mAh Battery with 25W Fast Charging,"6.3 inches, 1080 x 2340 px, 120 Hz Display with Punch Hole",50 MP + 12 MP + 10 MP Triple Rear & 12 MP Front Camera,,Android v16
82,iQOO 15,76999,,"Dual Sim, 5G, VoLTE, NFC, Wi-Fi, IR Blaster","Snapdragon 8 Elite Gen 5, Octa Core, 4.6 GHz Processor","12 GB RAM, 256 GB inbuilt",7000 mAh Battery with 100W Fast Charging,"6.85 inches, 1440 x 3168 px, 144 Hz Display with Punch Hole",50 MP + 50 MP + 50 MP Triple Rear & 32 MP Front Camera,,Android v16
83,Infinix Note 50X 5G,13499,55.0,"Dual Sim, 5G, VoLTE, Wi-Fi, IR Blaster","Dimensity 7300 Ultimate, Octa Core, 2.5 GHz Processor","6 GB RAM, 128 GB inbuilt",5500 mAh Battery with 45W Fast Charging,"6.67 inches, 720 x 1600 px, 120 Hz Display with Punch Hole",50 MP Dual Rear & 8 MP Front Camera,Memory Card (Hybrid),Android v15
84,Realme P3 Pro 5G (8GB RAM +256GB),21999,64.0,"Dual Sim, 5G, VoLTE, Wi-Fi","Snapdragon 7s Gen3, Octa Core, 2.5 GHz Processor","8 GB RAM, 256 GB inbuilt",6000 mAh Battery with 80W Fast Charging,"6.83 inches, 1272 x 2800 px, 120 Hz Display with Punch Hole",50 MP + 2 MP Dual Rear & 16 MP Front Camera,,Android v15
85,Google Pixel 11,81999,74.0,"Dual Sim, 5G, VoLTE, Vo5G, NFC, eSIM, Wi-Fi",Tensor G6,"12 GB RAM, 256 GB inbuilt",4985 mAh Battery with 30W Fast Charging,"6.3 inches, 1080 x 2424 px, 120 Hz Display with Punch Hole",48 MP + 13 MP + 10.8 MP Triple Rear & 10.5 MP Front Camera,,Android v17
86,Xiaomi Redmi Note 17 5G,27999,61.0,"Dual Sim, 5G, VoLTE, Wi-Fi, IR Blaster","Snapdragon 4 Gen4, Octa Core, 2.3 GHz Processor","6 GB RAM, 128 GB inbuilt",8000 mAh Battery with 45W Fast Charging,"6.99 inches, 1080 x 2396 px, 120 Hz Display with Punch Hole",50 MP Rear & 8 MP Front Camera,,Android v16
87,Apple iPhone 16 (256GB),79900,70.0,"Dual Sim, 5G, VoLTE, NFC, eSIM, Wi-Fi","Bionic A18, Hexa Core, 4.04 GHz Processor","8 GB RAM, 256 GB inbuilt",3561 mAh Battery with Fast Charging,"6.1 inches, 1179 x 2556 px Display with Dynamic Island Display",48 MP + 12 MP Dual Rear & 12 MP Front Camera,Memory Card Not Supported,iOS v18
88,Realme P1 Pro 5G (8GB RAM + 256GB),16999,59.0,"Dual Sim, 5G, VoLTE, Wi-Fi","Snapdragon 6 Gen1, Octa Core, 2.2 GHz Processor","8 GB RAM, 256 GB inbuilt",5000 mAh Battery with 45W Fast Charging,"6.7 inches, 1080 x 2400 px, 120 Hz Display with Punch Hole",50 MP + 8 MP Dual Rear & 16 MP Front Camera,,Android v14
89,Motorola Edge 70 Fusion 5G (12GB RAM + 256 GB),35199,72.0,"Dual Sim, 5G, VoLTE, Vo5G, NFC, Wi-Fi","Snapdragon 7s Gen4, Octa Core, 2.7 GHz Processor","12 GB RAM, 256 GB inbuilt",7000 mAh Battery with 68W Fast Charging,"6.8 inches, 1272 x 2772 px, 144 Hz Display with Punch Hole",50 MP + 13 MP + Dedicated 3-in-1 light sensor Triple Rear & 32 MP Front Camera,,Android v16
90,Samsung Galaxy S26 FE (8GB RAM + 256GB),79999,,"Dual Sim, 5G, VoLTE, Vo5G, NFC, eSIM, Wi-Fi","Exynos 2500, Deca Core, 3.3 GHz Processor","8 GB RAM, 256 GB inbuilt",4900 mAh Battery with 45W Fast Charging,"6.7 inches, 1080 x 2340 px, 120 Hz Display with Punch Hole",50 MP + 12 MP + 8 MP Triple Rear & 12 MP Front Camera,Memory Card Not Supported,Android v17
91,Oppo Find X9 5G,74999,,"Dual Sim, 5G, VoLTE, NFC, Wi-Fi, IR Blaster","Dimensity 9500, Octa Core, 4.21 GHz Processor","12 GB RAM, 256 GB inbuilt",7025 mAh Battery with 80W Fast Charging,"6.59 inches, 1256 x 2760 px, 120 Hz Display with Punch Hole",50 MP + 50 MP + 50 MP Triple Rear & 32 MP Front Camera,,Android v16
92,Vivo T5 Pro,37310,72.0,"Dual Sim, 5G, VoLTE, Vo5G, Wi-Fi, IR Blaster","Snapdragon 7s Gen4, Octa Core, 2.7 GHz Processor","8 GB RAM, 128 GB inbuilt",9020 mAh Battery with 90W Fast Charging,"6.83 inches, 1260 x 2800 px, 144 Hz Display with Punch Hole",50 MP + 2 MP Dual Rear & 32 MP Front Camera,Memory Card Not Supported,Android v16
93,Vivo V60 5G,45697,77.0,"Dual Sim, 5G, VoLTE, NFC, Wi-Fi, IR Blaster","Snapdragon 7 Gen4, Octa Core, 2.8 GHz Processor","8 GB RAM, 128 GB inbuilt",6500 mAh Battery with 90W Fast Charging,"6.77 inches, 1080 x 2392 px, 120 Hz Display with Punch Hole",50 MP + 50 MP + 8 MP Triple Rear & 50 MP Front Camera,Memory Card Not Supported,Android v15
94,Realme P2 Pro 5G,17999,63.0,"Dual Sim, 5G, VoLTE, Wi-Fi","Snapdragon 7s Gen 2, Octa Core, 2.4 GHz Processor","8 GB RAM, 128 GB inbuilt",5200 mAh Battery with 80W Fast Charging,"6.7 inches, 1080 x 2412 px, 120 Hz Display with Punch Hole",50 MP + 8 MP Dual Rear & 32 MP Front Camera,,Android v14
95,Motorola Moto G37 Power 5G (4GB RAM + 64GB),15449,55.0,"Dual Sim, 5G, VoLTE, Wi-Fi","Dimensity 6400, Octa Core, 2.5 GHz Processor","4 GB RAM, 64 GB inbuilt",7000 mAh Battery with 30W Fast Charging,"6.67 inches, 1604 x 720 px, 120 Hz Display with Punch Hole",50 MP Rear & 8 MP Front Camera,"Memory Card (Hybrid), upto 1 TB",Android v16
96,Samsung Galaxy S24 5G (Snapdragon),49999,72.0,"Dual Sim, 5G, VoLTE, Vo5G, NFC, eSIM, Wi-Fi","Snapdragon 8 Gen3, Octa Core, 3.3 GHz Processor","8 GB RAM, 256 GB inbuilt",4000 mAh Battery with 25W Fast Charging,"6.2 inches, 1080 x 2340 px, 120 Hz Display with Punch Hole",50 MP + 12 MP + 10 MP Triple Rear & 12 MP Front Camera,,Android v15
97,Motorola Moto G37 Power (8GB RAM + 128GB),19900,58.0,"Dual Sim, 5G, VoLTE, Wi-Fi","Dimensity 6400, Octa Core, 2.5 GHz Processor","8 GB RAM, 128 GB inbuilt",7000 mAh Battery with 30W Fast Charging,"6.67 inches, 1604 x 720 px, 120 Hz Display with Punch Hole",50 MP Rear & 8 MP Front Camera,"Memory Card (Hybrid), upto 1 TB",Android v16
98,Xiaomi Redmi Note 15 Pro 5G,31999,72.0,"Dual Sim, 5G, VoLTE, eSIM, Wi-Fi, IR Blaster","Dimensity 7400 Ultra, Octa Core, 2.6 GHz Processor","8 GB RAM, 128 GB inbuilt",6580 mAh Battery with 45W Fast Charging,"6.83 inches, 1280 x 2772 px, 120 Hz Display with Punch Hole",200 MP + 8 MP Dual Rear & 20 MP Front Camera,,Android v15
99,OnePlus 15,85999,,"Dual Sim, 5G, VoLTE, Vo5G, NFC, eSIM, Wi-Fi, IR Blaster","Snapdragon 8 Elite Gen 5, Octa Core, 4.6 GHz Processor","12 GB RAM, 256 GB inbuilt",7300 mAh Battery with 120W Fast Charging,"6.78 inches, 1272 x 2772 px, 165 Hz Display with Punch Hole",50 MP + 50 MP + 50 MP Triple Rear & 32 MP Front Camera,Memory Card Not Supported,Android v16
100,OPPO K13,21999,62.0,"Dual Sim, 5G, VoLTE, Wi-Fi, IR Blaster","Snapdragon 6 Gen4, Octa Core, 2.3 GHz Processor","8 GB RAM, 128 GB inbuilt",7000 mAh Battery with 80W Fast Charging,"6.67 inches, 1080 x 2400 px, 120 Hz Display with Punch Hole",50 MP + 2 MP Dual Rear & 16 MP Front Camera,,Android v15
101,Poco M7 5G,12499,53.0,"Dual Sim, 5G, VoLTE, Wi-Fi","Snapdragon 4 Gen2, Octa Core, 2.2 GHz Processor","6 GB RAM, 128 GB inbuilt",5160 mAh Battery with 18W Fast Charging,"6.88 inches, 720 x 1640 px, 120 Hz Display with Water Drop Notch",50 MP Rear & 8 MP Front Camera,"Memory Card Supported, upto 1 TB",Android v14
102,Poco F7 5G,35999,76.0,"Dual Sim, 5G, VoLTE, NFC, Wi-Fi, IR Blaster","Snapdragon 8s Gen4, Octa Core, 3.2 GHz Processor","12 GB RAM, 256 GB inbuilt",7550 mAh Battery with 90W Fast Charging,"6.83 inches, 1280 x 2772 px, 120 Hz Display with Punch Hole",50 MP + 8 MP Dual Rear & 20 MP Front Camera,Memory Card Not Supported,Android v15
103,Oppo Reno 15 Pro Mini,59999,,"Dual Sim, 5G, VoLTE, Wi-Fi, IR Blaster","Dimensity 8450, Octa Core, 3.25 GHz Processor","12 GB RAM, 256 GB inbuilt",6200 mAh Battery with 80W Fast Charging,"6.32 inches, 1216 x 2640 px, 120 Hz Display with Punch Hole",200 MP + 50 MP + 50 MP Triple Rear & 50 MP Front Camera,,Android v16
104,Motorola Moto G67 Power 5G,23400,62.0,"Dual Sim, 5G, VoLTE, Wi-Fi","Snapdragon 7s Gen2, Octa Core, 2.4 GHz Processor","8 GB RAM, 128 GB inbuilt",7000 mAh Battery with 30W Fast Charging,"6.7 inches, 1080 x 2400 px, 120 Hz Display with Punch Hole",50 MP + 8 MP Dual Rear & 32 MP Front Camera,,Android v15
105,Samsung Galaxy F70 Pro 5G,26349,66.0,"Dual Sim, 5G, VoLTE, Wi-Fi","Snapdragon 6 Gen3, Octa Core, 2.4 GHz Processor","6 GB RAM, 128 GB inbuilt",6000 mAh Battery with 45W Fast Charging,"6.7 inches, 1080 x 2340 px, 120 Hz Display with Punch Hole",50 MP + 5 MP + 2 MP Triple Rear & 12 MP Front Camera,"Memory Card (Hybrid), upto 2 TB",Android v16
106,Samsung Galaxy F16 5G,12499,54.0,"Dual Sim, 5G, VoLTE, NFC, Wi-Fi","Dimensity 6300, Octa Core, 2.4 GHz Processor","4 GB RAM, 128 GB inbuilt",5000 mAh Battery with 25W Fast Charging,"6.7 inches, 1080 x 2340 px, 90 Hz Display with Punch Hole",50 MP + 5 MP + 2 MP Triple Rear & 13 MP Front Camera,"Memory Card (Hybrid), upto 1.5 TB",Android v15
107,iQOO Z11 5G,34999,71.0,"Dual Sim, 5G, VoLTE, Wi-Fi, IR Blaster","Dimensity 7500 Turbo, Octa Core, 2.6 GHz Processor","6 GB RAM, 128 GB inbuilt",7050 mAh Battery with 44W Fast Charging,"6.83 inches, 1260 x 2800 px, 144 Hz Display with Punch Hole",50 MP + 8 MP Dual Rear & 32 MP Front Camera,Memory Card Not Supported,Android v16
108,Samsung Galaxy A56 5G,36999,63.0,"Dual Sim, 5G, VoLTE, NFC, eSIM, Wi-Fi","Exynos 1580, Octa Core, 2.9 GHz Processor","8 GB RAM, 128 GB inbuilt",5000 mAh Battery with 45W Fast Charging,"6.7 inches, 1080 x 2340 px, 120 Hz Display with Punch Hole",50 MP + 12 MP + 5 MP Triple Rear & 12 MP Front Camera,,Android v15
109,Vivo X300 Ultra,159999,,"Dual Sim, 5G, VoLTE, NFC, Wi-Fi, IR Blaster","Snapdragon 8 Elite Gen 5, Octa Core, 4.6 GHz Processor","16 GB RAM, 512 GB inbuilt",6600 mAh Battery with 100W Fast Charging,"6.82 inches, 1440 x 3168 px, 144 Hz Display with Punch Hole",200 MP + 200 MP + 50 MP Triple Rear & 50 MP Front Camera,Memory Card Not Supported,Android v16
110,iQOO 15R,53999,,"Dual Sim, 5G, VoLTE, NFC, Wi-Fi, IR Blaster","Snapdragon 8 Gen5, Octa Core, 3.8 GHz Processor","8 GB RAM, 256 GB inbuilt",7600 mAh Battery with 100W Fast Charging,"6.59 inches, 1260 x 2750 px, 144 Hz Display with Punch Hole",50 MP + 8 MP Dual Rear & 32 MP Front Camera,,Android v16
111,Realme C63 5G (6GB RAM + 128GB),10999,53.0,"Dual Sim, 5G, VoLTE, Wi-Fi","Dimensity 6300, Octa Core, 2.4 GHz Processor","6 GB RAM, 128 GB inbuilt",5000 mAh Battery with 10W Fast Charging,"6.67 inches, 720 x 1604 px, 120 Hz Display with Punch Hole",32 MP Dual Rear & 8 MP Front Camera,"Memory Card (Hybrid), upto 2 TB",Android v14
112,OnePlus N6,24999,59.0,"Dual Sim, 5G, VoLTE, NFC, Wi-Fi","Dimensity 6360 Apex, Octa Core Processor","4 GB RAM, 128 GB inbuilt",8000 mAh Battery with 45W Fast Charging,"6.8 inches, 720 x 1570 px, 120 Hz Display with Punch Hole",50 MP Dual Rear & 8 MP Front Camera,"Memory Card Supported, upto 2 TB",Android v16
113,Moto G96 5G,22990,63.0,"Dual Sim, 5G, VoLTE, Wi-Fi","Snapdragon 7s Gen2, Octa Core, 2.4 GHz Processor","8 GB RAM, 128 GB inbuilt",5500 mAh Battery with 33W Fast Charging,"6.67 inches, 1080 x 2400 px, 144 Hz Display with Punch Hole",50 MP + 8 MP Dual Rear & 32 MP Front Camera,Memory Card Not Supported,Android v15
114,Apple iPhone 13,45690,55.0,"Dual Sim, 5G, VoLTE, NFC, eSIM, Wi-Fi","Bionic A15, Hexa Core, 3.22 GHz Processor","4 GB RAM, 128 GB inbuilt",3240 mAh Battery with Fast Charging,"6.1 inches, 1170 x 2532 px Display with Small Notch",12 MP + 12 MP Dual Rear & 12 MP Front Camera,Memory Card Not Supported,iOS v15
115,Google Pixel 10 5G,67479,75.0,"Dual Sim, 5G, VoLTE, Vo5G, NFC, eSIM, Wi-Fi","Tensor G5, Octa Core, 3.78 GHz Processor","12 GB RAM, 256 GB inbuilt",4970 mAh Battery with 30W Fast Charging,"6.3 inches, 1080 x 2424 px, 120 Hz Display with Punch Hole",48 MP + 13 MP + 10.8 MP Triple Rear & 10.5 MP Front Camera,,Android v16
116,Realme 12X (6GB RAM +128GB),12499,55.0,"Dual Sim, 5G, VoLTE, Wi-Fi","Dimensity 6100 Plus, Octa Core, 2.2 GHz Processor","6 GB RAM, 128 GB inbuilt",5000 mAh Battery with 45W Fast Charging,"6.72 inches, 1080 x 2400 px, 120 Hz Display with Punch Hole",50 MP + 2 MP Dual Rear & 8 MP Front Camera,"Memory Card Supported, upto 2 TB",Android v14
117,Poco X8 5G,29999,66.0,"Dual Sim, 5G, VoLTE, Vo5G, NFC, Wi-Fi, IR Blaster","Snapdragon 6s Gen4, Octa Core, 2.4 GHz Processor","6 GB RAM, 128 GB inbuilt",9000 mAh Battery with 67W Fast Charging,"6.83 inches, 1280 x 2772 px, 120 Hz Display with Punch Hole",50 MP + 2 MP Dual Rear & 16 MP Front Camera,,Android v16
118,Samsung Galaxy F16 5G (8GB RAM + 128GB),15499,55.0,"Dual Sim, 5G, VoLTE, NFC, Wi-Fi","Dimensity 6300, Octa Core, 2.4 GHz Processor","8 GB RAM, 128 GB inbuilt",5000 mAh Battery with 25W Fast Charging,"6.7 inches, 1080 x 2340 px, 90 Hz Display with Punch Hole",50 MP + 5 MP + 2 MP Triple Rear & 13 MP Front Camera,"Memory Card (Hybrid), upto 1.5 TB",Android v15
119,Samsung Galaxy A07 5G,16800,57.0,"Dual Sim, 5G, VoLTE, Wi-Fi","Dimensity 6300, Octa Core, 2.4 GHz Processor","4 GB RAM, 128 GB inbuilt",6000 mAh Battery with 25W Fast Charging,"6.74 inches, 720 x 1600 px, 120 Hz Display with Water Drop Notch",50 MP + 2 MP Dual Rear & 8 MP Front Camera,"Memory Card Supported, upto 2 TB",Android v16
120,Moto G57 Power,20999,57.0,"Dual Sim, 5G, eSIM, Wi-Fi","Snapdragon 6s Gen4, Octa Core, 2.4 GHz Processor","8 GB RAM, 128 GB inbuilt",7000 mAh Battery with 33W Fast Charging,"6.72 inches, 1080 x 2400 px, 120 Hz Display with Punch Hole",50 MP + 8 MP Dual Rear & 8 MP Front Camera,,Android v16
121,Nothing Phone 4a,35799,71.0,"Dual Sim, 5G, VoLTE, Wi-Fi","Snapdragon 7s Gen4, Octa Core, 2.7 GHz Processor","8 GB RAM, 128 GB inbuilt",5400 mAh Battery with 50W Fast Charging,"6.78 inches, 1224 x 2720 px, 120 Hz Display with Punch Hole",50 MP + 50 MP + 8 MP Triple Rear & 32 MP Front Camera,,Android v16
122,Realme P4 Power 5G,30499,72.0,"Dual Sim, 5G, VoLTE, Wi-Fi, IR Blaster","Dimensity 7400 Ultra, Octa Core, 2.6 GHz Processor","8 GB RAM, 128 GB inbuilt",10001 mAh Battery with 80W Fast Charging,"6.8 inches, 1280 x 2800 px, 144 Hz Display with Punch Hole",50 MP + 8 MP Dual Rear & 16 MP Front Camera,Memory Card Not Supported,Android v16
123,OnePlus Nord 4 5G (8GB RAM + 256GB),29999,70.0,"Dual Sim, 5G, VoLTE, NFC, Wi-Fi, IR Blaster","Snapdragon 7+ Gen3, Octa Core, 2.8 GHz Processor","8 GB RAM, 256 GB inbuilt",5500 mAh Battery with 100W Fast Charging,"6.74 inches, 1240 x 2772 px, 120 Hz Display with Punch Hole",50 MP + 8 MP Dual Rear & 16 MP Front Camera,,Android v14
124,OnePlus Nord CE 5 5G,34800,71.0,"Dual Sim, 5G, VoLTE, Wi-Fi, IR Blaster","Dimensity 8350 Apex, Octa Core, 3.35 GHz Processor","8 GB RAM, 128 GB inbuilt",7100 mAh Battery with 80W Fast Charging,"6.77 inches, 1080 x 2392 px, 120 Hz Display with Punch Hole",50 MP + 8 MP Dual Rear & 16 MP Front Camera,"Memory Card (Hybrid), upto 1 TB",Android v15
125,Motorola Edge 70 Fusion 5G (8GB RAM + 256 GB),34399,71.0,"Dual Sim, 5G, VoLTE, Vo5G, NFC, Wi-Fi","Snapdragon 7s Gen4, Octa Core, 2.7 GHz Processor","8 GB RAM, 256 GB inbuilt",7000 mAh Battery with 68W Fast Charging,"6.8 inches, 1272 x 2772 px, 144 Hz Display with Punch Hole",50 MP + 13 MP + Dedicated 3-in-1 light sensor Triple Rear & 32 MP Front Camera,,Android v16
126,Vivo T4 5G (12GB RAM + 256GB),28999,68.0,"Dual Sim, 5G, VoLTE, Wi-Fi, IR Blaster","Snapdragon 7s Gen3, Octa Core, 2.5 GHz Processor","12 GB RAM, 256 GB inbuilt",7300 mAh Battery with 90W Fast Charging,"6.77 inches, 1080 x 2392 px, 120 Hz Display with Punch Hole",50 MP + 2 MP Dual Rear & 32 MP Front Camera,Memory Card Not Supported,Android v15
127,OPPO A6x 5G,18999,50.0,"Dual Sim, 5G, VoLTE, Wi-Fi","Dimensity 6300, Octa Core, 2.4 GHz Processor","4 GB RAM, 64 GB inbuilt",6500 mAh Battery with 45W Fast Charging,"6.75 inches, 720 x 1570 px, 120 Hz Display with Punch Hole",13 MP Rear & 5 MP Front Camera,Memory Card (Hybrid),Android v15
128,Samsung Galaxy S25 Edge,60800,,"Dual Sim, 5G, VoLTE, Vo5G, NFC, eSIM, Wi-Fi","Snapdragon 8 Elite, Octa Core, 4.47 GHz Processor","12 GB RAM, 256 GB inbuilt",3900 mAh Battery with 25W Fast Charging,"6.7 inches, 1440 x 3120 px, 120 Hz Display with Punch Hole",200 MP + 12 MP Dual Rear & 12 MP Front Camera,,Android v15
129,OnePlus 13s 5G,54999,,"Dual Sim, 5G, VoLTE, Vo5G, NFC, Wi-Fi, IR Blaster","Snapdragon 8 Elite, Octa Core, 4.32 GHz Processor","12 GB RAM, 256 GB inbuilt",5850 mAh Battery with 80W Fast Charging,"6.32 inches, 1216 x 2640 px, 120 Hz Display with Punch Hole",50 MP + 50 MP Dual Rear & 32 MP Front Camera,Memory Card Not Supported,Android v15
130,Boltt Ace 5G,13999,53.0,"Dual Sim, 5G, VoLTE, Wi-Fi","Unisoc T8200, Octa Core, 2.3 GHz Processor","4 GB RAM, 64 GB inbuilt",6000 mAh Battery with 18W Fast Charging,"6.79 inches, 720 x 1640 px, 120 Hz Display with Punch Hole",64 MP Dual Rear & 8 MP Front Camera,"Memory Card (Hybrid), upto 1 TB",Android v16
131,Google Pixel 10A,52260,76.0,"Dual Sim, 5G, VoLTE, NFC, eSIM, Wi-Fi","Tensor G4, Octa Core, 3.1 GHz Processor","8 GB RAM, 256 GB inbuilt",5100 mAh Battery with 30W Fast Charging,"6.3 inches, 1080 x 2424 px, 120 Hz Display with Punch Hole",48 MP + 13 MP Dual Rear & 13 MP Front Camera,Memory Card Not Supported,Android v16
132,Nothing Phone 3 (16GB RAM + 512GB),89999,,"Dual Sim, 5G, VoLTE, NFC, eSIM, Wi-Fi","Snapdragon 8s Gen4, Octa Core, 3.2 GHz Processor","16 GB RAM, 512 GB inbuilt",5500 mAh Battery with 65W Fast Charging,"6.67 inches, 1260 x 2800 px, 120 Hz Display with Punch Hole",50 MP + 50 MP + 50 MP Triple Rear & 50 MP Front Camera,,Android v15
133,Motorola Edge 50 5G,22990,70.0,"Dual Sim, 5G, VoLTE, Vo5G, NFC, Wi-Fi","Snapdragon 7 Gen1 AE, Octa Core, 2.5 GHz Processor","8 GB RAM, 256 GB inbuilt",5000 mAh Battery with 68W Fast Charging,"6.67 inches, 1220 x 2712 px, 120 Hz Display",50 MP + 13 MP + 10 MP Triple Rear & 32 MP Front Camera,,Android v14
134,iQOO Z11xA 5G,28999,64.0,"Dual Sim, 5G, VoLTE, Wi-Fi","Dimensity 7400 Turbo, Octa Core, 2.6 GHz Processor","8 GB RAM, 128 GB inbuilt",7200 mAh Battery with 44W Fast Charging,"6.76 inches, 1080 x 2344 px, 120 Hz Display with Punch Hole",50 MP + 2 MP Dual Rear & 32 MP Front Camera,,Android v16
135,Poco X8 Power (8GB RAM + 256GB),38999,77.0,"Dual Sim, 5G, VoLTE, Vo5G, NFC, Wi-Fi, IR Blaster","Snapdragon 6 Gen5, Octa Core, 2.4 GHz Processor","8 GB RAM, 256 GB inbuilt",10000 mAh Battery with 100W Fast Charging,"6.83 inches, 1280 x 2772 px, 120 Hz Display with Punch Hole",50 MP + 8 MP Dual Rear & 32 MP Front Camera,,Android v16
136,iQOO Neo 10 (8GB RAM + 256GB),43999,,"Dual Sim, 5G, VoLTE, NFC, Wi-Fi, IR Blaster","Snapdragon 8s Gen4, Octa Core, 3.2 GHz Processor","8 GB RAM, 256 GB inbuilt",7000 mAh Battery with 120W Fast Charging,"6.78 inches, 1260 x 2800 px, 144 Hz Display with Punch Hole",50 MP + 8 MP Dual Rear & 32 MP Front Camera,,Android v15
137,Apple iPhone 16 Pro Max,134900,,"Dual Sim, 5G, VoLTE, NFC, eSIM, Wi-Fi","Bionic A18 Pro, Hexa Core, 4.05 GHz Processor","8 GB RAM, 256 GB inbuilt",4685 mAh Battery with Fast Charging,"6.9 inches, 1320 x 2868 px, 120 Hz Display with Dynamic Island",48 MP + 48 MP + 12 MP Triple Rear & 12 MP Front Camera,Memory Card Not Supported,iOS v18
138,Samsung Galaxy S24 Ultra,103999,,"Dual Sim, 5G, VoLTE, Vo5G, NFC, eSIM, Wi-Fi","Snapdragon 8 Gen3, Octa Core, 3.3 GHz Processor","12 GB RAM, 256 GB inbuilt",5000 mAh Battery with 45W Fast Charging,"6.8 inches, 1440 x 3120 px, 120 Hz Display with Punch Hole",200 MP Quad Rear & 12 MP Front Camera,Memory Card Not Supported,Android v14
139,Vivo X300 (12GB RAM + 512GB),81999,,"Dual Sim, 5G, VoLTE, NFC, eSIM, Wi-Fi, IR Blaster","Dimensity 9500, Octa Core, 4.21 GHz Processor","12 GB RAM, 512 GB inbuilt",6040 mAh Battery with 90W Fast Charging,"6.31 inches, 1216 x 2640 px, 120 Hz Display with Punch Hole",200 MP + 50 MP + 50 MP Triple Rear & 50 MP Front Camera,Memory Card Not Supported,Android v16
140,Xiaomi Redmi Note 15 Pro Plus,39999,79.0,"Dual Sim, 5G, VoLTE, NFC, eSIM, Wi-Fi, IR Blaster","Snapdragon 7s Gen4, Octa Core, 2.7 GHz Processor","8 GB RAM, 256 GB inbuilt",6500 mAh Battery with 100W Fast Charging,"6.83 inches, 1280 x 2772 px, 120 Hz Display with Punch Hole",200 MP + 8 MP Dual Rear & 32 MP Front Camera,Memory Card Not Supported,Android v15
141,Lava Virat V1 Pro 5G,15999,52.0,"Dual Sim, 5G, VoLTE, Wi-Fi","Unisoc T8200, Octa Core, 2.6 GHz Processor","6 GB RAM, 128 GB inbuilt",6000 mAh Battery with 18W Fast Charging,"6.75 inches, 720 x 1600 px, 120 Hz Display with Water Drop Notch",50 MP Dual Rear & 8 MP Front Camera,"Memory Card (Hybrid), upto 1 TB",Android v16
142,Xiaomi Redmi Turbo 5,41999,76.0,"Dual Sim, 5G, VoLTE, NFC, Wi-Fi, IR Blaster","Dimensity 8500 Ultra, Octa Core, 3.4 GHz Processor","8 GB RAM, 256 GB inbuilt",7540 mAh Battery with 100W Fast Charging,"6.59 inches, 1268 x 2756 px, 120 Hz Display with Punch Hole",50 MP + 8 MP Dual Rear & 20 MP Front Camera,,Android v16
143,Vivo Y11 5G,17999,,"Dual Sim, 5G, VoLTE, Wi-Fi, IR Blaster","Dimensity 6300, Octa Core, 2.4 GHz Processor","4 GB RAM, 64 GB inbuilt",6500 mAh Battery with 15W Fast Charging,"6.74 inches, 720 x 1600 px, 120 Hz Display with Water Drop Notch",13 MP + 0.08 MP Dual Rear & 5 MP Front Camera,"Memory Card (Hybrid), upto 2 TB",Android v16
144,Nothing Phone (4a) Pro,45950,75.0,"Dual Sim, 5G, VoLTE, NFC, Wi-Fi","Snapdragon 7 Gen 4, Octa Core, 2.8 GHz Processor","8 GB RAM, 128 GB inbuilt",5400 mAh Battery with 50W Fast Charging,"6.83 inches, 1260 x 2800 px, 144 Hz Display with Punch Hole",50 MP + 50 MP + 8 MP Triple Rear & 32 MP Front Camera,Memory Card Not Supported,Android v16
145,Xiaomi Redmi 17 5G (8GB RAM + 128GB),26999,62.0,"Dual Sim, 5G, VoLTE, NFC, Wi-Fi, IR Blaster","Snapdragon 4 Gen5, Octa Core, 2.4 GHz Processor","8 GB RAM, 128 GB inbuilt",7900 mAh Battery with 45W Fast Charging,"6.9 inches, 720 x 1600 px, 120 Hz Display with Punch Hole",50 MP + Auxiliary lens Dual Rear & 8 MP Front Camera,"Memory Card (Hybrid), upto 2 TB",Android v16
146,OPPO K14x 5G,18999,54.0,"Dual Sim, 5G, VoLTE, Wi-Fi","Dimensity 6300, Octa Core, 2.4 GHz Processor","4 GB RAM, 128 GB inbuilt",6500 mAh Battery with 45W Fast Charging,"6.75 inches, 720 x 1570 px, 120 Hz Display with Punch Hole",50 MP + 2 MP Dual Rear & 5 MP Front Camera,Memory Card (Hybrid),Android v15
147,Apple iPhone 15 Plus,69900,67.0,"Dual Sim, 5G, VoLTE, NFC, eSIM, Wi-Fi","Bionic A16, Hexa Core, 3.46 GHz Processor","6 GB RAM, 128 GB inbuilt",4383 mAh Battery with Fast Charging,"6.7 inches, 1290 x 2796 px Display with Dynamic Island",48 MP + 12 MP Dual Rear & 12 MP Front Camera,Memory Card Not Supported,iOS v17
148,OPPO K14,23999,62.0,"Dual Sim, 5G, VoLTE, NFC, Wi-Fi, IR Blaster","Dimensity 6300, Octa Core, 2.4 GHz Processor","6 GB RAM, 128 GB inbuilt",7000 mAh Battery with 45W Fast Charging,"6.75 inches, 720 x 1570 px, 120 Hz Display with Punch Hole",50 MP + 2 MP Dual Rear & 8 MP Front Camera,Memory Card (Hybrid),Android v15
149,Boltt Evo,10999,,"Dual Sim, 4G, VoLTE, Wi-Fi","Unisoc T7250, Octa Core, 1.8 GHz Processor","4 GB RAM, 64 GB inbuilt",6000 mAh Battery with 18W Fast Charging,"6.79 inches, 720 x 1640 px, 120 Hz Display with Punch Hole",50 MP + 2 MP Dual Rear & 8 MP Front Camera,"Memory Card (Hybrid), upto 1 TB",Android v16
150,OnePlus 15R 5G,59999,,"Dual Sim, 5G, VoLTE, Vo5G, NFC, Wi-Fi, IR Blaster","Snapdragon 8 Gen5, Octa Core, 3.84 GHz Processor","12 GB RAM, 256 GB inbuilt",7400 mAh Battery with 80W Fast Charging,"6.83 inches, 1272 x 2800 px, 165 Hz Display with Punch Hole",50 MP + 8 MP Dual Rear & 32 MP Front Camera,Memory Card Not Supported,Android v16
151,Motorola Edge 70 Pro Plus 5G,48990,,"Dual Sim, 5G, VoLTE, Vo5G, NFC, Wi-Fi","Dimensity 8500 Extreme, Octa Core, 3.4 GHz Processor","12 GB RAM, 256 GB inbuilt",6500 mAh Battery with 90W Fast Charging,"6.78 inches, 1272 x 2772 px, 144 Hz Display with Punch Hole",50 MP + 50 MP + 50 MP Triple Rear & 50 MP Front Camera,,Android v16
152,Realme P3 Pro 5G,20999,63.0,"Dual Sim, 5G, VoLTE, Wi-Fi","Snapdragon 7s Gen3, Octa Core, 2.5 GHz Processor","8 GB RAM, 128 GB inbuilt",6000 mAh Battery with 80W Fast Charging,"6.83 inches, 1272 x 2800 px, 120 Hz Display with Punch Hole",50 MP + 2 MP Dual Rear & 16 MP Front Camera,,Android v15
153,Oppo K13 Turbo Pro,29999,71.0,"Dual Sim, 5G, VoLTE, Wi-Fi, IR Blaster","Snapdragon 8s Gen4, Octa Core, 3.2 GHz Processor","8 GB RAM, 256 GB inbuilt",7000 mAh Battery with 80W Fast Charging,"6.8 inches, 1280 x 2800 px, 120 Hz Display with Punch Hole",50 MP + 2 MP Dual Rear & 16 MP Front Camera,Memory Card Not Supported,Android v15
154,Realme P3 Ultra (8GB RAM + 256GB),28999,67.0,"Dual Sim, 5G, VoLTE, Wi-Fi, IR Blaster","Dimensity 8350 Ultra, Octa Core, 3.35 GHz Processor","8 GB RAM, 256 GB inbuilt",6000 mAh Battery with 80W Fast Charging,"6.83 inches, 1272 x 2800 px, 120 Hz Display with Punch Hole",50 MP + 8 MP Dual Rear & 16 MP Front Camera,Memory Card Not Supported,Android v15
155,Apple iPhone Duo (1TB),374900,,"Dual Sim, 5G, VoLTE, NFC, eSIM, Wi-Fi","Apple A20 Pro, Hexa Core Processor","12 GB RAM, 1 TB inbuilt",5800 mAh Battery with Fast Charging,"7.6 inches, 1878 x 2670 px, 120 Hz Display",48 MP + 48 MP Dual Rear & 12 MP + Under-display FaceTime Camera Dual Front Camera,Memory Card Not Supported,
156,Vivo X200T,59999,,"Dual Sim, 5G, VoLTE, NFC, eSIM, Wi-Fi, IR Blaster","Dimensity 9400 Plus, Octa Core, 3.63 GHz Processor","12 GB RAM, 256 GB inbuilt",6200 mAh Battery with 90W Fast Charging,"6.67 inches, 1260 x 2800 px, 120 Hz Display with Punch Hole",50 MP + 50 MP + 50 MP Triple Rear & 32 MP Front Camera,Memory Card Not Supported,Android v16
157,Poco M7 Plus 5G (8GB RAM + 128GB),17999,59.0,"Dual Sim, 5G, VoLTE, Wi-Fi, IR Blaster","Snapdragon 6s Gen3, Octa Core, 2.3 GHz Processor","8 GB RAM, 128 GB inbuilt",7000 mAh Battery with 33W Fast Charging,"6.9 inches, 1080 x 2340 px, 144 Hz Display with Punch Hole",50 MP Rear & 8 MP Front Camera,"Memory Card (Hybrid), upto 2 TB",Android v15
158,Nokia 300 Charge,2599,,Dual Sim,Unisoc SC6531E,"4 MB RAM, 4 MB inbuilt",3700 mAh Battery with 10W Fast Charging,"2.4 inches, 320 x 240 px Display",Main Rear Camera,"Memory Card Supported, upto 32 GB",S30+​
159,Samsung Galaxy A57 5G,56999,74.0,"Dual Sim, 5G, VoLTE, NFC, eSIM, Wi-Fi","Exynos 1680, Octa Core, 2.9 GHz Processor","8 GB RAM, 256 GB inbuilt",5000 mAh Battery with 45W Fast Charging,"6.7 inches, 1080 x 2340 px, 120 Hz Display with Punch Hole",50 MP + 12 MP + 5 MP Triple Rear & 12 MP Front Camera,Memory Card Not Supported,Android v16
160,Realme P4R 5G,19997,57.0,"Dual Sim, 5G, VoLTE, Wi-Fi","Dimensity 6300, Octa Core, 2.4 GHz Processor","4 GB RAM, 128 GB inbuilt",8000 mAh Battery with 45W Fast Charging,"6.81 inches, 720 x 1570 px, 144 Hz Display with Punch Hole",50 MP Rear & 8 MP Front Camera,,Android v16
161,Realme GT 7T (12GB RAM + 512GB),37499,79.0,"Dual Sim, 5G, VoLTE, Vo5G, NFC, Wi-Fi, IR Blaster","Dimensity 8400-MAX, Octa Core, 3.25 GHz Processor","12 GB RAM, 512 GB inbuilt",7000 mAh Battery with 120W Fast Charging,"6.8 inches, 1280 x 2800 px, 120 Hz Display with Punch Hole",50 MP + 8 MP Dual Rear & 32 MP Front Camera,Memory Card Not Supported,Android v15
162,OPPO Reno 15 Pro 5G,67999,,"Dual Sim, 5G, VoLTE, NFC, Wi-Fi, IR Blaster","Dimensity 8450, Octa Core, 3.25 GHz Processor","12 GB RAM, 256 GB inbuilt",6500 mAh Battery with 80W Fast Charging,"6.78 inches, 1272 x 2772 px, 120 Hz Display with Punch Hole",200 MP + 50 MP + 50 MP Triple Rear & 50 MP Front Camera,Memory Card Not Supported,Android v16
163,Samsung Galaxy A16 5G (6GB RAM + 128GB),15999,57.0,"Dual Sim, 5G, VoLTE, NFC, Wi-Fi","Dimensity 6300, Octa Core, 2.4 GHz Processor","6 GB RAM, 128 GB inbuilt",5000 mAh Battery with 25W Fast Charging,"6.7 inches, 1080 x 2340 px, 90 Hz Display with Water Drop Notch",50 MP + 5 MP + 2 MP Triple Rear & 13 MP Front Camera,"Memory Card (Hybrid), upto 1.5 TB",Android v14
164,Vivo V70 FE 5G (8GB RAM + 256GB),42850,79.0,"Dual Sim, 5G, VoLTE, NFC, Wi-Fi, IR Blaster","Dimensity 7360 Turbo, Octa Core, 2.5 GHz Processor","8 GB RAM, 256 GB inbuilt",7000 mAh Battery with 90W Fast Charging,"6.83 inches, 1260 x 2800 px, 120 Hz Display with Punch Hole",200 MP + 8 MP Dual Rear & 50 MP Front Camera,Memory Card Not Supported,Android v16
165,Realme GT 8 Pro,72999,,"Dual Sim, 5G, VoLTE, NFC, Wi-Fi, IR Blaster","Snapdragon 8 Elite Gen 5, Octa Core, 4.6 GHz Processor","12 GB RAM, 256 GB inbuilt",7000 mAh Battery with 120W Fast Charging,"6.79 inches, 1440 x 3136 px, 144 Hz Display with Punch Hole",200 MP + 50 MP + 50 MP Triple Rear & 32 MP Front Camera,Memory Card Not Supported,Android v16
166,Poco M8x 5G,19876,61.0,"Dual Sim, 5G, VoLTE, Wi-Fi, IR Blaster","Snapdragon 4 Gen5, Octa Core, 2.4 GHz Processor","4 GB RAM, 128 GB inbuilt",7900 mAh Battery with 45W Fast Charging,"6.9 inches, 720 x 1600 px, 120 Hz Display with Punch Hole",50 MP Dual Rear & 8 MP Front Camera,"Memory Card Supported, upto 1 TB",Android v16
167,Xiaomi Redmi A7 Pro 5G,14999,54.0,"Dual Sim, 5G, VoLTE, Wi-Fi","Unisoc T8300, Octa Core, 2.2 GHz Processor","4 GB RAM, 64 GB inbuilt",6300 mAh Battery with 15W Fast Charging,"6.9 inches, 720 x 1600 px, 120 Hz Display with Water Drop Notch",32 MP Dual Rear & 8 MP Front Camera,"Memory Card (Hybrid), upto 2 TB",Android v16
168,OnePlus Nord 6 5G (12GB RAM +256GB),52999,,"Dual Sim, 5G, VoLTE, NFC, Wi-Fi, IR Blaster","Snapdragon 8s Gen4, Octa Core, 3.2 GHz Processor","12 GB RAM, 256 GB inbuilt",9000 mAh Battery with 80W Fast Charging,"6.78 inches, 1272 x 2772 px, 165 Hz Display with Punch Hole",50 MP + 8 MP Dual Rear & 32 MP Front Camera,Memory Card Not Supported,Android v16
169,OnePlus Nord 5 (12GB RAM + 256GB),34999,76.0,"Dual Sim, 5G, VoLTE, NFC, Wi-Fi, IR Blaster","Snapdragon 8s Gen3, Octa Core, 3 GHz Processor","12 GB RAM, 256 GB inbuilt",6800 mAh Battery with 80W Fast Charging,"6.83 inches, 1272 x 2800 px, 144 Hz Display with Punch Hole",50 MP + 8 MP Dual Rear & 50 MP Front Camera,,Android v15
170,Samsung Galaxy A06 5G (6GB RAM + 128GB),14499,53.0,"Dual Sim, 5G, VoLTE, Wi-Fi","Dimensity 6300, Octa Core, 2.4 GHz Processor","6 GB RAM, 128 GB inbuilt",5000 mAh Battery with 25W Fast Charging,"6.7 inches, 720 x 1600 px, 90 Hz Display with Water Drop Notch",50 MP + 2 MP Dual Rear & 8 MP Front Camera,"Memory Card Supported, upto 1 TB",Android v15
171,Samsung Galaxy Z Fold 8 5G,174999,,"Dual Sim, 5G, VoLTE, Vo5G, NFC, eSIM, Wi-Fi","Snapdragon 8 Elite Gen 5 for Galaxy, Octa Core, 4.74 GHz Processor","12 GB RAM, 256 GB inbuilt",4800 mAh Battery with 45W Fast Charging,"7.6 inches, 1828 x 2448 px, 120 Hz Display with Punch Hole",50 MP + 50 MP Dual Rear & 10 MP + 10 MP Dual Front Camera,Unknown,Android v17
172,Poco X8 Pro 5G,39690,76.0,"Dual Sim, 5G, VoLTE, Wi-Fi, IR Blaster","Dimensity 8500 Ultra, Octa Core, 3.4 GHz Processor","8 GB RAM, 256 GB inbuilt",6500 mAh Battery with 100W Fast Charging,"6.59 inches, 2756 x 1268 px, 120 Hz Display with Punch Hole",50 MP + 8 MP Dual Rear & 20 MP Front Camera,,Android v16
173,Xiaomi Redmi Note 15 5G,28999,70.0,"Dual Sim, 5G, VoLTE, NFC, Wi-Fi, IR Blaster","Snapdragon 6 Gen3, Octa Core, 2.4 GHz Processor","8 GB RAM, 128 GB inbuilt",5520 mAh Battery with 45W Fast Charging,"6.77 inches, 1080 x 2392 px, 120 Hz Display with Punch Hole",108 MP + 8 MP Dual Rear & 20 MP Front Camera,"Memory Card (Hybrid), upto 1 TB",Android v15
174,Oppo F31 Pro 5G (12GB RAM + 256GB),29999,68.0,"Dual Sim, 5G, VoLTE, Wi-Fi","Dimensity 7300 Energy, Octa Core, 2.5 GHz Processor","12 GB RAM, 256 GB inbuilt",7000 mAh Battery with 80W Fast Charging,"6.57 inches, 1080 x 2372 px, 120 Hz Display with Punch Hole",50 MP + 2 MP Dual Rear & 32 MP Front Camera,,Android v15
175,Xiaomi Redmi 15 5G,21499,61.0,"Dual Sim, 5G, VoLTE, Wi-Fi, IR Blaster","Snapdragon 6s Gen3, Octa Core, 2.3 GHz Processor","6 GB RAM, 128 GB inbuilt",7000 mAh Battery with 33W Fast Charging,"6.9 inches, 1080 x 2340 px, 144 Hz Display with Punch Hole",50 MP Dual Rear & 8 MP Front Camera,"Memory Card (Hybrid), upto 1 TB",Android v15
176,Vivo T4R 5G (8GB RAM + 256GB),24999,66.0,"Dual Sim, 5G, VoLTE, Vo5G, Wi-Fi","Dimensity 7400, Octa Core, 2.6 GHz Processor","8 GB RAM, 256 GB inbuilt",5700 mAh Battery with 44W Fast Charging,"6.77 inches, 1080 x 2392 px, 120 Hz Display with Punch Hole",50 MP + 2 MP Dual Rear & 32 MP Front Camera,Memory Card Not Supported,Android v15
177,Apple iPhone 18 Pro (512GB),189900,,"Dual Sim, 5G, VoLTE, NFC, eSIM, Wi-Fi","Apple A20 Pro, Hexa Core Processor","12 GB RAM, 512 GB inbuilt",4056 mAh Battery with Fast Charging,"6.3 inches, 1206 x 2622 px, 120 Hz Display with Dynamic Island",48 MP + 48 MP + 48 MP Triple Rear & 18 MP Front Camera,Memory Card Not Supported,iOS v27
178,OnePlus 15 5G (16GB RAM + 512GB),93999,,"Dual Sim, 5G, VoLTE, Vo5G, NFC, eSIM, Wi-Fi, IR Blaster","Snapdragon 8 Elite Gen 5, Octa Core, 4.6 GHz Processor","16 GB RAM, 512 GB inbuilt",7300 mAh Battery with 120W Fast Charging,"6.78 inches, 1272 x 2772 px, 165 Hz Display with Punch Hole",50 MP + 50 MP + 50 MP Triple Rear & 32 MP Front Camera,Memory Card Not Supported,Android v16
179,Motorola Edge 60 Pro (12GB RAM + 256GB),35328,77.0,"Dual Sim, 5G, VoLTE, Vo5G, NFC, Wi-Fi","Dimensity 8350 Extreme, Octa Core, 3.35 GHz Processor","12 GB RAM, 256 GB inbuilt",6000 mAh Battery with 90W Fast Charging,"6.7 inches, 1220 x 2712 px, 120 Hz Display with Punch Hole",50 MP + 50 MP + 10 MP Triple Rear & 50 MP Front Camera,,Android v15
180,Google Pixel 8A,37490,66.0,"Dual Sim, 5G, VoLTE, NFC, Wi-Fi","Tensor G3, Nine-Cores, 3 GHz Processor","8 GB RAM, 128 GB inbuilt",4492 mAh Battery with Fast Charging,"6.1 inches, 1080 x 2400 px, 120 Hz Display with Punch Hole",64 MP + 13 MP Dual Rear & 13 MP Front Camera,Memory Card Not Supported,Android v14
181,Motorola Edge 70 Pro 5G (12GB RAM + 256GB),42840,,"Dual Sim, 5G, VoLTE, Vo5G, NFC, Wi-Fi","Dimensity 8500 Extreme, Octa Core, 3.4 GHz Processor","12 GB RAM, 256 GB inbuilt",6500 mAh Battery with 90W Fast Charging,"6.8 inches, 1272 x 2772 px, 144 Hz Display with Punch Hole",50 MP + 50 MP Dual Rear & 50 MP Front Camera,,Android v16
182,Vivo Y31 5G,18999,58.0,"Dual Sim, 5G, VoLTE, Wi-Fi","Snapdragon 4 Gen2, Octa Core, 2.2 GHz Processor","4 GB RAM, 128 GB inbuilt",6500 mAh Battery with 44W Fast Charging,"6.68 inches, 720 x 1608 px, 120 Hz Display with Water Drop Notch",50 MP Rear & 8 MP Front Camera,Memory Card (Hybrid),Android v15
183,Tecno Pova Slim 5G,20999,58.0,"Dual Sim, 5G, VoLTE, Wi-Fi, IR Blaster","Dimensity 6400, Octa Core, 2.5 GHz Processor","8 GB RAM, 128 GB inbuilt",5160 mAh Battery with 45W Fast Charging,"6.78 inches, 1224 x 2720 px, 144 Hz Display with Punch Hole",50 MP + 2 MP Dual Rear & 13 MP Front Camera,,Android v15
184,Realme P4 Pro 5G (8GB RAM + 256GB),30999,72.0,"Dual Sim, 5G, VoLTE, Wi-Fi, IR Blaster","Snapdragon 7 Gen 4, Octa Core Processor","8 GB RAM, 256 GB inbuilt",7000 mAh Battery with 80W Fast Charging,"6.8 inches, 1280 x 2800 px, 144 Hz Display with Punch Hole",50 MP + 8 MP Dual Rear & 50 MP Front Camera,,Android v15
185,Boltt Evo (6GB RAM + 128GB),12499,50.0,"Dual Sim, 4G, VoLTE, Wi-Fi","Unisoc T7250, Octa Core, 1.8 GHz Processor","6 GB RAM, 128 GB inbuilt",6000 mAh Battery with 18W Fast Charging,"6.79 inches, 720 x 1640 px, 120 Hz Display with Punch Hole",50 MP + 2 MP Dual Rear & 8 MP Front Camera,"Memory Card (Hybrid), upto 1 TB",Android v16
186,Realme GT 7T,32999,76.0,"Dual Sim, 5G, VoLTE, Vo5G, NFC, Wi-Fi, IR Blaster","Dimensity 8400-MAX, Octa Core, 3.25 GHz Processor","8 GB RAM, 256 GB inbuilt",7000 mAh Battery with 120W Fast Charging,"6.8 inches, 1280 x 2800 px, 120 Hz Display with Punch Hole",50 MP + 8 MP Dual Rear & 32 MP Front Camera,Memory Card Not Supported,Android v15
187,Poco M7 5G (8GB RAM + 128GB),13499,53.0,"Dual Sim, 5G, VoLTE, Wi-Fi","Snapdragon 4 Gen2, Octa Core, 2.2 GHz Processor","8 GB RAM, 128 GB inbuilt",5160 mAh Battery with 18W Fast Charging,"6.88 inches, 720 x 1640 px, 120 Hz Display with Water Drop Notch",50 MP Rear & 8 MP Front Camera,"Memory Card Supported, upto 1 TB",Android v14
188,Poco X8 Pro Max,48999,,"Dual Sim, 5G, VoLTE, Wi-Fi, IR Blaster","Dimensity 9500s, Octa Core, 3.73 GHz Processor","12 GB RAM, 256 GB inbuilt",9000 mAh Battery with 100W Fast Charging,"6.83 inches, 1280 x 2772 px, 120 Hz Display with Punch Hole",50 MP + 8 MP Dual Rear & 20 MP Front Camera,,Android v16
189,Vivo V40 5G,34999,70.0,"Dual Sim, 5G, VoLTE, Wi-Fi","Snapdragon 7 Gen3, Octa Core, 2.63 GHz Processor","8 GB RAM, 128 GB inbuilt",5500 mAh Battery with 80W Fast Charging,"6.78 inches, 1260 x 2800 px, 120 Hz Display with Punch Hole",50 MP + 50 MP Dual Rear & 50 MP Front Camera,Memory Card Not Supported,Android v14
190,Vivo Y21 5G,22499,58.0,"Dual Sim, 5G, VoLTE, NFC, Wi-Fi, IR Blaster","Dimensity 6300, Octa Core, 2.4 GHz Processor","4 GB RAM, 128 GB inbuilt",6500 mAh Battery with 44W Fast Charging,"6.74 inches, 720 x 1600 px, 120 Hz Display with Water Drop Notch",50 MP + 0.08 MP Dual Rear & 5 MP Front Camera,Memory Card Supported,Android v16
191,Apple iPhone 18 Pro Max (1TB),254900,,"Dual Sim, 5G, VoLTE, NFC, eSIM, Wi-Fi","Apple A20 Pro, Hexa Core Processor","12 GB RAM, 1 TB inbuilt",5391 mAh Battery with Fast Charging,"6.9 inches, 1320 x 2868 px, 120 Hz Display with Dynamic Island",48 MP + 48 MP + 48 MP Triple Rear & 18 MP Front Camera,Memory Card Not Supported,iOS v27
192,Samsung Galaxy Z Flip 3,41499,67.0,"Dual Sim, 5G, VoLTE, NFC, eSIM, Wi-Fi","Snapdragon 888, Octa Core, 2.84 GHz Processor","8 GB RAM, 128 GB inbuilt",3300 mAh Battery with 15W Fast Charging,"6.7 inches, 1080 x 2640 px, 120 Hz Display with Punch Hole",12 MP + 12 MP Dual Rear & 10 MP Front Camera,Memory Card Not Supported,
193,OPPO Reno 16C,49999,75.0,"Dual Sim, 5G, VoLTE, Vo5G, Wi-Fi","Dimensity 7300 Energy, Octa Core, 2.5 GHz Processor","8 GB RAM, 128 GB inbuilt",7000 mAh Battery with 80W Fast Charging,"6.57 inches, 2372 x 1080 px, 120 Hz Display with Punch Hole",50 MP + 50 MP + 8 MP Triple Rear & 50 MP Front Camera,Memory Card (Hybrid),Android v16
194,Samsung Galaxy Z Fold 8 Ultra,194999,,"Dual Sim, 5G, VoLTE, Vo5G, NFC, eSIM, Wi-Fi","Snapdragon 8 Elite Gen 5 For Galaxy, Octa Core, 4.74 GHz Processor","12 GB RAM, 256 GB inbuilt",5000 mAh Battery with 45W Fast Charging,"8 inches, 2256 x 2504 px, 120 Hz Display with Punch Hole",200 MP + 50 MP + 10 MP Triple Rear & 10 MP + 10 MP Dual Front Camera,Unknown,Android v17
195,OPPO Reno 15 5G,47999,79.0,"Dual Sim, 5G, VoLTE, Wi-Fi, IR Blaster","Snapdragon 7 Gen4, Octa Core, 2.8 GHz Processor","8 GB RAM, 256 GB inbuilt",6500 mAh Battery with 80W Fast Charging,"6.59 inches, 1256 x 2760 px, 120 Hz Display with Punch Hole",50 MP + 50 MP + 8 MP Triple Rear & 50 MP Front Camera,Memory Card Not Supported,Android v16
196,Samsung Galaxy F36 5G,22445,62.0,"Dual Sim, 5G, VoLTE, NFC, Wi-Fi","Exynos 1380, Octa Core, 2.4 GHz Processor","6 GB RAM, 128 GB inbuilt",5000 mAh Battery with 25W Fast Charging,"6.7 inches, 1080 x 2340 px, 120 Hz Display with Water Drop Notch",50 MP + 8 MP + 2 MP Triple Rear & 13 MP Front Camera,"Memory Card (Hybrid), upto 2 TB",Android v15
197,Realme 14x 5G,14999,55.0,"Dual Sim, 5G, VoLTE, Wi-Fi","Dimensity 6300, Octa Core, 2.4 GHz Processor","6 GB RAM, 128 GB inbuilt",6000 mAh Battery with 45W Fast Charging,"6.67 inches, 720 x 1604 px, 120 Hz Display with Punch Hole",50 MP + 2 MP Dual Rear & 8 MP Front Camera,Memory Card (Hybrid),Android v14
198,Infinix Note 60 Pro 5G,33899,74.0,"Dual Sim, 5G, VoLTE, NFC, eSIM, Wi-Fi, IR Blaster","Snapdragon 7s Gen4, Octa Core, 2.4 GHz Processor","8 GB RAM, 128 GB inbuilt",6500 mAh Battery with 90W Fast Charging,"6.78 inches, 1208 x 2644 px, 144 Hz Display with Punch Hole",50 MP + 8 MP Dual Rear & 13 MP Front Camera,"Memory Card Supported, upto 1 TB",Android v16
199,Realme 16 Pro 5G,37999,77.0,"Dual Sim, 5G, VoLTE, Wi-Fi","Dimensity 7300 Max, Octa Core, 2.5 GHz Processor","8 GB RAM, 128 GB inbuilt",7000 mAh Battery with 80W Fast Charging,"6.78 inches, 1272 x 2772 px, 144 Hz Display with Punch Hole",200 MP + 8 MP Dual Rear & 50 MP Front Camera,Memory Card Not Supported,Android v16
200,Google Pixel 8 Pro,49999,74.0,"Dual Sim, 5G, VoLTE, NFC, Wi-Fi","Tensor G3, Nine Cores, 3 GHz Processor","12 GB RAM, 128 GB inbuilt",5050 mAh Battery with 30W Fast Charging,"6.7 inches, 1344 x 2992 px, 120 Hz Display with Punch Hole",50 MP + 48 MP + 48 MP Triple Rear & 10.5 MP Front Camera,,Android v14
201,Motorola Edge 60 Fusion 5G (12GB RAM + 256GB),28990,68.0,"Dual Sim, 5G, VoLTE, Vo5G, Wi-Fi","Dimensity 7400, Octa Core, 2.5 GHz Processor","12 GB RAM, 256 GB inbuilt",5500 mAh Battery with 68W Fast Charging,"6.7 inches, 1220 x 2712 px, 120 Hz Display with Punch Hole",50 MP + 13 MP Dual Rear & 32 MP Front Camera,"Memory Card (Hybrid), upto 1 TB",Android v15
202,OnePlus Nord CE 6 Lite,27988,63.0,"Dual Sim, 5G, VoLTE, Wi-Fi, IR Blaster","Dimensity 7400 Apex, Octa Core, 2.6 GHz Processor","6 GB RAM, 128 GB inbuilt",7000 mAh Battery with 45W Fast Charging,"6.72 inches, 1080 x 2400 px, 144 Hz Display with Punch Hole",50 MP + 2 MP Dual Rear & 8 MP Front Camera,"Memory Card (Hybrid), upto 2 TB",Android v16
203,Nokia 210 4G (2026),2999,,4G,Unknown,"64 MB RAM, 128 MB inbuilt",1450 mAh Battery,"2.4 inches, 240 x 320 px Display",0.3 MP Rear & 0.3 MP Front Camera,Memory Card Supported,Unknown
204,Vivo T5x 5G (8GB RAM + 256GB),32849,67.0,"Dual Sim, 5G, VoLTE, Wi-Fi, IR Blaster","Dimensity 7400 Turbo, Octa Core, 2.6 GHz Processor","8 GB RAM, 256 GB inbuilt",7200 mAh Battery with 44W Fast Charging,"6.76 inches, 1080 x 2344 px, 120 Hz Display with Punch Hole",50 MP + 2 MP Dual Rear & 32 MP Front Camera,Memory Card Not Supported,Android v16
205,Poco C85x,13976,53.0,"Dual Sim, 5G, VoLTE, Wi-Fi","Unisoc T8300, Octa Core, 2.2 GHz Processor","4 GB RAM, 64 GB inbuilt",6300 mAh Battery with 15W Fast Charging,"6.9 inches, 720 x 1600 px, 120 Hz Display with Punch Hole",32 MP Rear & 8 MP Front Camera,"Memory Card Supported, upto 2 TB",Android v16
206,Motorola Signature (16GB RAM + 1TB),69999,,"Dual Sim, 5G, VoLTE, Vo5G, NFC, Wi-Fi","Snapdragon 8 Gen5, Octa Core, 3.8 GHz Processor","16 GB RAM, 1 TB inbuilt",5200 mAh Battery with 90W Fast Charging,"6.8 inches, 1264 x 2780 px, 165 Hz Display with Punch Hole",50 MP + 50 MP + 50 MP Triple Rear & 50 MP Front Camera,,Android v16
207,Samsung Galaxy S25 FE (8GB RAM + 256GB),65999,76.0,"Dual Sim, 5G, VoLTE, Vo5G, NFC, eSIM, Wi-Fi","Exynos 2400, Deca Core, 3.2 GHz Processor","8 GB RAM, 256 GB inbuilt",4900 mAh Battery with 45W Fast Charging,"6.7 inches, 1080 x 2340 px, 120 Hz Display with Punch Hole",50 MP + 12 MP + 8 MP Triple Rear & 12 MP Front Camera,Memory Card Not Supported,Android v16
208,Samsung Galaxy F17 5G,17999,57.0,"Dual Sim, 5G, VoLTE, NFC, Wi-Fi","Exynos 1330, Octa Core, 2.4 GHz Processor","4 GB RAM, 128 GB inbuilt",5000 mAh Battery with 25W Fast Charging,"6.7 inches, 1080 x 2340 px, 90 Hz Display with Water Drop Notch",50 MP + 5 MP + 2 MP Triple Rear & 13 MP Front Camera,"Memory Card (Hybrid), upto 2 TB",Android v15
209,Samsung Galaxy A27 5G,32950,63.0,"Dual Sim, 5G, VoLTE, NFC, Wi-Fi","Snapdragon 6 Gen3, Octa Core, 2.4 GHz Processor","6 GB RAM, 128 GB inbuilt",5000 mAh Battery with 25W Fast Charging,"6.7 inches, 1080 x 2340 px, 120 Hz Display with Punch Hole",50 MP + 5 MP + 2 MP Triple Rear & 12 MP Front Camera,"Memory Card (Hybrid), upto 2 TB",Android v16
210,Oppo A6 5G,22999,58.0,"Dual Sim, 5G, NFC, Wi-Fi","Dimensity 6300, Octa Core, 2.4 GHz Processor","4 GB RAM, 128 GB inbuilt",7000 mAh Battery with 45W Fast Charging,"6.75 inches, 720 x 1570 px, 120 Hz Display with Punch Hole",50 MP + 2 MP Dual Rear & 8 MP Front Camera,Memory Card Supported,Android v15
211,Samsung Galaxy M36 5G,21999,58.0,"Dual Sim, 5G, VoLTE, Wi-Fi","Exynos 1380, Octa Core, 2.4 GHz Processor","6 GB RAM, 128 GB inbuilt",5000 mAh Battery with 25W Fast Charging,"6.7 inches, 1080 x 2340 px, 120 Hz Display with Punch Hole",50 MP + 8 MP + 2 MP Triple Rear & 13 MP Front Camera,Memory Card (Hybrid),Android v15
212,Nothing Phone 3 5G,51999,,"Dual Sim, 5G, VoLTE, NFC, eSIM, Wi-Fi","Snapdragon 8s Gen4, Octa Core, 3.2 GHz Processor","12 GB RAM, 256 GB inbuilt",5500 mAh Battery with 65W Fast Charging,"6.67 inches, 1260 x 2800 px, 120 Hz Display with Punch Hole",50 MP + 50 MP + 50 MP Triple Rear & 50 MP Front Camera,,Android v15
213,Vivo T5 5G (8GB RAM + 256GB),44999,74.0,"Dual Sim, 5G, VoLTE, Wi-Fi, IR Blaster","Dimensity 7500 Turbo, Octa Core, 2.6 GHz Processor","8 GB RAM, 256 GB inbuilt",7050 mAh Battery with 44W Fast Charging,"6.83 inches, 1260 x 2800 px, 144 Hz Display with Punch Hole",50 MP + 8 MP Dual Rear & 32 MP Front Camera,Memory Card Not Supported,Android v16
214,Samsung Galaxy M17 5G,18458,54.0,"Dual Sim, 5G, VoLTE, NFC, Wi-Fi","Exynos 1330, Octa Core, 2.4 GHz Processor","4 GB RAM, 128 GB inbuilt",5000 mAh Battery with 25W Fast Charging,"6.7 inches, 1080 x 2340 px, 90 Hz Display with Water Drop Notch",50 MP + 5 MP + 2 MP Triple Rear & 13 MP Front Camera,"Memory Card (Hybrid), upto 2 TB",Android v15
215,Google Pixel 11 Pro,119999,,"Dual Sim, 5G, VoLTE, Vo5G, NFC, eSIM, Wi-Fi",Tensor G6,"12 GB RAM, 256 GB inbuilt",4850 mAh Battery with Fast Charging,"6.3 inches, 1280 x 2856 px, 120 Hz Display with Punch Hole",50 MP + 48 MP + 48 MP Triple Rear & 42 MP Front Camera,,Android v17
216,Vivo T5x 5G (8GB RAM + 128GB),29203,67.0,"Dual Sim, 5G, VoLTE, Wi-Fi, IR Blaster","Dimensity 7400 Turbo, Octa Core, 2.6 GHz Processor","8 GB RAM, 128 GB inbuilt",7200 mAh Battery with 44W Fast Charging,"6.76 inches, 1080 x 2344 px, 120 Hz Display with Punch Hole",50 MP + 2 MP Dual Rear & 32 MP Front Camera,Memory Card Not Supported,Android v16
217,Realme GT 8 Pro (16GB RAM + 512GB),78999,,"Dual Sim, 5G, VoLTE, NFC, Wi-Fi, IR Blaster","Snapdragon 8 Elite Gen 5, Octa Core, 4.6 GHz Processor","16 GB RAM, 512 GB inbuilt",7000 mAh Battery with 120W Fast Charging,"6.79 inches, 1440 x 3136 px, 144 Hz Display with Punch Hole",200 MP + 50 MP + 50 MP Triple Rear & 32 MP Front Camera,Memory Card Not Supported,Android v16
218,Boltt Ace 5G (6GB RAM + 128GB),13999,54.0,"Dual Sim, 5G, VoLTE, Wi-Fi","Unisoc T8200, Octa Core, 2.3 GHz Processor","6 GB RAM, 128 GB inbuilt",6000 mAh Battery with 18W Fast Charging,"6.79 inches, 720 x 1640 px, 120 Hz Display with Punch Hole",64 MP Dual Rear & 8 MP Front Camera,"Memory Card (Hybrid), upto 1 TB",Android v16
219,Apple iPhone 18 Pro Max (512GB),204900,,"Dual Sim, 5G, VoLTE, NFC, eSIM, Wi-Fi","Apple A20 Pro, Hexa Core Processor","12 GB RAM, 512 GB inbuilt",5391 mAh Battery with Fast Charging,"6.9 inches, 1320 x 2868 px, 120 Hz Display with Dynamic Island",48 MP + 48 MP + 48 MP Triple Rear & 18 MP Front Camera,Memory Card Not Supported,iOS v27
220,Google Pixel 8 5G,37490,66.0,"Dual Sim, 5G, VoLTE, NFC, Wi-Fi","Tensor G3, Nine Core, 3 GHz Processor","8 GB RAM, 128 GB inbuilt",4575 mAh Battery with 30W Fast Charging,"6.2 inches, 1080 x 2400 px, 120 Hz Display with Punch Hole",50 MP + 12 MP Dual Rear & 10.5 MP Front Camera,,Android v14
221,Infinix Hot 70 Pro 5G,24999,62.0,"Dual Sim, 5G, NFC, Wi-Fi, IR Blaster","Dimensity 7100, Octa Core, 2.4 GHz Processor","6 GB RAM, 128 GB inbuilt",6000 mAh Battery with 45W Fast Charging,"6.76 inches, 1080 x 2344 px, 144 Hz Display with Punch Hole",50 MP Dual Rear & 8 MP Front Camera,Memory Card Supported,Android v16
222,Apple iPhone 18 Pro Max (2TB),329900,,"Dual Sim, 5G, VoLTE, NFC, eSIM, Wi-Fi","Apple A20 Pro, Hexa Core Processor","12 GB RAM, 2 TB inbuilt",5391 mAh Battery with Fast Charging,"6.9 inches, 1320 x 2868 px, 120 Hz Display with Dynamic Island",48 MP + 48 MP + 48 MP Triple Rear & 18 MP Front Camera,Memory Card Not Supported,iOS v27
223,Vivo V70 5G (12GB RAM + 256GB),64999,,"Dual Sim, 5G, VoLTE, NFC, Wi-Fi, IR Blaster","Snapdragon 7 Gen4, Octa Core, 2.8 GHz Processor","12 GB RAM, 256 GB inbuilt",6500 mAh Battery with 90W Fast Charging,"6.59 inches, 1260 x 2750 px, 120 Hz Display with Punch Hole",50 MP + 50 MP + 8 MP Triple Rear & 50 MP Front Camera,Memory Card Not Supported,Android v16
224,Samsung Galaxy F70e 5G (6GB RAM + 128GB),18589,55.0,"Dual Sim, 5G, VoLTE, Wi-Fi","Dimensity 6300, Octa Core, 2.4 GHz Processor","6 GB RAM, 128 GB inbuilt",6000 mAh Battery with 25W Fast Charging,"6.7 inches, 720 x 1600 px, 120 Hz Display with Water Drop Notch",50 MP + 2 MP Dual Rear & 8 MP Front Camera,"Memory Card (Hybrid), upto 2 TB",Android v16
225,Vivo T4 Lite 5G,18899,52.0,"Dual Sim, 5G, VoLTE, Wi-Fi","Dimensity 6300, Octa Core, 2.4 GHz Processor","4 GB RAM, 128 GB inbuilt",6000 mAh Battery with 15W Fast Charging,"6.74 inches, 720 x 1600 px, 90 Hz Display with Water Drop Notch",50 MP + 2 MP Dual Rear & 5 MP Front Camera,"Memory Card Supported, upto 2 TB",Android v15
226,Motorola Moto G37 Power 5G,16989,55.0,"Dual Sim, 5G, VoLTE, Wi-Fi","Dimensity 6400, Octa Core, 2.5 GHz Processor","4 GB RAM, 128 GB inbuilt",7000 mAh Battery with 30W Fast Charging,"6.67 inches, 1604 x 720 px, 120 Hz Display with Punch Hole",50 MP Rear & 8 MP Front Camera,"Memory Card (Hybrid), upto 1 TB",Android v16
227,Vivo V70 Elite,66999,,"Dual Sim, 5G, VoLTE, NFC, Wi-Fi, IR Blaster","Snapdragon 8s Gen3, Octa Core, 3 GHz Processor","8 GB RAM, 256 GB inbuilt",6500 mAh Battery with 90W Fast Charging,"6.59 inches, 1260 x 2750 px, 120 Hz Display with Punch Hole",50 MP + 50 MP + 8 MP Triple Rear & 50 MP Front Camera,Memory Card Not Supported,Android v16
228,iQOO 15 (16GB RAM + 512GB),93999,,"Dual Sim, 5G, VoLTE, NFC, Wi-Fi, IR Blaster","Snapdragon 8 Elite Gen 5, Octa Core, 4.6 GHz Processor","16 GB RAM, 512 GB inbuilt",7000 mAh Battery with 100W Fast Charging,"6.85 inches, 1440 x 3168 px, 144 Hz Display with Punch Hole",50 MP + 50 MP + 50 MP Triple Rear & 32 MP Front Camera,,Android v16
229,Vivo Y400 5G,31991,64.0,"Dual Sim, 5G, VoLTE, Wi-Fi","Snapdragon 4 Gen2, Octa Core, 2.2 GHz Processor","8 GB RAM, 128 GB inbuilt",6000 mAh Battery with 90W Fast Charging,"6.67 inches, 1080 x 2400 px, 120 Hz Display with Punch Hole",50 MP + 2 MP Dual Rear & 32 MP Front Camera,,Android v15
230,Vivo Y400 Pro 5G (8GB RAM + 256GB),26999,64.0,"Dual Sim, 5G, VoLTE, Wi-Fi, IR Blaster","Dimensity 7300, Octa Core, 2.5 GHz Processor","8 GB RAM, 256 GB inbuilt",5500 mAh Battery with 90W Fast Charging,"6.77 inches, 1080 x 2392 px, 120 Hz Display with Punch Hole",50 MP + 2 MP Dual Rear & 32 MP Front Camera,,Android v15
231,Xiaomi Redmi Note 14 (8GB RAM + 256GB),24999,66.0,"Dual Sim, 5G, VoLTE, Wi-Fi, IR Blaster","Dimensity 7025 Ultra, Octa Core, 2.5 GHz Processor","8 GB RAM, 256 GB inbuilt",5110 mAh Battery with 45W Fast Charging,"6.67 inches, 1080 x 2400 px, 120 Hz Display with Punch Hole",50 MP + 8 MP + 2 MP Triple Rear & 20 MP Front Camera,"Memory Card (Hybrid), upto 1 TB",Android v14
232,OPPO F33 Pro 5G,39999,67.0,"Dual Sim, 5G, VoLTE, Wi-Fi, IR Blaster","Dimensity 6360 MAX, Octa Core, 2.4 GHz Processor","8 GB RAM, 128 GB inbuilt",7000 mAh Battery with 80W Fast Charging,"6.57 inches, 1080 x 2372 px, 120 Hz Display with Punch Hole",50 MP + 2 MP Dual Rear & 50 MP Front Camera,Memory Card (Hybrid),Android v16
233,Oppo K13 Turbo,32499,68.0,"Dual Sim, 5G, VoLTE, Wi-Fi, IR Blaster","Dimensity 8450, Octa Core, 3.25 GHz Processor","8 GB RAM, 128 GB inbuilt",7000 mAh Battery with 80W Fast Charging,"6.8 inches, 1280 x 2800 px, 120 Hz Display with Punch Hole",50 MP + 2 MP Dual Rear & 16 MP Front Camera,Memory Card Not Supported,Android v15
234,Motorola Edge 60 Pro (16GB RAM + 512GB),40999,,"Dual Sim, 5G, VoLTE, Vo5G, NFC, Wi-Fi","Dimensity 8350 Extreme, Octa Core, 3.35 GHz Processor","16 GB RAM, 512 GB inbuilt",6000 mAh Battery with 90W Fast Charging,"6.7 inches, 1220 x 2712 px, 120 Hz Display with Punch Hole",50 MP + 50 MP + 10 MP Triple Rear & 50 MP Front Camera,,Android v15
235,Infinix GT 30 Pro,31999,75.0,"Dual Sim, 5G, VoLTE, NFC, Wi-Fi, IR Blaster","Dimensity 8350 Ultimate, Octa Core, 3.35 GHz Processor","8 GB RAM, 256 GB inbuilt",5500 mAh Battery with 45W Fast Charging,"6.78 inches, 1224 x 2720 px, 144 Hz Display with Punch Hole",108 MP + 8 MP Dual Rear & 13 MP Front Camera,,Android v15
236,Lava Blaze 2 4G,7989,,"Dual Sim, 4G, VoLTE, Wi-Fi","Tiger  T616 , Octa Core, 2 GHz Processor","6 GB RAM, 128 GB inbuilt",5000 mAh Battery with 18W Fast Charging,"6.5 inches, 720 x 1600 px, 90 Hz Display with Water Drop Notch",13 MP + 2 MP Dual Rear & 8 MP Front Camera,"Memory Card Supported, upto 1 TB",Android v13
237,OnePlus Nord CE 6 5G (8GB RAM + 256GB),41999,75.0,"Dual Sim, 5G, VoLTE, Wi-Fi, IR Blaster","Snapdragon 7s Gen4, Octa Core, 2.7 GHz Processor","8 GB RAM, 256 GB inbuilt",8000 mAh Battery with 80W Fast Charging,"6.78 inches, 1272 x 2772 px, 144 Hz Display with Punch Hole",50 MP + 2 MP Dual Rear & 32 MP Front Camera,,Android v16
238,Samsung Galaxy A37 5G,38999,66.0,"Dual Sim, 5G, VoLTE, NFC, Wi-Fi","Exynos 1480, Octa Core, 2.7 GHz Processor","8 GB RAM, 128 GB inbuilt",5000 mAh Battery with 45W Fast Charging,"6.7 inches, 1080 x 2340 px, 120 Hz Display with Punch Hole",50 MP + 8 MP + 5 MP Triple Rear & 12 MP Front Camera,Memory Card Not Supported,Android v16
239,Oppo K13 Turbo Pro (12GB+256GB),31999,72.0,"Dual Sim, 5G, VoLTE, Wi-Fi, IR Blaster","Snapdragon 8s Gen4, Octa Core, 3.2 GHz Processor","12 GB RAM, 256 GB inbuilt",7000 mAh Battery with 80W Fast Charging,"6.8 inches, 1280 x 2800 px, 120 Hz Display with Punch Hole",50 MP + 2 MP Dual Rear & 16 MP Front Camera,Memory Card Not Supported,Android v15
240,Xiaomi Redmi Note 14 Pro Plus,28989,71.0,"Dual Sim, 5G, VoLTE, Wi-Fi, IR Blaster","Snapdragon 7s Gen3, Octa Core, 2.5 GHz Processor","8 GB RAM, 128 GB inbuilt",6200 mAh Battery with 90W Fast Charging,"6.67 inches, 1220 x 2712 px, 120 Hz Display with Punch Hole",50 MP + 50 MP + 8 MP Triple Rear & 20 MP Front Camera,Memory Card Not Supported,Android v14
241,Realme GT 2 Pro 5G (12GB RAM + 256GB),27400,70.0,"Dual Sim, 5G, VoLTE, NFC, Wi-Fi","Snapdragon 8 Gen1, Octa Core, 3 GHz Processor","12 GB RAM, 256 GB inbuilt",5000 mAh Battery with 65W Fast Charging,"6.7 inches, 1440 x 3216 px, 120 Hz Display with Punch Hole",50 MP + 50 MP + 2 MP Triple Rear & 32 MP Front Camera,,Android v12
242,OnePlus N6 5G (6GB RAM + 128GB),26999,61.0,"Dual Sim, 5G, VoLTE, NFC, Wi-Fi","Dimensity 6360 Apex, Octa Core Processor","6 GB RAM, 128 GB inbuilt",8000 mAh Battery with 45W Fast Charging,"6.8 inches, 720 x 1570 px, 120 Hz Display with Punch Hole",50 MP Dual Rear & 8 MP Front Camera,"Memory Card Supported, upto 2 TB",Android v16
243,Motorola Moto G67 Power 5G (12GB RAM + 256GB),26895,64.0,"Dual Sim, 5G, VoLTE, Wi-Fi","Snapdragon 7s Gen2, Octa Core, 2.4 GHz Processor","12 GB RAM, 256 GB inbuilt",7000 mAh Battery with 30W Fast Charging,"6.7 inches, 1080 x 2400 px, 120 Hz Display with Punch Hole",50 MP + 8 MP Dual Rear & 32 MP Front Camera,,Android v15
244,Vivo T5 Lite 5G,20499,55.0,"Dual Sim, 5G, VoLTE, Wi-Fi","Dimensity 6300, Octa Core, 2.4 GHz Processor","4 GB RAM, 128 GB inbuilt",6500 mAh Battery with 44W Fast Charging,"6.74 inches, 720 x 1600 px, 120 Hz Display with Water Drop Notch",50 MP + 0.08 MP Dual Rear & 5 MP Front Camera,"Memory Card (Hybrid), upto 2 TB",Android v16
245,Motorola Edge 70 Max,53789,,"Dual Sim, 5G, VoLTE, Vo5G, NFC, eSIM, Wi-Fi","Snapdragon 8 Gen5, Octa Core, 3.8 GHz Processor","8 GB RAM, 256 GB inbuilt",7100 mAh Battery with 90W Fast Charging,"6.8 inches, 1440 x 3168 px, 144 Hz Display with Punch Hole",50 MP + 8 MP Dual Rear & 32 MP Front Camera,,Android v16
246,Poco M8 Power,24380,63.0,"Dual Sim, 5G, VoLTE, Wi-Fi, IR Blaster","Snapdragon 4 Gen4, Octa Core, 2.3 GHz Processor","6 GB RAM, 128 GB inbuilt",8000 mAh Battery with 45W Fast Charging,"6.99 inches, 2396 x 1080 px, 120 Hz Display with Punch Hole",50 MP Dual Rear & 8 MP Front Camera,"Memory Card Supported, upto 1 TB",Android v16
247,Vivo S2 5G (8GB RAM + 256GB),42990,68.0,"Dual Sim, 5G, VoLTE, Wi-Fi","Dimensity 7360 Turbo, Octa Core, 2.5 GHz Processor","8 GB RAM, 256 GB inbuilt",7050 mAh Battery with 44W Fast Charging,"6.83 inches, 1260 x 2800 px, 120 Hz Display with Punch Hole",50 MP + 2 MP Dual Rear & 32 MP Front Camera,Memory Card Not Supported,Android v16
248,Motorola Signature (16GB RAM + 512GB),67990,,"Dual Sim, 5G, VoLTE, Vo5G, NFC, Wi-Fi","Snapdragon 8 Gen5, Octa Core, 3.8 GHz Processor","16 GB RAM, 512 GB inbuilt",5200 mAh Battery with 90W Fast Charging,"6.8 inches, 1264 x 2780 px, 165 Hz Display with Punch Hole",50 MP + 50 MP + 50 MP Triple Rear & 50 MP Front Camera,,Android v16
249,Xiaomi Redmi 15C 5G,17499,55.0,"Dual Sim, 5G, VoLTE, Wi-Fi","Dimensity 6300, Octa Core, 2.4 GHz Processor","4 GB RAM, 128 GB inbuilt",6000 mAh Battery with 33W Fast Charging,"6.9 inches, 720 x 1600 px, 120 Hz Display with Punch Hole",50 MP + Auxiliary lens Dual Rear & 8 MP Front Camera,"Memory Card Supported, upto 1 TB",Android v15
250,Apple iPhone 17 (512GB),102900,77.0,"Dual Sim, 5G, VoLTE, NFC, eSIM, Wi-Fi","Apple A19, Hexa Core Processor","8 GB RAM, 512 GB inbuilt",3692 mAh Battery with Fast Charging,"6.3 inches, 1206 x 2622 px, 120 Hz Display with Small Notch",48 MP + 48 MP Dual Rear & 18 MP Front Camera,Memory Card Not Supported,iOS v26
251,Motorola Moto G86 Power 5G,26499,66.0,"Dual Sim, 5G, VoLTE, Wi-Fi","Dimensity 7400, Octa Core, 2.6 GHz Processor","8 GB RAM, 128 GB inbuilt",6720 mAh Battery with 33W Fast Charging,"6.7 inches, 1220 x 2712 px, 120 Hz Display with Punch Hole",50 MP + 8 MP Dual Rear & 32 MP Front Camera,"Memory Card (Hybrid), upto 1 TB",Android v15
252,OnePlus Nord 5 (12GB RAM + 512GB),37999,,"Dual Sim, 5G, VoLTE, NFC, Wi-Fi, IR Blaster","Snapdragon 8s Gen3, Octa Core, 3 GHz Processor","12 GB RAM, 512 GB inbuilt",6800 mAh Battery with 80W Fast Charging,"6.83 inches, 1272 x 2800 px, 144 Hz Display with Punch Hole",50 MP + 8 MP Dual Rear & 50 MP Front Camera,,Android v15
253,Realme Narzo 100x 5G,19958,58.0,"Dual Sim, 5G, VoLTE, Wi-Fi","Dimensity 6300, Octa Core, 2.4 GHz Processor","4 GB RAM, 128 GB inbuilt",8000 mAh Battery with 45W Fast Charging,"6.81 inches, 720 x 1570 px, 144 Hz Display with Punch Hole",50 MP Dual Rear & 8 MP Front Camera,Memory Card (Hybrid),Android v16
254,Samsung Galaxy S24 FE (256GB),45999,71.0,"Dual Sim, 5G, VoLTE, Vo5G, NFC, eSIM, Wi-Fi","Exynos 2400e, Deca Core, 3.11 GHz Processor","8 GB RAM, 256 GB inbuilt",4700 mAh Battery with 25W Fast Charging,"6.7 inches, 1080 x 2340 px, 120 Hz Display with Punch Hole",50 MP + 12 MP + 8 MP Triple Rear & 10 MP Front Camera,Memory Card Not Supported,Android v14
255,Realme 12X,11999,54.0,"Dual Sim, 5G, VoLTE, Wi-Fi","Dimensity 6100 Plus, Octa Core, 2.2 GHz Processor","4 GB RAM, 128 GB inbuilt",5000 mAh Battery with 45W Fast Charging,"6.72 inches, 1080 x 2400 px, 120 Hz Display with Punch Hole",50 MP + 2 MP Dual Rear & 8 MP Front Camera,"Memory Card Supported, upto 2 TB",Android v14
256,Samsung Galaxy A35 5G,33999,63.0,"Dual Sim, 5G, VoLTE, NFC, Wi-Fi","Exynos 1380, Octa Core, 2.4 GHz Processor","8 GB RAM, 128 GB inbuilt",5000 mAh Battery with 25W Fast Charging,"6.6 inches, 1080 x 2340 px, 120 Hz Display with Punch Hole",50 MP + 8 MP + 5 MP Triple Rear & 13 MP Front Camera,"Memory Card (Hybrid), upto 1 TB",Android v14
257,Xiaomi 17 5G,89999,,"Dual Sim, 5G, VoLTE, Vo5G, NFC, eSIM, Wi-Fi, IR Blaster","Snapdragon 8 Elite Gen 5, Octa Core, 4.6 GHz Processor","12 GB RAM, 512 GB inbuilt",6330 mAh Battery with 100W Fast Charging,"6.3 inches, 1220 x 2656 px, 120 Hz Display with Punch Hole",50 MP + 50 MP + 50 MP Triple Rear & 50 MP Front Camera,,Android v16
258,Samsung Galaxy A17 5G (8GB RAM + 128GB),23499,59.0,"Dual Sim, 5G, VoLTE, NFC, Wi-Fi","Exynos 1330, Octa Core, 2.4 GHz Processor","8 GB RAM, 128 GB inbuilt",5000 mAh Battery with 25W Fast Charging,"6.7 inches, 1080 x 2340 px, 90 Hz Display with Water Drop Notch",50 MP + 5 MP + 2 MP Triple Rear & 13 MP Front Camera,"Memory Card (Hybrid), upto 2 TB",Android v15
259,Realme GT 7 (12GB RAM + 512GB),48999,,"Dual Sim, 5G, VoLTE, Vo5G, NFC, Wi-Fi, IR Blaster","Dimensity 9400e, Octa Core, 3.4 GHz Processor","12 GB RAM, 512 GB inbuilt",7000 mAh Battery with 120W Fast Charging,"6.78 inches, 1264 x 2780 px, 120 Hz Display with Punch Hole",50 MP + 50 MP + 8 MP Triple Rear & 32 MP Front Camera,Memory Card Not Supported,Android v15
260,Google Pixel 9A,49699,68.0,"Dual Sim, 5G, VoLTE, NFC, eSIM, Wi-Fi","Tensor G4, Octa Core, 3.1 GHz Processor","8 GB RAM, 256 GB inbuilt",5100 mAh Battery with 23W Fast Charging,"6.3 inches, 1080 x 2424 px, 120 Hz Display with Punch Hole",48 MP + 13 MP Dual Rear & 13 MP Front Camera,Memory Card Not Supported,Android v15
261,Xiaomi Redmi Note 13 Pro Plus 5G,33900,74.0,"Dual Sim, 5G, VoLTE, NFC, Wi-Fi, IR Blaster","Dimensity 7200 Ultra, Octa Core, 2.8 GHz Processor","8 GB RAM, 256 GB inbuilt",5000 mAh Battery with 120W Fast Charging,"6.67 inches, 1220 x 2712 px, 120 Hz Display with Punch Hole",200 MP + 8 MP + 2 MP Triple Rear & 16 MP Front Camera,Memory Card Not Supported,Android v13
262,Nothing Phone 3a Lite,27999,63.0,"Dual Sim, 5G, VoLTE, NFC, Wi-Fi","Dimensity 7300 Pro, Octa Core, 2.5 GHz Processor","8 GB RAM, 128 GB inbuilt",5000 mAh Battery with 33W Fast Charging,"6.77 inches, 1084 x 2392 px, 120 Hz Display with Punch Hole",50 MP + 8 MP + 2 MP Triple Rear & 16 MP Front Camera,"Memory Card (Hybrid), upto 2 TB",Android v15
263,Xiaomi 17T 5G,64999,,"Dual Sim, 5G, VoLTE, NFC, eSIM, Wi-Fi, IR Blaster","Dimensity 8500 Ultra, Octa Core, 3.4 GHz Processor","12 GB RAM, 256 GB inbuilt",6500 mAh Battery with 67W Fast Charging,"6.59 inches, 1268 x 2756 px, 120 Hz Display with Punch Hole",50 MP + 50 MP + 12 MP Triple Rear & 32 MP Front Camera,,Android v16
264,OPPO Find X9 Ultra,169999,,"Dual Sim, 5G, VoLTE, NFC, eSIM, Wi-Fi, IR Blaster","Snapdragon 8 Elite Gen5, Octa Core, 4.6 GHz Processor","12 GB RAM, 512 GB inbuilt",7050 mAh Battery with 100W Fast Charging,"6.82 inches, 1440 x 3168 px, 144 Hz Display with Punch Hole",200 MP Penta Rear & 50 MP Front Camera,Memory Card Not Supported,Android v16
265,iQOO Z11x,27999,64.0,"Dual Sim, 5G, VoLTE, Wi-Fi, IR Blaster","Dimensity 7400 Turbo, Octa Core, 2.6 GHz Processor","6 GB RAM, 128 GB inbuilt",7200 mAh Battery with 44W Fast Charging,"6.76 inches, 1080 x 2344 px, 120 Hz Display with Punch Hole",50 MP + 2 MP Dual Rear & 32 MP Front Camera,,Android v16
266,Apple iPhone 18 Pro (1TB),239900,,"Dual Sim, 5G, VoLTE, NFC, eSIM, Wi-Fi","Apple A20 Pro, Hexa Core Processor","12 GB RAM, 1 TB inbuilt",4056 mAh Battery with Fast Charging,"6.3 inches, 1206 x 2622 px, 120 Hz Display with Dynamic Island",48 MP + 48 MP + 48 MP Triple Rear & 18 MP Front Camera,Memory Card Not Supported,iOS v27
267,Realme Narzo Power 5G,29996,74.0,"Dual Sim, 5G, VoLTE, Wi-Fi, IR Blaster","Dimensity 7400 Ultra, Octa Core, 2.6 GHz Processor","8 GB RAM, 128 GB inbuilt",10001 mAh Battery with 80W Fast Charging,"6.8 inches, 1280 x 2800 px, 144 Hz Display with Punch Hole",50 MP + 8 MP Dual Rear & 16 MP Front Camera,Memory Card Not Supported,Android v16
268,Vivo X300 Pro 5G,119999,,"Dual Sim, 5G, VoLTE, NFC, Wi-Fi, IR Blaster","Dimensity 9500, Octa Core, 4.21 GHz Processor","16 GB RAM, 512 GB inbuilt",6510 mAh Battery with 90W Fast Charging,"6.78 inches, 1260 x 2800 px, 120 Hz Display with Punch Hole",200 MP + 50 MP + 50 MP Triple Rear & 50 MP Front Camera,Memory Card Not Supported,Android v16
269,Poco C75 5G,10999,50.0,"Dual Sim, 5G, VoLTE, Wi-Fi","Snapdragon 4s Gen2, Octa Core, 2 GHz Processor","4 GB RAM, 64 GB inbuilt",5160 mAh Battery with 18W Fast Charging,"6.88 inches, 720 x 1650 px, 120 Hz Display with Water Drop Notch",50 MP Dual Rear & 5 MP Front Camera,"Memory Card Supported, upto 1 TB",Android v14
270,Xiaomi Redmi Note 14 (8GB RAM + 128GB),22990,63.0,"Dual Sim, 5G, VoLTE, Wi-Fi, IR Blaster","Dimensity 7025 Ultra, Octa Core, 2.5 GHz Processor","8 GB RAM, 128 GB inbuilt",5110 mAh Battery with 45W Fast Charging,"6.67 inches, 1080 x 2400 px, 120 Hz Display with Punch Hole",50 MP + 8 MP + 2 MP Triple Rear & 20 MP Front Camera,"Memory Card (Hybrid), upto 1 TB",Android v14
271,Apple iPhone 16 Plus,79900,70.0,"Dual Sim, 5G, VoLTE, NFC, eSIM, Wi-Fi","Bionic A18, Hexa Core, 4.04 GHz Processor",128 GB inbuilt,4674 mAh Battery with Fast Charging,"6.7 inches, 1290 x 2796 px Display with Dynamic Island",48 MP + 12 MP Dual Rear & 12 MP Front Camera,Memory Card Not Supported,iOS v18
272,Samsung Galaxy S26 Ultra (12GB RAM + 512GB),150999,,"Dual Sim, 5G, VoLTE, Vo5G, NFC, eSIM, Wi-Fi","Snapdragon 8 Elite Gen 5 for Galaxy, Octa Core, 4.74 GHz Processor","12 GB RAM, 512 GB inbuilt",5000 mAh Battery with 60W Fast Charging,"6.9 inches, 1440 x 3120 px, 120 Hz Display with Punch Hole",200 MP Quad Rear & 12 MP Front Camera,Memory Card Not Supported,Android v16
273,Xiaomi Redmi Note 15 Pro 5G (8GB RAM + 256GB),33999,74.0,"Dual Sim, 5G, VoLTE, eSIM, Wi-Fi, IR Blaster","Dimensity 7400 Ultra, Octa Core, 2.6 GHz Processor","8 GB RAM, 256 GB inbuilt",6580 mAh Battery with 45W Fast Charging,"6.83 inches, 1280 x 2772 px, 120 Hz Display with Punch Hole",200 MP + 8 MP Dual Rear & 20 MP Front Camera,,Android v15
274,Oppo A6 Pro 5G,26999,62.0,"Dual Sim, 5G, Wi-Fi","Dimensity 6300, Octa Core, 2.4 GHz Processor","8 GB RAM, 128 GB inbuilt",7000 mAh Battery with 80W Fast Charging,"6.75 inches, 720 x 1570 px, 120 Hz Display with Punch Hole",50 MP Dual Rear & 16 MP Front Camera,Memory Card (Hybrid),Android v15
275,Oppo F31 Pro Plus 5G,32999,70.0,"Dual Sim, 5G, VoLTE, Wi-Fi","Snapdragon 7 Gen3, Octa Core, 2.63 GHz Processor","8 GB RAM, 256 GB inbuilt",7000 mAh Battery with 80W Fast Charging,"6.8 inches, 1280 x 2800 px, 120 Hz Display with Punch Hole",50 MP + 2 MP Dual Rear & 32 MP Front Camera,,Android v15
276,Samsung Galaxy F15 5G,13499,53.0,"Dual Sim, 5G, VoLTE, Wi-Fi","Dimensity 6100 Plus, Octa Core, 2.2 GHz Processor","4 GB RAM, 128 GB inbuilt",6000 mAh Battery with 25W Fast Charging,"6.45 inches, 1080 x 2340 px, 90 Hz Display with Water Drop Notch",50 MP + 5 MP + 2 MP Triple Rear & 13 MP Front Camera,"Memory Card (Hybrid), upto 1 TB",Android v14
277,Infinix Note 30 5G (8GB RAM + 256GB),15999,62.0,"Dual Sim, 5G, VoLTE, NFC, Wi-Fi","Dimensity 6080, Octa Core, 2.4 GHz Processor","8 GB RAM, 256 GB inbuilt",5000 mAh Battery with 45W Fast Charging,"6.78 inches, 1080 x 2460 px, 120 Hz Display with Punch Hole",108 MP + 2 MP Triple Rear & 16 MP Front Camera,"Memory Card Supported, upto 2 TB",Android v13
278,Motorola Moto G77 Power,25539,64.0,"Dual Sim, 5G, VoLTE, Wi-Fi","Dimensity 6400, Octa Core, 2.5 GHz Processor","8 GB RAM, 128 GB inbuilt",7000 mAh Battery with 30W Fast Charging,"6.72 inches, 1080 x 2400 px, 120 Hz Display with Punch Hole",50 MP + 8 MP Dual Rear & 32 MP Front Camera,"Memory Card (Hybrid), upto 1 TB",Android v16
279,Motorola Edge 70 Fusion 5G (12GB RAM + 512GB),39490,74.0,"Dual Sim, 5G, VoLTE, Vo5G, NFC, Wi-Fi","Snapdragon 7s Gen4, Octa Core, 2.7 GHz Processor","12 GB RAM, 512 GB inbuilt",7000 mAh Battery with 68W Fast Charging,"6.8 inches, 1272 x 2772 px, 144 Hz Display with Punch Hole",50 MP + 13 MP + Dedicated 3-in-1 light sensor Triple Rear & 32 MP Front Camera,,Android v16
280,Ai+ Nova 2 5G (6GB RAM + 128GB),14999,54.0,"Dual Sim, 5G, VoLTE, Wi-Fi","Unisoc T8200, Octa Core, 2.3 GHz Processor","6 GB RAM, 128 GB inbuilt",6000 mAh Battery with 18W Fast Charging,"6.74 inches, 720 x 1600 px, 120 Hz Display with Punch Hole",50 MP Rear & 8 MP Front Camera,"Memory Card Supported, upto 1 TB",Android v16
281,Xiaomi Redmi 15A 5G,16400,58.0,"Dual Sim, 5G, VoLTE, Wi-Fi, IR Blaster","Unisoc T8300, Octa Core, 2.2 GHz Processor","4 GB RAM, 64 GB inbuilt",6300 mAh Battery with 33W Fast Charging,"6.9 inches, 720 x 1600 px, 120 Hz Display with Punch Hole",32 MP Rear & 8 MP Front Camera,"Memory Card (Hybrid), upto 1 TB",Android v16
282,Realme 16 5G,35499,68.0,"Dual Sim, 5G, VoLTE, Wi-Fi","Dimensity 6400 Turbo, Octa Core, 2.5 GHz Processor","8 GB RAM, 128 GB inbuilt",7000 mAh Battery with 60W Fast Charging,"6.57 inches, 1080 x 2372 px, 120 Hz Display with Punch Hole",50 MP + 2 MP Dual Rear & 50 MP Front Camera,Memory Card (Hybrid),Android v16
283,OnePlus N6x,20999,,"Dual Sim, 5G, VoLTE, Wi-Fi","Dimensity 6360 Apex, Octa Core Processor","4 GB RAM, 64 GB inbuilt",7000 mAh Battery with 15W Fast Charging,"6.8 inches, 720 x 1570 px, 120 Hz Display with Punch Hole",13 MP Rear & 5 MP Front Camera,"Memory Card (Hybrid), upto 2 TB",Android v16
284,Realme GT 7,41999,,"Dual Sim, 5G, VoLTE, Vo5G, NFC, Wi-Fi, IR Blaster","Dimensity 9400e, Octa Core, 3.4 GHz Processor","8 GB RAM, 256 GB inbuilt",7000 mAh Battery with 120W Fast Charging,"6.78 inches, 1264 x 2780 px, 120 Hz Display with Punch Hole",50 MP + 50 MP + 8 MP Triple Rear & 32 MP Front Camera,Memory Card Not Supported,Android v15
285,Nothing Phone 3a Pro (12GB RAM + 256GB),34999,68.0,"Dual Sim, 5G, VoLTE, NFC, Wi-Fi","Snapdragon 7s Gen 3, Octa Core, 2.5 GHz Processor","12 GB RAM, 256 GB inbuilt",5000 mAh Battery with 50W Fast Charging,"6.77 inches, 1080 x 2392 px, 120 Hz Display with Punch Hole",50 MP + 50 MP + 8 MP Triple Rear & 50 MP Front Camera,Memory Card Not Supported,Android v15
286,Tecno Pova Curve 2,31999,63.0,"Dual Sim, 5G, VoLTE, Wi-Fi, IR Blaster","Dimensity 7100, Octa Core, 2.4 GHz Processor","8 GB RAM, 128 GB inbuilt",8000 mAh Battery with 45W Fast Charging,"6.78 inches, 1208 x 2644 px, 144 Hz Display with Punch Hole",50 MP + 2 MP Dual Rear & 13 MP Front Camera,,Android v16
287,Samsung Galaxy A07 5G (6GB RAM + 128GB),19599,57.0,"Dual Sim, 5G, VoLTE, Wi-Fi","Dimensity 6300, Octa Core, 2.4 GHz Processor","6 GB RAM, 128 GB inbuilt",6000 mAh Battery with 25W Fast Charging,"6.74 inches, 720 x 1600 px, 120 Hz Display with Water Drop Notch",50 MP + 2 MP Dual Rear & 8 MP Front Camera,"Memory Card Supported, upto 2 TB",Android v16
288,Oppo F31 5G,26999,64.0,"Dual Sim, 5G, VoLTE, Wi-Fi, IR Blaster","Dimensity 6300, Octa Core, 2.4 GHz Processor","8 GB RAM, 128 GB inbuilt",7000 mAh Battery with 80W Fast Charging,"6.57 inches, 1080 x 2412 px, 120 Hz Display with Punch Hole",50 MP + 2 MP Dual Rear & 16 MP Front Camera,Memory Card (Hybrid),Android v15
289,Samsung Galaxy A56 5G (8GB RAM + 256GB),38942,64.0,"Dual Sim, 5G, VoLTE, NFC, eSIM, Wi-Fi","Exynos 1580, Octa Core, 2.9 GHz Processor","8 GB RAM, 256 GB inbuilt",5000 mAh Battery with 45W Fast Charging,"6.7 inches, 1080 x 2340 px, 120 Hz Display with Punch Hole",50 MP + 12 MP + 5 MP Triple Rear & 12 MP Front Camera,,Android v15
290,OnePlus 13 (16GB RAM+ 512GB),78990,,"Dual Sim, 5G, VoLTE, Vo5G, NFC, eSIM, Wi-Fi, IR Blaster","Snapdragon 8 Elite, Octa Core, 4.32 GHz Processor","16 GB RAM, 512 GB inbuilt",6000 mAh Battery with 100W Fast Charging,"6.82 inches, 1440 x 3168 px, 120 Hz Display with Punch Hole",50 MP + 50 MP + 50 MP Triple Rear & 32 MP Front Camera,Memory Card Not Supported,Android v15
291,Motorola Moto G54 5G,17999,59.0,"Dual Sim, 5G, VoLTE, Wi-Fi","Dimensity 7020, Octa Core, 2.2 GHz Processor","8 GB RAM, 128 GB inbuilt",6000 mAh Battery with 33W Fast Charging,"6.5 inches, 1080 x 2400 px, 120 Hz Display with Punch Hole",50 MP + 8 MP Dual Rear & 16 MP Front Camera,"Memory Card (Hybrid), upto 1 TB",Android v13
292,Vivo T5 5G (8GB RAM + 128GB),39999,72.0,"Dual Sim, 5G, VoLTE, Wi-Fi, IR Blaster","Dimensity 7500 Turbo, Octa Core, 2.6 GHz Processor","8 GB RAM, 128 GB inbuilt",7050 mAh Battery with 44W Fast Charging,"6.83 inches, 1260 x 2800 px, 144 Hz Display with Punch Hole",50 MP + 8 MP Dual Rear & 32 MP Front Camera,Memory Card Not Supported,Android v16
293,Vivo T5 Pro 5G (8GB RAM + 256GB),45095,74.0,"Dual Sim, 5G, VoLTE, Vo5G, Wi-Fi, IR Blaster","Snapdragon 7s Gen4, Octa Core, 2.7 GHz Processor","8 GB RAM, 256 GB inbuilt",9020 mAh Battery with 90W Fast Charging,"6.83 inches, 1260 x 2800 px, 144 Hz Display with Punch Hole",50 MP + 2 MP Dual Rear & 32 MP Front Camera,Memory Card Not Supported,Android v16
294,Ai+ Nova 2 Ultra,20999,59.0,"Dual Sim, 5G, VoLTE, Wi-Fi","Dimensity 7400, Octa Core, 2.6 GHz Processor","6 GB RAM, 128 GB inbuilt",6000 mAh Battery with Fast Charging,"6.78 inches, 2772 x 1272 px, 120 Hz Display with Punch Hole",50 MP + 8 MP Dual Rear & 13 MP Front Camera,"Memory Card (Hybrid), upto 1 TB",Android v16
295,Vivo V70 FE 5G (12GB RAM + 256GB),45999,,"Dual Sim, 5G, VoLTE, NFC, Wi-Fi, IR Blaster","Dimensity 7360 Turbo, Octa Core, 2.5 GHz Processor","12 GB RAM, 256 GB inbuilt",7000 mAh Battery with 90W Fast Charging,"6.83 inches, 1260 x 2800 px, 120 Hz Display with Punch Hole",200 MP + 8 MP Dual Rear & 50 MP Front Camera,Memory Card Not Supported,Android v16
296,Vivo Y51 Pro,31999,62.0,"Dual Sim, 5G, VoLTE, Wi-Fi, IR Blaster","Dimensity 7360 Turbo, Octa Core, 2.5 GHz Processor","8 GB RAM, 128 GB inbuilt",7200 mAh Battery with 44W Fast Charging,"6.75 inches, 720 x 1570 px, 120 Hz Display with Punch Hole",50 MP + 2 MP Dual Rear & 8 MP Front Camera,Memory Card Not Supported,Android v16
297,Apple iPhone 17e,64900,63.0,"Dual Sim, 5G, VoLTE, NFC, eSIM, Wi-Fi","Apple A19, Hexa Core Processor","8 GB RAM, 256 GB inbuilt",4005 mAh Battery with Fast Charging,"6.1 inches, 1170 x 2532 px Display with Small Notch",48 MP Rear & 12 MP Front Camera,Memory Card Not Supported,iOS v26.3
298,iQOO 15R (12GB RAM + 256GB),59999,,"Dual Sim, 5G, VoLTE, NFC, Wi-Fi, IR Blaster","Snapdragon 8 Gen5, Octa Core, 3.8 GHz Processor","12 GB RAM, 256 GB inbuilt",7600 mAh Battery with 100W Fast Charging,"6.59 inches, 1260 x 2750 px, 144 Hz Display with Punch Hole",50 MP + 8 MP Dual Rear & 32 MP Front Camera,,Android v16
299,Poco M8,21499,61.0,"Dual Sim, 5G, VoLTE, Wi-Fi, IR Blaster","Snapdragon 6 Gen3, Octa Core Processor","6 GB RAM, 128 GB inbuilt",5520 mAh Battery with 45W Fast Charging,"6.77 inches, 1080 x 2392 px, 120 Hz Display with Punch Hole",50 MP + 2 MP Dual Rear & 20 MP Front Camera,"Memory Card (Hybrid), upto 1 TB",Android v15
300,Realme 15 Pro 5G,32999,72.0,"Dual Sim, 5G, VoLTE, Wi-Fi","Snapdragon 7 Gen4, Octa Core, 2.8 GHz Processor","8 GB RAM, 128 GB inbuilt",7000 mAh Battery with 80W Fast Charging,"6.8 inches, 1280 x 2800 px, 144 Hz Display with Punch Hole",50 MP + 50 MP Dual Rear & 50 MP Front Camera,,Android v15
301,Xiaomi 17 Ultra,139999,,"Dual Sim, 5G, VoLTE, Vo5G, NFC, eSIM, Wi-Fi, IR Blaster","Snapdragon 8 Elite Gen 5, Octa Core, 4.6 GHz Processor","16 GB RAM, 512 GB inbuilt",6000 mAh Battery with 90W Fast Charging,"6.9 inches, 1200 x 2608 px, 120 Hz Display with Punch Hole",200 MP + 50 MP + 50 MP Triple Rear & 50 MP Front Camera,Memory Card Not Supported,Android v16
302,Samsung Galaxy S26 Ultra (16GB RAM + 1TB),180999,,"Dual Sim, 5G, VoLTE, Vo5G, NFC, eSIM, Wi-Fi","Snapdragon 8 Elite Gen 5 for Galaxy, Octa Core, 4.74 GHz Processor","16 GB RAM, 1 TB inbuilt",5000 mAh Battery with 60W Fast Charging,"6.9 inches, 1440 x 3120 px, 120 Hz Display with Punch Hole",200 MP Quad Rear & 12 MP Front Camera,Memory Card Not Supported,Android v16
303,Oppo Reno 15c,41999,68.0,"Dual Sim, 5G, Wi-Fi, IR Blaster","Snapdragon 6 Gen1, Octa Core, 2.2 GHz Processor","8 GB RAM, 256 GB inbuilt",7000 mAh Battery with 80W Fast Charging,"6.57 inches, 1080 x 2372 px, 120 Hz Display with Punch Hole",50 MP + 8 MP + 2 MP Triple Rear & 50 MP Front Camera,,Android v16
304,Samsung Galaxy A17 5G (8GB RAM + 256GB),27999,61.0,"Dual Sim, 5G, VoLTE, NFC, Wi-Fi","Exynos 1330, Octa Core, 2.4 GHz Processor","8 GB RAM, 256 GB inbuilt",5000 mAh Battery with 25W Fast Charging,"6.7 inches, 1080 x 2340 px, 90 Hz Display with Water Drop Notch",50 MP + 5 MP + 2 MP Triple Rear & 13 MP Front Camera,"Memory Card (Hybrid), upto 2 TB",Android v15
305,Realme 14x (8GB RAM + 128GB),15999,57.0,"Dual Sim, 5G, VoLTE, Wi-Fi","Dimensity 6300, Octa Core, 2.4 GHz Processor","8 GB RAM, 128 GB inbuilt",6000 mAh Battery with 45W Fast Charging,"6.67 inches, 720 x 1604 px, 120 Hz Display with Punch Hole",50 MP + 2 MP Dual Rear & 8 MP Front Camera,Memory Card (Hybrid),Android v14
306,Xiaomi Redmi Note 14 Pro Plus (8GB RAM + 256GB),29839,72.0,"Dual Sim, 5G, VoLTE, Wi-Fi, IR Blaster","Snapdragon 7s Gen3, Octa Core, 2.5 GHz Processor","8 GB RAM, 256 GB inbuilt",6200 mAh Battery with 90W Fast Charging,"6.67 inches, 1220 x 2712 px, 120 Hz Display with Punch Hole",50 MP + 50 MP + 8 MP Triple Rear & 20 MP Front Camera,Memory Card Not Supported,Android v14
307,Jio JioPhone Prima 2 4G,2799,,"Single Sim, 4G, VoLTE, Wi-Fi",,"512 MB RAM, 4 GB inbuilt",2000 mAh Battery,"2.4 inches, 240 x 320 px Display",0.3 MP Rear & 0.3 MP Front Camera,"Memory Card Supported, upto 128 GB",KaiOS v2.5.3
308,Samsung Galaxy S23 Ultra (12GB RAM + 512GB),93900,,"Dual Sim, 5G, VoLTE, Vo5G, NFC, Wi-Fi","Snapdragon 8 Gen 2, Octa Core, 3.36 GHz Processor","12 GB RAM, 512 GB inbuilt",5000 mAh Battery with 45W Fast Charging,"6.8 inches, 1440 x 3088 px, 120 Hz Display with Punch Hole",200 MP Quad Rear & 12 MP Front Camera,Memory Card Not Supported,Android v13
309,Tecno Camon 50 Ultra,31999,70.0,"Dual Sim, 5G, NFC, Wi-Fi, IR Blaster","Dimensity 7400 Ultimate, Octa Core, 2.6 GHz Processor","8 GB RAM, 256 GB inbuilt",6500 mAh Battery with 45W Fast Charging,"6.78 inches, 1208 x 2644 px, 144 Hz Display",50 MP + 50 MP + 8 MP Triple Rear & 50 MP Front Camera,,Android v16
310,Xiaomi Redmi Note 15 SE 5G (8GB RAM + 128GB),26485,66.0,"Dual Sim, 5G, VoLTE, Wi-Fi, IR Blaster","Snapdragon 6 Gen3, Octa Core, 2.4 GHz Processor","8 GB RAM, 128 GB inbuilt",5800 mAh Battery with 45W Fast Charging,"6.77 inches, 2392 x 1080 px, 120 Hz Display with Punch Hole",50 MP + 2 MP Dual Rear & 20 MP Front Camera,"Memory Card (Hybrid), upto 1 TB",Android v15
311,Oppo Reno 15 Pro Mini (12GB RAM + 512GB),64999,,"Dual Sim, 5G, VoLTE, Wi-Fi, IR Blaster","Dimensity 8450, Octa Core, 3.25 GHz Processor","12 GB RAM, 512 GB inbuilt",6200 mAh Battery with 80W Fast Charging,"6.32 inches, 1216 x 2640 px, 120 Hz Display with Punch Hole",200 MP + 50 MP + 50 MP Triple Rear & 50 MP Front Camera,,Android v16
312,Realme Narzo 90x (8GB+128GB),23499,59.0,"Dual Sim, 5G, VoLTE, Wi-Fi","Dimensity 6300, Octa Core, 2.4 GHz Processor","8 GB RAM, 128 GB inbuilt",7000 mAh Battery with 60W Fast Charging,"6.8 inches, 720 x 1570 px, 144 Hz Display with Punch Hole",50 MP + 2 MP Dual Rear & 8 MP Front Camera,"Memory Card (Hybrid), upto 2 TB",Android v15
313,Apple iPhone 17 Pro Max (512GB),163990,,"Dual Sim, 5G, VoLTE, NFC, eSIM, Wi-Fi","Apple A19 Pro, Hexa Core Processor","12 GB RAM, 512 GB inbuilt",4832 mAh Battery with Fast Charging,"6.9 inches, 1320 x 2868 px, 120 Hz Display with Dynamic Island",48 MP + 48 MP + 48 MP Triple Rear & 18 MP Front Camera,Memory Card Not Supported,iOS v26
314,Samsung Galaxy S24 5G (Snapdragon +256GB),55999,72.0,"Dual Sim, 5G, VoLTE, Vo5G, NFC, eSIM, Wi-Fi","Snapdragon 8 Gen3, Octa Core, 3.3 GHz Processor","8 GB RAM, 256 GB inbuilt",4000 mAh Battery with 25W Fast Charging,"6.2 inches, 1080 x 2340 px, 120 Hz Display with Punch Hole",50 MP + 12 MP + 10 MP Triple Rear & 12 MP Front Camera,,Android v15
315,Realme P4 5G,25999,64.0,"Dual Sim, 5G, VoLTE, Wi-Fi, IR Blaster","Dimensity 7400 Ultra, Octa Core, 2.6 GHz Processor","6 GB RAM, 128 GB inbuilt",7000 mAh Battery with 80W Fast Charging,"6.77 inches, 1080 x 2392 px, 144 Hz Display with Punch Hole",50 MP + 8 MP Dual Rear & 16 MP Front Camera,,Android v15
316,Vivo X300 FE (8GB RAM + 256GB),81999,,"Dual Sim, 5G, VoLTE, NFC, eSIM, Wi-Fi, IR Blaster","Snapdragon 8 Gen5, Octa Core, 3.8 GHz Processor","8 GB RAM, 256 GB inbuilt",6500 mAh Battery with 90W Fast Charging,"6.31 inches, 1216 x 2640 px, 120 Hz Display with Punch Hole",50 MP + 50 MP + 8 MP Triple Rear & 50 MP Front Camera,Memory Card Not Supported,Android v16
317,Apple iPhone 15 (256GB),69900,66.0,"Dual Sim, 5G, VoLTE, NFC, eSIM, Wi-Fi","Bionic A16, Hexa Core, 3.46 GHz Processor","6 GB RAM, 256 GB inbuilt",3349 mAh Battery with Fast Charging,"6.1 inches, 1179 x 2556 px Display with Dynamic Island",48 MP + 12 MP Dual Rear & 12 MP Front Camera,Memory Card Not Supported,iOS v17
318,Google Pixel 6A,24999,,"Dual Sim, 5G, VoLTE, NFC, eSIM, Wi-Fi","Tensor , Octa Core Processor","6 GB RAM, 128 GB inbuilt",4410 mAh Battery with Fast Charging,"6.14 inches, 1080 x 2400 px Display with Punch Hole",12.2 MP + 12 MP Dual Rear & 8 MP Front Camera,Memory Card Not Supported,Android v12
319,Oppo F33,34999,63.0,"Dual Sim, 5G, VoLTE, Wi-Fi, IR Blaster","Dimensity 6360 MAX, Octa Core Processor","6 GB RAM, 128 GB inbuilt",7000 mAh Battery with 80W Fast Charging,"6.57 inches, 1080 x 2372 px, 120 Hz Display with Punch Hole",50 MP + 2 MP Dual Rear & 16 MP Front Camera,Memory Card (Hybrid),Android v16
320,Poco C85x 5G (4GB RAM + 128GB),15500,53.0,"Dual Sim, 5G, VoLTE, Wi-Fi","Unisoc T8300, Octa Core, 2.2 GHz Processor","4 GB RAM, 128 GB inbuilt",6300 mAh Battery with 15W Fast Charging,"6.9 inches, 720 x 1600 px, 120 Hz Display with Punch Hole",32 MP Rear & 8 MP Front Camera,"Memory Card Supported, upto 2 TB",Android v16
321,Realme C83 5G,16499,52.0,"Dual Sim, 5G, VoLTE, Wi-Fi","Dimensity 6300, Octa Core, 2.4 GHz Processor","4 GB RAM, 64 GB inbuilt",7000 mAh Battery with 15W Fast Charging,"6.8 inches, 720 x 1570 px, 144 Hz Display with Punch Hole",13 MP Rear & 5 MP Front Camera,"Memory Card (Hybrid), upto 2 TB",Android v16
322,OPPO K14x 5G  (6GB RAM + 128GB),21690,55.0,"Dual Sim, 5G, VoLTE, Wi-Fi","Dimensity 6300, Octa Core, 2.4 GHz Processor","6 GB RAM, 128 GB inbuilt",6500 mAh Battery with 45W Fast Charging,"6.75 inches, 720 x 1570 px, 120 Hz Display with Punch Hole",50 MP + 2 MP Dual Rear & 5 MP Front Camera,Memory Card (Hybrid),Android v15
323,Lava Agni 4 5G,30999,70.0,"Dual Sim, 5G, VoLTE, Vo5G, Wi-Fi","Dimensity 8350, Octa Core, 3.35 GHz Processor","8 GB RAM, 256 GB inbuilt",5000 mAh Battery with 66W Fast Charging,"6.67 inches, 1220 x 2712 px, 120 Hz Display with Punch Hole",50 MP + 8 MP Dual Rear & 50 MP Front Camera,Memory Card Not Supported,Android v15
324,Realme P4 Pro 5G (12GB RAM + 256GB),32999,74.0,"Dual Sim, 5G, VoLTE, Wi-Fi, IR Blaster","Snapdragon 7 Gen 4, Octa Core Processor","12 GB RAM, 256 GB inbuilt",7000 mAh Battery with 80W Fast Charging,"6.8 inches, 1280 x 2800 px, 144 Hz Display with Punch Hole",50 MP + 8 MP Dual Rear & 50 MP Front Camera,,Android v15
325,OnePlus Nord CE 4 5G,32499,66.0,"Dual Sim, 5G, VoLTE, Wi-Fi, IR Blaster","Snapdragon 7 Gen3, Octa Core, 2.63 GHz Processor","8 GB RAM, 128 GB inbuilt",5500 mAh Battery with 100W Fast Charging,"6.7 inches, 1080 x 2412 px, 120 Hz Display with Punch Hole",50 MP + 8 MP Dual Rear & 16 MP Front Camera,"Memory Card (Hybrid), upto 1 TB",Android v14
326,iQOO Z11 Lite 5G,19999,55.0,"Dual Sim, 5G, VoLTE, Wi-Fi","Dimensity 6300, Octa Core, 2.4 GHz Processor","4 GB RAM, 128 GB inbuilt",6500 mAh Battery with 44W Fast Charging,"6.74 inches, 720 x 1600 px, 120 Hz Display with Water Drop Notch",50 MP + 0.08 MP Dual Rear & 5 MP Front Camera,"Memory Card (Hybrid), upto 2 TB",Android v16
327,Samsung Galaxy M47 5G (8GB RAM + 128 GB),30888,67.0,"Dual Sim, 5G, VoLTE, NFC, Wi-Fi","Snapdragon 6 Gen3, Octa Core, 2.4 GHz Processor","8 GB RAM, 128 GB inbuilt",6000 mAh Battery with 45W Fast Charging,"6.7 inches, 1080 x 2340 px, 120 Hz Display with Punch Hole",50 MP + 5 MP + 2 MP Triple Rear & 12 MP Front Camera,"Memory Card (Hybrid), upto 1 TB",Android v16
328,Oppo Find X9s,84999,,"Dual Sim, 5G, VoLTE, NFC, eSIM, Wi-Fi, IR Blaster","Dimensity 9500s, Octa Core, 3.73 GHz Processor","12 GB RAM, 256 GB inbuilt",7025 mAh Battery with 80W Fast Charging,"6.59 inches, 1216 x 2640 px, 120 Hz Display with Punch Hole",50 MP + 50 MP + 50 MP Triple Rear & 32 MP Front Camera,Memory Card Not Supported,Android v16
329,iQOO Z11 Lite 5G (4GB RAM + 64GB),17499,55.0,"Dual Sim, 5G, VoLTE, Wi-Fi","Dimensity 6300, Octa Core, 2.4 GHz Processor","4 GB RAM, 64 GB inbuilt",6500 mAh Battery with 44W Fast Charging,"6.74 inches, 720 x 1600 px, 120 Hz Display with Water Drop Notch",50 MP + 0.08 MP Dual Rear & 5 MP Front Camera,"Memory Card (Hybrid), upto 2 TB",Android v16
330,Nothing Phone 4a (8GB RAM + 256GB),40248,71.0,"Dual Sim, 5G, VoLTE, Wi-Fi","Snapdragon 7s Gen4, Octa Core, 2.7 GHz Processor","8 GB RAM, 256 GB inbuilt",5400 mAh Battery with 50W Fast Charging,"6.78 inches, 1224 x 2720 px, 120 Hz Display with Punch Hole",50 MP + 50 MP + 8 MP Triple Rear & 32 MP Front Camera,,Android v16
331,Samsung Galaxy F70 Pro 5G (8GB RAM + 256GB),35579,67.0,"Dual Sim, 5G, VoLTE, Wi-Fi","Snapdragon 6 Gen3, Octa Core, 2.4 GHz Processor","8 GB RAM, 256 GB inbuilt",6000 mAh Battery with 45W Fast Charging,"6.7 inches, 1080 x 2340 px, 120 Hz Display with Punch Hole",50 MP + 5 MP + 2 MP Triple Rear & 12 MP Front Camera,"Memory Card (Hybrid), upto 2 TB",Android v16
332,Poco M8x 5G (6GB RAM + 128GB),21580,62.0,"Dual Sim, 5G, VoLTE, Wi-Fi, IR Blaster","Snapdragon 4 Gen5, Octa Core, 2.4 GHz Processor","6 GB RAM, 128 GB inbuilt",7900 mAh Battery with 45W Fast Charging,"6.9 inches, 720 x 1600 px, 120 Hz Display with Punch Hole",50 MP Dual Rear & 8 MP Front Camera,"Memory Card Supported, upto 1 TB",Android v16
333,Samsung Galaxy A06 5G (4GB RAM + 128GB),12999,52.0,"Dual Sim, 5G, VoLTE, Wi-Fi","Dimensity 6300, Octa Core, 2.4 GHz Processor","4 GB RAM, 128 GB inbuilt",5000 mAh Battery with 25W Fast Charging,"6.7 inches, 720 x 1600 px, 90 Hz Display with Water Drop Notch",50 MP + 2 MP Dual Rear & 8 MP Front Camera,"Memory Card Supported, upto 1 TB",Android v15
334,Samsung Galaxy S25 Plus,79999,79.0,"Dual Sim, 5G, VoLTE, Vo5G, NFC, eSIM, Wi-Fi","Snapdragon 8 Elite, Octa Core, 4.47 GHz Processor","12 GB RAM, 256 GB inbuilt",4900 mAh Battery with 45W Fast Charging,"6.7 inches, 1440 x 3120 px, 120 Hz Display with Punch Hole",50 MP + 12 MP + 10 MP Triple Rear & 12 MP Front Camera,,Android v15
335,Motorola Edge 50 Ultra 5G,44999,,"Dual Sim, 5G, VoLTE, Vo5G, NFC, eSIM, Wi-Fi","Snapdragon 8s Gen3, Octa Core, 3 GHz Processor","12 GB RAM, 512 GB inbuilt",4500 mAh Battery with 125W Fast Charging,"6.7 inches, 1220 x 2712 px, 144 Hz Display with Punch Hole",64 MP + 50 MP + 50 MP Triple Rear & 50 MP Front Camera,,Android v14
336,Motorola Edge 50 Fusion,26990,67.0,"Dual Sim, 5G, VoLTE, Vo5G, NFC, Wi-Fi","Snapdragon 7s Gen2, Octa Core, 2.4 GHz Processor","8 GB RAM, 128 GB inbuilt",5000 mAh Battery with 68W Fast Charging,"6.67 inches, 1080 x 2400 px, 144 Hz Display with Punch Hole",50 MP + 13 MP Dual Rear & 32 MP Front Camera,Memory Card Not Supported,Android v14
337,Realme 16x 5G,22599,57.0,"Dual Sim, 5G, VoLTE, Wi-Fi","Dimensity 6300, Octa Core, 2.4 GHz Processor","4 GB RAM, 128 GB inbuilt",7000 mAh Battery with 45W Fast Charging,"6.81 inches, 1570 x 720 px, 144 Hz Display with Punch Hole",50 MP Rear & 8 MP Front Camera,Memory Card (Hybrid),Android v16
338,Realme P4x 5G (8GB RAM + 128GB),23399,62.0,"Dual Sim, 5G, VoLTE, Wi-Fi","Dimensity 7400 Ultra, Octa Core, 2.6 GHz Processor","8 GB RAM, 128 GB inbuilt",7000 mAh Battery with 45W Fast Charging,"6.72 inches, 1080 x 2400 px, 144 Hz Display with Punch Hole",50 MP + 2 MP Dual Rear & 8 MP Front Camera,,Android v15
339,Apple iPhone Air,101900,64.0,"Dual Sim, 5G, VoLTE, NFC, eSIM, Wi-Fi","Apple A19 Pro, Hexa Core Processor","8 GB RAM, 256 GB inbuilt",3149 mAh Battery with Fast Charging,"6.5 inches, 1260 x 2736 px Display with Dynamic Island",48 MP Rear & 18 MP Front Camera,Memory Card Not Supported,iOS v26
340,Samsung Galaxy A36 5G (8GB RAM + 256GB),35999,66.0,"Dual Sim, 5G, VoLTE, NFC, Wi-Fi","Snapdragon 6 Gen3, Octa Core, 2.4 GHz Processor","8 GB RAM, 256 GB inbuilt",5000 mAh Battery with 45W Fast Charging,"6.7 inches, 1080 x 2340 px, 120 Hz Display with Punch Hole",50 MP + 8 MP + 5 MP Triple Rear & 12 MP Front Camera,,Android v15
341,Realme 16T 5G,28999,63.0,"Dual Sim, 5G, VoLTE, Wi-Fi","Dimensity 6300, Octa Core, 2.4 GHz Processor","6 GB RAM, 128 GB inbuilt",8000 mAh Battery with 45W Fast Charging,"6.8 inches, 720 x 1570 px, 144 Hz Display with Punch Hole",50 MP + 2 MP Dual Rear & 16 MP Front Camera,"Memory Card (Hybrid), upto 2 TB",Android v16
342,Samsung Galaxy M17e 5G (6GB RAM + 128GB),18560,54.0,"Dual Sim, 5G, VoLTE, Wi-Fi","Dimensity 6300, Octa Core, 2.4 GHz Processor","6 GB RAM, 128 GB inbuilt",6000 mAh Battery with 25W Fast Charging,"6.7 inches, 720 x 1600 px, 120 Hz Display with Water Drop Notch",50 MP + 2 MP Dual Rear & 8 MP Front Camera,"Memory Card (Hybrid), upto 2 TB",Android v16
343,Google Pixel 10 Pro,94990,,"Dual Sim, 5G, VoLTE, Vo5G, NFC, eSIM, Wi-Fi","Tensor G5, Octa Core, 3.78 GHz Processor","16 GB RAM, 256 GB inbuilt",4870 mAh Battery with 30W Fast Charging,"6.3 inches, 1280 x 2856 px, 120 Hz Display with Punch Hole",50 MP + 48 MP + 48 MP Triple Rear & 42 MP Front Camera,,Android v16
344,Samsung Galaxy S25 (12GB RAM + 128GB),61160,77.0,"Dual Sim, 5G, VoLTE, Vo5G, NFC, eSIM, Wi-Fi","Snapdragon 8 Elite, Octa Core, 4.47 GHz Processor","12 GB RAM, 128 GB inbuilt",4000 mAh Battery with 25W Fast Charging,"6.2 inches, 1080 x 2340 px, 120 Hz Display with Punch Hole",50 MP + 12 MP + 10 MP Triple Rear & 12 MP Front Camera,,Android v15
345,OnePlus 13R 5G,54999,79.0,"Dual Sim, 5G, VoLTE, NFC, Wi-Fi, IR Blaster","Snapdragon 8 Gen3, Octa Core, 3.3 GHz Processor","12 GB RAM, 256 GB inbuilt",6000 mAh Battery with 80W Fast Charging,"6.78 inches, 1264 x 2780 px, 120 Hz Display with Punch Hole",50 MP + 50 MP + 8 MP Triple Rear & 16 MP Front Camera,Memory Card Not Supported,Android v15
346,Samsung Galaxy A53 5G,24499,67.0,"Dual Sim, 5G, VoLTE, NFC, Wi-Fi","Exynos 1280, Octa Core, 2.4 GHz Processor","6 GB RAM, 128 GB inbuilt",5000 mAh Battery with 25W Fast Charging,"6.5 inches, 1080 x 2400 px, 120 Hz Display with Punch Hole",64 MP Quad Rear & 32 MP Front Camera,"Memory Card Supported, upto 1 TB",Android v12
347,Nothing Phone 4b (RCB Edition + 8GB RAM + 256GB),40950,70.0,"Dual Sim, 5G, VoLTE, Wi-Fi","Snapdragon 6 Gen4, Octa Core, 2.3 GHz Processor","8 GB RAM, 256 GB inbuilt",6000 mAh Battery with 33W Fast Charging,"6.77 inches, 1080 x 2344 px, 120 Hz Display with Punch Hole",50 MP + 8 MP Dual Rear & 16 MP Front Camera,,Android v16
348,Vivo Y31T 5G (4GB RAM + 128GB),25999,59.0,"Dual Sim, 5G, VoLTE, NFC, Wi-Fi, IR Blaster","Snapdragon 4 Gen2, Octa Core, 2.2 GHz Processor","4 GB RAM, 128 GB inbuilt",7200 mAh Battery with 44W Fast Charging,"6.75 inches, 720 x 1608 px, 120 Hz Display with Water Drop Notch",50 MP + 2 MP Dual Rear & 8 MP Front Camera,,Android v16
349,OPPO A6x 5G (6GB RAM + 128GB),24999,53.0,"Dual Sim, 5G, VoLTE, Wi-Fi","Dimensity 6300, Octa Core, 2.4 GHz Processor","6 GB RAM, 128 GB inbuilt",6500 mAh Battery with 45W Fast Charging,"6.75 inches, 720 x 1570 px, 120 Hz Display with Punch Hole",13 MP Rear & 5 MP Front Camera,Memory Card (Hybrid),Android v15
350,Poco C85 5G,15749,57.0,"Dual Sim, 5G, VoLTE, NFC, Wi-Fi","Dimensity 6300, Octa Core, 2.4 GHz Processor","4 GB RAM, 128 GB inbuilt",6000 mAh Battery with 33W Fast Charging,"6.9 inches, 720 x 1600 px, 120 Hz Display with Punch Hole",50 MP Dual Rear & 8 MP Front Camera,"Memory Card (Hybrid), upto 1 TB",Android v15
351,Samsung Galaxy F70 Pro 5G (8GB RAM + 128GB),29999,67.0,"Dual Sim, 5G, VoLTE, Wi-Fi","Snapdragon 6 Gen3, Octa Core, 2.4 GHz Processor","8 GB RAM, 128 GB inbuilt",6000 mAh Battery with 45W Fast Charging,"6.7 inches, 1080 x 2340 px, 120 Hz Display with Punch Hole",50 MP + 5 MP + 2 MP Triple Rear & 12 MP Front Camera,"Memory Card (Hybrid), upto 2 TB",Android v16
352,Realme 15T 5G,26999,66.0,"Dual Sim, 5G, VoLTE, Wi-Fi, IR Blaster","Dimensity 6400 Max, Octa Core, 2.5 GHz Processor","8 GB RAM, 128 GB inbuilt",7000 mAh Battery with 60W Fast Charging,"6.57 inches, 1080 x 2372 px, 120 Hz Display with Punch Hole",50 MP + 2 MP Dual Rear & 50 MP Front Camera,"Memory Card (Hybrid), upto 2 TB",Android v15
353,Vivo Y400 5G (8GB RAM + 256GB),27999,64.0,"Dual Sim, 5G, VoLTE, Wi-Fi","Snapdragon 4 Gen2, Octa Core, 2.2 GHz Processor","8 GB RAM, 256 GB inbuilt",6000 mAh Battery with 90W Fast Charging,"6.67 inches, 1080 x 2400 px, 120 Hz Display with Punch Hole",50 MP + 2 MP Dual Rear & 32 MP Front Camera,,Android v15
354,Apple iPhone Duo (512GB),324900,,"Dual Sim, 5G, VoLTE, NFC, eSIM, Wi-Fi","Apple A20 Pro, Hexa Core Processor","12 GB RAM, 512 GB inbuilt",5800 mAh Battery with Fast Charging,"7.6 inches, 1878 x 2670 px, 120 Hz Display",48 MP + 48 MP Dual Rear & 12 MP + Under-display FaceTime Camera Dual Front Camera,Memory Card Not Supported,
355,Xiaomi Redmi Note 15 5G Special Edition,24700,64.0,"Dual Sim, 5G, VoLTE, Wi-Fi, IR Blaster","Snapdragon 6 Gen3, Octa Core, 2.4 GHz Processor","6 GB RAM, 128 GB inbuilt",5800 mAh Battery with 45W Fast Charging,"6.77 inches, 2392 x 1080 px, 120 Hz Display with Punch Hole",50 MP + 2 MP Dual Rear & 20 MP Front Camera,"Memory Card (Hybrid), upto 1 TB",Android v15
356,Tecno Spark 50 5G,17999,54.0,"Dual Sim, 5G, VoLTE, Wi-Fi, IR Blaster","Dimensity 6400, Octa Core, 2.5 GHz Processor","4 GB RAM, 128 GB inbuilt",6500 mAh Battery with 45W Fast Charging,"6.78 inches, 720 x 1576 px, 120 Hz Display with Punch Hole",50 MP Rear & 8 MP Front Camera,Memory Card Supported,Android v16
357,Google Pixel 11 Pro XL,134999,,"Dual Sim, 5G, VoLTE, Vo5G, NFC, eSIM, Wi-Fi",Tensor G6,"12 GB RAM, 256 GB inbuilt",5115 mAh Battery with Fast Charging,"6.8 inches, 1344 x 2992 px, 120 Hz Display with Punch Hole",50 MP + 48 MP + 48 MP Triple Rear & 42 MP Front Camera,,Android v17
358,Xiaomi Redmi Note 17 5G (8GB RAM + 128GB),30999,62.0,"Dual Sim, 5G, VoLTE, Wi-Fi, IR Blaster","Snapdragon 4 Gen4, Octa Core, 2.3 GHz Processor","8 GB RAM, 128 GB inbuilt",8000 mAh Battery with 45W Fast Charging,"6.99 inches, 1080 x 2396 px, 120 Hz Display with Punch Hole",50 MP Rear & 8 MP Front Camera,,Android v16
359,Infinix Note Edge 5G,26999,66.0,"Dual Sim, 5G, VoLTE, NFC, Wi-Fi, IR Blaster","Dimensity 7100, Octa Core, 2.4 GHz Processor","6 GB RAM, 128 GB inbuilt",6500 mAh Battery with 45W Fast Charging,"6.78 inches, 1208 x 2644 px, 120 Hz Display with Punch Hole",50 MP Dual Rear & 13 MP Front Camera,,Android v16
360,Realme 16 Pro Plus 5G,49979,79.0,"Dual Sim, 5G, VoLTE, NFC, Wi-Fi, IR Blaster","Snapdragon 7 Gen4, Octa Core, 2.8 GHz Processor","8 GB RAM, 128 GB inbuilt",7000 mAh Battery with 80W Fast Charging,"6.8 inches, 1280 x 2800 px, 144 Hz Display with Punch Hole",200 MP + 50 MP + 8 MP Triple Rear & 50 MP Front Camera,,Android v16
361,Vivo Y31 5G (6GB RAM + 128GB),27999,58.0,"Dual Sim, 5G, VoLTE, Wi-Fi","Snapdragon 4 Gen2, Octa Core, 2.2 GHz Processor","6 GB RAM, 128 GB inbuilt",6500 mAh Battery with 44W Fast Charging,"6.68 inches, 720 x 1608 px, 120 Hz Display with Water Drop Notch",50 MP Rear & 8 MP Front Camera,Memory Card (Hybrid),Android v15
362,Samsung Galaxy F17 5G (6GB RAM + 128GB),21999,57.0,"Dual Sim, 5G, VoLTE, NFC, Wi-Fi","Exynos 1330, Octa Core, 2.4 GHz Processor","6 GB RAM, 128 GB inbuilt",5000 mAh Battery with 25W Fast Charging,"6.7 inches, 1080 x 2340 px, 90 Hz Display with Water Drop Notch",50 MP + 5 MP + 2 MP Triple Rear & 13 MP Front Camera,"Memory Card (Hybrid), upto 2 TB",Android v15
363,Oppo A5 Pro 5G (8GB RAM + 256GB),20999,59.0,"Dual Sim, 5G, VoLTE, Wi-Fi","Dimensity 6300, Octa Core, 2.4 GHz Processor","8 GB RAM, 256 GB inbuilt",5800 mAh Battery with 45W Fast Charging,"6.67 inches, 720 x 1604 px, 120 Hz Display with Punch Hole",50 MP + 2 MP Dual Rear & 8 MP Front Camera,,Android v15
364,Samsung Galaxy S25 Ultra (12GB RAM + 512GB),112999,,"Dual Sim, 5G, VoLTE, Vo5G, NFC, eSIM, Wi-Fi","Snapdragon 8 Elite for Galaxy, Octa Core, 4.47 GHz Processor","12 GB RAM, 512 GB inbuilt",5000 mAh Battery with 45W Fast Charging,"6.9 inches, 1440 x 3120 px, 120 Hz Display with Punch Hole",200 MP Quad Rear & 12 MP Front Camera,Memory Card Not Supported,Android v15
365,Vivo Y31T,29999,61.0,"Dual Sim, 5G, VoLTE, NFC, Wi-Fi, IR Blaster","Snapdragon 4 Gen2, Octa Core, 2.2 GHz Processor","6 GB RAM, 128 GB inbuilt",7200 mAh Battery with 44W Fast Charging,"6.75 inches, 720 x 1608 px, 120 Hz Display with Water Drop Notch",50 MP + 2 MP Dual Rear & 8 MP Front Camera,,Android v16
366,Realme C100x,16999,52.0,"Dual Sim, 4G, VoLTE, Wi-Fi","Unisoc T7250, Octa Core, 1.8 GHz Processor","4 GB RAM, 64 GB inbuilt",8000 mAh Battery with 45W Fast Charging,"6.81 inches, 720 x 1570 px, 120 Hz Display with Water Drop Notch",50 MP Rear & 5 MP Front Camera,Memory Card Supported,Android v16
367,Nothing Phone 4(b),32000,67.0,"Dual Sim, 5G, VoLTE, Wi-Fi","Snapdragon 6 Gen4, Octa Core, 2.3 GHz Processor","8 GB RAM, 128 GB inbuilt",6000 mAh Battery with 33W Fast Charging,"6.77 inches, 1080 x 2344 px, 120 Hz Display with Punch Hole",50 MP + 8 MP Dual Rear & 16 MP Front Camera,,Android v16
368,OnePlus 15R (16GB RAM + 512GB),66999,,"Dual Sim, 5G, VoLTE, Vo5G, NFC, Wi-Fi, IR Blaster","Snapdragon 8 Gen5, Octa Core, 3.8 GHz Processor","16 GB RAM, 512 GB inbuilt",7400 mAh Battery with 80W Fast Charging,"6.83 inches, 1272 x 2800 px, 165 Hz Display with Punch Hole",50 MP + 8 MP Dual Rear & 32 MP Front Camera,Memory Card Not Supported,Android v16
369,Realme P4 Lite 5G,16895,,"Dual Sim, 5G, VoLTE, Wi-Fi","Dimensity 6300, Octa Core, 2.4 GHz Processor","4 GB RAM, 64 GB inbuilt",7000 mAh Battery with 15W Fast Charging,"6.81 inches, 720 x 1570 px, 144 Hz Display with Punch Hole",13 MP Rear & 5 MP Front Camera,Memory Card (Hybrid),Android v16
370,Samsung Galaxy M17e 5G,16680,54.0,"Dual Sim, 5G, VoLTE, Wi-Fi","Dimensity 6300, Octa Core, 2.4 GHz Processor","4 GB RAM, 128 GB inbuilt",6000 mAh Battery with 25W Fast Charging,"6.7 inches, 720 x 1600 px, 120 Hz Display with Water Drop Notch",50 MP + 2 MP Dual Rear & 8 MP Front Camera,"Memory Card (Hybrid), upto 2 TB",Android v16
371,Nokia 123 Shield,1999,,Dual Sim,Unisoc SC6531E,"4 MB RAM, 4 MB inbuilt",1750 mAh Battery,"2.4 inches, 240 x 320 px Display",QVGA Rear Camera,Memory Card Supported,
372,Peace Aura 26 4G,10999,,"Dual Sim, 4G, VoLTE, Wi-Fi",Single Core Processor,"4 GB RAM, 64 GB inbuilt",5000 mAh Battery,"6.67 inches, 1640 x 720 px Display with Punch Hole",20 MP Rear & 8 MP Front Camera,"Memory Card (Hybrid), upto 128 GB",Android v14
373,Ai+ Pulse (6GB RAM +128GB),9999,,"Dual Sim, 4G, VoLTE, Wi-Fi","Unisoc T615, Octa Core, 1.8 GHz Processor","6 GB RAM, 128 GB inbuilt",5000 mAh Battery with 10W Fast Charging,"6.75 inches, 720 x 1600 px, 90 Hz Display with Water Drop Notch",50 MP Rear & 5 MP Front Camera,"Memory Card Supported, upto 1 TB",Android v15
374,Vivo V40 Pro,54990,75.0,"Dual Sim, 5G, VoLTE, Wi-Fi","Dimensity 9200 Plus, Octa Core, 3.35 GHz Processor","8 GB RAM, 256 GB inbuilt",5500 mAh Battery with 80W Fast Charging,"6.78 inches, 1260 x 2800 px, 120 Hz Display with Punch Hole",50 MP + 50 MP + 50 MP Triple Rear & 50 MP Front Camera,Memory Card Not Supported,Android v14
375,OPPO Reno 16C 5G (8GB RAM + 256GB),53999,75.0,"Dual Sim, 5G, VoLTE, Vo5G, Wi-Fi","Dimensity 7300 Energy, Octa Core, 2.5 GHz Processor","8 GB RAM, 256 GB inbuilt",7000 mAh Battery with 80W Fast Charging,"6.57 inches, 2372 x 1080 px, 120 Hz Display with Punch Hole",50 MP + 50 MP + 8 MP Triple Rear & 50 MP Front Camera,Memory Card (Hybrid),Android v16
376,Vivo X300 FE (12GB RAM + 512GB),99999,,"Dual Sim, 5G, VoLTE, NFC, eSIM, Wi-Fi, IR Blaster","Snapdragon 8 Gen5, Octa Core, 3.8 GHz Processor","12 GB RAM, 512 GB inbuilt",6500 mAh Battery with 90W Fast Charging,"6.31 inches, 1216 x 2640 px, 120 Hz Display with Punch Hole",50 MP + 50 MP + 8 MP Triple Rear & 50 MP Front Camera,Memory Card Not Supported,Android v16
377,Infinix Note 60 Pro 5G (8GB RAM + 256GB),37890,75.0,"Dual Sim, 5G, VoLTE, NFC, eSIM, Wi-Fi, IR Blaster","Snapdragon 7s Gen4, Octa Core, 2.4 GHz Processor","8 GB RAM, 256 GB inbuilt",6500 mAh Battery with 90W Fast Charging,"6.78 inches, 1208 x 2644 px, 144 Hz Display with Punch Hole",50 MP + 8 MP Dual Rear & 13 MP Front Camera,"Memory Card Supported, upto 1 TB",Android v16
378,iQOO 15R (12GB RAM + 512GB),66999,,"Dual Sim, 5G, VoLTE, NFC, Wi-Fi, IR Blaster","Snapdragon 8 Gen5, Octa Core, 3.8 GHz Processor","12 GB RAM, 512 GB inbuilt",7600 mAh Battery with 100W Fast Charging,"6.59 inches, 1260 x 2750 px, 144 Hz Display with Punch Hole",50 MP + 8 MP Dual Rear & 32 MP Front Camera,,Android v16
379,Samsung Galaxy A07 4G,10999,,"Dual Sim, 4G, Wi-Fi","Helio G99, Octa Core, 2.2 GHz Processor","4 GB RAM, 64 GB inbuilt",5000 mAh Battery with 25W Fast Charging,"6.7 inches, 720 x 1600 px, 90 Hz Display with Water Drop Notch",50 MP + 2 MP Dual Rear & 8 MP Front Camera,Memory Card Supported,Android v15
380,Apple iPhone 17 Pro (512GB),149990,75.0,"Dual Sim, 5G, VoLTE, NFC, eSIM, Wi-Fi","Apple A19 Pro, Hexa Core Processor","12 GB RAM, 512 GB inbuilt",3988 mAh Battery with Fast Charging,"6.3 inches, 1206 x 2622 px, 120 Hz Display with Dynamic Island",48 MP + 48 MP + 48 MP Triple Rear & 18 MP Front Camera,Memory Card Not Supported,iOS v26
381,Xiaomi Redmi 15 5G (8GB RAM + 256GB),25499,62.0,"Dual Sim, 5G, VoLTE, Wi-Fi, IR Blaster","Snapdragon 6s Gen3, Octa Core, 2.3 GHz Processor","8 GB RAM, 256 GB inbuilt",7000 mAh Battery with 33W Fast Charging,"6.9 inches, 1080 x 2340 px, 144 Hz Display with Punch Hole",50 MP Dual Rear & 8 MP Front Camera,"Memory Card (Hybrid), upto 1 TB",Android v15
382,Samsung Galaxy A26 5G,27990,64.0,"Dual Sim, 5G, VoLTE, NFC, Wi-Fi","Exynos 1380, Octa Core, 2.4 GHz Processor","8 GB RAM, 128 GB inbuilt",5000 mAh Battery with 25W Fast Charging,"6.7 inches, 1080 x 2340 px, 120 Hz Display with Water Drop Notch",50 MP + 8 MP + 2 MP Triple Rear & 13 MP Front Camera,"Memory Card (Hybrid), upto 2 TB",Android v15
383,Xiaomi Redmi 13 5G (8GB RAM + 128GB),23999,59.0,"Dual Sim, 5G, VoLTE, Wi-Fi, IR Blaster","Snapdragon 4 Gen 2 AE, Octa Core, 2.3 GHz Processor","8 GB RAM, 128 GB inbuilt",5030 mAh Battery with 33W Fast Charging,"6.79 inches, 1080 x 2460 px, 120 Hz Display with Punch Hole",108 MP + Macro Dual Rear & 13 MP Front Camera,"Memory Card (Hybrid), upto 1 TB",Android v14
384,Lava Blaze Pro 5G,12998,53.0,"Dual Sim, 5G, VoLTE, Wi-Fi","Dimensity 6020, Octa Core, 2.2 GHz Processor","8 GB RAM, 128 GB inbuilt",5000 mAh Battery with 33W Fast Charging,"6.78 inches, 1080 x 2460 px, 120 Hz Display with Punch Hole",50 MP + Depth Sensor Dual Rear & 8 MP Front Camera,"Memory Card Supported, upto 1 TB",Android v13
385,Peace SC26 4G,8999,,"Dual Sim, 4G, VoLTE, Wi-Fi",Single Core Processor,"4 GB RAM, 64 GB inbuilt",5000 mAh Battery,"6.56 inches, 1640 x 720 px Display with Punch Hole",20 MP Rear Camera,"Memory Card (Hybrid), upto 128 GB",Unknown
386,Motorola Edge 70 Max 5G (12GB RAM+ 256GB),58289,,"Dual Sim, 5G, VoLTE, Vo5G, NFC, eSIM, Wi-Fi","Snapdragon 8 Gen5, Octa Core, 3.8 GHz Processor","12 GB RAM, 256 GB inbuilt",7100 mAh Battery with 90W Fast Charging,"6.8 inches, 1440 x 3168 px, 144 Hz Display with Punch Hole",50 MP + 8 MP Dual Rear & 32 MP Front Camera,,Android v16
387,Samsung Galaxy M47 5G (8GB RAM + 256GB),44999,70.0,"Dual Sim, 5G, VoLTE, NFC, Wi-Fi","Snapdragon 6 Gen3, Octa Core, 2.4 GHz Processor","8 GB RAM, 256 GB inbuilt",6000 mAh Battery with 45W Fast Charging,"6.7 inches, 1080 x 2340 px, 120 Hz Display with Punch Hole",50 MP + 5 MP + 2 MP Triple Rear & 12 MP Front Camera,"Memory Card (Hybrid), upto 1 TB",Android v16
388,Realme P4R 5G (6GB RAM + 128GB),23299,57.0,"Dual Sim, 5G, VoLTE, Wi-Fi","Dimensity 6300, Octa Core, 2.4 GHz Processor","6 GB RAM, 128 GB inbuilt",8000 mAh Battery with 45W Fast Charging,"6.81 inches, 720 x 1570 px, 144 Hz Display with Punch Hole",50 MP Rear & 8 MP Front Camera,,Android v16
389,Motorola Razr Fold,149999,,"Dual Sim, 5G, VoLTE, NFC, eSIM, Wi-Fi","Snapdragon 8 Gen5, Octa Core, 3.8 GHz Processor","12 GB RAM, 256 GB inbuilt",6000 mAh Battery with 80W Fast Charging,"8.09 inches, 2232 x 2484 px, 120 Hz Display with Punch Hole",50 MP + 50 MP + 50 MP Triple Rear & 32 MP + 20 MP Dual Front Camera,Memory Card Not Supported,
390,Motorola Moto A300 2026,1370,,Dual Sim,1.5 MHz Processor,"4 MB RAM, 32 MB inbuilt",1000 mAh Battery,"2 inches, 240 x 320 px Display",Main Rear Camera,"Memory Card (Hybrid), upto 64 GB",
391,Poco X8 Pro Max 5G (12GB RAM + 512GB),52999,,"Dual Sim, 5G, VoLTE, Wi-Fi, IR Blaster","Dimensity 9500s, Octa Core, 3.73 GHz Processor","12 GB RAM, 512 GB inbuilt",9000 mAh Battery with 100W Fast Charging,"6.83 inches, 1280 x 2772 px, 120 Hz Display with Punch Hole",50 MP + 8 MP Dual Rear & 20 MP Front Camera,,Android v16
392,Realme P4 Power 5G (8GB RAM + 256GB),34984,74.0,"Dual Sim, 5G, VoLTE, Wi-Fi, IR Blaster","Dimensity 7400 Ultra, Octa Core, 2.6 GHz Processor","8 GB RAM, 256 GB inbuilt",10001 mAh Battery with 80W Fast Charging,"6.8 inches, 1280 x 2800 px, 144 Hz Display with Punch Hole",50 MP + 8 MP Dual Rear & 16 MP Front Camera,Memory Card Not Supported,Android v16
393,Realme 15 Pro 5G (8GB RAM + 256GB),32999,74.0,"Dual Sim, 5G, VoLTE, Wi-Fi","Snapdragon 7 Gen4, Octa Core, 2.8 GHz Processor","8 GB RAM, 256 GB inbuilt",7000 mAh Battery with 80W Fast Charging,"6.8 inches, 1280 x 2800 px, 144 Hz Display with Punch Hole",50 MP + 50 MP Dual Rear & 50 MP Front Camera,,Android v15
394,Realme GT 7 (12GB RAM + 256GB),44999,,"Dual Sim, 5G, VoLTE, Vo5G, NFC, Wi-Fi, IR Blaster","Dimensity 9400e, Octa Core, 3.4 GHz Processor","12 GB RAM, 256 GB inbuilt",7000 mAh Battery with 120W Fast Charging,"6.78 inches, 1264 x 2780 px, 120 Hz Display with Punch Hole",50 MP + 50 MP + 8 MP Triple Rear & 32 MP Front Camera,Memory Card Not Supported,Android v15
395,Poco X6 Pro 5G,30900,70.0,"Dual Sim, 5G, VoLTE, NFC, Wi-Fi, IR Blaster","Dimensity 8300 Ultra, Octa Core, 3.35 GHz Processor","8 GB RAM, 256 GB inbuilt",5000 mAh Battery with 67W Fast Charging,"6.67 inches, 1220 x 2712 px, 120 Hz Display with Punch Hole",64 MP + 8 MP + 2 MP Triple Rear & 16 MP Front Camera,,Android v14
396,Xiaomi Redmi Note 13 5G,22999,64.0,"Dual Sim, 5G, VoLTE, Vo5G, Wi-Fi, IR Blaster","Dimensity 6080, Octa Core, 2.4 GHz Processor","6 GB RAM, 128 GB inbuilt",5000 mAh Battery with 33W Fast Charging,"6.67 inches, 1080 x 2400 px, 120 Hz Display with Punch Hole",108 MP + 8 MP + 2 MP Triple Rear & 16 MP Front Camera,"Memory Card (Hybrid), upto 1 TB",Android v13
397,OnePlus 12 5G,53999,79.0,"Dual Sim, 5G, VoLTE, Vo5G, NFC, eSIM, Wi-Fi, IR Blaster","Snapdragon 8 Gen3, Octa Core, 3.3 GHz Processor","12 GB RAM, 256 GB inbuilt",5400 mAh Battery with 100W Fast Charging,"6.82 inches, 1440 x 3168 px, 120 Hz Display with Punch Hole",64 MP + 50 MP + 48 MP Triple Rear & 32 MP Front Camera,Memory Card Not Supported,Android v14
398,Samsung Galaxy S23 5G,54990,74.0,"Dual Sim, 5G, VoLTE, Vo5G, NFC, Wi-Fi","Snapdragon 8 Gen 2, Octa Core, 3.36 GHz Processor","8 GB RAM, 128 GB inbuilt",3900 mAh Battery with 25W Fast Charging,"6.1 inches, 1080 x 2340 px, 120 Hz Display with Punch Hole",50 MP + 12 MP + 10 MP Triple Rear & 12 MP Front Camera,,Android v13
399,Nokia 2660 Flip,4999,,"Dual Sim, 4G",Unisoc T107,"48 MB RAM, 128 MB inbuilt",1450 mAh Battery,"2.8 inches, 240 x 320 px Display",0.3 MP Rear Camera,Unknown,
400,Samsung Galaxy Z Fold 8 Ultra (16GB RAM + 1TB),254999,,"Dual Sim, 5G, VoLTE, Vo5G, NFC, eSIM, Wi-Fi","Snapdragon 8 Elite Gen 5 For Galaxy, Octa Core, 4.74 GHz Processor","16 GB RAM, 1 TB inbuilt",5000 mAh Battery with 45W Fast Charging,"8 inches, 2256 x 2504 px, 120 Hz Display with Punch Hole",200 MP + 50 MP + 10 MP Triple Rear & 10 MP + 10 MP Dual Front Camera,Unknown,Android v17
401,Realme P4s 5G (8GB RAM + 256GB),37999,72.0,"Dual Sim, 5G, VoLTE, Wi-Fi, IR Blaster","Dimensity 7400, Octa Core, 2.6 GHz Processor","8 GB RAM, 256 GB inbuilt",8000 mAh Battery with 80W Fast Charging,"6.78 inches, 1272 x 2772 px, 144 Hz Display with Punch Hole",50 MP + 2 MP Dual Rear & 16 MP Front Camera,Memory Card Not Supported,Android v16
402,Infinix Note 60 Pro 5G Pininfarina limited Edition,40999,75.0,"Dual Sim, 5G, VoLTE, NFC, eSIM, Wi-Fi, IR Blaster","Snapdragon 7s Gen4, Octa Core, 2.4 GHz Processor","8 GB RAM, 256 GB inbuilt",6500 mAh Battery with 90W Fast Charging,"6.78 inches, 1208 x 2644 px, 144 Hz Display with Punch Hole",50 MP + 8 MP Dual Rear & 13 MP Front Camera,"Memory Card Supported, upto 1 TB",Android v16
403,Ai+ Nova 2 Pro,19499,55.0,"Dual Sim, 5G, VoLTE, Wi-Fi","Dimensity 7100, Octa Core, 2.4 GHz Processor","6 GB RAM, 128 GB inbuilt",6000 mAh Battery with 18W Fast Charging,"6.9 inches, 2340 x 1080 px, 144 Hz Display with Punch Hole",48 MP + 8 MP Dual Rear & 13 MP Front Camera,"Memory Card Supported, upto 2 TB",Android v16
404,Motorola Moto G37,15230,54.0,"Dual Sim, 5G, VoLTE, Wi-Fi","Dimensity 6400, Octa Core, 2.5 GHz Processor","4 GB RAM, 64 GB inbuilt",5200 mAh Battery with 20W Fast Charging,"6.67 inches, 1604 x 720 px, 120 Hz Display with Punch Hole",50 MP Rear & 8 MP Front Camera,"Memory Card (Hybrid), upto 1 TB",Android v16
405,Nothing Phone (4a) Pro (12GB RAM + 256GB),59750,77.0,"Dual Sim, 5G, VoLTE, NFC, Wi-Fi","Snapdragon 7 Gen 4, Octa Core, 2.8 GHz Processor","12 GB RAM, 256 GB inbuilt",5400 mAh Battery with 50W Fast Charging,"6.83 inches, 1260 x 2800 px, 144 Hz Display with Punch Hole",50 MP + 50 MP + 8 MP Triple Rear & 32 MP Front Camera,Memory Card Not Supported,Android v16
406,OPPO Reno 15 Pro 5G (12GB RAM + 512GB),72999,,"Dual Sim, 5G, VoLTE, NFC, Wi-Fi, IR Blaster","Dimensity 8450, Octa Core, 3.25 GHz Processor","12 GB RAM, 512 GB inbuilt",6500 mAh Battery with 80W Fast Charging,"6.78 inches, 1272 x 2772 px, 120 Hz Display with Punch Hole",200 MP + 50 MP + 50 MP Triple Rear & 50 MP Front Camera,Memory Card Not Supported,Android v16
407,Samsung Galaxy M17 5G (6GB RAM + 128GB),20829,55.0,"Dual Sim, 5G, VoLTE, NFC, Wi-Fi","Exynos 1330, Octa Core, 2.4 GHz Processor","6 GB RAM, 128 GB inbuilt",5000 mAh Battery with 25W Fast Charging,"6.7 inches, 1080 x 2340 px, 90 Hz Display with Water Drop Notch",50 MP + 5 MP + 2 MP Triple Rear & 13 MP Front Camera,"Memory Card (Hybrid), upto 2 TB",Android v15
408,Motorola Moto G35 5G (8GB RAM + 128GB),19990,59.0,"Dual Sim, 5G, VoLTE, Vo5G, Wi-Fi","Unisoc T760, Octa Core, 2.2 GHz Processor","8 GB RAM, 128 GB inbuilt",5000 mAh Battery with 18W Fast Charging,"6.72 inches, 1080 x 2400 px, 120 Hz Display with Punch Hole",50 MP + 8 MP Dual Rear & 16 MP Front Camera,"Memory Card (Hybrid), upto 1 TB",Android v14
409,Samsung Galaxy F07,11900,,"Dual Sim, 4G, Wi-Fi","Helio G99, Octa Core, 2.2 GHz Processor","4 GB RAM, 64 GB inbuilt",5000 mAh Battery with 25W Fast Charging,"6.7 inches, 720 x 1600 px Display with Water Drop Notch",50 MP + 2 MP Dual Rear & 8 MP Front Camera,Memory Card Supported,Android v15
410,Motorola Moto G54 5G (12GB RAM +256GB),21999,62.0,"Dual Sim, 5G, VoLTE, Wi-Fi","Dimensity 7020, Octa Core, 2.2 GHz Processor","12 GB RAM, 256 GB inbuilt",6000 mAh Battery with 33W Fast Charging,"6.5 inches, 1080 x 2400 px, 120 Hz Display with Punch Hole",50 MP + 8 MP Dual Rear & 16 MP Front Camera,"Memory Card (Hybrid), upto 1 TB",Android v13
411,Lava Virat V1 5G,13099,,"Dual Sim, 5G, VoLTE, Vo5G, Wi-Fi","Unisoc T8200, Octa Core Processor","4 GB RAM, 64 GB inbuilt",6000 mAh Battery with 10W Fast Charging,"6.75 inches, 720 x 1600 px, 120 Hz Display with Punch Hole",13 MP Dual Rear & 5 MP Front Camera,"Memory Card (Hybrid), upto 1 TB",Android v16
412,Vivo T5 Lite 5G (6GB RAM + 128GB),22999,57.0,"Dual Sim, 5G, VoLTE, Wi-Fi","Dimensity 6300, Octa Core, 2.4 GHz Processor","6 GB RAM, 128 GB inbuilt",6500 mAh Battery with 44W Fast Charging,"6.74 inches, 720 x 1600 px, 120 Hz Display with Water Drop Notch",50 MP + 0.08 MP Dual Rear & 5 MP Front Camera,"Memory Card (Hybrid), upto 2 TB",Android v16
413,Poco X8 (8GB RAM + 256GB),35999,68.0,"Dual Sim, 5G, VoLTE, Vo5G, NFC, Wi-Fi, IR Blaster","Snapdragon 6s Gen4, Octa Core, 2.4 GHz Processor","8 GB RAM, 256 GB inbuilt",9000 mAh Battery with 67W Fast Charging,"6.83 inches, 1280 x 2772 px, 120 Hz Display with Punch Hole",50 MP + 2 MP Dual Rear & 16 MP Front Camera,,Android v16
414,Vivo Y05,14999,,"Dual Sim, 4G, VoLTE, Wi-Fi","Unisoc T7225, Octa Core, 2 GHz Processor","4 GB RAM, 64 GB inbuilt",6500 mAh Battery with 15W Fast Charging,"6.74 inches, 720 x 1600 px, 120 Hz Display with Water Drop Notch",8 MP Rear & 5 MP Front Camera,"Memory Card Supported, upto 2 TB",Android v16
415,Vivo Y11 5G (4GB RAM + 128GB),20999,50.0,"Dual Sim, 5G, VoLTE, Wi-Fi, IR Blaster","Dimensity 6300, Octa Core, 2.4 GHz Processor","4 GB RAM, 128 GB inbuilt",6500 mAh Battery with 15W Fast Charging,"6.74 inches, 720 x 1600 px, 120 Hz Display with Water Drop Notch",13 MP + 0.08 MP Dual Rear & 5 MP Front Camera,"Memory Card (Hybrid), upto 2 TB",Android v16
416,Oppo A6 5G (6GB RAM + 128GB),25999,59.0,"Dual Sim, 5G, NFC, Wi-Fi","Dimensity 6300, Octa Core, 2.4 GHz Processor","6 GB RAM, 128 GB inbuilt",7000 mAh Battery with 45W Fast Charging,"6.75 inches, 720 x 1570 px, 120 Hz Display with Punch Hole",50 MP + 2 MP Dual Rear & 8 MP Front Camera,Memory Card Supported,Android v15
417,Realme P4 5G (8GB RAM + 256GB),32999,67.0,"Dual Sim, 5G, VoLTE, Wi-Fi, IR Blaster","Dimensity 7400 Ultra, Octa Core, 2.6 GHz Processor","8 GB RAM, 256 GB inbuilt",7000 mAh Battery with 80W Fast Charging,"6.77 inches, 1080 x 2392 px, 144 Hz Display with Punch Hole",50 MP + 8 MP Dual Rear & 16 MP Front Camera,,Android v15
418,Samsung Galaxy F36 5G (8GB RAM + 128GB),23249,63.0,"Dual Sim, 5G, VoLTE, NFC, Wi-Fi","Exynos 1380, Octa Core, 2.4 GHz Processor","8 GB RAM, 128 GB inbuilt",5000 mAh Battery with 25W Fast Charging,"6.7 inches, 1080 x 2340 px, 120 Hz Display with Water Drop Notch",50 MP + 8 MP + 2 MP Triple Rear & 13 MP Front Camera,"Memory Card (Hybrid), upto 2 TB",Android v15
419,Samsung Galaxy Z Fold 7,154999,,"Dual Sim, 5G, VoLTE, Vo5G, NFC, eSIM, Wi-Fi","Snapdragon 8 Elite for Galaxy, Octa Core, 4.47 GHz Processor","12 GB RAM, 256 GB inbuilt",4400 mAh Battery with 25W Fast Charging,"8 inches, 1968 x 2184 px, 120 Hz Display with Punch Hole",200 MP + 12 MP + 10 MP Triple Rear & 10 MP + 10 MP Dual Front Camera,Unknown,Android v16
420,OnePlus 13s (12GB RAM + 512GB),59999,,"Dual Sim, 5G, VoLTE, Vo5G, NFC, Wi-Fi, IR Blaster","Snapdragon 8 Elite, Octa Core, 4.32 GHz Processor","12 GB RAM, 512 GB inbuilt",5850 mAh Battery with 80W Fast Charging,"6.32 inches, 1216 x 2640 px, 120 Hz Display with Punch Hole",50 MP + 50 MP Dual Rear & 32 MP Front Camera,Memory Card Not Supported,Android v15
421,Google Pixel 9,79890,75.0,"Dual Sim, 5G, VoLTE, Vo5G, NFC, eSIM, Wi-Fi","Tensor G4, Octa Core, 3.1 GHz Processor","12 GB RAM, 256 GB inbuilt",4700 mAh Battery with 27W Fast Charging,"6.3 inches, 1080 x 2424 px, 120 Hz Display with Punch Hole",50 MP + 48 MP Dual Rear & 10.5 MP Front Camera,,Android v14
422,Realme C100i,14999,,"Dual Sim, 4G, VoLTE, Wi-Fi","Unisoc T7250, Octa Core, 1.8 GHz Processor","4 GB RAM, 64 GB inbuilt",6500 mAh Battery with 15W Fast Charging,"6.75 inches, 120 Hz Display with Water Drop Notch",8 MP Rear & 5 MP Front Camera,Memory Card (Hybrid),Android v16
423,OPPO Reno 16 5G (12GB RAM + 256GB),72999,,"Dual Sim, 5G, VoLTE, Vo5G, Wi-Fi, IR Blaster","Snapdragon 7 Gen4, Octa Core, 2.8 GHz Processor","12 GB RAM, 256 GB inbuilt",6700 mAh Battery with 80W Fast Charging,"6.32 inches, 1216 x 2640 px, 120 Hz Display with Punch Hole",50 MP + 50 MP + 50 MP Triple Rear & 50 MP Front Camera,Memory Card Not Supported,Android v16
424,Motorola Moto G Max,27670,62.0,"Dual Sim, 5G, Wi-Fi","Snapdragon 6s Gen4, Octa Core, 2.4 GHz Processor","6 GB RAM, 128 GB inbuilt",7000 mAh Battery with 30W Fast Charging,"6.72 inches, 1080 x 2400 px, 120 Hz Display with Punch Hole",50 MP + 8 MP Dual Rear & 32 MP Front Camera,Memory Card Supported,Android v16
425,Nothing Phone (4a) Pro (8GB RAM + 256GB),52850,76.0,"Dual Sim, 5G, VoLTE, NFC, Wi-Fi","Snapdragon 7 Gen 4, Octa Core, 2.8 GHz Processor","8 GB RAM, 256 GB inbuilt",5400 mAh Battery with 50W Fast Charging,"6.83 inches, 1260 x 2800 px, 144 Hz Display with Punch Hole",50 MP + 50 MP + 8 MP Triple Rear & 32 MP Front Camera,Memory Card Not Supported,Android v16
426,Samaung Galaxy F70e,15958,54.0,"Dual Sim, 5G, VoLTE, Wi-Fi","Dimensity 6300, Octa Core, 2.4 GHz Processor","4 GB RAM, 128 GB inbuilt",6000 mAh Battery with 25W Fast Charging,"6.7 inches, 720 x 1600 px, 120 Hz Display with Water Drop Notch",50 MP + 2 MP Dual Rear & 8 MP Front Camera,"Memory Card (Hybrid), upto 2 TB",Android v16
427,Google Pixel 10 Pro XL,113640,,"Dual Sim, 5G, VoLTE, Vo5G, NFC, eSIM, Wi-Fi","Tensor G5, Octa Core, 3.78 GHz Processor","16 GB RAM, 256 GB inbuilt",5200 mAh Battery with 45W Fast Charging,"6.8 inches, 1344 x 2992 px, 120 Hz Display with Punch Hole",50 MP + 48 MP + 48 MP Triple Rear & 42 MP Front Camera,,Android v16
428,Realme 15 5G,29999,64.0,"Dual Sim, 5G, VoLTE, Wi-Fi","Dimensity 7300 Plus, Octa Core Processor","8 GB RAM, 128 GB inbuilt",7000 mAh Battery with 80W Fast Charging,"6.8 inches, 1280 x 2800 px, 144 Hz Display with Punch Hole",50 MP + 8 MP Dual Rear & 50 MP Front Camera,,Android v15
429,Apple iPhone 16e,59900,63.0,"Dual Sim, 5G, VoLTE, NFC, eSIM, Wi-Fi","Bionic A18, Hexa Core, 4.04 GHz Processor","8 GB RAM, 128 GB inbuilt",4005 mAh Battery with Fast Charging,"6.1 inches, 1170 x 2532 px Display with Small Notch",48 MP Rear & 12 MP Front Camera,Memory Card Not Supported,iOS v18
430,Samsung Galaxy A06 5G,14999,52.0,"Dual Sim, 5G, VoLTE, Wi-Fi","Dimensity 6300, Octa Core, 2.4 GHz Processor","4 GB RAM, 64 GB inbuilt",5000 mAh Battery with 25W Fast Charging,"6.7 inches, 720 x 1600 px, 90 Hz Display with Water Drop Notch",50 MP + 2 MP Dual Rear & 8 MP Front Camera,"Memory Card Supported, upto 1 TB",Android v15
431,Realme 14 Pro 5G,24999,62.0,"Dual Sim, 5G, VoLTE, Wi-Fi","Dimensity 7300 Energy, Octa Core, 2.5 GHz Processor","8 GB RAM, 128 GB inbuilt",6000 mAh Battery with 45W Fast Charging,"6.77 inches, 1080 x 2392 px, 120 Hz Display with Punch Hole",50 MP + 2 MP Dual Rear & 16 MP Front Camera,,Android v15
432,Xiaomi Redmi Note 14 Pro (8GB RAM + 256GB),26995,63.0,"Dual Sim, 5G, VoLTE, Wi-Fi, IR Blaster","Dimensity 7300 Ultra, Octa Core, 2.5 GHz Processor","8 GB RAM, 256 GB inbuilt",5500 mAh Battery with 45W Fast Charging,"6.67 inches, 1220 x 2712 px, 120 Hz Display with Punch Hole",50 MP + 8 MP + 2 MP Triple Rear & 20 MP Front Camera,,Android v14
433,Jio Bharat V4 4G,899,,"Single Sim, 4G, VoLTE",Unknown,"512 MB RAM, 4 GB inbuilt",1000 mAh Battery,"1.77 inches, 240 x 320 px Display",0.3 MP Rear Camera,"Memory Card Supported, upto 128 GB",Unknown
434,Oppo F27 Pro Plus 5G,34999,64.0,"Dual Sim, 5G, VoLTE, Wi-Fi","Dimensity 7050, Octa Core, 2.6 GHz Processor","8 GB RAM, 256 GB inbuilt",5000 mAh Battery with 67W Fast Charging,"6.7 inches, 1080 x 2412 px, 120 Hz Display with Punch Hole",64 MP + 2 MP Dual Rear & 8 MP Front Camera,,Android v14
435,Google Pixel 11 Pro Fold,186999,,"Dual Sim, 5G, VoLTE, NFC, eSIM, Wi-Fi",Tensor G6,"16 GB RAM, 512 GB inbuilt",4806 mAh Battery with Fast Charging,"8 inches, 2076 x 2152 px, 120 Hz Display with Punch Hole",48 MP + 10.8 MP + 10.5 MP Triple Rear & 10 MP + 10 MP Dual Front Camera,Unknown,Android v17
436,Philips S7221 5G,24499,52.0,"Dual Sim, 5G, Wi-Fi","Unisoc T765, Octa Core, 2 GHz Processor","8 GB RAM, 128 GB inbuilt",5700 mAh Battery with 18W Fast Charging,"6.67 inches, 720 x 1612 px Display with Punch Hole",64 MP + 0.08 MP Dual Rear & 16 MP Front Camera,,Android v16
437,Realme Narzo 100x 5G (6GB RAM + 128GB),22107,59.0,"Dual Sim, 5G, VoLTE, Wi-Fi","Dimensity 6300, Octa Core, 2.4 GHz Processor","6 GB RAM, 128 GB inbuilt",8000 mAh Battery with 45W Fast Charging,"6.81 inches, 720 x 1570 px, 144 Hz Display with Punch Hole",50 MP Dual Rear & 8 MP Front Camera,Memory Card (Hybrid),Android v16
438,Xiaomi Redmi Turbo 5 5G (12GB RAM + 256GB),46999,77.0,"Dual Sim, 5G, VoLTE, NFC, Wi-Fi, IR Blaster","Dimensity 8500 Ultra, Octa Core, 3.4 GHz Processor","12 GB RAM, 256 GB inbuilt",7540 mAh Battery with 100W Fast Charging,"6.59 inches, 1268 x 2756 px, 120 Hz Display with Punch Hole",50 MP + 8 MP Dual Rear & 20 MP Front Camera,,Android v16
439,OPPO F33 Pro 5G (8GB RAM + 256GB),43999,68.0,"Dual Sim, 5G, VoLTE, Wi-Fi, IR Blaster","Dimensity 6360 MAX, Octa Core, 2.4 GHz Processor","8 GB RAM, 256 GB inbuilt",7000 mAh Battery with 80W Fast Charging,"6.57 inches, 1080 x 2372 px, 120 Hz Display with Punch Hole",50 MP + 2 MP Dual Rear & 50 MP Front Camera,Memory Card (Hybrid),Android v16
440,Xiaomi Redmi A7 Pro 5G (4GB RAM + 128GB),15999,54.0,"Dual Sim, 5G, VoLTE, Wi-Fi","Unisoc T8300, Octa Core, 2.2 GHz Processor","4 GB RAM, 128 GB inbuilt",6300 mAh Battery with 15W Fast Charging,"6.9 inches, 720 x 1600 px, 120 Hz Display with Water Drop Notch",32 MP Dual Rear & 8 MP Front Camera,"Memory Card (Hybrid), upto 2 TB",Android v16
441,Xiaomi Redmi 15A 5G (6GB RAM + 128GB),19485,59.0,"Dual Sim, 5G, VoLTE, Wi-Fi, IR Blaster","Unisoc T8300, Octa Core, 2.2 GHz Processor","6 GB RAM, 128 GB inbuilt",6300 mAh Battery with 33W Fast Charging,"6.9 inches, 720 x 1600 px, 120 Hz Display with Punch Hole",32 MP Rear & 8 MP Front Camera,"Memory Card (Hybrid), upto 1 TB",Android v16
442,OPPO K14 5G (6GB RAM + 256GB),27946,62.0,"Dual Sim, 5G, VoLTE, NFC, Wi-Fi, IR Blaster","Dimensity 6300, Octa Core, 2.4 GHz Processor","6 GB RAM, 256 GB inbuilt",7000 mAh Battery with 45W Fast Charging,"6.75 inches, 720 x 1570 px, 120 Hz Display with Punch Hole",50 MP + 2 MP Dual Rear & 8 MP Front Camera,Memory Card (Hybrid),Android v15
443,Nothing Phone 4a (12GB RAM + 256GB),46999,74.0,"Dual Sim, 5G, VoLTE, Wi-Fi","Snapdragon 7s Gen4, Octa Core, 2.7 GHz Processor","12 GB RAM, 256 GB inbuilt",5400 mAh Battery with 50W Fast Charging,"6.78 inches, 1224 x 2720 px, 120 Hz Display with Punch Hole",50 MP + 50 MP + 8 MP Triple Rear & 32 MP Front Camera,,Android v16
444,Xiaomi Redmi Note 15 Pro Plus (12GB RAM + 256GB),41999,,"Dual Sim, 5G, VoLTE, NFC, eSIM, Wi-Fi, IR Blaster","Snapdragon 7s Gen4, Octa Core, 2.7 GHz Processor","12 GB RAM, 256 GB inbuilt",6500 mAh Battery with 100W Fast Charging,"6.83 inches, 1280 x 2772 px, 120 Hz Display with Punch Hole",200 MP + 8 MP Dual Rear & 32 MP Front Camera,Memory Card Not Supported,Android v15
445,Lava Blaze Duo 3 5G,20999,59.0,"Dual Sim, 5G, VoLTE, Vo5G, Wi-Fi, IR Blaster","Dimensity 7060, Octa Core Processor","6 GB RAM, 128 GB inbuilt",5000 mAh Battery with 33W Fast Charging,"6.67 inches, 1080 x 2400 px, 120 Hz Display with Punch Hole",50 MP Dual Rear & 8 MP Front Camera,Memory Card (Hybrid),
446,Xiaomi Redmi Note 15 5G (256GB),31999,71.0,"Dual Sim, 5G, VoLTE, NFC, Wi-Fi, IR Blaster","Snapdragon 6 Gen3, Octa Core, 2.4 GHz Processor","8 GB RAM, 256 GB inbuilt",5520 mAh Battery with 45W Fast Charging,"6.77 inches, 1080 x 2392 px, 120 Hz Display with Punch Hole",108 MP + 8 MP Dual Rear & 20 MP Front Camera,"Memory Card (Hybrid), upto 1 TB",Android v15
447,Motorola Moto G06 Power,13076,,"Dual Sim, 4G, Wi-Fi","Helio G81, Octa Core, 2 GHz Processor","4 GB RAM, 64 GB inbuilt",7000 mAh Battery,"6.88 inches, 720 x 1640 px, 120 Hz Display with Water Drop Notch",50 MP Rear & 8 MP Front Camera,"Memory Card (Hybrid), upto 1 TB",Android v15
448,OnePlus Nord CE 5 5G (8GB RAM + 256GB),37999,72.0,"Dual Sim, 5G, VoLTE, Wi-Fi, IR Blaster","Dimensity 8350 Apex, Octa Core, 3.35 GHz Processor","8 GB RAM, 256 GB inbuilt",7100 mAh Battery with 80W Fast Charging,"6.77 inches, 1080 x 2392 px, 120 Hz Display with Punch Hole",50 MP + 8 MP Dual Rear & 16 MP Front Camera,"Memory Card (Hybrid), upto 1 TB",Android v15
449,Realme P3 Ultra,31999,67.0,"Dual Sim, 5G, VoLTE, Wi-Fi, IR Blaster","Dimensity 8350 Ultra, Octa Core, 3.35 GHz Processor","8 GB RAM, 128 GB inbuilt",6000 mAh Battery with 80W Fast Charging,"6.83 inches, 1272 x 2800 px, 120 Hz Display with Punch Hole",50 MP + 8 MP Dual Rear & 16 MP Front Camera,Memory Card Not Supported,Android v15
450,Xiaomi 15,69998,,"Dual Sim, 5G, VoLTE, Vo5G, NFC, Wi-Fi, IR Blaster","Snapdragon 8 Elite, Octa Core, 4.32 GHz Processor","12 GB RAM, 512 GB inbuilt",5240 mAh Battery with 90W Fast Charging,"6.36 inches, 1200 x 2670 px, 120 Hz Display with Punch Hole",50 MP + 50 MP + 50 MP Triple Rear & 32 MP Front Camera,,Android v15
451,Apple iPhone 16 Plus (256GB),89900,70.0,"Dual Sim, 5G, VoLTE, NFC, eSIM, Wi-Fi","Bionic A18, Hexa Core, 4.04 GHz Processor",256 GB inbuilt,4674 mAh Battery with Fast Charging,"6.7 inches, 1290 x 2796 px Display with Dynamic Island",48 MP + 12 MP Dual Rear & 12 MP Front Camera,Memory Card Not Supported,iOS v18
452,Tecno Camon 30 Premier 5G,35999,72.0,"Dual Sim, 5G, VoLTE, NFC, Wi-Fi, IR Blaster","Dimensity 8200, Octa Core, 3.1 GHz Processor","12 GB RAM, 512 GB inbuilt",5000 mAh Battery with 70W Fast Charging,"6.77 inches, 1264 x 2780 px, 120 Hz Display with Punch Hole",50 MP + 50 MP + 50 MP Triple Rear & 50 MP Front Camera,Memory Card Not Supported,Android v14
453,Motorola Edge 50 Pro (12GB RAM + 256GB),33990,75.0,"Dual Sim, 5G, VoLTE, Vo5G, NFC, Wi-Fi","Snapdragon 7 Gen3, Octa Core, 2.63 GHz Processor","12 GB RAM, 256 GB inbuilt",4500 mAh Battery with 125W Fast Charging,"6.7 inches, 1220 x 2712 px, 144 Hz Display with Punch Hole",50 MP + 13 MP + 10 MP Triple Rear & 50 MP Front Camera,,Android v14
454,Samsung Galaxy M15 5G,15999,54.0,"Dual Sim, 5G, VoLTE, Wi-Fi","Dimensity 6100 Plus, Octa Core, 2.2 GHz Processor","4 GB RAM, 128 GB inbuilt",6000 mAh Battery with 25W Fast Charging,"6.45 inches, 1080 x 2340 px, 90 Hz Display with Water Drop Notch",50 MP + 5 MP + 2 MP Triple Rear & 13 MP Front Camera,"Memory Card (Hybrid), upto 1 TB",Android v14
455,OPPO Reno 11,31485,70.0,"Dual Sim, 5G, VoLTE, NFC, Wi-Fi, IR Blaster","Dimensity 7050, Octa Core, 2.6 GHz Processor","8 GB RAM, 128 GB inbuilt",5000 mAh Battery with 67W Fast Charging,"6.7 inches, 1080 x 2412 px, 120 Hz Display with Punch Hole",50 MP + 32 MP + 8 MP Triple Rear & 32 MP Front Camera,"Memory Card (Hybrid), upto 2 TB",Android v14
456,OnePlus 11R 5G,39999,66.0,"Dual Sim, 5G, VoLTE, NFC, Wi-Fi, IR Blaster","Snapdragon 8+ Gen1, Octa Core, 3.2 GHz Processor","8 GB RAM, 128 GB inbuilt",5000 mAh Battery with 100W Fast Charging,"6.74 inches, 1240 x 2772 px, 120 Hz Display with Punch Hole",50 MP + 8 MP + 2 MP Triple Rear & 16 MP Front Camera,,Android v13
457,OnePlus 11 5G,42990,72.0,"Dual Sim, 5G, VoLTE, NFC, Wi-Fi","Snapdragon 8 Gen2, Octa Core, 3.2 GHz Processor","8 GB RAM, 128 GB inbuilt",5000 mAh Battery with 100W Fast Charging,"6.7 inches, 1440 x 3216 px, 120 Hz Display with Punch Hole",50 MP + 48 MP + 32 MP Triple Rear & 16 MP Front Camera,Memory Card Not Supported,Android v13
458,iQOO Z11 5G (8GB RAM + 256GB),44999,74.0,"Dual Sim, 5G, VoLTE, Wi-Fi, IR Blaster","Dimensity 7500 Turbo, Octa Core, 2.6 GHz Processor","8 GB RAM, 256 GB inbuilt",7050 mAh Battery with 44W Fast Charging,"6.83 inches, 1260 x 2800 px, 144 Hz Display with Punch Hole",50 MP + 8 MP Dual Rear & 32 MP Front Camera,Memory Card Not Supported,Android v16
459,Infinix Smart 20,11895,,"Dual Sim, 4G, Wi-Fi, IR Blaster","Helio G81 Ultimate, Octa Core, 2 GHz Processor","4 GB RAM, 64 GB inbuilt",5200 mAh Battery with 15W Fast Charging,"6.78 inches, 720 x 1576 px, 120 Hz Display with Punch Hole",8 MP Rear & 8 MP Front Camera,"Memory Card Supported, upto 2 TB",Android v16
460,Samsung Galaxy A37 5G (8GB RAM + 256 GB),42450,67.0,"Dual Sim, 5G, VoLTE, NFC, Wi-Fi","Exynos 1480, Octa Core, 2.7 GHz Processor","8 GB RAM, 256 GB inbuilt",5000 mAh Battery with 45W Fast Charging,"6.7 inches, 1080 x 2340 px, 120 Hz Display with Punch Hole",50 MP + 8 MP + 5 MP Triple Rear & 12 MP Front Camera,Memory Card Not Supported,Android v16
461,Oppo A6 Pro 5G (8GB+256GB),29999,63.0,"Dual Sim, 5G, Wi-Fi","Dimensity 6300, Octa Core, 2.4 GHz Processor","8 GB RAM, 256 GB inbuilt",7000 mAh Battery with 80W Fast Charging,"6.75 inches, 720 x 1570 px, 120 Hz Display with Punch Hole",50 MP Dual Rear & 16 MP Front Camera,Memory Card (Hybrid),Android v15
462,Xiaomi Redmi 15C 5G (6GB RAM + 128GB),19499,55.0,"Dual Sim, 5G, VoLTE, Wi-Fi","Dimensity 6300, Octa Core, 2.4 GHz Processor","6 GB RAM, 128 GB inbuilt",6000 mAh Battery with 33W Fast Charging,"6.9 inches, 720 x 1600 px, 120 Hz Display with Punch Hole",50 MP + Auxiliary lens Dual Rear & 8 MP Front Camera,"Memory Card Supported, upto 1 TB",Android v15
463,itel Super Guru 4G Max,3497,,"Dual Sim, 4G",,"64 MB RAM, 128 MB inbuilt",2000 mAh Battery,"3 inches, 128 x 320 px Display",0.3 MP Rear Camera,Memory Card Supported,Unknown
464,Samsung Galaxy M36 5G (8GB RAM + 128GB),23999,59.0,"Dual Sim, 5G, VoLTE, Wi-Fi","Exynos 1380, Octa Core, 2.4 GHz Processor","8 GB RAM, 128 GB inbuilt",5000 mAh Battery with 25W Fast Charging,"6.7 inches, 1080 x 2340 px, 120 Hz Display with Punch Hole",50 MP + 8 MP + 2 MP Triple Rear & 13 MP Front Camera,Memory Card (Hybrid),Android v15
465,iQOO Neo 10 (12GB RAM + 256GB),48999,,"Dual Sim, 5G, VoLTE, NFC, Wi-Fi, IR Blaster","Snapdragon 8s Gen4, Octa Core, 3.2 GHz Processor","12 GB RAM, 256 GB inbuilt",7000 mAh Battery with 120W Fast Charging,"6.78 inches, 1260 x 2800 px, 144 Hz Display with Punch Hole",50 MP + 8 MP Dual Rear & 32 MP Front Camera,,Android v15
466,Poco C75 5G (4GB RAM + 128GB),11499,50.0,"Dual Sim, 5G, VoLTE, Wi-Fi","Snapdragon 4s Gen2, Octa Core, 2 GHz Processor","4 GB RAM, 128 GB inbuilt",5160 mAh Battery with 18W Fast Charging,"6.88 inches, 720 x 1650 px, 120 Hz Display with Water Drop Notch",50 MP Dual Rear & 5 MP Front Camera,"Memory Card Supported, upto 1 TB",Android v14
467,Realme 14 Pro Lite 5G,21999,63.0,"Dual Sim, 5G, VoLTE, Wi-Fi","Snapdragon 7s Gen 2, Octa Core, 2.4 GHz Processor","8 GB RAM, 128 GB inbuilt",5200 mAh Battery with 45W Fast Charging,"6.7 inches, 1080 x 2412 px, 120 Hz Display with Punch Hole",50 MP + 8 MP + 2 MP Triple Rear & 32 MP Front Camera,,Android v14
468,Motorola Moto G04s,9999,,"Dual Sim, 4G, VoLTE, Wi-Fi","Unisoc T606, Octa Core, 1.6 GHz Processor","4 GB RAM, 64 GB inbuilt",5000 mAh Battery with 15W Fast Charging,"6.6 inches, 720 x 1612 px, 90 Hz Display with Punch Hole",50 MP Rear & 5 MP Front Camera,"Memory Card Supported, upto 1 TB",Android v14
469,Google Pixel 7A,29999,63.0,"Dual Sim, 5G, VoLTE, NFC, Wi-Fi","Tensor G2, Octa Core, 2.85 GHz Processor","8 GB RAM, 128 GB inbuilt",4385 mAh Battery with 18W Fast Charging,"6.1 inches, 1080 x 2400 px, 90 Hz Display with Punch Hole",64 MP + 13 MP Dual Rear & 13 MP Front Camera,Memory Card Not Supported,Android v13
470,Infinix Hot 30i,9499,,"Dual Sim, 4G, VoLTE, Wi-Fi","Helio G37, Octa Core, 2.3 GHz Processor","8 GB RAM, 128 GB inbuilt",5000 mAh Battery with 10W Fast Charging,"6.6 inches, 720 x 1612 px, 90 Hz Display with Water Drop Notch",50 MP Dual Rear & 8 MP Front Camera,"Memory Card Supported, upto 1 TB",Android v12
471,Xiaomi Redmi Note 15 Pro Plus (16GB RAM + 512GB),49993,,"Dual Sim, 5G, VoLTE, NFC, eSIM, Wi-Fi, IR Blaster","Snapdragon 7s Gen4, Octa Core, 2.7 GHz Processor","16 GB RAM, 512 GB inbuilt",6500 mAh Battery with 100W Fast Charging,"6.83 inches, 1280 x 2772 px, 120 Hz Display with Punch Hole",200 MP + 8 MP Dual Rear & 32 MP Front Camera,Memory Card Not Supported,Android v15
472,Apple iPhone 18 Pro (2TB),314900,,"Dual Sim, 5G, VoLTE, NFC, eSIM, Wi-Fi","Apple A20 Pro, Hexa Core Processor","12 GB RAM, 2 TB inbuilt",4056 mAh Battery with Fast Charging,"6.3 inches, 1206 x 2622 px, 120 Hz Display with Dynamic Island",48 MP + 48 MP + 48 MP Triple Rear & 18 MP Front Camera,Memory Card Not Supported,iOS v27
473,OnePlus Nord CE 6 Lite 5G (8GB RAM + 128GB),30999,64.0,"Dual Sim, 5G, VoLTE, Wi-Fi, IR Blaster","Dimensity 7400 Apex, Octa Core, 2.6 GHz Processor","8 GB RAM, 128 GB inbuilt",7000 mAh Battery with 45W Fast Charging,"6.72 inches, 1080 x 2400 px, 144 Hz Display with Punch Hole",50 MP + 2 MP Dual Rear & 8 MP Front Camera,"Memory Card (Hybrid), upto 2 TB",Android v16
474,Realme 16 5G (8GB RAM + 256GB),34950,70.0,"Dual Sim, 5G, VoLTE, Wi-Fi","Dimensity 6400 Turbo, Octa Core, 2.5 GHz Processor","8 GB RAM, 256 GB inbuilt",7000 mAh Battery with 60W Fast Charging,"6.57 inches, 1080 x 2372 px, 120 Hz Display with Punch Hole",50 MP + 2 MP Dual Rear & 50 MP Front Camera,Memory Card (Hybrid),Android v16
475,Samsung Galaxy A57 (12GB RAM + 256GB),62999,75.0,"Dual Sim, 5G, VoLTE, NFC, eSIM, Wi-Fi","Exynos 1680, Octa Core, 2.9 GHz Processor","12 GB RAM, 256 GB inbuilt",5000 mAh Battery with 45W Fast Charging,"6.7 inches, 1080 x 2340 px, 120 Hz Display with Punch Hole",50 MP + 12 MP + 5 MP Triple Rear & 12 MP Front Camera,Memory Card Not Supported,Android v16
476,Realme Narzo Power 5G (8GB RAM +256GB),34999,75.0,"Dual Sim, 5G, VoLTE, Wi-Fi, IR Blaster","Dimensity 7400 Ultra, Octa Core, 2.6 GHz Processor","8 GB RAM, 256 GB inbuilt",10001 mAh Battery with 80W Fast Charging,"6.8 inches, 1280 x 2800 px, 144 Hz Display with Punch Hole",50 MP + 8 MP Dual Rear & 16 MP Front Camera,Memory Card Not Supported,Android v16
477,Vivo V70 Elite 5G (12GB RAM + 256GB),71999,,"Dual Sim, 5G, VoLTE, NFC, Wi-Fi, IR Blaster","Snapdragon 8s Gen3, Octa Core, 3 GHz Processor","12 GB RAM, 256 GB inbuilt",6500 mAh Battery with 90W Fast Charging,"6.59 inches, 1260 x 2750 px, 120 Hz Display with Punch Hole",50 MP + 50 MP + 8 MP Triple Rear & 50 MP Front Camera,Memory Card Not Supported,Android v16
478,Realme 16 Pro 5G (8GB RAM + 256GB),42999,79.0,"Dual Sim, 5G, VoLTE, Wi-Fi","Dimensity 7300 Max, Octa Core, 2.5 GHz Processor","8 GB RAM, 256 GB inbuilt",7000 mAh Battery with 80W Fast Charging,"6.78 inches, 1272 x 2772 px, 144 Hz Display with Punch Hole",200 MP + 8 MP Dual Rear & 50 MP Front Camera,Memory Card Not Supported,Android v16
479,POCO C71,12230,,"Dual Sim, 4G, VoLTE, Wi-Fi","Unisoc T7250, Octa Core, 1.8 GHz Processor","4 GB RAM, 64 GB inbuilt",5200 mAh Battery with 15W Fast Charging,"6.88 inches, 720 x 1640 px, 120 Hz Display with Water Drop Notch",32 MP Dual Rear & 8 MP Front Camera,"Memory Card Supported, upto 2 TB",Android v15
480,OPPO Reno 13 5G,40999,71.0,"Dual Sim, 5G, VoLTE, NFC, Wi-Fi, IR Blaster","Dimensity 8350, Octa Core, 3.35 GHz Processor","8 GB RAM, 128 GB inbuilt",5600 mAh Battery with 80W Fast Charging,"6.59 inches, 1256 x 2760 px, 120 Hz Display with Punch Hole",50 MP + 8 MP + 2 MP Triple Rear & 50 MP Front Camera,,Android v15
481,Oppo Find X8 Pro 5G,96900,,"Dual Sim, 5G, VoLTE, NFC, Wi-Fi, IR Blaster","Dimensity 9400, Octa Core, 3.63 GHz Processor","16 GB RAM, 512 GB inbuilt",5910 mAh Battery with 80W Fast Charging,"6.78 inches, 1264 x 2780 px, 120 Hz Display with Punch Hole",50 MP Quad Rear & 32 MP Front Camera,,Android v15
482,OPPO Reno 12 5G,32999,66.0,"Dual Sim, 5G, VoLTE, Wi-Fi, IR Blaster","Dimensity 7300, Octa Core, 2.5 GHz Processor","8 GB RAM, 256 GB inbuilt",5000 mAh Battery with 80W Fast Charging,"6.7 inches, 1080 x 2412 px, 120 Hz Display with Punch Hole",50 MP + 8 MP + 2 MP Triple Rear & 32 MP Front Camera,Memory Card (Hybrid),Android v14
483,Nokia 235 4G 2024,3899,,"Dual Sim, 4G, VoLTE","Unisoc T107, 1 GHz Processor","64 MB RAM, 128 MB inbuilt",1450 mAh Battery,"2.8 inches, 240 x 320 px Display",2 MP Rear Camera,Memory Card Supported,
484,Samsung Galaxy A55 5G,42999,64.0,"Dual Sim, 5G, VoLTE, NFC, eSIM, Wi-Fi","Exynos 1480, Octa Core, 2.7 GHz Processor","8 GB RAM, 128 GB inbuilt",5000 mAh Battery with 25W Fast Charging,"6.6 inches, 1080 x 2340 px, 120 Hz Display with Punch Hole",50 MP + 12 MP + 5 MP Triple Rear & 32 MP Front Camera,"Memory Card (Hybrid), upto 1 TB",Android v14
485,Samsung Galaxy S24 Plus,59999,79.0,"Dual Sim, 5G, VoLTE, Vo5G, NFC, eSIM, Wi-Fi","Exynos 2400, Deca Core, 3.2 GHz Processor","12 GB RAM, 256 GB inbuilt",4900 mAh Battery with 45W Fast Charging,"6.7 inches, 1440 x 3120 px, 120 Hz Display with Punch Hole",50 MP + 12 MP + 10 MP Triple Rear & 12 MP Front Camera,,Android v14
486,Vivo V29,31199,64.0,"Dual Sim, 5G, VoLTE, Wi-Fi","Snapdragon 778G, Octa Core, 2.4 GHz Processor","8 GB RAM, 128 GB inbuilt",4600 mAh Battery with 80W Fast Charging,"6.78 inches, 1260 x 2800 px, 120 Hz Display with Punch Hole",50 MP + 8 MP + 2 MP Triple Rear & 50 MP Front Camera,,Android v13
487,Samsung Galaxy S21 FE 5G,74999,68.0,"Dual Sim, 5G, VoLTE, NFC, Wi-Fi","Exynos 2100, Octa Core, 2.9 GHz Processor","8 GB RAM, 128 GB inbuilt",4500 mAh Battery with 25W Fast Charging,"6.4 inches, 1080 x 2340 px, 120 Hz Display with Punch Hole",12 MP + 12 MP + 8 MP Triple Rear & 32 MP Front Camera,Memory Card Not Supported,Android v12
488,Realme 7,17999,52.0,"Dual Sim, 4G, VoLTE, Wi-Fi","Helio  G95, Octa Core, 2.05 GHz Processor","6 GB RAM, 64 GB inbuilt",5000 mAh Battery with 30W Fast Charging,"6.5 inches, 1080 x 2400 px, 90 Hz Display with Punch Hole",64 MP Quad Rear & 16 MP Front Camera,"Memory Card Supported, upto 256 GB",Android v10
489,Realme C2,6999,,"Dual Sim, 4G, VoLTE, Wi-Fi","Helio P22, Octa Core, 2 GHz Processor","2 GB RAM, 16 GB inbuilt",4000 mAh Battery,"6.1 inches, 1560 x 720 px Display with Water Drop Notch",13 MP + 2 MP Dual Rear & 5 MP Front Camera,"Memory Card Supported, upto 256 GB",Android v9.0 (Pie)
490,Jio JioPhone,3499,,"Single Sim, 4G, VoLTE, Wi-Fi","QC8905, Dual Core, 1.2 GHz Processor","512 MB RAM, 4 GB inbuilt",2000 mAh Battery,"2.4 inches, 240 x 320 px Display",2 MP Rear & 0.3 MP Front Camera,"Memory Card Supported, upto 128 GB",Unknown
491,OPPO Reno 16 5G BABYMONSTER Limited,66999,79.0,"Dual Sim, 5G, VoLTE, Vo5G, Wi-Fi, IR Blaster","Snapdragon 7 Gen4, Octa Core, 2.8 GHz Processor","8 GB RAM, 256 GB inbuilt",6700 mAh Battery with 80W Fast Charging,"6.32 inches, 1216 x 2640 px, 120 Hz Display with Punch Hole",50 MP + 50 MP + 50 MP Triple Rear & 50 MP Front Camera,Memory Card Not Supported,Android v16
492,OnePlus N6x (4GB RAM + 128GB),22999,50.0,"Dual Sim, 5G, VoLTE, Wi-Fi","Dimensity 6360 Apex, Octa Core Processor","4 GB RAM, 128 GB inbuilt",7000 mAh Battery with 15W Fast Charging,"6.8 inches, 720 x 1570 px, 120 Hz Display with Punch Hole",13 MP Rear & 5 MP Front Camera,"Memory Card (Hybrid), upto 2 TB",Android v16
493,OnePlus Nord CE 6 Lite 5G (8GB RAM + 256GB),34999,66.0,"Dual Sim, 5G, VoLTE, Wi-Fi, IR Blaster","Dimensity 7400 Apex, Octa Core, 2.6 GHz Processor","8 GB RAM, 256 GB inbuilt",7000 mAh Battery with 45W Fast Charging,"6.72 inches, 1080 x 2400 px, 144 Hz Display with Punch Hole",50 MP + 2 MP Dual Rear & 8 MP Front Camera,"Memory Card (Hybrid), upto 2 TB",Android v16
494,Tecno POP X 5G,15999,52.0,"Dual Sim, 5G, VoLTE, Wi-Fi, IR Blaster","Dimensity 6400, Octa Core, 2.5 GHz Processor","4 GB RAM, 128 GB inbuilt",6500 mAh Battery with 45W Fast Charging,"6.78 inches, 720 x 1576 px, 120 Hz Display with Punch Hole",13 MP Rear & 8 MP Front Camera,"Memory Card Supported, upto 1 TB",Android v16
495,Ai+ Nova 2 Ultra 5G (8GB RAM + 128GB),22999,61.0,"Dual Sim, 5G, VoLTE, Wi-Fi","Dimensity 7400, Octa Core, 2.6 GHz Processor","8 GB RAM, 128 GB inbuilt",6000 mAh Battery with Fast Charging,"6.78 inches, 2772 x 1272 px, 120 Hz Display with Punch Hole",50 MP + 8 MP Dual Rear & 13 MP Front Camera,"Memory Card (Hybrid), upto 1 TB",Android v16
496,iQOO Z11x 5G (8GB RAM + 256GB),32800,66.0,"Dual Sim, 5G, VoLTE, Wi-Fi, IR Blaster","Dimensity 7400 Turbo, Octa Core, 2.6 GHz Processor","8 GB RAM, 256 GB inbuilt",7200 mAh Battery with 44W Fast Charging,"6.76 inches, 1080 x 2344 px, 120 Hz Display with Punch Hole",50 MP + 2 MP Dual Rear & 32 MP Front Camera,,Android v16
497,Realme P4 Power 5G (12GB RAM + 256GB),37999,75.0,"Dual Sim, 5G, VoLTE, Wi-Fi, IR Blaster","Dimensity 7400 Ultra, Octa Core, 2.6 GHz Processor","12 GB RAM, 256 GB inbuilt",10001 mAh Battery with 80W Fast Charging,"6.8 inches, 1280 x 2800 px, 144 Hz Display with Punch Hole",50 MP + 8 MP Dual Rear & 16 MP Front Camera,Memory Card Not Supported,Android v16
498,Poco M8 5G (8GB RAM + 256GB),24350,62.0,"Dual Sim, 5G, VoLTE, Wi-Fi, IR Blaster","Snapdragon 6 Gen3, Octa Core Processor","8 GB RAM, 256 GB inbuilt",5520 mAh Battery with 45W Fast Charging,"6.77 inches, 1080 x 2392 px, 120 Hz Display with Punch Hole",50 MP + 2 MP Dual Rear & 20 MP Front Camera,"Memory Card (Hybrid), upto 1 TB",Android v15
499,Samsung Galaxy F17 5G (8GB RAM + 128GB),20999,59.0,"Dual Sim, 5G, VoLTE, NFC, Wi-Fi","Exynos 1330, Octa Core, 2.4 GHz Processor","8 GB RAM, 128 GB inbuilt",5000 mAh Battery with 25W Fast Charging,"6.7 inches, 1080 x 2340 px, 90 Hz Display with Water Drop Notch",50 MP + 5 MP + 2 MP Triple Rear & 13 MP Front Camera,"Memory Card (Hybrid), upto 2 TB",Android v15
500,POCO C85 5G (6GB RAM + 128GB),18115,58.0,"Dual Sim, 5G, VoLTE, NFC, Wi-Fi","Dimensity 6300, Octa Core, 2.4 GHz Processor","6 GB RAM, 128 GB inbuilt",6000 mAh Battery with 33W Fast Charging,"6.9 inches, 720 x 1600 px, 120 Hz Display with Punch Hole",50 MP Dual Rear & 8 MP Front Camera,"Memory Card (Hybrid), upto 1 TB",Android v15
501,Nothing Phone 3a Lite (8GB RAM + 256GB),29999,64.0,"Dual Sim, 5G, VoLTE, NFC, Wi-Fi","Dimensity 7300 Pro, Octa Core, 2.5 GHz Processor","8 GB RAM, 256 GB inbuilt",5000 mAh Battery with 33W Fast Charging,"6.77 inches, 1084 x 2392 px, 120 Hz Display with Punch Hole",50 MP + 8 MP + 2 MP Triple Rear & 16 MP Front Camera,"Memory Card (Hybrid), upto 2 TB",Android v15
502,Realme 15x 5G,24999,59.0,"Dual Sim, 5G, VoLTE, Wi-Fi","Dimensity 6300, Octa Core, 2.4 GHz Processor","6 GB RAM, 128 GB inbuilt",7000 mAh Battery with 60W Fast Charging,"6.81 inches, 720 x 1570 px, 144 Hz Display with Punch Hole",50 MP + 2 MP Dual Rear & 50 MP Front Camera,Memory Card (Hybrid),Android v15
503,Motorola Edge 60 5G,31899,75.0,"Dual Sim, 5G, VoLTE, Vo5G, NFC, Wi-Fi","Dimensity 7400, Octa Core, 2.6 GHz Processor","12 GB RAM, 256 GB inbuilt",5500 mAh Battery with 68W Fast Charging,"6.7 inches, 1220 x 2712 px, 120 Hz Display with Punch Hole",50 MP + 50 MP + 10 MP Triple Rear & 50 MP Front Camera,"Memory Card (Hybrid), upto 1 TB",Android v15
504,Poco X8 (8GB RAM + 128GB),32999,67.0,"Dual Sim, 5G, VoLTE, Vo5G, NFC, Wi-Fi, IR Blaster","Snapdragon 6s Gen4, Octa Core, 2.4 GHz Processor","8 GB RAM, 128 GB inbuilt",9000 mAh Battery with 67W Fast Charging,"6.83 inches, 1280 x 2772 px, 120 Hz Display with Punch Hole",50 MP + 2 MP Dual Rear & 16 MP Front Camera,,Android v16
505,Nothing Phone 4b (8GB RAM + 256GB),35095,68.0,"Dual Sim, 5G, VoLTE, Wi-Fi","Snapdragon 6 Gen4, Octa Core, 2.3 GHz Processor","8 GB RAM, 256 GB inbuilt",6000 mAh Battery with 33W Fast Charging,"6.77 inches, 1080 x 2344 px, 120 Hz Display with Punch Hole",50 MP + 8 MP Dual Rear & 16 MP Front Camera,,Android v16
506,Oppo A6c 4G,16999,,"Dual Sim, 4G, Wi-Fi","Unisoc T7250, Octa Core, 1.8 GHz Processor","4 GB RAM, 64 GB inbuilt",7000 mAh Battery with 15W Fast Charging,"6.75 inches, 720 x 1570 px, 120 Hz Display with Water Drop Notch",13 MP Rear & 5 MP Front Camera,Memory Card (Hybrid),Android v15
507,iQOO Z11 5G (8GB RAM + 128GB),39999,72.0,"Dual Sim, 5G, VoLTE, Wi-Fi, IR Blaster","Dimensity 7500 Turbo, Octa Core, 2.6 GHz Processor","8 GB RAM, 128 GB inbuilt",7050 mAh Battery with 44W Fast Charging,"6.83 inches, 1260 x 2800 px, 144 Hz Display with Punch Hole",50 MP + 8 MP Dual Rear & 32 MP Front Camera,Memory Card Not Supported,Android v16
508,Poco X8 Pro 5G (12GB RAM + 256GB),42999,77.0,"Dual Sim, 5G, VoLTE, Wi-Fi, IR Blaster","Dimensity 8500 Ultra, Octa Core, 3.4 GHz Processor","12 GB RAM, 256 GB inbuilt",6500 mAh Battery with 100W Fast Charging,"6.59 inches, 2756 x 1268 px, 120 Hz Display with Punch Hole",50 MP + 8 MP Dual Rear & 20 MP Front Camera,,Android v16
509,Oppo A6 5G (6GB RAM + 256GB),27999,59.0,"Dual Sim, 5G, NFC, Wi-Fi","Dimensity 6300, Octa Core, 2.4 GHz Processor","6 GB RAM, 256 GB inbuilt",7000 mAh Battery with 45W Fast Charging,"6.75 inches, 720 x 1570 px, 120 Hz Display with Punch Hole",50 MP + 2 MP Dual Rear & 8 MP Front Camera,Memory Card Supported,Android v15
510,Realme P4 5G (8GB RAM + 128GB),30985,66.0,"Dual Sim, 5G, VoLTE, Wi-Fi, IR Blaster","Dimensity 7400 Ultra, Octa Core, 2.6 GHz Processor","8 GB RAM, 128 GB inbuilt",7000 mAh Battery with 80W Fast Charging,"6.77 inches, 1080 x 2392 px, 144 Hz Display with Punch Hole",50 MP + 8 MP Dual Rear & 16 MP Front Camera,,Android v15
511,iQOO Z10 Lite,18999,52.0,"Dual Sim, 5G, VoLTE, Wi-Fi","Dimensity 6300, Octa Core, 2.4 GHz Processor","4 GB RAM, 128 GB inbuilt",6000 mAh Battery with 15W Fast Charging,"6.74 inches, 720 x 1600 px, 90 Hz Display",50 MP + 2 MP Dual Rear & 5 MP Front Camera,,Android v15
512,Samsung Galaxy F56 5G,32499,64.0,"Dual Sim, 5G, VoLTE, Wi-Fi","Exynos 1480, Octa Core, 2.7 GHz Processor","8 GB RAM, 128 GB inbuilt",5000 mAh Battery with 45W Fast Charging,"6.74 inches, 1080 x 2340 px, 120 Hz Display with Punch Hole",50 MP + 8 MP + 2 MP Triple Rear & 12 MP Front Camera,Memory Card Not Supported,Android v15
513,Samsung Galaxy F06 5G,13999,,"Dual Sim, 5G, VoLTE, Wi-Fi","Dimensity 6300, Octa Core, 2.4 GHz Processor","4 GB RAM, 128 GB inbuilt",5000 mAh Battery with 25W Fast Charging,"6.7 inches, 720 x 1600 px Display with Water Drop Notch",50 MP + 2 MP Dual Rear & 8 MP Front Camera,"Memory Card (Hybrid), upto 1 TB",Android v15
514,Jio Bharat B2,1499,,"Single Sim, 4G, VoLTE",1 MHz Processor,"36 MB RAM, 36 MB inbuilt",2000 mAh Battery,"2.4 inches, 240 x 320 px Display",0.3 MP Rear Camera,"Memory Card Supported, upto 128 GB",Unknown
515,Samsung Galaxy Z Fold 6,145999,,"Dual Sim, 5G, VoLTE, Vo5G, NFC, eSIM, Wi-Fi","Snapdragon 8 Gen 3, Octa Core, 3.39 GHz Processor","12 GB RAM, 256 GB inbuilt",4400 mAh Battery with 25W Fast Charging,"7.6 inches, 1856 x 2160 px, 120 Hz Display with Punch Hole",50 MP + 12 MP + 10 MP Triple Rear & 10 MP + 4 MP Dual Front Camera,Unknown,Android v14
516,Nokia 3210 4G (2024),4149,,"Dual Sim, 4G","Unisoc T107, 1 GHz Processor","64 MB RAM, 128 MB inbuilt",1450 mAh Battery,"2.4 inches, 240 x 320 px Display",2 MP Rear Camera,"Memory Card Supported, upto 32 GB",
517,Samsung Galaxy S24 5G,59449,77.0,"Dual Sim, 5G, VoLTE, Vo5G, NFC, eSIM, Wi-Fi","Exynos 2400, Deca Core, 3.2 GHz Processor","8 GB RAM, 256 GB inbuilt",4000 mAh Battery with 25W Fast Charging,"6.2 inches, 1080 x 2340 px, 120 Hz Display with Punch Hole",50 MP + 12 MP + 10 MP Triple Rear & 12 MP Front Camera,,Android v14
518,Samsung Galaxy Z Flip 4 (8GB RAM + 256GB),51999,72.0,"Dual Sim, 5G, VoLTE, NFC, eSIM, Wi-Fi","Snapdragon  8+ Gen1, Octa Core, 3.2 GHz Processor","8 GB RAM, 256 GB inbuilt",3700 mAh Battery with 25W Fast Charging,"6.7 inches, 1080 x 2640 px, 120 Hz Display with Punch Hole",12 MP + 12 MP Dual Rear & 10 MP Front Camera,Memory Card Not Supported,
519,Realme P4s 5G (12GB RAM + 256GB),41999,74.0,"Dual Sim, 5G, VoLTE, Wi-Fi, IR Blaster","Dimensity 7400, Octa Core, 2.6 GHz Processor","12 GB RAM, 256 GB inbuilt",8000 mAh Battery with 80W Fast Charging,"6.78 inches, 1272 x 2772 px, 144 Hz Display with Punch Hole",50 MP + 2 MP Dual Rear & 16 MP Front Camera,Memory Card Not Supported,Android v16
520,Lava Bold N4 Lite,8399,,"Dual Sim, 4G, VoLTE, Wi-Fi","Unisoc 9863A, Octa Core Processor","3 GB RAM, 32 GB inbuilt",5000 mAh Battery with 10W Fast Charging,"6.56 inches, 540 x 960 px Display with Water Drop Notch",8 MP Rear & 5 MP Front Camera,Memory Card Supported,Android v16
521,Vivo T5 Lite 5G (6GB RAM + 256GB),26999,58.0,"Dual Sim, 5G, VoLTE, Wi-Fi","Dimensity 6300, Octa Core, 2.4 GHz Processor","6 GB RAM, 256 GB inbuilt",6500 mAh Battery with 44W Fast Charging,"6.74 inches, 720 x 1600 px, 120 Hz Display with Water Drop Notch",50 MP + 0.08 MP Dual Rear & 5 MP Front Camera,"Memory Card (Hybrid), upto 2 TB",Android v16
522,Infinix Hot 70 Pro (8GB RAM + 128GB),27999,63.0,"Dual Sim, 5G, NFC, Wi-Fi, IR Blaster","Dimensity 7100, Octa Core, 2.4 GHz Processor","8 GB RAM, 128 GB inbuilt",6000 mAh Battery with 45W Fast Charging,"6.76 inches, 1080 x 2344 px, 144 Hz Display with Punch Hole",50 MP Dual Rear & 8 MP Front Camera,Memory Card Supported,Android v16
523,Tecno Pova 8 5G,29999,63.0,"Dual Sim, 5G, VoLTE, NFC, Wi-Fi, IR Blaster","Dimensity 7100, Octa Core, 2.4 GHz Processor","6 GB RAM, 128 GB inbuilt",8000 mAh Battery with Fast Charging,"6.76 inches, 1080 x 2344 px, 144 Hz Display with Punch Hole",50 MP Dual Rear & 13 MP Front Camera,"Memory Card (Hybrid), upto 1 TB",Android v16
524,Xiaomi Redmi Note 15 SE 5G (8GB RAM + 256GB),28999,67.0,"Dual Sim, 5G, VoLTE, Wi-Fi, IR Blaster","Snapdragon 6 Gen3, Octa Core, 2.4 GHz Processor","8 GB RAM, 256 GB inbuilt",5800 mAh Battery with 45W Fast Charging,"6.77 inches, 2392 x 1080 px, 120 Hz Display with Punch Hole",50 MP + 2 MP Dual Rear & 20 MP Front Camera,"Memory Card (Hybrid), upto 1 TB",Android v15
525,Oppo A6s 5G,21499,54.0,"Dual Sim, 5G, Wi-Fi","Dimensity 6300, Octa Core, 2.4 GHz Processor","4 GB RAM, 128 GB inbuilt",6500 mAh Battery with 45W Fast Charging,"6.75 inches, 720 x 1570 px, 120 Hz Display with Punch Hole",50 MP Dual Rear & 5 MP Front Camera,Memory Card (Hybrid),Android v15
526,Vivo Y51 Pro 5G (256GB),37999,62.0,"Dual Sim, 5G, VoLTE, Wi-Fi, IR Blaster","Dimensity 7360 Turbo, Octa Core, 2.5 GHz Processor","8 GB RAM, 256 GB inbuilt",7200 mAh Battery with 44W Fast Charging,"6.75 inches, 720 x 1570 px, 120 Hz Display with Punch Hole",50 MP + 2 MP Dual Rear & 8 MP Front Camera,Memory Card Not Supported,Android v16
527,Samsung Galaxy S25 FE (8GB RAM + 512GB),77999,77.0,"Dual Sim, 5G, VoLTE, Vo5G, NFC, eSIM, Wi-Fi","Exynos 2400, Deca Core, 3.2 GHz Processor","8 GB RAM, 512 GB inbuilt",4900 mAh Battery with 45W Fast Charging,"6.7 inches, 1080 x 2340 px, 120 Hz Display with Punch Hole",50 MP + 12 MP + 8 MP Triple Rear & 12 MP Front Camera,Memory Card Not Supported,Android v16
528,Apple iPhone 17 Pro Max (1TB),183990,,"Dual Sim, 5G, VoLTE, NFC, eSIM, Wi-Fi","Apple A19 Pro, Hexa Core Processor","12 GB RAM, 1 TB inbuilt",4832 mAh Battery with Fast Charging,"6.9 inches, 1320 x 2868 px, 120 Hz Display with Dynamic Island",48 MP + 48 MP + 48 MP Triple Rear & 18 MP Front Camera,Memory Card Not Supported,iOS v26
529,Realme P3 Ultra (12GB RAM + 256GB),33499,68.0,"Dual Sim, 5G, VoLTE, Wi-Fi, IR Blaster","Dimensity 8350 Ultra, Octa Core, 3.35 GHz Processor","12 GB RAM, 256 GB inbuilt",6000 mAh Battery with 80W Fast Charging,"6.83 inches, 1272 x 2800 px, 120 Hz Display with Punch Hole",50 MP + 8 MP Dual Rear & 16 MP Front Camera,Memory Card Not Supported,Android v15
530,Samsung Galaxy M06 5G,16999,,"Dual Sim, 5G, VoLTE, Wi-Fi","Dimensity 6300, Octa Core, 2.4 GHz Processor","4 GB RAM, 128 GB inbuilt",5000 mAh Battery with 25W Fast Charging,"6.74 inches, 720 x 1600 px, 90 Hz Display with Water Drop Notch",50 MP + 2 MP Dual Rear & 8 MP Front Camera,"Memory Card (Hybrid), upto 1.5 TB",Android v15
531,Samsung Galaxy A56 5G (12GB RAM + 256GB),42500,66.0,"Dual Sim, 5G, VoLTE, NFC, eSIM, Wi-Fi","Exynos 1580, Octa Core, 2.9 GHz Processor","12 GB RAM, 256 GB inbuilt",5000 mAh Battery with 45W Fast Charging,"6.7 inches, 1080 x 2340 px, 120 Hz Display with Punch Hole",50 MP + 12 MP + 5 MP Triple Rear & 12 MP Front Camera,,Android v15
532,Google Pixel 9 Pro,90999,,"Dual Sim, 5G, VoLTE, Vo5G, NFC, Wi-Fi","Tensor G4, Octa Core, 3.1 GHz Processor","16 GB RAM, 256 GB inbuilt",4700 mAh Battery with 27W Fast Charging,"6.3 inches, 1280 x 2856 px, 120 Hz Display with Punch Hole",50 MP + 48 MP + 48 MP Triple Rear & 42 MP Front Camera,,Android v14
533,Samsung Galaxy F55 5G (8GB RAM + 256GB),29999,66.0,"Dual Sim, 5G, VoLTE, NFC, Wi-Fi","Snapdragon 7 Gen1, Octa Core, 2.4 GHz Processor","8 GB RAM, 256 GB inbuilt",5000 mAh Battery with 45W Fast Charging,"6.7 inches, 1080 x 2400 px, 120 Hz Display with Punch Hole",50 MP + 8 MP + 2 MP Triple Rear & 50 MP Front Camera,"Memory Card (Hybrid), upto 1 TB",Android v14
534,OPPO Reno 10,35900,67.0,"Dual Sim, 5G, VoLTE, NFC, Wi-Fi, IR Blaster","Dimensity 7050, Octa Core, 2.6 GHz Processor","8 GB RAM, 256 GB inbuilt",5000 mAh Battery with 67W Fast Charging,"6.7 inches, 1080 x 2412 px, 120 Hz Display with Punch Hole",64 MP + 32 MP + 8 MP Triple Rear & 32 MP Front Camera,Memory Card (Hybrid),Android v13
535,Nokia 106 4G,2324,,"Dual Sim, 4G, VoLTE",Unknown,4 MB RAM,1450 mAh Battery,"1.8 inches, 120 x 160 px Display",No Rear Camera,"Memory Card Supported, upto 32 GB",Unknown
536,Tecno Pova 8 Pro 5G,49999,74.0,"Dual Sim, 5G, VoLTE, NFC, Wi-Fi, IR Blaster","Dimensity 7400 Ultimate, Octa Core, 2.6 GHz Processor","8 GB RAM, 256 GB inbuilt",6500 mAh Battery with 45W Fast Charging,"6.78 inches, 1208 x 2644 px, 144 Hz Display with Punch Hole",50 MP + 8 MP Dual Rear & 13 MP Front Camera,,Android v16
537,Google Pixel 11 Pro (16GB RAM + 512GB),134999,,"Dual Sim, 5G, VoLTE, Vo5G, NFC, eSIM, Wi-Fi",Tensor G6,"16 GB RAM, 512 GB inbuilt",4850 mAh Battery with Fast Charging,"6.3 inches, 1280 x 2856 px, 120 Hz Display with Punch Hole",50 MP + 48 MP + 48 MP Triple Rear & 42 MP Front Camera,,Android v17
538,Poco M8 Power 5G (8GB RAM + 128GB),26876,64.0,"Dual Sim, 5G, VoLTE, Wi-Fi, IR Blaster","Snapdragon 4 Gen4, Octa Core, 2.3 GHz Processor","8 GB RAM, 128 GB inbuilt",8000 mAh Battery with 45W Fast Charging,"6.99 inches, 2396 x 1080 px, 120 Hz Display with Punch Hole",50 MP Dual Rear & 8 MP Front Camera,"Memory Card Supported, upto 1 TB",Android v16
539,Lava Virat V1 4G,9929,,"Dual Sim, 4G, VoLTE, Wi-Fi",Unisoc 9863a,"4 GB RAM, 64 GB inbuilt",5000 mAh Battery with 10W Fast Charging,"6.75 inches, 720 x 1600 px, 90 Hz Display with Punch Hole",13 MP Dual Rear & 5 MP Front Camera,"Memory Card (Hybrid), upto 256 GB",Android 15 Go
540,Lava A7 Torch 2026,1649,,Dual Sim,,"32 MB RAM, 32 MB inbuilt",2575 mAh Battery,"2.4 inches, 320 x 240 px Display",0.3 MP Rear Camera,"Memory Card Supported, upto 32 GB",Unknown
541,Vivo T5e,13999,,"Dual Sim, 4G, VoLTE, Wi-Fi","Unisoc T7225, Octa Core, 1.8 GHz Processor","4 GB RAM, 64 GB inbuilt",5500 mAh Battery with 15W Fast Charging,"6.74 inches, 1600 x 720 px, 90 Hz Display with Water Drop Notch",8 MP Rear & 5 MP Front Camera,"Memory Card Supported, upto 2 TB",Android v16
542,Ai+ Nova 2 Neo 5G (4GB RAM + 64GB),14800,53.0,"Dual Sim, 5G, VoLTE, Wi-Fi","Dimensity 6300, Octa Core, 2.4 GHz Processor","4 GB RAM, 64 GB inbuilt",6000 mAh Battery with Fast Charging,"6.75 inches, 720 x 1600 px, 120 Hz Display with Water Drop Notch",48 MP Rear & 8 MP Front Camera,"Memory Card Supported, upto 2 TB",Android v16
543,Vivo Y21 5G (6GB RAM + 128GB),25999,59.0,"Dual Sim, 5G, VoLTE, NFC, Wi-Fi, IR Blaster","Dimensity 6300, Octa Core, 2.4 GHz Processor","6 GB RAM, 128 GB inbuilt",6500 mAh Battery with 44W Fast Charging,"6.74 inches, 720 x 1600 px, 120 Hz Display with Water Drop Notch",50 MP + 0.08 MP Dual Rear & 5 MP Front Camera,Memory Card Supported,Android v16
544,Xiaomi Redmi 15A 5G (4GB RAM + 128GB),17290,58.0,"Dual Sim, 5G, VoLTE, Wi-Fi, IR Blaster","Unisoc T8300, Octa Core, 2.2 GHz Processor","4 GB RAM, 128 GB inbuilt",6300 mAh Battery with 33W Fast Charging,"6.9 inches, 720 x 1600 px, 120 Hz Display with Punch Hole",32 MP Rear & 8 MP Front Camera,"Memory Card (Hybrid), upto 1 TB",Android v16
545,OPPO K14x 5G (4GB RAM + 64GB),17499,54.0,"Dual Sim, 5G, VoLTE, Wi-Fi","Dimensity 6300, Octa Core, 2.4 GHz Processor","4 GB RAM, 64 GB inbuilt",6500 mAh Battery with 45W Fast Charging,"6.75 inches, 720 x 1570 px, 120 Hz Display with Punch Hole",50 MP + 2 MP Dual Rear & 5 MP Front Camera,Memory Card (Hybrid),Android v15
546,Samsung Galaxy S26 (12GB RAM + 512GB),99999,76.0,"Dual Sim, 5G, VoLTE, Vo5G, NFC, eSIM, Wi-Fi","Exynos 2600, Deca Core, 3.8 GHz Processor","12 GB RAM, 512 GB inbuilt",4300 mAh Battery with 25W Fast Charging,"6.3 inches, 1080 x 2340 px, 120 Hz Display with Punch Hole",50 MP + 12 MP + 10 MP Triple Rear & 12 MP Front Camera,,Android v16
547,Vivo T4 Lite 5G (4GB RAM + 64GB),16899,52.0,"Dual Sim, 5G, VoLTE, Wi-Fi","Dimensity 6300, Octa Core, 2.4 GHz Processor","4 GB RAM, 64 GB inbuilt",6000 mAh Battery with 15W Fast Charging,"6.74 inches, 720 x 1600 px, 90 Hz Display with Water Drop Notch",50 MP + 2 MP Dual Rear & 5 MP Front Camera,"Memory Card Supported, upto 2 TB",Android v15
548,OPPO Reno 15 5G (12GB RAM + 256GB),50999,,"Dual Sim, 5G, VoLTE, Wi-Fi, IR Blaster","Snapdragon 7 Gen4, Octa Core, 2.8 GHz Processor","12 GB RAM, 256 GB inbuilt",6500 mAh Battery with 80W Fast Charging,"6.59 inches, 1256 x 2760 px, 120 Hz Display with Punch Hole",50 MP + 50 MP + 8 MP Triple Rear & 50 MP Front Camera,Memory Card Not Supported,Android v16
549,Xiaomi Redmi 15 5G (8GB RAM + 128GB),23499,62.0,"Dual Sim, 5G, VoLTE, Wi-Fi, IR Blaster","Snapdragon 6s Gen3, Octa Core, 2.3 GHz Processor","8 GB RAM, 128 GB inbuilt",7000 mAh Battery with 33W Fast Charging,"6.9 inches, 1080 x 2340 px, 144 Hz Display with Punch Hole",50 MP Dual Rear & 8 MP Front Camera,"Memory Card (Hybrid), upto 1 TB",Android v15
550,Realme 15T (8GB RAM + 256GB),29999,67.0,"Dual Sim, 5G, VoLTE, Wi-Fi, IR Blaster","Dimensity 6400 Max, Octa Core, 2.5 GHz Processor","8 GB RAM, 256 GB inbuilt",7000 mAh Battery with 60W Fast Charging,"6.57 inches, 1080 x 2372 px, 120 Hz Display with Punch Hole",50 MP + 2 MP Dual Rear & 50 MP Front Camera,"Memory Card (Hybrid), upto 2 TB",Android v15
551,Vivo T4 Lite 5G (6 GB RAM +128 GB),20999,53.0,"Dual Sim, 5G, VoLTE, Wi-Fi","Dimensity 6300, Octa Core, 2.4 GHz Processor","6 GB RAM, 128 GB inbuilt",6000 mAh Battery with 15W Fast Charging,"6.74 inches, 720 x 1600 px, 90 Hz Display with Water Drop Notch",50 MP + 2 MP Dual Rear & 5 MP Front Camera,"Memory Card Supported, upto 2 TB",Android v15
552,Samsung Galaxy A26 (6GB RAM + 128GB),24999,64.0,"Dual Sim, 5G, VoLTE, NFC, Wi-Fi","Exynos 1380, Octa Core, 2.4 GHz Processor","6 GB RAM, 128 GB inbuilt",5000 mAh Battery with 25W Fast Charging,"6.7 inches, 1080 x 2340 px, 120 Hz Display with Water Drop Notch",50 MP + 8 MP + 2 MP Triple Rear & 13 MP Front Camera,"Memory Card (Hybrid), upto 2 TB",Android v15
553,Samsung Galaxy M35 5G,28999,61.0,"Dual Sim, 5G, VoLTE, NFC, Wi-Fi","Exynos 1380, Octa Core, 2.4 GHz Processor","6 GB RAM, 128 GB inbuilt",6000 mAh Battery with 25W Fast Charging,"6.6 inches, 1080 x 2340 px, 120 Hz Display with Punch Hole",50 MP + 8 MP + 2 MP Triple Rear & 13 MP Front Camera,"Memory Card (Hybrid), upto 1 TB",Android v14
554,Xiaomi 14 Civi (12GB RAM + 512GB),54990,75.0,"Dual Sim, 5G, VoLTE, Vo5G, NFC, Wi-Fi, IR Blaster","Snapdragon 8s Gen3, Octa Core, 3 GHz Processor","12 GB RAM, 512 GB inbuilt",4700 mAh Battery with 67W Fast Charging,"6.55 inches, 1236 x 2750 px, 120 Hz Display with Punch Hole",50 MP + 50 MP + 12 MP Triple Rear & 32 MP + 32 MP Dual Front Camera,,Android v14
555,Samsung Galaxy S24 Ultra (12GB RAM + 512GB),129999,,"Dual Sim, 5G, VoLTE, Vo5G, NFC, eSIM, Wi-Fi","Snapdragon 8 Gen3, Octa Core, 3.3 GHz Processor","12 GB RAM, 512 GB inbuilt",5000 mAh Battery with 45W Fast Charging,"6.8 inches, 1440 x 3120 px, 120 Hz Display with Punch Hole",200 MP Quad Rear & 12 MP Front Camera,Memory Card Not Supported,Android v14
556,Poco X6 5G,27990,63.0,"Dual Sim, 5G, VoLTE, Wi-Fi, IR Blaster","Snapdragon 7s Gen 2, Octa Core, 2.4 GHz Processor","8 GB RAM, 256 GB inbuilt",5100 mAh Battery with 67W Fast Charging,"6.67 inches, 1220 x 2712 px, 120 Hz Display with Punch Hole",64 MP + 8 MP + 2 MP Triple Rear & 16 MP Front Camera,,Android v13
557,Samsung Galaxy S23 FE 5G,54999,72.0,"Dual Sim, 5G, VoLTE, Vo5G, NFC, Wi-Fi","Exynos 2200, Octa Core, 2.8 GHz Processor","8 GB RAM, 128 GB inbuilt",4500 mAh Battery with 25W Fast Charging,"6.4 inches, 1080 x 2340 px, 120 Hz Display with Punch Hole",50 MP + 12 MP + 8 MP Triple Rear & 10 MP Front Camera,Memory Card Not Supported,Android v13
558,Motorola Razr 40,54990,77.0,"Dual Sim, 5G, VoLTE, NFC, Wi-Fi","Snapdragon 7 Gen1, Octa Core, 2.4 GHz Processor","8 GB RAM, 256 GB inbuilt",4200 mAh Battery with 30W Fast Charging,"6.9 inches, 1080 x 2640 px, 144 Hz Display with Punch Hole",64 MP + 13 MP Dual Rear & 32 MP Front Camera,Memory Card Not Supported,
559,Samsung Galaxy S22 5G,85999,74.0,"Dual Sim, 5G, VoLTE, Vo5G, NFC, Wi-Fi","Snapdragon  8 Gen1, Octa Core, 3 GHz Processor","8 GB RAM, 128 GB inbuilt",3700 mAh Battery with 25W Fast Charging,"6.1 inches, 1080 x 2340 px, 120 Hz Display with Punch Hole",50 MP + 12 MP + 10 MP Triple Rear & 10 MP Front Camera,,Android v12
560,Ringme R1 Mini 27c,950,,Dual Sim,1 MHz Processor,"32 MB RAM, 32 MB inbuilt",600 mAh Battery with Fast Charging,"0.66 inches, 240 x 320 px Display",No Rear Camera,"Memory Card (Hybrid), upto 32 TB",Unknown
561,Motorola Moto G77 Power (4GB RAM + 128GB),23999,63.0,"Dual Sim, 5G, VoLTE, Wi-Fi","Dimensity 6400, Octa Core, 2.5 GHz Processor","4 GB RAM, 128 GB inbuilt",7000 mAh Battery with 30W Fast Charging,"6.72 inches, 1080 x 2400 px, 120 Hz Display with Punch Hole",50 MP + 8 MP Dual Rear & 32 MP Front Camera,"Memory Card (Hybrid), upto 1 TB",Android v16
562,Lava Virat V1 5G (4GB RAM + 128GB),14499,,"Dual Sim, 5G, VoLTE, Vo5G, Wi-Fi","Unisoc T8200, Octa Core Processor","4 GB RAM, 128 GB inbuilt",6000 mAh Battery with 10W Fast Charging,"6.75 inches, 720 x 1600 px, 120 Hz Display with Punch Hole",13 MP Dual Rear & 5 MP Front Camera,"Memory Card (Hybrid), upto 1 TB",Android v16
563,iQOO Z11 Lite 5G (6GB RAM + 128GB),22499,57.0,"Dual Sim, 5G, VoLTE, Wi-Fi","Dimensity 6300, Octa Core, 2.4 GHz Processor","6 GB RAM, 128 GB inbuilt",6500 mAh Battery with 44W Fast Charging,"6.74 inches, 720 x 1600 px, 120 Hz Display with Water Drop Notch",50 MP + 0.08 MP Dual Rear & 5 MP Front Camera,"Memory Card (Hybrid), upto 2 TB",Android v16
564,Peace i17 Air,9499,,"Dual Sim, 4G, VoLTE, Wi-Fi",,,5000 mAh Battery,"6.56 inches, 1640 x 720 px Display",20 MP Rear & 8 MP Front Camera,"Memory Card Supported, upto 128 GB",Android v14.0
565,Vivo Y21 5G (4GB RAM + 64GB),19499,55.0,"Dual Sim, 5G, VoLTE, NFC, Wi-Fi, IR Blaster","Dimensity 6300, Octa Core, 2.4 GHz Processor","4 GB RAM, 64 GB inbuilt",6500 mAh Battery with 44W Fast Charging,"6.74 inches, 720 x 1600 px, 120 Hz Display with Water Drop Notch",50 MP + 0.08 MP Dual Rear & 5 MP Front Camera,Memory Card Supported,Android v16
566,Vivo T5 5G (12GB RAM + 256GB),49999,76.0,"Dual Sim, 5G, VoLTE, Wi-Fi, IR Blaster","Dimensity 7500 Turbo, Octa Core, 2.6 GHz Processor","12 GB RAM, 256 GB inbuilt",7050 mAh Battery with 44W Fast Charging,"6.83 inches, 1260 x 2800 px, 144 Hz Display with Punch Hole",50 MP + 8 MP Dual Rear & 32 MP Front Camera,Memory Card Not Supported,Android v16
567,Samsung Galaxy Z Flip 8 5G,114999,,"Dual Sim, 5G, VoLTE, Vo5G, NFC, eSIM, Wi-Fi","Exynos 2600, Deca Core, 3.8 GHz Processor","12 GB RAM, 256 GB inbuilt",4300 mAh Battery with 25W Fast Charging,"6.9 inches, 1080 x 2520 px, 120 Hz Display with Punch Hole",50 MP + 12 MP Dual Rear & 10 MP Front Camera,Memory Card Not Supported,
568,Samsung Galaxy Z Fold 8 (16GB RAM + 1TB),234999,,"Dual Sim, 5G, VoLTE, Vo5G, NFC, eSIM, Wi-Fi","Snapdragon 8 Elite Gen 5 for Galaxy, Octa Core, 4.74 GHz Processor","16 GB RAM, 1 TB inbuilt",4800 mAh Battery with 45W Fast Charging,"7.6 inches, 1828 x 2448 px, 120 Hz Display with Punch Hole",50 MP + 50 MP Dual Rear & 10 MP + 10 MP Dual Front Camera,Unknown,Android v17
569,OPPO Reno 16C 5G (12GB RAM + 256GB),59999,77.0,"Dual Sim, 5G, VoLTE, Vo5G, Wi-Fi","Dimensity 7300 Energy, Octa Core, 2.5 GHz Processor","12 GB RAM, 256 GB inbuilt",7000 mAh Battery with 80W Fast Charging,"6.57 inches, 2372 x 1080 px, 120 Hz Display with Punch Hole",50 MP + 50 MP + 8 MP Triple Rear & 50 MP Front Camera,Memory Card (Hybrid),Android v16
570,Ai+ Nova 2 Pro 5G (8GB RAM + 128GB),19999,57.0,"Dual Sim, 5G, VoLTE, Wi-Fi","Dimensity 7100, Octa Core, 2.4 GHz Processor","8 GB RAM, 128 GB inbuilt",6000 mAh Battery with 18W Fast Charging,"6.9 inches, 2340 x 1080 px, 144 Hz Display with Punch Hole",48 MP + 8 MP Dual Rear & 13 MP Front Camera,"Memory Card Supported, upto 2 TB",Android v16
571,Poco X8 Pro Iron Man Edition,41999,77.0,"Dual Sim, 5G, VoLTE, Wi-Fi, IR Blaster","Dimensity 8500 Ultra, Octa Core, 3.4 GHz Processor","12 GB RAM, 256 GB inbuilt",6500 mAh Battery with 100W Fast Charging,"6.59 inches, 2756 x 1268 px, 120 Hz Display with Punch Hole",50 MP + 8 MP Dual Rear & 20 MP Front Camera,,Android v16
572,Ai+ Pulse 2,10284,,"Dual Sim, 4G, VoLTE, Wi-Fi","Unisoc T7250, Octa Core, 1.8 GHz Processor","4 GB RAM, 64 GB inbuilt",6000 mAh Battery with 10W Fast Charging,"6.75 inches, 720 x 1600 px, 120 Hz Display with Water Drop Notch",50 MP Dual Rear & 8 MP Front Camera,"Memory Card Supported, upto 1 TB",Android v16
573,Realme C83 5G (4GB RAM + 128GB),18499,52.0,"Dual Sim, 5G, VoLTE, Wi-Fi","Dimensity 6300, Octa Core, 2.4 GHz Processor","4 GB RAM, 128 GB inbuilt",7000 mAh Battery with 15W Fast Charging,"6.8 inches, 720 x 1570 px, 144 Hz Display with Punch Hole",13 MP Rear & 5 MP Front Camera,"Memory Card (Hybrid), upto 2 TB",Android v16
574,Tecno Pova Curve 2 5G (8GB RAM +256GB),33999,63.0,"Dual Sim, 5G, VoLTE, Wi-Fi, IR Blaster","Dimensity 7100, Octa Core, 2.4 GHz Processor","8 GB RAM, 256 GB inbuilt",8000 mAh Battery with 45W Fast Charging,"6.78 inches, 1208 x 2644 px, 144 Hz Display with Punch Hole",50 MP + 2 MP Dual Rear & 13 MP Front Camera,,Android v16
575,Oppo Reno 15c 5G (12GB RAM + 256GB),44999,70.0,"Dual Sim, 5G, Wi-Fi, IR Blaster","Snapdragon 6 Gen1, Octa Core, 2.2 GHz Processor","12 GB RAM, 256 GB inbuilt",7000 mAh Battery with 80W Fast Charging,"6.57 inches, 1080 x 2372 px, 120 Hz Display with Punch Hole",50 MP + 8 MP + 2 MP Triple Rear & 50 MP Front Camera,,Android v16
576,OPPO A6x 5G (4GB RAM + 128GB),20999,52.0,"Dual Sim, 5G, VoLTE, Wi-Fi","Dimensity 6300, Octa Core, 2.4 GHz Processor","4 GB RAM, 128 GB inbuilt",6500 mAh Battery with 45W Fast Charging,"6.75 inches, 720 x 1570 px, 120 Hz Display with Punch Hole",13 MP Rear & 5 MP Front Camera,Memory Card (Hybrid),Android v15
577,Peace Mini 6,5999,,"Dual Sim, 4G, VoLTE, Wi-Fi","Helio, Single Core, 1.3 MHz Processor","3 GB RAM, 32 GB inbuilt",2000 mAh Battery,"3.75 inches, 412 x 960 px Display",8 MP Rear Camera,,Android v12.0
578,Samsung Galaxy M07 4G,11999,,"Dual Sim, 4G, Wi-Fi","Helio G99, Octa Core, 2.2 GHz Processor","4 GB RAM, 64 GB inbuilt",5000 mAh Battery with 25W Fast Charging,"6.7 inches, 720 x 1600 px Display with Water Drop Notch",50 MP + 2 MP Dual Rear & 8 MP Front Camera,Memory Card Supported,Android v15
579,Infinix Hot 60i 5G,19999,57.0,"Dual Sim, 5G, VoLTE, Wi-Fi, IR Blaster","Dimensity 6400, Octa Core, 2.5 GHz Processor","4 GB RAM, 128 GB inbuilt",6000 mAh Battery with 45W Fast Charging,"6.75 inches, 720 x 1600 px, 120 Hz Display with Water Drop Notch",50 MP Rear & 5 MP Front Camera,"Memory Card Supported, upto 2 TB",Android v15
580,Samsung Galaxy S25 Ultra (12GB RAM + 1TB),165999,,"Dual Sim, 5G, VoLTE, Vo5G, NFC, eSIM, Wi-Fi","Snapdragon 8 Elite for Galaxy, Octa Core, 4.47 GHz Processor","12 GB RAM, 1 TB inbuilt",5000 mAh Battery with 45W Fast Charging,"6.9 inches, 1440 x 3120 px, 120 Hz Display with Punch Hole",200 MP Quad Rear & 12 MP Front Camera,Memory Card Not Supported,Android v15
581,Nokia 220 4G (2024),3399,,"Dual Sim, 4G",Unisoc T107,"64 MB RAM, 128 MB inbuilt",1450 mAh Battery,"2.8 inches, 240 x 320 px Display",No Rear Camera,"Memory Card Supported, upto 32 GB",
582,itel A70 4G (4GB RAM + 256GB),8989,,"Dual Sim, 4G, VoLTE, Wi-Fi","Unisoc T603, Octa Core Processor","4 GB RAM, 256 GB inbuilt",5000 mAh Battery with 10W Fast Charging,"6.6 inches, 720 x 1612 px Display with Water Drop Notch",13 MP Dual Rear & 8 MP Front Camera,"Memory Card Supported, upto 2 TB",Android v13
583,Honor 90 5G,84999,64.0,"Dual Sim, 5G, VoLTE, NFC, eSIM, Wi-Fi","Snapdragon 7 Gen 1 Accelerated Edition, Octa Core, 2.36 GHz Processor","8 GB RAM, 256 GB inbuilt",5000 mAh Battery with 66W Fast Charging,"6.7 inches, 1200 x 2664 px, 120 Hz Display with Punch Hole",200 MP + 12 MP + 2 MP Triple Rear & 50 MP Front Camera,,Android v13
584,Motorola Edge 40 5G,28490,70.0,"Dual Sim, 5G, VoLTE, NFC, eSIM, Wi-Fi","Dimensity 8020, Octa Core, 2.6 GHz Processor","8 GB RAM, 256 GB inbuilt",4400 mAh Battery with 68W Fast Charging,"6.55 inches, 1080 x 2400 px, 144 Hz Display",50 MP + 13 MP Dual Rear & 32 MP Front Camera,,Android v13
585,Motorola Edge 30 Fusion 5G,29990,68.0,"Dual Sim, 5G, VoLTE, NFC, Wi-Fi","Snapdragon 888+, Octa Core, 2.9 GHz Processor","8 GB RAM, 128 GB inbuilt",4400 mAh Battery with 68W Fast Charging,"6.55 inches, 1080 x 2400 px, 144 Hz Display with Punch Hole",50 MP + 13 MP + 2 MP Triple Rear & 32 MP Front Camera,Memory Card Not Supported,Android v12
586,Vivo V25 Pro 5G,33990,66.0,"Dual Sim, 5G, VoLTE, Wi-Fi","Dimensity 1300, Octa Core, 3 GHz Processor","8 GB RAM, 128 GB inbuilt",4830 mAh Battery with 66W Fast Charging,"6.56 inches, 1080 x 2376 px, 120 Hz Display with Punch Hole",64 MP + 8 MP + 2 MP Triple Rear & 32 MP Front Camera,,Android v12
587,Xiaomi 12 Pro 5G (12GB RAM + 256GB),44999,75.0,"Dual Sim, 5G, VoLTE, NFC, Wi-Fi, IR Blaster","Snapdragon 8 Gen1, Octa Core, 3 GHz Processor","12 GB RAM, 256 GB inbuilt",4600 mAh Battery with 120W Fast Charging,"6.73 inches, 1440 x 3200 px, 120 Hz Display with Punch Hole",50 MP + 50 MP + 50 MP Triple Rear & 32 MP Front Camera,,Android v12
588,Realme 16x 5G (6GB RAM + 128GB),24999,58.0,"Dual Sim, 5G, VoLTE, Wi-Fi","Dimensity 6300, Octa Core, 2.4 GHz Processor","6 GB RAM, 128 GB inbuilt",7000 mAh Battery with 45W Fast Charging,"6.81 inches, 1570 x 720 px, 144 Hz Display with Punch Hole",50 MP Rear & 8 MP Front Camera,Memory Card (Hybrid),Android v16
589,Tecno Spark Go 3 Pro,15999,,"Dual Sim, 4G, Wi-Fi, IR Blaster","Helio G81, Octa Core, 2 GHz Processor","4 GB RAM, 64 GB inbuilt",5200 mAh Battery with 15W Fast Charging,"6.78 inches, 720 x 1526 px, 120 Hz Display with Punch Hole",13 MP Rear & 8 MP Front Camera,Memory Card Supported,Android v16
590,Samsung Galaxy A27 (8GB RAM + 256GB),45499,66.0,"Dual Sim, 5G, VoLTE, NFC, Wi-Fi","Snapdragon 6 Gen3, Octa Core, 2.4 GHz Processor","8 GB RAM, 256 GB inbuilt",5000 mAh Battery with 25W Fast Charging,"6.7 inches, 1080 x 2340 px, 120 Hz Display with Punch Hole",50 MP + 5 MP + 2 MP Triple Rear & 12 MP Front Camera,"Memory Card (Hybrid), upto 2 TB",Android v16
591,Realme P4R 5G (6GB RAM + 256GB),28999,58.0,"Dual Sim, 5G, VoLTE, Wi-Fi","Dimensity 6300, Octa Core, 2.4 GHz Processor","6 GB RAM, 256 GB inbuilt",8000 mAh Battery with 45W Fast Charging,"6.81 inches, 720 x 1570 px, 144 Hz Display with Punch Hole",50 MP Rear & 8 MP Front Camera,,Android v16
592,Oppo Find X9s 5G (12GB RAM + 512GB),94999,,"Dual Sim, 5G, VoLTE, NFC, eSIM, Wi-Fi, IR Blaster","Dimensity 9500s, Octa Core, 3.73 GHz Processor","12 GB RAM, 512 GB inbuilt",7025 mAh Battery with 80W Fast Charging,"6.59 inches, 1216 x 2640 px, 120 Hz Display with Punch Hole",50 MP + 50 MP + 50 MP Triple Rear & 32 MP Front Camera,Memory Card Not Supported,Android v16
593,Motorola Razr Fold (16GB RAM + 512GB),159999,,"Dual Sim, 5G, VoLTE, NFC, eSIM, Wi-Fi","Snapdragon 8 Gen5, Octa Core, 3.8 GHz Processor","16 GB RAM, 512 GB inbuilt",6000 mAh Battery with 80W Fast Charging,"8.09 inches, 2232 x 2484 px, 120 Hz Display with Punch Hole",50 MP + 50 MP + 50 MP Triple Rear & 32 MP + 20 MP Dual Front Camera,Memory Card Not Supported,
594,Realme Narzo 100 Lite,16897,50.0,"Dual Sim, 5G, VoLTE, Wi-Fi","Dimensity 6300, Octa Core, 2.4 GHz Processor","4 GB RAM, 64 GB inbuilt",7000 mAh Battery with 15W Fast Charging,"6.8 inches, 720 x 1570 px, 144 Hz Display with Water Drop Notch",13 MP Dual Rear & 5 MP Front Camera,"Memory Card (Hybrid), upto 2 TB",Android v16
595,Oppo F33 5G (8GB RAM + 256GB),39999,64.0,"Dual Sim, 5G, VoLTE, Wi-Fi, IR Blaster","Dimensity 6360 MAX, Octa Core Processor","8 GB RAM, 256 GB inbuilt",7000 mAh Battery with 80W Fast Charging,"6.57 inches, 1080 x 2372 px, 120 Hz Display with Punch Hole",50 MP + 2 MP Dual Rear & 16 MP Front Camera,Memory Card (Hybrid),Android v16
596,Realme C83 5G (6GB RAM + 128GB),20499,53.0,"Dual Sim, 5G, VoLTE, Wi-Fi","Dimensity 6300, Octa Core, 2.4 GHz Processor","6 GB RAM, 128 GB inbuilt",7000 mAh Battery with 15W Fast Charging,"6.8 inches, 720 x 1570 px, 144 Hz Display with Punch Hole",13 MP Rear & 5 MP Front Camera,"Memory Card (Hybrid), upto 2 TB",Android v16
597,Samsung Galaxy S26 Plus (12GB RAM + 512GB),108499,79.0,"Dual Sim, 5G, VoLTE, Vo5G, NFC, eSIM, Wi-Fi","Exynos 2600, Deca Core, 3.8 GHz Processor","12 GB RAM, 512 GB inbuilt",4900 mAh Battery with 45W Fast Charging,"6.7 inches, 1440 x 3120 px, 120 Hz Display with Punch Hole",50 MP + 12 MP + 10 MP Triple Rear & 12 MP Front Camera,,Android v16
598,Infinix Note Edge 5G (8GB RAM + 256GB),30999,67.0,"Dual Sim, 5G, VoLTE, NFC, Wi-Fi, IR Blaster","Dimensity 7100, Octa Core, 2.4 GHz Processor","8 GB RAM, 256 GB inbuilt",6500 mAh Battery with 45W Fast Charging,"6.78 inches, 1208 x 2644 px, 120 Hz Display with Punch Hole",50 MP Dual Rear & 13 MP Front Camera,,Android v16
599,OPPO Reno 15 5G (12GB RAM + 512GB),55999,,"Dual Sim, 5G, VoLTE, Wi-Fi, IR Blaster","Snapdragon 7 Gen4, Octa Core, 2.8 GHz Processor","12 GB RAM, 512 GB inbuilt",6500 mAh Battery with 80W Fast Charging,"6.59 inches, 1256 x 2760 px, 120 Hz Display with Punch Hole",50 MP + 50 MP + 8 MP Triple Rear & 50 MP Front Camera,Memory Card Not Supported,Android v16
600,Realme 16 Pro Plus 5G (8GB+256GB),52469,,"Dual Sim, 5G, VoLTE, NFC, Wi-Fi, IR Blaster","Snapdragon 7 Gen4, Octa Core, 2.8 GHz Processor","8 GB RAM, 256 GB inbuilt",7000 mAh Battery with 80W Fast Charging,"6.8 inches, 1280 x 2800 px, 144 Hz Display with Punch Hole",200 MP + 50 MP + 8 MP Triple Rear & 50 MP Front Camera,,Android v16
601,Realme 16 Pro Plus 5G (12GB+256GB),56599,,"Dual Sim, 5G, VoLTE, NFC, Wi-Fi, IR Blaster","Snapdragon 7 Gen4, Octa Core, 2.8 GHz Processor","12 GB RAM, 256 GB inbuilt",7000 mAh Battery with 80W Fast Charging,"6.8 inches, 1280 x 2800 px, 144 Hz Display with Punch Hole",200 MP + 50 MP + 8 MP Triple Rear & 50 MP Front Camera,,Android v16
602,Realme Narzo 90x,21499,58.0,"Dual Sim, 5G, VoLTE, Wi-Fi","Dimensity 6300, Octa Core, 2.4 GHz Processor","6 GB RAM, 128 GB inbuilt",7000 mAh Battery with 60W Fast Charging,"6.8 inches, 720 x 1570 px, 144 Hz Display with Punch Hole",50 MP + 2 MP Dual Rear & 8 MP Front Camera,"Memory Card (Hybrid), upto 2 TB",Android v15
603,iQOO Z10x,27985,57.0,"Dual Sim, 5G, VoLTE, Wi-Fi, IR Blaster","Dimensity 7300, Octa Core, 2.5 GHz Processor","6 GB RAM, 128 GB inbuilt",6500 mAh Battery with 44W Fast Charging,"6.72 inches, 1080 x 2408 px, 120 Hz Display with Punch Hole",50 MP + 2 MP Dual Rear & 8 MP Front Camera,,Android v15
604,Vivo V50e (8GB RAM +256GB),35999,67.0,"Dual Sim, 5G, VoLTE, Wi-Fi","Dimensity 7300, Octa Core, 2.5 GHz Processor","8 GB RAM, 256 GB inbuilt",5600 mAh Battery with 90W Fast Charging,"6.77 inches, 1080 x 2392 px, 120 Hz Display with Punch Hole",50 MP + 8 MP Dual Rear & 50 MP Front Camera,Memory Card Not Supported,Android v15
605,Samsung Galaxy A36 5G (12GB RAM + 256GB),41999,67.0,"Dual Sim, 5G, VoLTE, NFC, Wi-Fi","Snapdragon 6 Gen3, Octa Core, 2.4 GHz Processor","12 GB RAM, 256 GB inbuilt",5000 mAh Battery with 45W Fast Charging,"6.7 inches, 1080 x 2340 px, 120 Hz Display with Punch Hole",50 MP + 8 MP + 5 MP Triple Rear & 12 MP Front Camera,,Android v15
606,Realme 14 Pro Plus (12GB RAM + 256GB),34999,70.0,"Dual Sim, 5G, VoLTE, Wi-Fi","Snapdragon 7s Gen3, Octa Core, 2.5 GHz Processor","12 GB RAM, 256 GB inbuilt",6000 mAh Battery with 80W Fast Charging,"6.83 inches, 1272 x 2800 px, 120 Hz Display with Punch Hole",50 MP + 50 MP + 8 MP Triple Rear & 32 MP Front Camera,Memory Card Not Supported,Android v15
607,Samsung Galaxy Z Flip 6 5G,71699,,"Dual Sim, 5G, VoLTE, Vo5G, NFC, eSIM, Wi-Fi","Snapdragon 8 Gen3, Octa Core, 3.3 GHz Processor","12 GB RAM, 256 GB inbuilt",4000 mAh Battery with 25W Fast Charging,"6.7 inches, 1080 x 2640 px, 120 Hz Display with Punch Hole",50 MP + 12 MP Dual Rear & 10 MP Front Camera,Memory Card Not Supported,
608,Realme GT 6 5G (12GB RAM + 256GB),46890,79.0,"Dual Sim, 5G, VoLTE, Vo5G, NFC, Wi-Fi, IR Blaster","Snapdragon 8s Gen3, Octa Core, 3 GHz Processor","12 GB RAM, 256 GB inbuilt",5500 mAh Battery with 120W Fast Charging,"6.78 inches, 1264 x 2780 px, 120 Hz Display with Punch Hole",50 MP + 50 MP + 8 MP Triple Rear & 32 MP Front Camera,Memory Card Not Supported,Android v14
609,Vivo X Fold 3 Pro,124999,,"Dual Sim, 5G, VoLTE, NFC, Wi-Fi, IR Blaster","Snapdragon 8 Gen3, Octa Core, 3.3 GHz Processor","16 GB RAM, 512 GB inbuilt",5700 mAh Battery with 100W Fast Charging,"8.03 inches, 2200 x 2480 px, 120 Hz Display with Punch Hole",64 MP + 50 MP + 50 MP Triple Rear & 32 MP + 32 MP Dual Front Camera,Memory Card Not Supported,
610,Poco F6 5G (12GB RAM +256GB),39700,72.0,"Dual Sim, 5G, VoLTE, NFC, Wi-Fi, IR Blaster","Snapdragon 8s Gen3, Octa Core, 3 GHz Processor","12 GB RAM, 256 GB inbuilt",5000 mAh Battery with 90W Fast Charging,"6.67 inches, 1220 x 2712 px, 120 Hz Display with Punch Hole",50 MP + 8 MP Dual Rear & 20 MP Front Camera,Memory Card Not Supported,Android v14
611,Samsung Galaxy M55,28999,62.0,"Dual Sim, 5G, VoLTE, NFC, Wi-Fi","Snapdragon 7 Gen1, Octa Core, 2.4 GHz Processor","8 GB RAM, 128 GB inbuilt",5000 mAh Battery with 45W Fast Charging,"6.67 inches, 1080 x 2400 px, 120 Hz Display with Punch Hole",50 MP + 8 MP + 2 MP Triple Rear & 50 MP Front Camera,"Memory Card (Hybrid), upto 1 TB",Android v14
612,Samsung Galaxy S24 (8GB RAM + 128GB),49999,74.0,"Dual Sim, 5G, VoLTE, Vo5G, NFC, eSIM, Wi-Fi","Exynos 2400, Deca Core, 3.2 GHz Processor","8 GB RAM, 128 GB inbuilt",4000 mAh Battery with 25W Fast Charging,"6.2 inches, 1080 x 2340 px, 120 Hz Display with Punch Hole",50 MP + 12 MP + 10 MP Triple Rear & 12 MP Front Camera,,Android v14
613,Vivo Y28 5G,24999,54.0,"Dual Sim, 5G, VoLTE, Wi-Fi","Dimensity 6020, Octa Core, 2.2 GHz Processor","4 GB RAM, 128 GB inbuilt",5000 mAh Battery with 15W Fast Charging,"6.56 inches, 720 x 1612 px, 90 Hz Display with Water Drop Notch",50 MP + 2 MP Dual Rear & 8 MP Front Camera,"Memory Card (Hybrid), upto 1 TB",Android v13
614,Motorola Moto G84 5G,22999,62.0,"Dual Sim, 5G, VoLTE, NFC, Wi-Fi","Snapdragon 695, Octa Core, 2.2 GHz Processor","12 GB RAM, 256 GB inbuilt",5000 mAh Battery with 30W Fast Charging,"6.55 inches, 1080 x 2400 px, 120 Hz Display with Punch Hole",50 MP + 8 MP Dual Rear & 16 MP Front Camera,Memory Card (Hybrid),Android v13
615,Samsung Galaxy A14 5G,18499,52.0,"Dual Sim, 5G, VoLTE, Wi-Fi","Exynos 1330, Octa Core, 2.4 GHz Processor","4 GB RAM, 64 GB inbuilt",5000 mAh Battery with 15W Fast Charging,"6.6 inches, 1080 x 2408 px, 90 Hz Display with Water Drop Notch",50 MP + 2 MP + 2 MP Triple Rear & 13 MP Front Camera,"Memory Card Supported, upto 1 TB",Android v13
616,Samsung Galaxy Z Fold 4,89449,,"Dual Sim, 5G, VoLTE, NFC, Wi-Fi","Snapdragon  8+ Gen1, Octa Core, 3.2 GHz Processor","12 GB RAM, 256 GB inbuilt",4400 mAh Battery with 25W Fast Charging,"7.6 inches, 1812 x 2176 px, 120 Hz Display with Punch Hole",50 MP + 12 MP + 10 MP Triple Rear & 10 MP + 4 MP Dual Front Camera,Unknown,Android v12
617,OnePlus 10 Pro 5G,42000,74.0,"Dual Sim, 5G, VoLTE, NFC, Wi-Fi","Snapdragon 8 Gen1, Octa Core, 3 GHz Processor","8 GB RAM, 128 GB inbuilt",5000 mAh Battery with 80W Fast Charging,"6.7 inches, 1440 x 3216 px, 120 Hz Display with Punch Hole",50 MP + 48 MP + 8 MP Triple Rear & 32 MP Front Camera,,Android v12
618,Google Pixel 11 Pro XL (16GB RAM + 512GB),149999,,"Dual Sim, 5G, VoLTE, Vo5G, NFC, eSIM, Wi-Fi",Tensor G6,"16 GB RAM, 512 GB inbuilt",5115 mAh Battery with Fast Charging,"6.8 inches, 1344 x 2992 px, 120 Hz Display with Punch Hole",50 MP + 48 MP + 48 MP Triple Rear & 42 MP Front Camera,,Android v17
619,Samsung Galaxy Z Fold 8 (12GB RAM + 512GB),194999,,"Dual Sim, 5G, VoLTE, Vo5G, NFC, eSIM, Wi-Fi","Snapdragon 8 Elite Gen 5 for Galaxy, Octa Core, 4.74 GHz Processor","12 GB RAM, 512 GB inbuilt",4800 mAh Battery with 45W Fast Charging,"7.6 inches, 1828 x 2448 px, 120 Hz Display with Punch Hole",50 MP + 50 MP Dual Rear & 10 MP + 10 MP Dual Front Camera,Unknown,Android v17
620,Realme Narzo 100x 5G (6GB RAM + 256GB),26155,61.0,"Dual Sim, 5G, VoLTE, Wi-Fi","Dimensity 6300, Octa Core, 2.4 GHz Processor","6 GB RAM, 256 GB inbuilt",8000 mAh Battery with 45W Fast Charging,"6.81 inches, 720 x 1570 px, 144 Hz Display with Punch Hole",50 MP Dual Rear & 8 MP Front Camera,Memory Card (Hybrid),Android v16
621,Xiaomi 17T 5G (12GB RAM + 512GB),69999,,"Dual Sim, 5G, VoLTE, NFC, eSIM, Wi-Fi, IR Blaster","Dimensity 8500 Ultra, Octa Core, 3.4 GHz Processor","12 GB RAM, 512 GB inbuilt",6500 mAh Battery with 67W Fast Charging,"6.59 inches, 1268 x 2756 px, 120 Hz Display with Punch Hole",50 MP + 50 MP + 12 MP Triple Rear & 32 MP Front Camera,,Android v16
622,Realme 16T 5G (8GB RAM + 256GB),34999,66.0,"Dual Sim, 5G, VoLTE, Wi-Fi","Dimensity 6300, Octa Core, 2.4 GHz Processor","8 GB RAM, 256 GB inbuilt",8000 mAh Battery with 45W Fast Charging,"6.8 inches, 720 x 1570 px, 144 Hz Display with Punch Hole",50 MP + 2 MP Dual Rear & 16 MP Front Camera,"Memory Card (Hybrid), upto 2 TB",Android v16
623,Ai+ Nova Flip,49999,74.0,"Dual Sim, 5G, VoLTE, NFC, Wi-Fi","Dimensity 7300X, Octa Core, 2.5 GHz Processor","8 GB RAM, 256 GB inbuilt",4325 mAh Battery with Fast Charging,"6.9 inches, 2790 x 1188 px Display with Punch Hole",50 MP + 2 MP Dual Rear & 32 MP Front Camera,Memory Card Not Supported,
624,iQOO Z11x 5G (8GB RAM + 128GB),29000,66.0,"Dual Sim, 5G, VoLTE, Wi-Fi, IR Blaster","Dimensity 7400 Turbo, Octa Core, 2.6 GHz Processor","8 GB RAM, 128 GB inbuilt",7200 mAh Battery with 44W Fast Charging,"6.76 inches, 1080 x 2344 px, 120 Hz Display with Punch Hole",50 MP + 2 MP Dual Rear & 32 MP Front Camera,,Android v16
625,Karbonn K9 4G LTE,2499,,"Dual Sim, 4G","Helio, Single Core, 1 GHz Processor","64 MB RAM, 128 MB inbuilt",2000 mAh Battery with Fast Charging,"2.4 inches, 128 x 320 px Display",2 MP Rear Camera,"Memory Card (Hybrid), upto 128 GB",
626,POCO C85 5G (8GB RAM + 128GB),20985,58.0,"Dual Sim, 5G, VoLTE, NFC, Wi-Fi","Dimensity 6300, Octa Core, 2.4 GHz Processor","8 GB RAM, 128 GB inbuilt",6000 mAh Battery with 33W Fast Charging,"6.9 inches, 720 x 1600 px, 120 Hz Display with Punch Hole",50 MP Dual Rear & 8 MP Front Camera,"Memory Card (Hybrid), upto 1 TB",Android v15
627,Motorola Moto A100,1066,,Single Sim,"Unisoc, 1 MHz Processor","4 MB RAM, 36 MB inbuilt",800 mAh Battery,"1.44 inches, 240 x 320 px Display",No Rear Camera,"Memory Card Supported, upto 32 MB",
628,Realme C85 5G,20999,54.0,"Dual Sim, 5G, NFC, Wi-Fi","Dimensity 6300, Octa Core, 2.4 GHz Processor","4 GB RAM, 128 GB inbuilt",7000 mAh Battery with 45W Fast Charging,"6.8 inches, 720 x 1570 px, 144 Hz Display with Punch Hole",50 MP Rear & 8 MP Front Camera,Memory Card Supported,Android v15
629,itel Muzik 450,1735,,Dual Sim,"Single Core, 1 MHz Processor","4 MB RAM, 4 MB inbuilt",3000 mAh Battery with Fast Charging,"2.4 inches, 240 x 320 px Display",0.3 MP Rear Camera,"Memory Card Supported, upto 32 GB",
630,Samsung Galaxy Z Flip 7 5G,94999,,"Dual Sim, 5G, VoLTE, Vo5G, NFC, eSIM, Wi-Fi","Exynos 2500, Deca Core, 3.3 GHz Processor","12 GB RAM, 256 GB inbuilt",4300 mAh Battery with 25W Fast Charging,"6.9 inches, 1080 x 2520 px, 120 Hz Display with Punch Hole",50 MP + 12 MP Dual Rear & 10 MP Front Camera,Memory Card Not Supported,
631,Realme Narzo 80 Lite 5G,19490,53.0,"Dual Sim, 5G, VoLTE, Wi-Fi","Dimensity 6300, Octa Core, 2.4 GHz Processor","4 GB RAM, 128 GB inbuilt",6000 mAh Battery with 15W Fast Charging,"6.67 inches, 720 x 1604 px, 120 Hz Display with Punch Hole",32 MP Dual Rear & 8 MP Front Camera,"Memory Card (Hybrid), upto 2 TB",Android v15
632,Samsung Galaxy S25 Edge (12GB RAM + 512GB),79499,,"Dual Sim, 5G, VoLTE, Vo5G, NFC, eSIM, Wi-Fi","Snapdragon 8 Elite, Octa Core, 4.47 GHz Processor","12 GB RAM, 512 GB inbuilt",3900 mAh Battery with 25W Fast Charging,"6.7 inches, 1440 x 3120 px, 120 Hz Display with Punch Hole",200 MP + 12 MP Dual Rear & 12 MP Front Camera,,Android v15
633,OPPO Reno 12 Pro 5G (12GB RAM + 512GB),47999,75.0,"Dual Sim, 5G, VoLTE, NFC, Wi-Fi, IR Blaster","Dimensity 7300 Energy, Octa Core, 2.5 GHz Processor","12 GB RAM, 512 GB inbuilt",5000 mAh Battery with 80W Fast Charging,"6.7 inches, 1080 x 2412 px, 120 Hz Display with Punch Hole",50 MP + 50 MP + 8 MP Triple Rear & 50 MP Front Camera,Memory Card (Hybrid),Android v14
634,Oppo F25 Pro 5G,28999,66.0,"Dual Sim, 5G, VoLTE, Wi-Fi","Dimensity 7050, Octa Core, 2.6 GHz Processor","8 GB RAM, 128 GB inbuilt",5000 mAh Battery with 67W Fast Charging,"6.7 inches, 1080 x 2412 px, 120 Hz Display with Punch Hole",64 MP + 8 MP + 2 MP Triple Rear & 32 MP Front Camera,"Memory Card (Hybrid), upto 2 TB",Android v14
635,Xiaomi 14,74999,,"Dual Sim, 5G, VoLTE, Vo5G, NFC, eSIM, Wi-Fi, IR Blaster","Snapdragon 8 Gen3, Octa Core, 3.3 GHz Processor","12 GB RAM, 512 GB inbuilt",4610 mAh Battery with 90W Fast Charging,"6.36 inches, 1200 x 2670 px, 120 Hz Display with Punch Hole",50 MP + 50 MP + 50 MP Triple Rear & 32 MP Front Camera,Memory Card Not Supported,Android v14
636,OPPO Reno 11 Pro 5G,37999,72.0,"Dual Sim, 5G, VoLTE, NFC, Wi-Fi, IR Blaster","Dimensity 8200, Octa Core, 3.1 GHz Processor","12 GB RAM, 256 GB inbuilt",4600 mAh Battery with 80W Fast Charging,"6.7 inches, 1080 x 2412 px, 120 Hz Display with Punch Hole",50 MP + 32 MP + 8 MP Triple Rear & 32 MP Front Camera,,Android v14
637,OPPO Reno 11 (8GB RAM + 256GB),33900,71.0,"Dual Sim, 5G, VoLTE, NFC, Wi-Fi, IR Blaster","Dimensity 7050, Octa Core, 2.6 GHz Processor","8 GB RAM, 256 GB inbuilt",5000 mAh Battery with 67W Fast Charging,"6.7 inches, 1080 x 2412 px, 120 Hz Display with Punch Hole",50 MP + 32 MP + 8 MP Triple Rear & 32 MP Front Camera,"Memory Card (Hybrid), upto 2 TB",Android v14
638,Samsung Galaxy A15 5G,26990,57.0,"Dual Sim, 5G, VoLTE, Wi-Fi","Dimensity 6100 Plus, Octa Core, 2.2 GHz Processor","8 GB RAM, 128 GB inbuilt",5000 mAh Battery with 25W Fast Charging,"6.5 inches, 1080 x 2340 px, 90 Hz Display with Water Drop Notch",50 MP + 5 MP + 2 MP Triple Rear & 13 MP Front Camera,"Memory Card (Hybrid), upto 1 TB",Android v14
639,OnePlus 11R 5G (18GB RAM + 512GB),45999,71.0,"Dual Sim, 5G, VoLTE, NFC, Wi-Fi, IR Blaster","Snapdragon 8+ Gen1, Octa Core, 3.2 GHz Processor","18 GB RAM, 512 GB inbuilt",5000 mAh Battery with 100W Fast Charging,"6.74 inches, 1240 x 2772 px, 120 Hz Display with Punch Hole",50 MP + 8 MP + 2 MP Triple Rear & 16 MP Front Camera,,Android v13
640,Samsung Galaxy Z Fold 5,154999,,"Dual Sim, 5G, VoLTE, Vo5G, NFC, Wi-Fi","Snapdragon 8 Gen 2, Octa Core, 3.36 GHz Processor","12 GB RAM, 256 GB inbuilt",4400 mAh Battery with 25W Fast Charging,"7.6 inches, 1812 x 2176 px, 120 Hz Display with Punch Hole",50 MP + 12 MP + 10 MP Triple Rear & 10 MP + 4 MP Dual Front Camera,Unknown,Android v13
641,Nokia 110 4G 2023,2599,,"Dual Sim, 4G, VoLTE",Unknown,"128 MB RAM, 48 MB inbuilt",1450 mAh Battery,"1.8 inches, 120 x 160 px Display",0.3 MP Rear Camera,"Memory Card Supported, upto 32 GB",Unknown
642,Oppo Reno 10 Pro Plus,44999,74.0,"Dual Sim, 5G, VoLTE, NFC, Wi-Fi, IR Blaster","Snapdragon 8+ Gen1, Octa Core, 3.2 GHz Processor","12 GB RAM, 256 GB inbuilt",4700 mAh Battery with 100W Fast Charging,"6.74 inches, 1240 x 2772 px, 120 Hz Display with Punch Hole",64 MP + 50 MP + 8 MP Triple Rear & 32 MP Front Camera,,Android v13
643,Samsung Galaxy F54,35999,68.0,"Dual Sim, 5G, VoLTE, NFC, Wi-Fi","Exynos 1380, Octa Core, 2.4 GHz Processor","8 GB RAM, 256 GB inbuilt",6000 mAh Battery with 25W Fast Charging,"6.7 inches, 1080 x 2408 px, 120 Hz Display with Punch Hole",108 MP + 8 MP + 2 MP Triple Rear & 32 MP Front Camera,"Memory Card (Hybrid), upto 1 TB",Android v13
644,Xiaomi Redmi Note 12 Pro 5G,25599,62.0,"Dual Sim, 5G, VoLTE, Wi-Fi, IR Blaster","Dimensity 1080, Octa Core, 2.6 GHz Processor","6 GB RAM, 128 GB inbuilt",5000 mAh Battery with 67W Fast Charging,"6.67 inches, 1080 x 2400 px, 120 Hz Display with Punch Hole",50 MP + 8 MP + 2 MP Triple Rear & 16 MP Front Camera,,Android v12
645,Xiaomi Redmi K50i 5G,19500,63.0,"Dual Sim, 5G, VoLTE, Wi-Fi, IR Blaster","Dimensity  8100, Octa Core, 2.85 GHz Processor","6 GB RAM, 128 GB inbuilt",5080 mAh Battery with 67W Fast Charging,"6.6 inches, 1080 x 2460 px, 144 Hz Display with Punch Hole",64 MP + 8 MP + 2 MP Triple Rear & 16 MP Front Camera,,Android v12
646,Samsung Galaxy Z Flip 3 5G (8GB RAM + 256GB),43499,67.0,"Dual Sim, 5G, VoLTE, NFC, eSIM, Wi-Fi","Snapdragon 888, Octa Core, 2.84 GHz Processor","8 GB RAM, 256 GB inbuilt",3300 mAh Battery with 15W Fast Charging,"6.7 inches, 1080 x 2640 px, 120 Hz Display with Punch Hole",12 MP + 12 MP Dual Rear & 10 MP Front Camera,Memory Card Not Supported,
647,Motorola Moto G60,21999,58.0,"Dual Sim, 4G, VoLTE, NFC, Wi-Fi","Snapdragon  732G, Octa Core, 2.3 GHz Processor","6 GB RAM, 128 GB inbuilt",6000 mAh Battery with 20W Fast Charging,"6.78 inches, 1080 x 2460 px, 120 Hz Display with Punch Hole",108 MP + 8 MP + 2 MP Triple Rear & 32 MP Front Camera,"Memory Card (Hybrid), upto 1 TB",Android v11
648,OnePlus 8T,29264,63.0,"Dual Sim, 5G, VoLTE, NFC, Wi-Fi","Snapdragon 865, Octa Core, 2.84 GHz Processor","8 GB RAM, 128 GB inbuilt",4500 mAh Battery with 65W Fast Charging,"6.55 inches, 1080 x 2400 px, 120 Hz Display with Punch Hole",48 MP Quad Rear & 16 MP Front Camera,Memory Card Not Supported,Android v11
649,Xiaomi Mi A2,11990,,"Dual Sim, 4G, VoLTE, Wi-Fi, IR Blaster","Snapdragon 660, Octa Core, 2.2 GHz Processor","4 GB RAM, 64 GB inbuilt",3010 mAh Battery with Fast Charging,"5.99 inches, 1080 x 2160 px Display",20 MP + 12 MP Dual Rear & 20 MP Front Camera,Memory Card Not Supported,Android v8.1 (Oreo)
650,Peace i Ultra,10999,,"Dual Sim, 4G, VoLTE, Wi-Fi",Single Core Processor,"6 GB RAM, 64 GB inbuilt",5000 mAh Battery,"6.61 inches, 720 x 1640 px Display with Punch Hole",20 MP Rear & 8 MP Front Camera,Memory Card Supported,v60
651,Philips E2112S,1699,,,,"32 MB RAM, 32 MB inbuilt",2500 mAh Battery,2.2 inches Display,Main Rear Camera,"Memory Card Supported, upto 32 GB",
652,Realme 16x 5G (6GB RAM + 256GB),27999,59.0,"Dual Sim, 5G, VoLTE, Wi-Fi","Dimensity 6300, Octa Core, 2.4 GHz Processor","6 GB RAM, 256 GB inbuilt",7000 mAh Battery with 45W Fast Charging,"6.81 inches, 1570 x 720 px, 144 Hz Display with Punch Hole",50 MP Rear & 8 MP Front Camera,Memory Card (Hybrid),Android v16
653,Google Pixel 11 5G (12GB RAM + 512GB),104999,75.0,"Dual Sim, 5G, VoLTE, Vo5G, NFC, eSIM, Wi-Fi",Tensor G6,"12 GB RAM, 512 GB inbuilt",4985 mAh Battery with 30W Fast Charging,"6.3 inches, 1080 x 2424 px, 120 Hz Display with Punch Hole",48 MP + 13 MP + 10.8 MP Triple Rear & 10.5 MP Front Camera,,Android v17
654,Samsung Galaxy Z Fold 8 Ultra (12GB RAM + 512GB),214999,,"Dual Sim, 5G, VoLTE, Vo5G, NFC, eSIM, Wi-Fi","Snapdragon 8 Elite Gen 5 For Galaxy, Octa Core, 4.74 GHz Processor","12 GB RAM, 512 GB inbuilt",5000 mAh Battery with 45W Fast Charging,"8 inches, 2256 x 2504 px, 120 Hz Display with Punch Hole",200 MP + 50 MP + 10 MP Triple Rear & 10 MP + 10 MP Dual Front Camera,Unknown,Android v17
655,Philips E2222,1999,,,,"32 MB RAM, 32 MB inbuilt",1700 mAh Battery,"2.44 inches, 160 x 283 px Display",Digital Camera Rear Camera,"Memory Card Supported, upto 32 GB",
656,Tecno POP X 5G (6GB RAM + 128GB),17999,53.0,"Dual Sim, 5G, VoLTE, Wi-Fi, IR Blaster","Dimensity 6400, Octa Core, 2.5 GHz Processor","6 GB RAM, 128 GB inbuilt",6500 mAh Battery with 45W Fast Charging,"6.78 inches, 720 x 1576 px, 120 Hz Display with Punch Hole",13 MP Rear & 8 MP Front Camera,"Memory Card Supported, upto 1 TB",Android v16
657,Wobble One 5G (8GB RAM + 256GB),28999,66.0,"Dual Sim, 5G, VoLTE, Wi-Fi","Dimensity 7400, Octa Core, 2.6 GHz Processor","8 GB RAM, 256 GB inbuilt",5000 mAh Battery with 33W Fast Charging,"6.67 inches, 1080 x 1920 px, 120 Hz Display with Punch Hole",50 MP + 8 MP + 2 MP Triple Rear & 50 MP Front Camera,,Android v15
658,Realme P4 Lite 5G (4GB RAM + 128GB),18999,50.0,"Dual Sim, 5G, VoLTE, Wi-Fi","Dimensity 6300, Octa Core, 2.4 GHz Processor","4 GB RAM, 128 GB inbuilt",7000 mAh Battery with 15W Fast Charging,"6.81 inches, 720 x 1570 px, 144 Hz Display with Punch Hole",13 MP Rear & 5 MP Front Camera,Memory Card (Hybrid),Android v16
659,Oppo A6s 5G (6GB RAM + 128GB),24999,54.0,"Dual Sim, 5G, Wi-Fi","Dimensity 6300, Octa Core, 2.4 GHz Processor","6 GB RAM, 128 GB inbuilt",6500 mAh Battery with 45W Fast Charging,"6.75 inches, 720 x 1570 px, 120 Hz Display with Punch Hole",50 MP Dual Rear & 5 MP Front Camera,Memory Card (Hybrid),Android v15
660,Apple iPhone 17e (512GB),84900,64.0,"Dual Sim, 5G, VoLTE, NFC, eSIM, Wi-Fi","Apple A19, Hexa Core Processor","8 GB RAM, 512 GB inbuilt",4005 mAh Battery with Fast Charging,"6.1 inches, 1170 x 2532 px Display with Small Notch",48 MP Rear & 12 MP Front Camera,Memory Card Not Supported,iOS v26.3
661,Coolpad C35c 4G,10499,,"4G, Wi-Fi","Helio G81, Octa Core, 2 GHz Processor","4 GB RAM, 64 GB inbuilt",5000 mAh Battery with 10W Fast Charging,"6.56 inches, 720 x 1600 px Display with Water Drop Notch",13 MP Rear & 5 MP Front Camera,Memory Card Supported,Android v16
662,Nokia 110 Power,1806,,Dual Sim,,"4 MB RAM, 4 MB inbuilt",1750 mAh Battery,2 inches Display,QVGA Rear Camera,,S30+
663,Peace Honor 20 (4GB RAM + 64GB),6800,,"Dual Sim, 4G, VoLTE, Wi-Fi","Helio, Single Core, 1.3 MHz Processor","4 GB RAM, 64 GB inbuilt",2000 mAh Battery,"4.5 inches, 412 x 960 px Display",8 MP Rear & 5 MP Front Camera,,Android v12
664,Tecno Spark GO 3,12499,,"Dual Sim, 4G, VoLTE, Wi-Fi, IR Blaster","Unisoc T7250, Octa Core, 1.8 GHz Processor","4 GB RAM, 64 GB inbuilt",5000 mAh Battery with 15W Fast Charging,"6.74 inches, 720 x 1600 px, 120 Hz Display with Punch Hole",13 MP Rear & 8 MP Front Camera,"Memory Card Supported, upto 1 TB",Android v15
665,Realme 16 Pro 5G (12GB RAM + 256GB),47599,,"Dual Sim, 5G, VoLTE, Wi-Fi","Dimensity 7300 Max, Octa Core, 2.5 GHz Processor","12 GB RAM, 256 GB inbuilt",7000 mAh Battery with 80W Fast Charging,"6.78 inches, 1272 x 2772 px, 144 Hz Display with Punch Hole",200 MP + 8 MP Dual Rear & 50 MP Front Camera,Memory Card Not Supported,Android v16
666,Xiaomi Redmi 15C 5G (8GB RAM + 128GB),21995,57.0,"Dual Sim, 5G, VoLTE, Wi-Fi","Dimensity 6300, Octa Core, 2.4 GHz Processor","8 GB RAM, 128 GB inbuilt",6000 mAh Battery with 33W Fast Charging,"6.9 inches, 720 x 1600 px, 120 Hz Display with Punch Hole",50 MP + Auxiliary lens Dual Rear & 8 MP Front Camera,"Memory Card Supported, upto 1 TB",Android v15
667,Motorola Moto A300,1403,,Dual Sim,1.5 MHz Processor,"4 MB RAM, 32 MB inbuilt",1000 mAh Battery,"2 inches, 320 x 240 px Display",1.3 MP Rear Camera,"Memory Card Supported, upto 64 GB",
668,Oppo F31 5G (8GB RAM + 256GB),36999,66.0,"Dual Sim, 5G, VoLTE, Wi-Fi, IR Blaster","Dimensity 6300, Octa Core, 2.4 GHz Processor","8 GB RAM, 256 GB inbuilt",7000 mAh Battery with 80W Fast Charging,"6.57 inches, 1080 x 2412 px, 120 Hz Display with Punch Hole",50 MP + 2 MP Dual Rear & 16 MP Front Camera,Memory Card (Hybrid),Android v15
669,Oppo F31 Pro Plus 5G (12GB RAM + 256GB),34999,71.0,"Dual Sim, 5G, VoLTE, Wi-Fi","Snapdragon 7 Gen3, Octa Core, 2.63 GHz Processor","12 GB RAM, 256 GB inbuilt",7000 mAh Battery with 80W Fast Charging,"6.8 inches, 1280 x 2800 px, 120 Hz Display with Punch Hole",50 MP + 2 MP Dual Rear & 32 MP Front Camera,,Android v15
670,Apple iPhone 17 Pro (1TB),169490,76.0,"Dual Sim, 5G, VoLTE, NFC, eSIM, Wi-Fi","Apple A19 Pro, Hexa Core Processor","12 GB RAM, 1 TB inbuilt",3988 mAh Battery with Fast Charging,"6.3 inches, 1206 x 2622 px, 120 Hz Display with Dynamic Island",48 MP + 48 MP + 48 MP Triple Rear & 18 MP Front Camera,Memory Card Not Supported,iOS v26
671,Lava Bold N1 5G,11999,,"Dual Sim, 5G, VoLTE, Wi-Fi","Unisoc T765, Octa Core, 2.3 GHz Processor","4 GB RAM, 64 GB inbuilt",5000 mAh Battery with 10W Fast Charging,"6.75 inches, 720 x 1600 px Display with Water Drop Notch",13 MP Rear & 5 MP Front Camera,Memory Card Supported,Android v15
672,Vivo X Fold 5 5G,139999,,"Dual Sim, 5G, VoLTE, NFC, Wi-Fi, IR Blaster","Snapdragon 8 Gen3, Octa Core, 3.3 GHz Processor","16 GB RAM, 512 GB inbuilt",6000 mAh Battery with 80W Fast Charging,"8.03 inches, 2200 x 2480 px, 120 Hz Display with Punch Hole",50 MP + 50 MP + 50 MP Triple Rear & 20 MP + 20 MP Dual Front Camera,Unknown,Android v15
673,Samsung Galaxy F06 5G (6GB RAM + 128GB),15999,,"Dual Sim, 5G, VoLTE, Wi-Fi","Dimensity 6300, Octa Core, 2.4 GHz Processor","6 GB RAM, 128 GB inbuilt",5000 mAh Battery with 25W Fast Charging,"6.7 inches, 720 x 1600 px Display with Water Drop Notch",50 MP + 2 MP Dual Rear & 8 MP Front Camera,"Memory Card (Hybrid), upto 1 TB",Android v15
674,Vivo Y300 5G,26999,61.0,"Dual Sim, 5G, VoLTE, Wi-Fi","Snapdragon 4 Gen2, Octa Core, 2.2 GHz Processor","8 GB RAM, 128 GB inbuilt",5000 mAh Battery with 80W Fast Charging,"6.67 inches, 1080 x 2400 px, 120 Hz Display with Punch Hole",50 MP + 2 MP Dual Rear & 32 MP Front Camera,"Memory Card (Hybrid), upto 2 TB",Android v14
675,Realme GT 7 Pro 5G,64999,79.0,"Dual Sim, 5G, VoLTE, NFC, Wi-Fi, IR Blaster","Snapdragon 8 Elite, Octa Core, 4.32 GHz Processor","12 GB RAM, 256 GB inbuilt",5800 mAh Battery with 120W Fast Charging,"6.78 inches, 1264 x 2780 px, 120 Hz Display with Punch Hole",50 MP + 50 MP + 8 MP Triple Rear & 16 MP Front Camera,Memory Card Not Supported,Android v15
676,Oppo F27 Pro Plus 5G (8GB RAM +128GB),29299,64.0,"Dual Sim, 5G, VoLTE, Wi-Fi","Dimensity 7050, Octa Core, 2.6 GHz Processor","8 GB RAM, 128 GB inbuilt",5000 mAh Battery with 67W Fast Charging,"6.7 inches, 1080 x 2412 px, 120 Hz Display with Punch Hole",64 MP + 2 MP Dual Rear & 8 MP Front Camera,,Android v14
677,Samsung Galaxy A55 5G (12GB RAM + 256GB),48990,66.0,"Dual Sim, 5G, VoLTE, NFC, eSIM, Wi-Fi","Exynos 1480, Octa Core, 2.7 GHz Processor","12 GB RAM, 256 GB inbuilt",5000 mAh Battery with 25W Fast Charging,"6.6 inches, 1080 x 2340 px, 120 Hz Display with Punch Hole",50 MP + 12 MP + 5 MP Triple Rear & 32 MP Front Camera,"Memory Card (Hybrid), upto 1 TB",Android v14
678,Honor 90 5G (12GB RAM +512GB),89999,67.0,"Dual Sim, 5G, VoLTE, NFC, Wi-Fi","Snapdragon 7 Gen 1 Accelerated Edition, Octa Core, 2.36 GHz Processor","12 GB RAM, 512 GB inbuilt",5000 mAh Battery with 66W Fast Charging,"6.7 inches, 1200 x 2664 px, 120 Hz Display with Punch Hole",200 MP + 12 MP + 2 MP Triple Rear & 50 MP Front Camera,,Android v13
679,Samsung Galaxy Z Flip 5,62900,76.0,"Single Sim, 5G, VoLTE, Vo5G, NFC, Wi-Fi","Snapdragon 8 Gen 2, Octa Core, 3.2 GHz Processor","8 GB RAM, 256 GB inbuilt",3700 mAh Battery with 25W Fast Charging,"6.7 inches, 1080 x 2640 px, 120 Hz Display with Punch Hole",12 MP + 12 MP Dual Rear & 10 MP Front Camera,Memory Card Not Supported,
680,Realme GT 2 Pro 5G,32499,68.0,"Dual Sim, 5G, VoLTE, NFC, Wi-Fi","Snapdragon 8 Gen1, Octa Core, 3 GHz Processor","8 GB RAM, 128 GB inbuilt",5000 mAh Battery with 65W Fast Charging,"6.7 inches, 1440 x 3216 px, 120 Hz Display with Punch Hole",50 MP + 50 MP + 2 MP Triple Rear & 32 MP Front Camera,,Android v12
681,Ringme Bold S170 Air Pro,13000,,"Dual Sim, 4G, VoLTE, Wi-Fi","Helio, Dual Core, 1.7 GHz Processor","6 GB RAM, 64 GB inbuilt",5000 mAh Battery,"6.61 inches, 128 x 160 px Display with Punch Hole",20 MP Rear & 8 MP Front Camera,"Memory Card (Hybrid), upto 128 GB",v30
682,Jmax Mini GO-C,799,,Dual Sim,Single Core Processor,"32 MB RAM, 32 MB inbuilt",800 mAh Battery,"1 inches, 120 x 240 px Display",No Rear Camera,,Symbian v40
683,Peace I17 Pro,9999,,"Dual Sim, 4G, VoLTE, Wi-Fi",Helio MT8125,"6 GB RAM, 64 GB inbuilt",5000 mAh Battery,"6.6 inches, 1440 x 720 px Display",20 MP Rear & 8 MP Front Camera,"Memory Card Supported, upto 128 GB",Android v12
684,iQOO Z11 Lite 5G (6GB RAM + 256GB),26499,58.0,"Dual Sim, 5G, VoLTE, Wi-Fi","Dimensity 6300, Octa Core, 2.4 GHz Processor","6 GB RAM, 256 GB inbuilt",6500 mAh Battery with 44W Fast Charging,"6.74 inches, 720 x 1600 px, 120 Hz Display with Water Drop Notch",50 MP + 0.08 MP Dual Rear & 5 MP Front Camera,"Memory Card (Hybrid), upto 2 TB",Android v16
685,Ringme Bold 17 Pro,9899,,"Dual Sim, 4G, VoLTE, Wi-Fi","Dual Core, 1.7 GHz Processor","4 GB RAM, 64 GB inbuilt",4000 mAh Battery,"6.68 inches, 1640 x 720 px Display",13 MP Rear Camera,,Android v12
686,Samsung Galaxy A27 (8GB RAM + 128GB),38999,64.0,"Dual Sim, 5G, VoLTE, NFC, Wi-Fi","Snapdragon 6 Gen3, Octa Core, 2.4 GHz Processor","8 GB RAM, 128 GB inbuilt",5000 mAh Battery with 25W Fast Charging,"6.7 inches, 1080 x 2340 px, 120 Hz Display with Punch Hole",50 MP + 5 MP + 2 MP Triple Rear & 12 MP Front Camera,"Memory Card (Hybrid), upto 2 TB",Android v16
687,Ai+ Nova 2 Neo,15999,53.0,"Dual Sim, 5G, VoLTE, Wi-Fi","Dimensity 6300, Octa Core, 2.4 GHz Processor","4 GB RAM, 128 GB inbuilt",6000 mAh Battery with Fast Charging,"6.75 inches, 720 x 1600 px, 120 Hz Display with Water Drop Notch",48 MP Rear & 8 MP Front Camera,"Memory Card Supported, upto 2 TB",Android v16
688,Ai+ Nova 2 Neo 5G (6GB RAM + 128GB),16999,53.0,"Dual Sim, 5G, VoLTE, Wi-Fi","Dimensity 6300, Octa Core, 2.4 GHz Processor","6 GB RAM, 128 GB inbuilt",6000 mAh Battery with Fast Charging,"6.75 inches, 720 x 1600 px, 120 Hz Display with Water Drop Notch",48 MP Rear & 8 MP Front Camera,"Memory Card Supported, upto 2 TB",Android v16
689,HMD Vibe 2 5G (6GB RAM + 128GB),19999,52.0,"Dual Sim, 5G, VoLTE, Wi-Fi","Unisoc T8200, Octa Core, 2.3 GHz Processor","6 GB RAM, 128 GB inbuilt",6000 mAh Battery with 18W Fast Charging,"6.75 inches, 720 x 1600 px, 120 Hz Display with Water Drop Notch",50 MP Dual Rear & 8 MP Front Camera,"Memory Card (Hybrid), upto 1 TB",Android v16
690,Realme 16T 5G (8GB RAM + 128GB),30999,64.0,"Dual Sim, 5G, VoLTE, Wi-Fi","Dimensity 6300, Octa Core, 2.4 GHz Processor","8 GB RAM, 128 GB inbuilt",8000 mAh Battery with 45W Fast Charging,"6.8 inches, 720 x 1570 px, 144 Hz Display with Punch Hole",50 MP + 2 MP Dual Rear & 16 MP Front Camera,"Memory Card (Hybrid), upto 2 TB",Android v16
691,Xiaomi Redmi A7 Pro 4G,12625,,"Dual Sim, 4G, VoLTE, Wi-Fi","Unisoc T7250, Octa Core, 1.8 GHz Processor","4 GB RAM, 64 GB inbuilt",6300 mAh Battery with 15W Fast Charging,"6.9 inches, 1600 x 720 px, 120 Hz Display with Water Drop Notch",13 MP Rear & 8 MP Front Camera,"Memory Card Supported, upto 2 TB",Android v16
692,Tecno Spark 50 5G (6GB RAM + 128GB),22999,55.0,"Dual Sim, 5G, VoLTE, Wi-Fi, IR Blaster","Dimensity 6400, Octa Core, 2.5 GHz Processor","6 GB RAM, 128 GB inbuilt",6500 mAh Battery with 45W Fast Charging,"6.78 inches, 720 x 1576 px, 120 Hz Display with Punch Hole",50 MP Rear & 8 MP Front Camera,Memory Card Supported,Android v16
693,Samsung Galaxy A37 5G (12GB RAM + 256 GB),53999,71.0,"Dual Sim, 5G, VoLTE, NFC, Wi-Fi","Exynos 1480, Octa Core, 2.7 GHz Processor","12 GB RAM, 256 GB inbuilt",5000 mAh Battery with 45W Fast Charging,"6.7 inches, 1080 x 2340 px, 120 Hz Display with Punch Hole",50 MP + 8 MP + 5 MP Triple Rear & 12 MP Front Camera,Memory Card Not Supported,Android v16
694,Ai+ Pulse 2 (6GB RAM + 128GB),12899,,"Dual Sim, 4G, VoLTE, Wi-Fi","Unisoc T7250, Octa Core, 1.8 GHz Processor","6 GB RAM, 128 GB inbuilt",6000 mAh Battery with 10W Fast Charging,"6.75 inches, 720 x 1600 px, 120 Hz Display with Water Drop Notch",50 MP Dual Rear & 8 MP Front Camera,"Memory Card Supported, upto 1 TB",Android v16
695,Infinix Note Edge 5G (8GB RAM + 128GB),28999,66.0,"Dual Sim, 5G, VoLTE, NFC, Wi-Fi, IR Blaster","Dimensity 7100, Octa Core, 2.4 GHz Processor","8 GB RAM, 128 GB inbuilt",6500 mAh Battery with 45W Fast Charging,"6.78 inches, 1208 x 2644 px, 120 Hz Display with Punch Hole",50 MP Dual Rear & 13 MP Front Camera,,Android v16
696,Lava Play Max,18599,54.0,"Dual Sim, 5G, VoLTE, Wi-Fi","Dimensity 7300, Octa Core, 2.5 GHz Processor","6 GB RAM, 128 GB inbuilt",5000 mAh Battery with 33W Fast Charging,"6.72 inches, 1080 x 1920 px, 120 Hz Display with Punch Hole",50 MP Rear & 8 MP Front Camera,"Memory Card (Hybrid), upto 1 TB",Android v15
697,OnePlus 15R (12GB RAM + 512GB),74999,,"Dual Sim, 5G, VoLTE, Vo5G, NFC, Wi-Fi, IR Blaster","Snapdragon 8 Gen5, Octa Core, 3.84 GHz Processor","12 GB RAM, 512 GB inbuilt",7400 mAh Battery with 80W Fast Charging,"6.83 inches, 1272 x 2800 px, 165 Hz Display with Punch Hole",50 MP + 8 MP Dual Rear & 32 MP Front Camera,Memory Card Not Supported,Android v16
698,Realme 15x 5G (8GB RAM + 128GB),25999,61.0,"Dual Sim, 5G, VoLTE, Wi-Fi","Dimensity 6300, Octa Core, 2.4 GHz Processor","8 GB RAM, 128 GB inbuilt",7000 mAh Battery with 60W Fast Charging,"6.81 inches, 720 x 1570 px, 144 Hz Display with Punch Hole",50 MP + 2 MP Dual Rear & 50 MP Front Camera,Memory Card (Hybrid),Android v15
699,Infinix Smart 10,11865,,"Dual Sim, 4G, VoLTE, Wi-Fi","Unisoc T7250, Octa Core, 1.8 GHz Processor","4 GB RAM, 64 GB inbuilt",5000 mAh Battery with 15W Fast Charging,"6.67 inches, 720 x 1600 px, 120 Hz Display with Punch Hole",8 MP Rear & 8 MP Front Camera,Memory Card Supported,Android v15
700,Realme Narzo 80 Lite 4G,13498,,"Dual Sim, 4G, VoLTE, Wi-Fi","Unisoc T7250, Octa Core, 1.8 GHz Processor","4 GB RAM, 128 GB inbuilt",6300 mAh Battery with 15W Fast Charging,"6.74 inches, 720 x 1600 px, 90 Hz Display with Punch Hole",13 MP Rear & 5 MP Front Camera,Memory Card (Hybrid),Android v15
701,Alcatel V3 Ultra,17500,63.0,"Dual Sim, 5G, VoLTE, NFC, eSIM, Wi-Fi","Dimensity 6300, Octa Core, 2.4 GHz Processor","6 GB RAM, 128 GB inbuilt",5010 mAh Battery with 33W Fast Charging,"6.78 inches, 1080 x 2460 px, 120 Hz Display with Punch Hole",108 MP + 8 MP + 2 MP Triple Rear & 32 MP Front Camera,"Memory Card Supported, upto 2 TB",Android v14
702,Alcatel V3 Pro,17199,59.0,"Dual Sim, 5G, VoLTE, NFC, Wi-Fi","Dimensity 6300, Octa Core, 2.4 GHz Processor","8 GB RAM, 256 GB inbuilt",5200 mAh Battery with 18W Fast Charging,"6.67 inches, 720 x 1600 px, 120 Hz Display with Punch Hole",50 MP + 5 MP Dual Rear & 8 MP Front Camera,"Memory Card (Hybrid), upto 2 TB",Android v15
703,iQOO Z10x 5G (8GB RAM + 128GB),29974,58.0,"Dual Sim, 5G, VoLTE, Wi-Fi, IR Blaster","Dimensity 7300, Octa Core, 2.5 GHz Processor","8 GB RAM, 128 GB inbuilt",6500 mAh Battery with 44W Fast Charging,"6.72 inches, 1080 x 2408 px, 120 Hz Display with Punch Hole",50 MP + 2 MP Dual Rear & 8 MP Front Camera,,Android v15
704,Apple iPhone 16e (256GB),69900,64.0,"Dual Sim, 5G, VoLTE, NFC, eSIM, Wi-Fi","Bionic A18, Hexa Core, 4.04 GHz Processor","8 GB RAM, 256 GB inbuilt",4005 mAh Battery with Fast Charging,"6.1 inches, 1170 x 2532 px Display with Small Notch",48 MP Rear & 12 MP Front Camera,Memory Card Not Supported,iOS v18
705,Samsung Galaxy S25 (12GB RAM + 512GB),92999,79.0,"Dual Sim, 5G, VoLTE, Vo5G, NFC, eSIM, Wi-Fi","Snapdragon 8 Elite, Octa Core, 4.47 GHz Processor","12 GB RAM, 512 GB inbuilt",4000 mAh Battery with 25W Fast Charging,"6.2 inches, 1080 x 2340 px, 120 Hz Display with Punch Hole",50 MP + 12 MP + 10 MP Triple Rear & 12 MP Front Camera,,Android v15
706,OPPO Reno 13 Pro 5G,54999,79.0,"Dual Sim, 5G, VoLTE, NFC, Wi-Fi, IR Blaster","Dimensity 8350, Octa Core, 3.35 GHz Processor","12 GB RAM, 256 GB inbuilt",5800 mAh Battery with 80W Fast Charging,"6.83 inches, 1272 x 2800 px, 120 Hz Display with Punch Hole",50 MP + 50 MP + 8 MP Triple Rear & 50 MP Front Camera,,Android v15
707,OPPO Reno 12 Pro 5G,51999,74.0,"Dual Sim, 5G, VoLTE, NFC, Wi-Fi, IR Blaster","Dimensity 7300 Energy, Octa Core, 2.5 GHz Processor","12 GB RAM, 256 GB inbuilt",5000 mAh Battery with 80W Fast Charging,"6.7 inches, 1080 x 2412 px, 120 Hz Display with Punch Hole",50 MP + 50 MP + 8 MP Triple Rear & 50 MP Front Camera,Memory Card (Hybrid),Android v14
708,Samsung Galaxy F55 5G,28999,64.0,"Dual Sim, 5G, VoLTE, NFC, Wi-Fi","Snapdragon 7 Gen1, Octa Core, 2.4 GHz Processor","8 GB RAM, 128 GB inbuilt",5000 mAh Battery with 45W Fast Charging,"6.7 inches, 1080 x 2400 px, 120 Hz Display with Punch Hole",50 MP + 8 MP + 2 MP Triple Rear & 50 MP Front Camera,"Memory Card (Hybrid), upto 1 TB",Android v14
709,Xiaomi Redmi Note 13 5G (8GB RAM + 256GB),25999,66.0,"Dual Sim, 5G, VoLTE, Vo5G, Wi-Fi, IR Blaster","Dimensity 6080, Octa Core, 2.4 GHz Processor","8 GB RAM, 256 GB inbuilt",5000 mAh Battery with 33W Fast Charging,"6.67 inches, 1080 x 2400 px, 120 Hz Display with Punch Hole",108 MP + 8 MP + 2 MP Triple Rear & 16 MP Front Camera,"Memory Card (Hybrid), upto 1 TB",Android v13
710,itel it5330,1499,,Dual Sim,,"32 MB RAM, 32 MB inbuilt",1900 mAh Battery,"2.8 inches, 320 x 240 px Display",0.3 MP Rear Camera,"Memory Card Supported, upto 32 GB",Unknown
711,OPPO A79 5G,22999,55.0,"Dual Sim, 5G, VoLTE, Wi-Fi","Dimensity 6020, Octa Core, 2.2 GHz Processor","8 GB RAM, 128 GB inbuilt",5000 mAh Battery with 33W Fast Charging,"6.72 inches, 1080 x 2400 px, 90 Hz Display with Punch Hole",50 MP + 2 MP Dual Rear & 8 MP Front Camera,"Memory Card Supported, upto 1 TB",Android v13
712,Motorola Edge 40 Neo,26990,63.0,"Dual Sim, 5G, VoLTE, NFC, Wi-Fi","Dimensity 7030, Octa Core, 2.5 GHz Processor","8 GB RAM, 128 GB inbuilt",5000 mAh Battery with 68W Fast Charging,"6.55 inches, 1080 x 2400 px, 144 Hz Display with Punch Hole",50 MP + 13 MP Dual Rear & 32 MP Front Camera,Memory Card Not Supported,Android v13
713,Samsung Galaxy F34 5G,24499,61.0,"Dual Sim, 5G, VoLTE, NFC, Wi-Fi","Exynos 1280, Octa Core, 2.4 GHz Processor","6 GB RAM, 128 GB inbuilt",6000 mAh Battery with 25W Fast Charging,"6.5 inches, 1080 x 2340 px, 120 Hz Display with Water Drop Notch",50 MP + 8 MP + 2 MP Triple Rear & 13 MP Front Camera,"Memory Card (Hybrid), upto 1 TB",Android v13
714,Nokia 105 Dual Sim 2023,1065,,Dual Sim,Unknown,"4 MB RAM, 4 MB inbuilt",1000 mAh Battery,"1.8 inches, 120 x 160 px Display",No Rear Camera,Memory Card Supported,
715,Motorola Moto G32 (8GB RAM + 128GB),18999,53.0,"Dual Sim, 4G, VoLTE, Wi-Fi","Snapdragon 680, Octa Core, 2.4 GHz Processor","8 GB RAM, 128 GB inbuilt",5000 mAh Battery with 33W Fast Charging,"6.55 inches, 1080 x 2400 px, 90 Hz Display with Punch Hole",50 MP + 8 MP + 2 MP Triple Rear & 16 MP Front Camera,"Memory Card (Hybrid), upto 1 TB",Android v12
716,Poco X5 Pro (8GB RAM + 256GB),24999,64.0,"Dual Sim, 5G, VoLTE, Wi-Fi, IR Blaster","Snapdragon 778G, Octa Core, 2.4 GHz Processor","8 GB RAM, 256 GB inbuilt",5000 mAh Battery with 67W Fast Charging,"6.67 inches, 1080 x 2400 px, 120 Hz Display with Punch Hole",108 MP + 8 MP + 2 MP Triple Rear & 16 MP Front Camera,Memory Card Not Supported,Android v12
717,Samsung Galaxy S23 (8GB RAM + 256GB),95999,75.0,"Dual Sim, 5G, VoLTE, Vo5G, NFC, Wi-Fi","Snapdragon 8 Gen 2, Octa Core, 3.36 GHz Processor","8 GB RAM, 256 GB inbuilt",3900 mAh Battery with 25W Fast Charging,"6.1 inches, 1080 x 2340 px, 120 Hz Display with Punch Hole",50 MP + 12 MP + 10 MP Triple Rear & 12 MP Front Camera,,Android v13
718,itel MagicX Play 4G,3299,,"Dual Sim, 4G, VoLTE, Wi-Fi",Unknown,"48 MB RAM, 128 MB inbuilt",1900 mAh Battery,"1.8 inches, 128 x 160 px Display",0.3 MP Rear Camera,"Memory Card Supported, upto 64 GB",Mocor
719,Vivo V25 Pro (12GB RAM + 256GB),39999,68.0,"Dual Sim, 5G, VoLTE, Wi-Fi","Dimensity 1300, Octa Core, 3 GHz Processor","12 GB RAM, 256 GB inbuilt",4830 mAh Battery with 66W Fast Charging,"6.56 inches, 1080 x 2376 px, 120 Hz Display with Punch Hole",64 MP + 8 MP + 2 MP Triple Rear & 32 MP Front Camera,,Android v12
720,Realme C35 (4GB RAM + 128GB),10999,,"Dual Sim, 4G, VoLTE, Wi-Fi","Tiger  T616, Octa Core, 2 GHz Processor","4 GB RAM, 128 GB inbuilt",5000 mAh Battery with 18W Fast Charging,"6.6 inches, 1080 x 2408 px, 90 Hz Display with Water Drop Notch",50 MP + 2 MP + 2 MP Triple Rear & 8 MP Front Camera,"Memory Card Supported, upto 1 TB",Android v11
721,Xiaomi Redmi Note 11T 5G (8GB RAM + 128GB),19599,57.0,"Dual Sim, 5G, VoLTE, Wi-Fi, IR Blaster","Dimensity  810 5G, Octa Core, 2.4 GHz Processor","8 GB RAM, 128 GB inbuilt",5000 mAh Battery with 33W Fast Charging,"6.6 inches, 1080 x 2400 px, 90 Hz Display with Punch Hole",50 MP + 8 MP Dual Rear & 16 MP Front Camera,"Memory Card (Hybrid), upto 1 TB",Android v11
722,Samsung Galaxy F22,14999,50.0,"Dual Sim, 4G, VoLTE, Wi-Fi","Helio G80, Octa Core, 2 GHz Processor","4 GB RAM, 64 GB inbuilt",6000 mAh Battery,"6.4 inches, 720 x 1600 px, 90 Hz Display with Water Drop Notch",48 MP Quad Rear & 13 MP Front Camera,"Memory Card Supported, upto 1 TB",Android v11
723,OnePlus 9R (12GB RAM + 256GB),37999,64.0,"Dual Sim, 5G, VoLTE, NFC, Wi-Fi","Snapdragon 870, Octa Core, 3.2 GHz Processor","12 GB RAM, 256 GB inbuilt",4500 mAh Battery with 65W Fast Charging,"6.55 inches, 1080 x 2400 px, 120 Hz Display with Punch Hole",48 MP Quad Rear & 16 MP Front Camera,Memory Card Not Supported,Android v11
724,Poco X3 Pro,18990,57.0,"Dual Sim, 4G, VoLTE, Wi-Fi, IR Blaster","Snapdragon 860, Octa Core, 2.96 GHz Processor","6 GB RAM, 128 GB inbuilt",5160 mAh Battery with 33W Fast Charging,"6.67 inches, 1080 x 2400 px, 120 Hz Display with Punch Hole",48 MP Quad Rear & 20 MP Front Camera,Memory Card (Hybrid),Android v11
725,Apple iPhone 8 Plus,77060,,"Single Sim, 4G, VoLTE, NFC, Wi-Fi","Apple A11, Hexa Core, 2.39 GHz Processor","3 GB RAM, 64 GB inbuilt",2691 mAh Battery with Fast Charging,"5.5 inches, 1080 x 1920 px Display",12 MP + 12 MP Dual Rear & 7 MP Front Camera,Memory Card Not Supported,iOS v11
726,Philips S7221 5G (6GB RAM + 128GB),22499,52.0,"Dual Sim, 5G, Wi-Fi","Unisoc T765, Octa Core, 2 GHz Processor","6 GB RAM, 128 GB inbuilt",5700 mAh Battery with 18W Fast Charging,"6.67 inches, 720 x 1612 px Display with Punch Hole",64 MP + 0.08 MP Dual Rear & 16 MP Front Camera,,Android v16
727,MTR M17 Max,9600,,"Dual Sim, 4G, Wi-Fi",512 MHz Processor,"3 GB RAM, 32 GB inbuilt",5000 mAh Battery,"6.5 inches, 320 x 480 px Display with Punch Hole",8 MP Rear Camera,,Android v12.0
728,Tecno Pova 8 Pro 5G (12GB RAM + 512GB),54999,75.0,"Dual Sim, 5G, VoLTE, NFC, Wi-Fi, IR Blaster","Dimensity 7400 Ultimate, Octa Core, 2.6 GHz Processor","12 GB RAM, 512 GB inbuilt",6500 mAh Battery with 45W Fast Charging,"6.78 inches, 1208 x 2644 px, 144 Hz Display with Punch Hole",50 MP + 8 MP Dual Rear & 13 MP Front Camera,,Android v16
729,OPPO Reno16c x BABYMONSTER,49999,75.0,"Dual Sim, 5G, VoLTE, Vo5G, Wi-Fi","Dimensity 7300 Energy, Octa Core, 2.5 GHz Processor","8 GB RAM, 128 GB inbuilt",7000 mAh Battery with 80W Fast Charging,"6.57 inches, 2372 x 1080 px, 120 Hz Display with Punch Hole",50 MP + 50 MP + 8 MP Triple Rear & 50 MP Front Camera,Memory Card (Hybrid),Android v16
730,Ringme Bold 17 Pro (6GB RAM + 64GB),12018,,"Dual Sim, 4G, VoLTE, Wi-Fi","Dual Core, 1.7 GHz Processor","6 GB RAM, 64 GB inbuilt",4000 mAh Battery,"6.68 inches, 1640 x 720 px Display",13 MP Rear Camera,,Android v12
731,Jmax 1272,1499,,Dual Sim,Single Core Processor,"32 MB RAM, 32 MB inbuilt",1100 mAh Battery,"2.4 inches, 320 x 480 px Display",No Rear Camera,,Symbian v30
732,Tecno Pova 8 5G (8GB RAM + 128GB),31999,64.0,"Dual Sim, 5G, VoLTE, NFC, Wi-Fi, IR Blaster","Dimensity 7100, Octa Core, 2.4 GHz Processor","8 GB RAM, 128 GB inbuilt",8000 mAh Battery with Fast Charging,"6.76 inches, 1080 x 2344 px, 144 Hz Display with Punch Hole",50 MP Dual Rear & 13 MP Front Camera,"Memory Card (Hybrid), upto 1 TB",Android v16
733,Infinix Smart 20 (4GB RAM + 128GB),13990,,"Dual Sim, 4G, Wi-Fi, IR Blaster","Helio G81 Ultimate, Octa Core, 2 GHz Processor","4 GB RAM, 128 GB inbuilt",5200 mAh Battery with 15W Fast Charging,"6.78 inches, 720 x 1576 px, 120 Hz Display with Punch Hole",8 MP Rear & 8 MP Front Camera,"Memory Card Supported, upto 2 TB",Android v16
734,Lava Bold N2 5G,13499,,"Dual Sim, 5G, VoLTE, Wi-Fi","Unisoc T8200, Octa Core Processor","4 GB RAM, 64 GB inbuilt",6000 mAh Battery with 18W Fast Charging,"6.75 inches, 720 x 1600 px, 120 Hz Display with Water Drop Notch",13 MP Dual Rear & 5 MP Front Camera,"Memory Card Supported, upto 1 TB",Android v16
735,POCO C81,11963,,"Dual Sim, 4G, VoLTE, Wi-Fi","Unisoc T7250, Octa Core, 1.8 GHz Processor","4 GB RAM, 64 GB inbuilt",6300 mAh Battery with 15W Fast Charging,"6.9 inches, 720 x 1600 px, 120 Hz Display with Water Drop Notch",13 MP Rear & 8 MP Front Camera,"Memory Card Supported, upto 2 TB",Android v16
736,POCO C81x,10918,,"Dual Sim, 4G, VoLTE, Wi-Fi","Unisoc T7250, Octa Core, 1.8 GHz Processor","3 GB RAM, 64 GB inbuilt",5200 mAh Battery with 15W Fast Charging,"6.88 inches, 720 x 1640 px, 120 Hz Display with Water Drop Notch",13 MP Rear & 8 MP Front Camera,"Memory Card Supported, upto 2 TB",Android v15
737,Xiaomi Redmi A7 4G,12445,,"Dual Sim, 4G, VoLTE, Wi-Fi","Unisoc T7250, Octa Core, 1.8 GHz Processor","3 GB RAM, 64 GB inbuilt",5200 mAh Battery with 15W Fast Charging,"6.88 inches, 1640 x 720 px, 120 Hz Display with Water Drop Notch",13 MP Rear & 8 MP Front Camera,"Memory Card Supported, upto 2 TB",Android v15
738,Ai+ Nova 2,13627,53.0,"Dual Sim, 5G, VoLTE, Wi-Fi","Unisoc T8200, Octa Core, 2.3 GHz Processor","4 GB RAM, 64 GB inbuilt",6000 mAh Battery with 18W Fast Charging,"6.74 inches, 720 x 1600 px, 120 Hz Display with Punch Hole",50 MP Rear & 8 MP Front Camera,"Memory Card Supported, upto 1 TB",Android v16
739,Lava Hero Shakti 2026,956,,Dual Sim,1.5 MHz Processor,"4 MB RAM, 32 GB inbuilt",1000 mAh Battery,"1.8 inches, 160 x 128 px Display",No Rear Camera,Memory Card (Hybrid),
740,Realme 16 5G (12GB RAM + 256GB),40999,71.0,"Dual Sim, 5G, VoLTE, Wi-Fi","Dimensity 6400 Turbo, Octa Core, 2.5 GHz Processor","12 GB RAM, 256 GB inbuilt",7000 mAh Battery with 60W Fast Charging,"6.57 inches, 1080 x 2372 px, 120 Hz Display with Punch Hole",50 MP + 2 MP Dual Rear & 50 MP Front Camera,Memory Card (Hybrid),Android v16
741,Realme P4 Lite 5G (6GB RAM + 128GB),21599,50.0,"Dual Sim, 5G, VoLTE, Wi-Fi","Dimensity 6300, Octa Core, 2.4 GHz Processor","6 GB RAM, 128 GB inbuilt",7000 mAh Battery with 15W Fast Charging,"6.81 inches, 720 x 1570 px, 144 Hz Display with Punch Hole",13 MP Rear & 5 MP Front Camera,Memory Card (Hybrid),Android v16
742,Realme P4 Lite 4G (4GB RAM + 128GB),13999,,"Dual Sim, 4G, Wi-Fi","Unisoc T7250, Octa Core, 1.8 GHz Processor","4 GB RAM, 128 GB inbuilt",6300 mAh Battery with 15W Fast Charging,"6.74 inches, 720 x 1600 px Display",13 MP Rear & 5 MP Front Camera,Memory Card Supported,Android v15
743,iQOO Z10 Lite 5G (4GB RAM + 64GB),16999,50.0,"Dual Sim, 5G, VoLTE, Wi-Fi","Dimensity 6300, Octa Core, 2.4 GHz Processor","4 GB RAM, 64 GB inbuilt",6000 mAh Battery with 15W Fast Charging,"6.74 inches, 720 x 1600 px, 90 Hz Display",50 MP + 2 MP Dual Rear & 5 MP Front Camera,,Android v15
744,MTR M16 Pro,6400,,"Dual Sim, 4G, Wi-Fi","Helio, 512 MHz Processor","3 GB RAM, 32 MB inbuilt",2000 mAh Battery,"4 inches, 480 x 640 px Display with Punch Hole",5 MP Rear Camera,,Android v13.0
745,Vivo Y19s 5G (4GB RAM + 128GB),20799,50.0,"Dual Sim, 5G, VoLTE, Wi-Fi","Dimensity 6300, Octa Core, 2.4 GHz Processor","4 GB RAM, 128 GB inbuilt",6000 mAh Battery with 15W Fast Charging,"6.74 inches, 720 x 1600 px, 90 Hz Display with Water Drop Notch",13 MP + 0.08 MP Dual Rear & 5 MP Front Camera,Memory Card Supported,Android v15
746,iQOO Z10R (12GB RAM + 256GB),32999,67.0,"Dual Sim, 5G, VoLTE, Vo5G, Wi-Fi","Dimensity 7400, Octa Core, 2.6 GHz Processor","12 GB RAM, 256 GB inbuilt",5700 mAh Battery with 44W Fast Charging,"6.77 inches, 1080 x 2392 px, 120 Hz Display with Punch Hole",50 MP + 2 MP Dual Rear & 32 MP Front Camera,Memory Card Not Supported,Android v15
747,Realme C71,12599,,"Dual Sim, 4G, Wi-Fi","Unisoc UMS9230E, Octa Core, 1.8 GHz Processor","4 GB RAM, 64 GB inbuilt",6300 mAh Battery with 15W Fast Charging,"6.75 inches, 720 x 1600 px, 90 Hz Display with Water Drop Notch",13 MP Rear & 5 MP Front Camera,Memory Card Supported,Android v15
748,iQOO Z10 Lite 5G (6GB RAM + 128GB),23999,52.0,"Dual Sim, 5G, VoLTE, Wi-Fi","Dimensity 6300, Octa Core, 2.4 GHz Processor","6 GB RAM, 128 GB inbuilt",6000 mAh Battery with 15W Fast Charging,"6.74 inches, 720 x 1600 px, 90 Hz Display",50 MP + 2 MP Dual Rear & 5 MP Front Camera,,Android v15
749,Alcatel V3 Classic,13990,55.0,"Dual Sim, 5G, VoLTE, NFC, Wi-Fi","Dimensity 6300, Octa Core, 2.4 GHz Processor","4 GB RAM, 128 GB inbuilt",5200 mAh Battery with 18W Fast Charging,"6.67 inches, 720 x 1600 px, 120 Hz Display with Punch Hole",50 MP + 0.08 MP Dual Rear & 8 MP Front Camera,"Memory Card (Hybrid), upto 2 TB",Android v15
750,Oppo A5 Pro 5G,29490,58.0,"Dual Sim, 5G, VoLTE, Wi-Fi","Dimensity 6300, Octa Core, 2.4 GHz Processor","8 GB RAM, 128 GB inbuilt",5800 mAh Battery with 45W Fast Charging,"6.67 inches, 720 x 1604 px, 120 Hz Display with Punch Hole",50 MP + 2 MP Dual Rear & 8 MP Front Camera,,Android v15
751,Samsung Galaxy M06 (6GB RAM + 128GB),18999,,"Dual Sim, 5G, VoLTE, Wi-Fi","Dimensity 6300, Octa Core, 2.4 GHz Processor","6 GB RAM, 128 GB inbuilt",5000 mAh Battery with 25W Fast Charging,"6.74 inches, 720 x 1600 px, 90 Hz Display with Water Drop Notch",50 MP + 2 MP Dual Rear & 8 MP Front Camera,"Memory Card (Hybrid), upto 1.5 TB",Android v15
752,OPPO Reno 13 5G (8GB+256GB),43999,72.0,"Dual Sim, 5G, VoLTE, NFC, Wi-Fi, IR Blaster","Dimensity 8350, Octa Core, 3.35 GHz Processor","8 GB RAM, 256 GB inbuilt",5600 mAh Battery with 80W Fast Charging,"6.59 inches, 1256 x 2760 px, 120 Hz Display with Punch Hole",50 MP + 8 MP + 2 MP Triple Rear & 50 MP Front Camera,,Android v15
753,Realme GT 7 Pro (16GB RAM + 512GB),65999,,"Dual Sim, 5G, VoLTE, NFC, Wi-Fi, IR Blaster","Snapdragon 8 Elite, Octa Core, 4.32 GHz Processor","16 GB RAM, 512 GB inbuilt",5800 mAh Battery with 120W Fast Charging,"6.78 inches, 1264 x 2780 px, 120 Hz Display with Punch Hole",50 MP + 50 MP + 8 MP Triple Rear & 16 MP Front Camera,Memory Card Not Supported,Android v15
754,Nokia 6310 (2024),3499,,Dual Sim,Unisoc 6531F,"8 MB RAM, 16 MB inbuilt",1450 mAh Battery,"2.8 inches, 240 x 320 px Display",0.3 MP Rear Camera,"Memory Card Supported, upto 32 GB",S30+
755,OPPO A3x 4G,17900,,"Dual Sim, 4G, VoLTE, Wi-Fi","Snapdragon 6s Gen1 4G, Octa Core Processor","4 GB RAM, 64 GB inbuilt",5100 mAh Battery with 45W Fast Charging,"6.67 inches, 720 x 1604 px, 90 Hz Display with Punch Hole",8 MP Dual Rear & 5 MP Front Camera,Memory Card (Hybrid),Android v14
756,OPPO F27 5G,26499,61.0,"Dual Sim, 5G, VoLTE, Wi-Fi","Dimensity 6300, Octa Core, 2.4 GHz Processor","8 GB RAM, 128 GB inbuilt",5000 mAh Battery with 45W Fast Charging,"6.67 inches, 1080 x 2412 px, 120 Hz Display with Punch Hole",50 MP + 2 MP Dual Rear & 32 MP Front Camera,"Memory Card (Hybrid), upto 2 TB",Android v14
757,Samsung Galaxy M35 5G (8GB RAM + 128GB),30999,61.0,"Dual Sim, 5G, VoLTE, NFC, Wi-Fi","Exynos 1380, Octa Core, 2.4 GHz Processor","8 GB RAM, 128 GB inbuilt",6000 mAh Battery with 25W Fast Charging,"6.6 inches, 1080 x 2340 px, 120 Hz Display with Punch Hole",50 MP + 8 MP + 2 MP Triple Rear & 13 MP Front Camera,"Memory Card (Hybrid), upto 1 TB",Android v14
758,Vivo Y58 5G,29999,59.0,"Dual Sim, 5G, VoLTE, Wi-Fi","Snapdragon 4 Gen2, Octa Core, 2.2 GHz Processor","8 GB RAM, 128 GB inbuilt",6000 mAh Battery with 44W Fast Charging,"6.72 inches, 1080 x 2408 px, 120 Hz Display with Punch Hole",50 MP + 2 MP Dual Rear & 8 MP Front Camera,"Memory Card (Hybrid), upto 1 TB",Android v14
759,Samsung Galaxy M55 (8GB RAM + 256GB),31999,66.0,"Dual Sim, 5G, VoLTE, NFC, Wi-Fi","Snapdragon 7 Gen1, Octa Core, 2.4 GHz Processor","8 GB RAM, 256 GB inbuilt",5000 mAh Battery with 45W Fast Charging,"6.67 inches, 1080 x 2400 px, 120 Hz Display with Punch Hole",50 MP + 8 MP + 2 MP Triple Rear & 50 MP Front Camera,"Memory Card (Hybrid), upto 1 TB",Android v14
760,itel Power 450,1699,,Dual Sim,,,2500 mAh Battery,"2.4 inches, 240 x 320 px Display",0.3 MP Rear Camera,"Memory Card Supported, upto 32 GB",Nucleus
761,Xiaomi Redmi Note 13 Pro 5G (8GB RAM + 256GB),30999,67.0,"Dual Sim, 5G, VoLTE, Wi-Fi, IR Blaster","Snapdragon 7s Gen 2, Octa Core, 2.4 GHz Processor","8 GB RAM, 256 GB inbuilt",5100 mAh Battery with 67W Fast Charging,"6.67 inches, 1220 x 2712 px, 120 Hz Display with Punch Hole",200 MP + 8 MP + 2 MP Triple Rear & 16 MP Front Camera,,Android v13
762,Nokia 105 Classic 2023,1029,,Single Sim,,"4 MB RAM, 4 MB inbuilt",800 mAh Battery,"1.77 inches, 128 x 160 px Display",No Rear Camera,,S30+
763,Samsung Galaxy S23 FE 5G (8GB RAM + 256GB),84999,70.0,"Dual Sim, 5G, VoLTE, Vo5G, NFC, Wi-Fi","Exynos 2200, Octa Core, 2.8 GHz Processor","8 GB RAM, 256 GB inbuilt",4500 mAh Battery with 25W Fast Charging,"6.4 inches, 1080 x 2340 px, 120 Hz Display with Punch Hole",50 MP + 12 MP + 8 MP Triple Rear & 10 MP Front Camera,Memory Card Not Supported,Android v13
764,Motorola Edge 40 Neo (12GB RAM + 256GB),29499,66.0,"Dual Sim, 5G, VoLTE, NFC, Wi-Fi","Dimensity 7030, Octa Core, 2.5 GHz Processor","12 GB RAM, 256 GB inbuilt",5000 mAh Battery with 68W Fast Charging,"6.55 inches, 1080 x 2400 px, 144 Hz Display with Punch Hole",50 MP + 13 MP Dual Rear & 32 MP Front Camera,,Android v13
765,Apple iPhone 15 Pro Max (1TB),199900,74.0,"Dual Sim, 5G, VoLTE, NFC, Wi-Fi","Bionic A17 Pro, Hexa Core, 3.78 GHz Processor","8 GB RAM, 1 TB inbuilt",4441 mAh Battery with Fast Charging,"6.7 inches, 1290 x 2796 px, 120 Hz Display with Dynamic Island",48 MP + 12 MP + 12 MP Triple Rear & 12 MP Front Camera,Memory Card Not Supported,iOS v17
766,Jio Bharat K1 Karbonn,1249,,"Single Sim, 4G, VoLTE",ASR,"512 MB RAM, 4 GB inbuilt",1000 mAh Battery,"1.77 inches, 240 x 320 px Display",0.3 MP Rear Camera,"Memory Card Supported, upto 128 GB",
767,Samsung Galaxy A54 5G,41999,70.0,"Dual Sim, 5G, VoLTE, NFC, Wi-Fi","Exynos 1380, Octa Core, 2.4 GHz Processor","8 GB RAM, 128 GB inbuilt",5000 mAh Battery with 25W Fast Charging,"6.4 inches, 1080 x 2340 px, 120 Hz Display with Punch Hole",50 MP + 12 MP + 5 MP Triple Rear & 32 MP Front Camera,"Memory Card (Hybrid), upto 1 TB",Android v13
768,Samsung Galaxy A34 5G (8GB RAM + 256GB),39499,67.0,"Dual Sim, 5G, VoLTE, NFC, Wi-Fi","Dimensity 1080, Octa Core, 2.6 GHz Processor","8 GB RAM, 256 GB inbuilt",5000 mAh Battery with 25W Fast Charging,"6.6 inches, 1080 x 2340 px, 120 Hz Display with Water Drop Notch",48 MP + 8 MP + 5 MP Triple Rear & 13 MP Front Camera,"Memory Card (Hybrid), upto 1 TB",Android v13
769,OnePlus 11 (16GB RAM + 256GB),61999,76.0,"Dual Sim, 5G, VoLTE, NFC, Wi-Fi","Snapdragon 8 Gen2, Octa Core, 3.2 GHz Processor","16 GB RAM, 256 GB inbuilt",5000 mAh Battery with 100W Fast Charging,"6.7 inches, 1440 x 3216 px, 120 Hz Display with Punch Hole",50 MP + 48 MP + 32 MP Triple Rear & 16 MP Front Camera,Memory Card Not Supported,Android v13
770,Samsung Galaxy A14 5G (6GB RAM + 128GB),20999,53.0,"Dual Sim, 5G, VoLTE, Wi-Fi","Exynos 1330, Octa Core, 2.4 GHz Processor","6 GB RAM, 128 GB inbuilt",5000 mAh Battery with 15W Fast Charging,"6.6 inches, 1080 x 2408 px, 90 Hz Display with Water Drop Notch",50 MP + 2 MP + 2 MP Triple Rear & 13 MP Front Camera,"Memory Card Supported, upto 1 TB",Android v13
771,Google Pixel 7 5G,30999,66.0,"Dual Sim, 5G, VoLTE, NFC, Wi-Fi","Tensor G2, Octa Core, 2.85 GHz Processor","8 GB RAM, 128 GB inbuilt",4355 mAh Battery with 30W Fast Charging,"6.3 inches, 1080 x 2400 px, 90 Hz Display with Punch Hole",50 MP + 12 MP Dual Rear & 10.8 MP Front Camera,,Android v13
772,OPPO A17,14999,,"Dual Sim, 4G, VoLTE, Wi-Fi","Helio G35, Octa Core, 2.3 GHz Processor","4 GB RAM, 64 GB inbuilt",5000 mAh Battery with Fast Charging,"6.56 inches, 720 x 1612 px Display with Water Drop Notch",50 MP + 2 MP Dual Rear & 5 MP Front Camera,"Memory Card Supported, upto 1 TB",Android v12
773,Motorola Moto G32,14999,,"Dual Sim, 4G, VoLTE, Wi-Fi","Snapdragon 680, Octa Core, 2.4 GHz Processor","4 GB RAM, 64 GB inbuilt",5000 mAh Battery with 33W Fast Charging,"6.55 inches, 1080 x 2400 px, 90 Hz Display with Punch Hole",50 MP + 8 MP + 2 MP Triple Rear & 16 MP Front Camera,"Memory Card (Hybrid), upto 1 TB",Android v12
774,Poco M4 5G,14999,53.0,"Dual Sim, 5G, VoLTE, Wi-Fi, IR Blaster","Dimensity 700 5G, Octa Core, 2.2 GHz Processor","4 GB RAM, 64 GB inbuilt",5000 mAh Battery with 18W Fast Charging,"6.58 inches, 1080 x 2400 px, 90 Hz Display with Water Drop Notch",50 MP + 2 MP Dual Rear & 8 MP Front Camera,"Memory Card Supported, upto 512 GB",Android v12
775,iQOO 9 Pro 5G (12GB RAM + 256GB),49999,72.0,"Dual Sim, 5G, VoLTE, NFC, Wi-Fi","Snapdragon 8 Gen1, Octa Core, 3 GHz Processor","12 GB RAM, 256 GB inbuilt",4700 mAh Battery with 120W Fast Charging,"6.78 inches, 1440 x 3200 px, 120 Hz Display with Punch Hole",50 MP + 50 MP + 16 MP Triple Rear & 16 MP Front Camera,,Android v12
776,OPPO Reno7 5G,39999,64.0,"Dual Sim, 5G, VoLTE, NFC, Wi-Fi","Dimensity 900, Octa Core, 2 GHz Processor","8 GB RAM, 256 GB inbuilt",4500 mAh Battery with 65W Fast Charging,"6.43 inches, 1080 x 2400 px, 90 Hz Display with Punch Hole",64 MP + 8 MP + 2 MP Triple Rear & 32 MP Front Camera,"Memory Card Supported, upto 1 TB",Android v11
777,Infinix Hot 11,9999,,"Dual Sim, 4G, VoLTE, Wi-Fi","Helio G70, Octa Core, 2 GHz Processor","4 GB RAM, 64 GB inbuilt",5200 mAh Battery,"6.6 inches, 1080 x 2408 px Display with Water Drop Notch",13 MP Dual Rear & 8 MP Front Camera,"Memory Card Supported, upto 256 GB",Android v11
778,Realme 2 (3GB RAM + 32GB),9990,,"Dual Sim, 4G, VoLTE, Wi-Fi","Snapdragon 450, Octa Core, 1.8 GHz Processor","3 GB RAM, 32 GB inbuilt",4230 mAh Battery,"6.2 inches, 720 x 1520 px Display with Small Notch",13 MP + 2 MP Dual Rear & 8 MP Front Camera,"Memory Card Supported, upto 256 GB",Android v8.1 (Oreo)
779,Xiaomi Redmi Y2,10499,,"Dual Sim, 4G, VoLTE, Wi-Fi, IR Blaster","Snapdragon 625, Octa Core, 2 GHz Processor","3 GB RAM, 32 GB inbuilt",3080 mAh Battery,"5.99 inches, 720 x 1440 px Display",12 MP + 5 MP Dual Rear & 16 MP Front Camera,"Memory Card Supported, upto 128 GB",Android v8.1 (Oreo)
780,Lava Bold N2 5G (4GB RAM + 128GB),14499,,"Dual Sim, 5G, VoLTE, Wi-Fi","Unisoc T8200, Octa Core Processor","4 GB RAM, 128 GB inbuilt",6000 mAh Battery with 18W Fast Charging,"6.75 inches, 720 x 1600 px, 120 Hz Display with Water Drop Notch",13 MP Dual Rear & 5 MP Front Camera,"Memory Card Supported, upto 1 TB",Android v16
781,Jmax Hero Plus,999,,Dual Sim,"Single Core, 1.3 MHz Processor","32 MB RAM, 32 MB inbuilt",3000 mAh Battery,1.8 inches Display,1 MP Rear Camera,,
782,iQOO Z11 5G (12GB RAM + 256GB),49999,75.0,"Dual Sim, 5G, VoLTE, Wi-Fi, IR Blaster","Dimensity 7500 Turbo, Octa Core, 2.6 GHz Processor","12 GB RAM, 256 GB inbuilt",7050 mAh Battery with 44W Fast Charging,"6.83 inches, 1260 x 2800 px, 144 Hz Display with Punch Hole",50 MP + 8 MP Dual Rear & 32 MP Front Camera,Memory Card Not Supported,Android v16
783,Ringme Bold 16 Pro,9899,,"Dual Sim, 4G, VoLTE, Wi-Fi",Dual Core Processor,"4 GB RAM, 64 GB inbuilt",3900 mAh Battery,"6.61 inches, 128 x 160 px Display",13 MP Rear Camera,"Memory Card (Hybrid), upto 128 GB",Unknown
784,itel Zeno 100 Lite,8599,,"Dual Sim, 4G, Wi-Fi, IR Blaster",Octa Core Processor,"2 GB RAM, 64 GB inbuilt",5000 mAh Battery with Fast Charging,"6.6 inches, 720 x 1612 px, 90 Hz Display with Water Drop Notch",8 MP Rear & 5 MP Front Camera,Memory Card Supported,Android v15
785,Ai+ Nova 2 5G (4GB RAM + 128GB),14499,53.0,"Dual Sim, 5G, VoLTE, Wi-Fi","Unisoc T8200, Octa Core, 2.3 GHz Processor","4 GB RAM, 128 GB inbuilt",6000 mAh Battery with 18W Fast Charging,"6.74 inches, 720 x 1600 px, 120 Hz Display with Punch Hole",50 MP Rear & 8 MP Front Camera,"Memory Card Supported, upto 1 TB",Android v16
786,Peace Nova 17 Pro 4G (6GB RAM + 64GB),8988,,"Dual Sim, 4G, VoLTE, Wi-Fi","MTK6739, Single Core Processor","6 GB RAM, 64 GB inbuilt",5000 mAh Battery,"6.56 inches, 1640 x 720 px Display",20 MP Rear & 8 MP Front Camera,"Memory Card (Hybrid), upto 128 GB",Unknown
787,Ringme Bold 16 Pro (6GB RAM + 64GB),12018,,"Dual Sim, 4G, VoLTE, Wi-Fi",Dual Core Processor,"6 GB RAM, 64 GB inbuilt",3900 mAh Battery,"6.61 inches, 128 x 160 px Display",13 MP Rear Camera,"Memory Card (Hybrid), upto 128 GB",Unknown
788,Realme Narzo 100 Lite 5G (4GB RAM + 128GB),17880,50.0,"Dual Sim, 5G, VoLTE, Wi-Fi","Dimensity 6300, Octa Core, 2.4 GHz Processor","4 GB RAM, 128 GB inbuilt",7000 mAh Battery with 15W Fast Charging,"6.8 inches, 720 x 1570 px, 144 Hz Display with Water Drop Notch",13 MP Dual Rear & 5 MP Front Camera,"Memory Card (Hybrid), upto 2 TB",Android v16
789,Oppo F33 5G (8GB RAM + 128GB),36998,64.0,"Dual Sim, 5G, VoLTE, Wi-Fi, IR Blaster","Dimensity 6360 MAX, Octa Core Processor","8 GB RAM, 128 GB inbuilt",7000 mAh Battery with 80W Fast Charging,"6.57 inches, 1080 x 2372 px, 120 Hz Display with Punch Hole",50 MP + 2 MP Dual Rear & 16 MP Front Camera,Memory Card (Hybrid),Android v16
790,Wobble One,27999,66.0,"Dual Sim, 5G, VoLTE, Wi-Fi","Dimensity 7400, Octa Core, 2.6 GHz Processor","8 GB RAM, 128 GB inbuilt",5000 mAh Battery with 33W Fast Charging,"6.67 inches, 1080 x 1920 px, 120 Hz Display with Punch Hole",50 MP + 8 MP + 2 MP Triple Rear & 50 MP Front Camera,,Android v15
791,Lava Bold N2,9999,,"Dual Sim, 4G, VoLTE, Wi-Fi","UNISOC 9863a, Octa Core Processor","4 GB RAM, 64 GB inbuilt",5000 mAh Battery with 10W Fast Charging,"6.75 inches, 720 x 1600 px, 90 Hz Display with Water Drop Notch",13 MP Dual Rear & 5 MP Front Camera,"Memory Card Supported, upto 256 GB",Android 15 Go
792,Realme Narzo 90x (4GB+128GB),19499,57.0,"Dual Sim, 5G, VoLTE, Wi-Fi","Dimensity 6300, Octa Core, 2.4 GHz Processor","4 GB RAM, 128 GB inbuilt",7000 mAh Battery with 60W Fast Charging,"6.8 inches, 720 x 1570 px, 144 Hz Display with Punch Hole",50 MP + 2 MP Dual Rear & 8 MP Front Camera,"Memory Card (Hybrid), upto 2 TB",Android v15
793,Lava Shark 5G (4GB RAM + 128GB),14999,,"Dual Sim, 5G, VoLTE, Wi-Fi","Unisoc T765, Octa Core Processor","4 GB RAM, 128 GB inbuilt",5000 mAh Battery with Fast Charging,"6.75 inches, 720 x 1600 px, 90 Hz Display with Punch Hole",13 MP Rear & 5 MP Front Camera,"Memory Card Supported, upto 1 TB",Android v15
794,Samsung Galaxy M17 5G (8GB RAM + 128GB),26499,57.0,"Dual Sim, 5G, VoLTE, NFC, Wi-Fi","Exynos 1330, Octa Core, 2.4 GHz Processor","8 GB RAM, 128 GB inbuilt",5000 mAh Battery with 25W Fast Charging,"6.7 inches, 1080 x 2340 px, 90 Hz Display with Water Drop Notch",50 MP + 5 MP + 2 MP Triple Rear & 13 MP Front Camera,"Memory Card (Hybrid), upto 2 TB",Android v15
795,Google Pixel 10 Pro Fold,162999,,"Dual Sim, 5G, VoLTE, NFC, eSIM, Wi-Fi","Tensor G5, Octa Core, 3.78 GHz Processor","16 GB RAM, 256 GB inbuilt",5015 mAh Battery with 30W Fast Charging,"8 inches, 2076 x 2152 px, 120 Hz Display with Punch Hole",48 MP + 10.8 MP + 10.5 MP Triple Rear & 10 MP + 10 MP Dual Front Camera,Unknown,Android v16
796,Realme 15x 5G (8GB RAM + 256GB),27999,62.0,"Dual Sim, 5G, VoLTE, Wi-Fi","Dimensity 6300, Octa Core, 2.4 GHz Processor","8 GB RAM, 256 GB inbuilt",7000 mAh Battery with 60W Fast Charging,"6.81 inches, 720 x 1570 px, 144 Hz Display with Punch Hole",50 MP + 2 MP Dual Rear & 50 MP Front Camera,Memory Card (Hybrid),Android v15
797,Realme 15 5G (8GB RAM + 256GB),31999,66.0,"Dual Sim, 5G, VoLTE, Wi-Fi","Dimensity 7300 Plus, Octa Core Processor","8 GB RAM, 256 GB inbuilt",7000 mAh Battery with 80W Fast Charging,"6.8 inches, 1280 x 2800 px, 144 Hz Display with Punch Hole",50 MP + 8 MP Dual Rear & 50 MP Front Camera,,Android v15
798,Realme 15 5G (12GB RAM + 256GB),33499,67.0,"Dual Sim, 5G, VoLTE, Wi-Fi","Dimensity 7300 Plus, Octa Core Processor","12 GB RAM, 256 GB inbuilt",7000 mAh Battery with 80W Fast Charging,"6.8 inches, 1280 x 2800 px, 144 Hz Display with Punch Hole",50 MP + 8 MP Dual Rear & 50 MP Front Camera,,Android v15
799,Samsung Galaxy Z Fold 7 (12GB RAM + 512GB),186999,,"Dual Sim, 5G, VoLTE, Vo5G, NFC, eSIM, Wi-Fi","Snapdragon 8 Elite for Galaxy, Octa Core, 4.47 GHz Processor","12 GB RAM, 512 GB inbuilt",4400 mAh Battery with 25W Fast Charging,"8 inches, 1968 x 2184 px, 120 Hz Display with Punch Hole",200 MP + 12 MP + 10 MP Triple Rear & 10 MP + 10 MP Dual Front Camera,Unknown,Android v16
800,Snexian Rock Fold Mini,1774,,Dual Sim,1.77 MHz Processor,"32 MB RAM, 32 MB inbuilt",2500 mAh Battery,"2.8 inches, 320 x 420 px Display",0.3 MP Rear Camera,"Memory Card Supported, upto 16 GB",Unknown
801,Acer Super ZX 5G  (8GB RAM + 128GB),19499,53.0,"Dual Sim, 5G, VoLTE, Wi-Fi","Dimensity 6300, Octa Core, 2.4 GHz Processor","8 GB RAM, 128 GB inbuilt",5000 mAh Battery with 33W Fast Charging,"6.8 inches, 1080 x 2400 px, 120 Hz Display with Punch Hole",64 MP + 2 MP + 2 MP Triple Rear & 13 MP Front Camera,,Android v15
802,Realme 14T 5G,28990,61.0,"Dual Sim, 5G, VoLTE, Wi-Fi","Dimensity 6300, Octa Core, 2.4 GHz Processor","8 GB RAM, 128 GB inbuilt",6000 mAh Battery with 45W Fast Charging,"6.67 inches, 1080 x 2400 px, 120 Hz Display with Punch Hole",50 MP + 2 MP Dual Rear & 16 MP Front Camera,"Memory Card (Hybrid), upto 2 TB",Android v15
803,HMD 150 Music (2025),2249,,Dual Sim,Unisoc 6531F,"8 MB RAM, 8 MB inbuilt",2500 mAh Battery,"2.4 inches, 240 x 320 px Display",QVGA Rear Camera,"Memory Card Supported, upto 32 GB",
804,OPPO Reno 13 Pro 5G (12GB RAM + 512GB),60999,,"Dual Sim, 5G, VoLTE, NFC, Wi-Fi, IR Blaster","Dimensity 8350, Octa Core, 3.35 GHz Processor","12 GB RAM, 512 GB inbuilt",5800 mAh Battery with 80W Fast Charging,"6.83 inches, 1272 x 2800 px, 120 Hz Display with Punch Hole",50 MP + 50 MP + 8 MP Triple Rear & 50 MP Front Camera,,Android v15
805,Amaq Q1 4G,3300,,"Dual Sim, 4G",,512 MB RAM,3500 mAh Battery,2.8 inches Display,0.6 MP Rear Camera,"Memory Card Supported, upto 32 GB",Unknown
806,Oppo Find X8 5G,79999,,"Dual Sim, 5G, VoLTE, NFC, Wi-Fi, IR Blaster","Dimensity 9400, Octa Core, 3.63 GHz Processor","12 GB RAM, 256 GB inbuilt",5630 mAh Battery with 80W Fast Charging,"6.59 inches, 1256 x 2760 px, 120 Hz Display with Punch Hole",50 MP + 50 MP + 50 MP Triple Rear & 32 MP Front Camera,,Android v15
807,Micromax X1i Smart Plus,998,,Dual Sim,"Single Core, 1.2 MHz Processor","32 MB RAM, 32 MB inbuilt",1750 mAh Battery,"2.4 inches, 320 x 240 px Display",0.08 MP Rear Camera,Memory Card Supported,
808,Micromax X1i Flip,1199,,Dual Sim,"Single Core, 1.2 MHz Processor","32 MB RAM, 32 MB inbuilt",1200 mAh Battery,"2.4 inches, 320 x 240 px Display",0.08 MP Rear Camera,Memory Card Supported,Nucleus OS
809,Karbonn Jio Bharat A1,1949,,"Single Sim, 4G, VoLTE",1 MHz Processor,"50 MB RAM, 50 MB inbuilt",2000 mAh Battery,"2.4 inches, 240 x 320 px Display",0.03 MP Rear Camera,Memory Card Supported,Unknown
810,Samsung Galaxy A55 5G (8GB RAM + 256GB),44999,64.0,"Dual Sim, 5G, VoLTE, NFC, eSIM, Wi-Fi","Exynos 1480, Octa Core, 2.7 GHz Processor","8 GB RAM, 256 GB inbuilt",5000 mAh Battery with 25W Fast Charging,"6.6 inches, 1080 x 2340 px, 120 Hz Display with Punch Hole",50 MP + 12 MP + 5 MP Triple Rear & 32 MP Front Camera,"Memory Card (Hybrid), upto 1 TB",Android v14
811,Realme 12 Plus 5G,20999,61.0,"Dual Sim, 5G, VoLTE, Wi-Fi","Dimensity 7050, Octa Core, 2.6 GHz Processor","8 GB RAM, 128 GB inbuilt",5000 mAh Battery with 67W Fast Charging,"6.67 inches, 1080 x 2400 px, 120 Hz Display with Punch Hole",50 MP + 8 MP + 2 MP Triple Rear & 16 MP Front Camera,"Memory Card (Hybrid), upto 2 TB",Android v14
812,Realme 12 Pro 5G (8GB RAM + 256GB),31990,61.0,"Dual Sim, 5G, VoLTE, Wi-Fi","Snapdragon 6 Gen1, Octa Core, 2.2 GHz Processor","8 GB RAM, 256 GB inbuilt",5000 mAh Battery with 67W Fast Charging,"6.7 inches, 1080 x 2412 px, 120 Hz Display with Punch Hole",50 MP + 32 MP + 8 MP Triple Rear & 16 MP Front Camera,,Android v14
813,Samsung Galaxy S21 FE (Snapdragon + 8GB RAM + 128GB),69999,70.0,"Dual Sim, 5G, VoLTE, NFC, Wi-Fi","Snapdragon 888, Octa Core, 2.84 GHz Processor","8 GB RAM, 128 GB inbuilt",4500 mAh Battery with 25W Fast Charging,"6.4 inches, 1080 x 2340 px, 120 Hz Display with Punch Hole",12 MP + 12 MP + 8 MP Triple Rear & 32 MP Front Camera,Memory Card Not Supported,Android v13
814,Jio Bharat B1 4G,2599,,"Single Sim, 4G, VoLTE",Unknown,"512 MB RAM, 4 GB inbuilt",2000 mAh Battery,"2.4 inches, 240 x 320 px Display",0.3 MP Rear Camera,"Memory Card Supported, upto 128 GB",Unknown
815,Lava Yuva 2,8399,,"Dual Sim, 4G, VoLTE, Wi-Fi","Unisoc T606, Octa Core, 2 GHz Processor","3 GB RAM, 64 GB inbuilt",5000 mAh Battery with 10W Fast Charging,"6.5 inches, 1600 x 720 px, 90 Hz Display with Water Drop Notch",13 MP Dual Rear & 5 MP Front Camera,"Memory Card (Hybrid), upto 512 GB",Android v12
816,OPPO Reno 10 Pro,41900,68.0,"Dual Sim, 5G, VoLTE, NFC, Wi-Fi, IR Blaster","Snapdragon 778G, Octa Core, 2.4 GHz Processor","12 GB RAM, 256 GB inbuilt",4600 mAh Battery with 80W Fast Charging,"6.7 inches, 1080 x 2412 px, 120 Hz Display with Punch Hole",50 MP + 32 MP + 8 MP Triple Rear & 32 MP Front Camera,,Android v13
817,Samsung Galaxy M34 5G,29999,62.0,"Dual Sim, 5G, VoLTE, NFC, Wi-Fi","Exynos 1280 , Octa Core, 2.4 GHz Processor","6 GB RAM, 128 GB inbuilt",6000 mAh Battery with 25W Fast Charging,"6.5 inches, 1080 x 2340 px, 120 Hz Display with Water Drop Notch",50 MP + 8 MP + 2 MP Triple Rear & 13 MP Front Camera,"Memory Card (Hybrid), upto 1 TB",Android v13
818,Xiaomi Redmi Note 12 4G,18999,55.0,"Dual Sim, 4G, VoLTE, Wi-Fi, IR Blaster","Snapdragon 685, Octa Core, 2.8 GHz Processor","6 GB RAM, 64 GB inbuilt",5000 mAh Battery with 33W Fast Charging,"6.67 inches, 1080 x 2400 px, 120 Hz Display with Punch Hole",50 MP + 8 MP + 2 MP Triple Rear & 13 MP Front Camera,"Memory Card (Hybrid), upto 1 TB",Android v13
819,Samsung Galaxy F14 5G (6GB RAM + 128GB),18490,52.0,"Dual Sim, 5G, VoLTE, Wi-Fi","Exynos 1330, Octa Core Processor","6 GB RAM, 128 GB inbuilt",6000 mAh Battery with 25W Fast Charging,"6.6 inches, 2408 x 1080 px Display with Water Drop Notch",50 MP + 2 MP Dual Rear & 13 MP Front Camera,"Memory Card Supported, upto 1 TB",Android v13
820,Poco X5 Pro,24499,63.0,"Dual Sim, 5G, VoLTE, Wi-Fi, IR Blaster","Snapdragon 778G, Octa Core, 2.4 GHz Processor","6 GB RAM, 128 GB inbuilt",5000 mAh Battery with 67W Fast Charging,"6.67 inches, 1080 x 2400 px, 120 Hz Display with Punch Hole",108 MP + 8 MP + 2 MP Triple Rear & 16 MP Front Camera,Memory Card Not Supported,Android v12
821,Xiaomi Redmi Note 12 Pro Plus,33999,68.0,"Dual Sim, 5G, VoLTE, Wi-Fi, IR Blaster","Dimensity 1080, Octa Core, 2.6 GHz Processor","8 GB RAM, 256 GB inbuilt",4980 mAh Battery with 120W Fast Charging,"6.67 inches, 1080 x 2400 px, 120 Hz Display with Punch Hole",200 MP + 8 MP + 2 MP Triple Rear & 16 MP Front Camera,Memory Card Not Supported,Android v12
822,Samsung Galaxy Z Flip 4 5G,54991,74.0,"Dual Sim, 5G, VoLTE, NFC, eSIM, Wi-Fi","Snapdragon  8+ Gen1, Octa Core, 3.2 GHz Processor","8 GB RAM, 128 GB inbuilt",3700 mAh Battery with 25W Fast Charging,"6.7 inches, 1080 x 2640 px, 120 Hz Display with Punch Hole",12 MP + 12 MP Dual Rear & 10 MP Front Camera,Memory Card Not Supported,
823,OPPO Reno 8 Pro 5G,33900,66.0,"Dual Sim, 5G, VoLTE, NFC, Wi-Fi","Dimensity 8100-Max, Octa Core, 2.85 GHz Processor","12 GB RAM, 256 GB inbuilt",4500 mAh Battery with 80W Fast Charging,"6.7 inches, 1080 x 2412 px, 120 Hz Display with Punch Hole",50 MP + 8 MP + 2 MP Triple Rear & 32 MP Front Camera,,Android v12
824,Poco X4 Pro 5G,18499,58.0,"Dual Sim, 5G, VoLTE, Wi-Fi, IR Blaster","Snapdragon 695 , Octa Core, 2.2 GHz Processor","6 GB RAM, 64 GB inbuilt",5000 mAh Battery with 67W Fast Charging,"6.67 inches, 1080 x 2400 px, 120 Hz Display with Punch Hole",64 MP + 8 MP + 2 MP Triple Rear & 16 MP Front Camera,"Memory Card (Hybrid), upto 1 TB",Android v11
825,Poco X4 Pro 5G (6GB RAM + 128GB),20499,61.0,"Dual Sim, 5G, VoLTE, Wi-Fi, IR Blaster","Snapdragon 695 , Octa Core, 2.2 GHz Processor","6 GB RAM, 128 GB inbuilt",5000 mAh Battery with 67W Fast Charging,"6.67 inches, 1080 x 2400 px, 120 Hz Display with Punch Hole",64 MP + 8 MP + 2 MP Triple Rear & 16 MP Front Camera,"Memory Card (Hybrid), upto 1 TB",Android v11
826,iQOO 9 SE 5G (12GB RAM + 256GB),34899,66.0,"Dual Sim, 5G, VoLTE, NFC, Wi-Fi","Snapdragon  888 , Octa Core, 2.84 GHz Processor","12 GB RAM, 256 GB inbuilt",4500 mAh Battery with 66W Fast Charging,"6.62 inches, 1080 x 2400 px, 120 Hz Display with Punch Hole",48 MP + 13 MP + 2 MP Triple Rear & 16 MP Front Camera,,Android v12
827,Realme 9 Pro Plus 5G,25999,59.0,"Dual Sim, 5G, VoLTE, Wi-Fi","Dimensity  920 5G, Octa Core, 2.5 GHz Processor","6 GB RAM, 128 GB inbuilt",4500 mAh Battery with 60W Fast Charging,"6.4 inches, 1080 x 2400 px, 90 Hz Display with Punch Hole",50 MP + 8 MP + 2 MP Triple Rear & 16 MP Front Camera,Memory Card Not Supported,Android v12
828,Motorola Moto G71 5G,19890,55.0,"Dual Sim, 5G, VoLTE, NFC, Wi-Fi","Snapdragon 695, Octa Core, 2.2 GHz Processor","6 GB RAM, 128 GB inbuilt",5000 mAh Battery with 33W Fast Charging,"6.4 inches, 1080 x 2400 px Display with Punch Hole",50 MP + 8 MP + 2 MP Triple Rear & 16 MP Front Camera,Memory Card Not Supported,Android v11
829,Karbonn KX 29,1499,,Dual Sim,,"32 MB RAM, 32 MB inbuilt",2700 mAh Battery,"2.4 inches, 240 x 320 px Display",0.3 MP Rear Camera,"Memory Card Supported, upto 32 GB",Unknown
830,Motorola Moto E40,10999,,"Dual Sim, 4G, VoLTE, Wi-Fi","Tiger T700, Octa Core, 1.8 GHz Processor","4 GB RAM, 64 GB inbuilt",5000 mAh Battery,"6.5 inches, 720 x 1600 px, 90 Hz Display with Punch Hole",48 MP + 2 MP + 2 MP Triple Rear & 8 MP Front Camera,"Memory Card Supported, upto 1 TB",Android v11
831,Motorola Edge 20 Fusion 5G,24999,62.0,"Dual Sim, 5G, VoLTE, NFC, Wi-Fi","Dimensity 800U, Octa Core, 2.4 GHz Processor","6 GB RAM, 128 GB inbuilt",5000 mAh Battery with 30W Fast Charging,"6.67 inches, 1080 x 2400 px, 90 Hz Display with Punch Hole",108 MP + 8 MP + 2 MP Triple Rear & 32 MP Front Camera,"Memory Card (Hybrid), upto 1 TB",Android v11
832,Xiaomi Mi 11X 5G (8GB RAM + 128GB),29999,59.0,"Dual Sim, 5G, VoLTE, Wi-Fi, IR Blaster","Snapdragon 870, Octa Core, 3.2 GHz Processor","8 GB RAM, 128 GB inbuilt",4520 mAh Battery with 33W Fast Charging,"6.67 inches, 1080 x 2400 px, 120 Hz Display with Punch Hole",48 MP + 8 MP + 5 MP Triple Rear & 20 MP Front Camera,,Android v11
833,OnePlus 9,32999,63.0,"Dual Sim, 5G, VoLTE, NFC, Wi-Fi","Snapdragon 888, Octa Core, 2.84 GHz Processor","8 GB RAM, 128 GB inbuilt",4500 mAh Battery with Fast Charging,"6.55 inches, 1080 x 2400 px, 120 Hz Display with Punch Hole",50 MP + 48 MP + 2 MP Triple Rear & 16 MP Front Camera,Memory Card Not Supported,Android v11
834,OnePlus 9 Pro (12GB RAM + 256GB),54999,77.0,"Dual Sim, 5G, VoLTE, NFC, Wi-Fi","Snapdragon 888, Octa Core, 2.84 GHz Processor","12 GB RAM, 256 GB inbuilt",4500 mAh Battery with 65W Fast Charging,"6.7 inches, 1440 x 3216 px, 120 Hz Display with Punch Hole",48 MP Quad Rear & 16 MP Front Camera,Memory Card Not Supported,Android v11
835,Samsung Galaxy Note 20,86000,70.0,"Dual Sim, 4G, VoLTE, NFC, Wi-Fi","Exynos  990, Octa Core, 2.73 GHz Processor","8 GB RAM, 256 GB inbuilt",4300 mAh Battery with 25W Fast Charging,"6.7 inches, 1080 x 2400 px Display with Punch Hole",64 MP + 12 MP + 12 MP Triple Rear & 10 MP Front Camera,,Android v10
836,Realme X3 SuperZoom Edition (12GB RAM + 256GB),24700,54.0,"Dual Sim, 4G, VoLTE, Wi-Fi","Snapdragon 855+, Octa Core, 2.96 GHz Processor","12 GB RAM, 256 GB inbuilt",4200 mAh Battery with 30W Fast Charging,"6.57 inches, 1080 x 2400 px, 120 Hz Display with Dual Punch Hole",64 MP Quad Rear & 32 MP + 8 MP Dual Front Camera,Memory Card Not Supported,Android v10
837,OnePlus 8 Pro (12GB RAM + 256GB),49999,71.0,"Dual Sim, 5G, VoLTE, NFC, Wi-Fi","Snapdragon 865, Octa Core, 2.84 GHz Processor","12 GB RAM, 256 GB inbuilt",4510 mAh Battery with Fast Charging,"6.78 inches, 1440 x 3168 px, 120 Hz Display with Punch Hole",48 MP Quad Rear & 16 MP Front Camera,Memory Card Not Supported,Android v10.0
838,Micromax X809,800,,Dual Sim,1 MHz Processor,"32 MB RAM, 32 MB inbuilt",1000 mAh Battery,"2.4 inches, 240 x 320 px Display",1 MP Rear Camera,Unknown,
839,Realme X,17999,,"Dual Sim, 4G, VoLTE, Wi-Fi","Snapdragon 710, Octa Core, 2.2 GHz Processor","4 GB RAM, 128 GB inbuilt",3765 mAh Battery with 20W Fast Charging,"6.53 inches, 1080 x 2340 px Display",48 MP + 5 MP Dual Rear & 16 MP Front Camera,Memory Card Not Supported,Android v9.0 (Pie)
840,Tecno Spark Go 3 Pro (4GB RAM + 128GB),16999,,"Dual Sim, 4G, Wi-Fi, IR Blaster","Helio G81, Octa Core, 2 GHz Processor","4 GB RAM, 128 GB inbuilt",5200 mAh Battery with 15W Fast Charging,"6.78 inches, 720 x 1526 px, 120 Hz Display with Punch Hole",13 MP Rear & 8 MP Front Camera,Memory Card Supported,Android v16
841,Philips E2104S,1599,,Dual Sim,,"32 MB RAM, 32 MB inbuilt",1000 mAh Battery,2 inches Display,Digital Video Rear Camera,"Memory Card Supported, upto 32 GB",Unknown
842,Lava Gem 2025,1759,,Dual Sim,100 MHz Processor,"4 MB RAM, 4 GB inbuilt",2575 mAh Battery,"2.8 inches, 320 x 240 px Display",VGA Rear Camera,Unknown,
843,Peace Honor 40 Mini,7999,,"Dual Sim, 4G, VoLTE, Wi-Fi",Single Core Processor,"4 GB RAM, 32 GB inbuilt",2000 mAh Battery,"4.5 inches, 412 x 960 px Display",8 MP Rear & 5 MP Front Camera,,Android
844,Ringme Mini 25c,950,,Dual Sim,1 MHz Processor,"32 MB RAM, 32 MB inbuilt",600 mAh Battery with Fast Charging,"0.66 inches, 240 x 320 px Display",No Rear Camera,"Memory Card (Hybrid), upto 32 TB",
845,Ringme Mini 26c,950,,Dual Sim,1 MHz Processor,"32 MB RAM, 32 MB inbuilt",600 mAh Battery with Fast Charging,"0.66 inches, 240 x 320 px Display",No Rear Camera,"Memory Card (Hybrid), upto 32 TB",Unknown
846,Ringme Bold 26 Ultra,9999,,"Dual Sim, 4G, VoLTE, Wi-Fi",Dual Core Processor,"4 GB RAM, 64 GB inbuilt",5000 mAh Battery,"6.79 inches, 1640 x 720 px Display with Punch Hole",13 MP Rear Camera,,Android v12
847,Samsung Galaxy Z Flip 8 5G (12GB RAM + 512GB),134999,,"Dual Sim, 5G, VoLTE, Vo5G, NFC, eSIM, Wi-Fi","Exynos 2600, Deca Core, 3.8 GHz Processor","12 GB RAM, 512 GB inbuilt",4300 mAh Battery with 25W Fast Charging,"6.9 inches, 1080 x 2520 px, 120 Hz Display with Punch Hole",50 MP + 12 MP Dual Rear & 10 MP Front Camera,Memory Card Not Supported,
848,Oppo A6c 4G (4GB RAM + 128GB),33999,,"Dual Sim, 4G, Wi-Fi","Unisoc T7250, Octa Core, 1.8 GHz Processor","4 GB RAM, 128 GB inbuilt",7000 mAh Battery with 15W Fast Charging,"6.75 inches, 720 x 1570 px, 120 Hz Display with Water Drop Notch",13 MP Rear & 5 MP Front Camera,Memory Card (Hybrid),Android v15
849,Realme Narzo 100 Lite 5G (6GB RAM + 128GB),21438,52.0,"Dual Sim, 5G, VoLTE, Wi-Fi","Dimensity 6300, Octa Core, 2.4 GHz Processor","6 GB RAM, 128 GB inbuilt",7000 mAh Battery with 15W Fast Charging,"6.8 inches, 720 x 1570 px, 144 Hz Display with Water Drop Notch",13 MP Dual Rear & 5 MP Front Camera,"Memory Card (Hybrid), upto 2 TB",Android v16
850,Realme P4 Lite 4G,13399,,"Dual Sim, 4G, Wi-Fi","Unisoc T7250, Octa Core, 1.8 GHz Processor","4 GB RAM, 64 GB inbuilt",6300 mAh Battery with 15W Fast Charging,"6.74 inches, 720 x 1600 px Display",13 MP Rear & 5 MP Front Camera,Memory Card Supported,Android v15
851,HMD 100 (Single Sim),899,,Single Sim,Unisoc 6533G,"8 MB RAM, 4 MB inbuilt",800 mAh Battery with 2.75W Fast Charging,"1.77 inches, 160 x 128 px Display",No Rear Camera,,S30+​
852,HMD 102,1269,,Dual Sim,,"4 MB RAM, 4 MB inbuilt",1000 mAh Battery with 2.7W Fast Charging,"1.77 inches, 160 x 128 px Display",QVGA Rear Camera,"Memory Card Supported, upto 32 GB",S30+​
853,Poco M8 5G (8GB RAM + 128GB),26999,61.0,"Dual Sim, 5G, VoLTE, Wi-Fi, IR Blaster","Snapdragon 6 Gen3, Octa Core Processor","8 GB RAM, 128 GB inbuilt",5520 mAh Battery with 45W Fast Charging,"6.77 inches, 1080 x 2392 px, 120 Hz Display with Punch Hole",50 MP + 2 MP Dual Rear & 20 MP Front Camera,"Memory Card (Hybrid), upto 1 TB",Android v15
854,HMD 101,1069,,Dual Sim,Unisoc 6533G,"4 MB RAM, 4 MB inbuilt",1000 mAh Battery with 2.75W Fast Charging,"1.77 inches, 160 x 128 px Display",No Rear Camera,"Memory Card Supported, upto 32 GB",S30+​
855,Peace Nova 17 Pro 4G,9997,,"Dual Sim, 4G, VoLTE, Wi-Fi","MTK6739, Single Core Processor","4 GB RAM, 64 GB inbuilt",5000 mAh Battery,"6.56 inches, 1640 x 720 px Display",20 MP Rear & 8 MP Front Camera,"Memory Card (Hybrid), upto 128 GB",Unknown
856,Peace Honor 20,6800,,"Dual Sim, 4G, VoLTE, Wi-Fi","Helio, Single Core, 1.3 MHz Processor","3 GB RAM, 32 GB inbuilt",2000 mAh Battery,"4.5 inches, 412 x 960 px Display",8 MP Rear & 5 MP Front Camera,,Android v12
857,Vivo Y19s 5G (4GB RAM + 64GB),19979,,"Dual Sim, 5G, VoLTE, Wi-Fi","Dimensity 6300, Octa Core, 2.4 GHz Processor","4 GB RAM, 64 GB inbuilt",6000 mAh Battery with 15W Fast Charging,"6.74 inches, 720 x 1600 px, 90 Hz Display with Water Drop Notch",13 MP + 0.08 MP Dual Rear & 5 MP Front Camera,Memory Card Supported,Android v15
858,Peace Mini 5,3999,,"Dual Sim, 4G, Wi-Fi","Helio, Single Core, 1.3 MHz Processor","3 GB RAM, 32 GB inbuilt",2000 mAh Battery,"3.75 inches, 412 x 960 px Display",8 MP Rear Camera,,Android v12
859,Philips E2101C,1028,,,,"32 MB RAM, 32 MB inbuilt",1000 mAh Battery,1.77 inches Display,No Rear Camera,"Memory Card Supported, upto 32 GB",
860,HMD Touch 4G,4049,,"Dual Sim, 4G, Wi-Fi",Unisoc T127,"128 MB RAM, 64 MB inbuilt",1950 mAh Battery,"3.2 inches, 240 x 320 px Display",2 MP Rear & 0.3 MP Front Camera,"Memory Card Supported, upto 128 MB",RTOS Touch
861,itel it5027 Slim,1129,,Dual Sim,208 MHz Processor,"4 MB RAM, 4 MB inbuilt",1200 mAh Battery,"2.4 inches, 240 x 320 px Display",0.3 MP Rear Camera,"Memory Card Supported, upto 32 GB",
862,Jmax Boost,599,,Dual Sim,"Spreadtrum, 1.4 MHz Processor","32 MB RAM, 32 MB inbuilt",1150 mAh Battery,"1.4 inches, 120 x 240 px Display",0.3 MP Rear Camera,"Memory Card (Hybrid), upto 16 GB",Unknown
863,Apple iPhone Air (1TB),159900,67.0,"Dual Sim, 5G, VoLTE, NFC, eSIM, Wi-Fi","Apple A19 Pro, Hexa Core Processor","8 GB RAM, 1 TB inbuilt",3149 mAh Battery with Fast Charging,"6.5 inches, 1260 x 2736 px Display with Dynamic Island",48 MP Rear & 18 MP Front Camera,Memory Card Not Supported,iOS v26
864,Apple iPhone Air (512GB),139900,66.0,"Dual Sim, 5G, VoLTE, NFC, eSIM, Wi-Fi","Apple A19 Pro, Hexa Core Processor","8 GB RAM, 512 GB inbuilt",3149 mAh Battery with Fast Charging,"6.5 inches, 1260 x 2736 px Display with Dynamic Island",48 MP Rear & 18 MP Front Camera,Memory Card Not Supported,iOS v26
865,Lava A2 Smart,1132,,Dual Sim,"Single Core, 1.5 MHz Processor","4 MB RAM, 32 MB inbuilt",1200 mAh Battery,"2.4 inches, 120 x 240 px Display",Digital Rear Camera,"Memory Card Supported, upto 32 GB",Unknown
866,Realme Narzo 80 Lite (6GB RAM + 128GB),21999,53.0,"Dual Sim, 5G, VoLTE, Wi-Fi","Dimensity 6300, Octa Core, 2.4 GHz Processor","6 GB RAM, 128 GB inbuilt",6000 mAh Battery with 15W Fast Charging,"6.67 inches, 720 x 1604 px, 120 Hz Display with Punch Hole",32 MP Dual Rear & 8 MP Front Camera,"Memory Card (Hybrid), upto 2 TB",Android v15
867,Motorola Moto A200,1251,,Dual Sim,,"56 MB RAM, 36 MB inbuilt",800 mAh Battery,"1.77 inches, 128 x 160 px Display",No Rear Camera,"Memory Card Supported, upto 64 GB",
868,Samsung Galaxy M06 (4GB RAM + 64GB),14399,,"Dual Sim, 5G, VoLTE, Wi-Fi","Dimensity 6300, Octa Core, 2.4 GHz Processor","4 GB RAM, 64 GB inbuilt",5000 mAh Battery with 25W Fast Charging,"6.74 inches, 720 x 1600 px, 90 Hz Display with Water Drop Notch",50 MP + 2 MP Dual Rear & 8 MP Front Camera,"Memory Card (Hybrid), upto 1.5 TB",Android v15
869,Samsung Galaxy F06 5G (4GB RAM + 64GB),14935,,"Dual Sim, 5G, VoLTE, Wi-Fi","Dimensity 6300, Octa Core, 2.4 GHz Processor","4 GB RAM, 64 GB inbuilt",5000 mAh Battery with 25W Fast Charging,"6.7 inches, 720 x 1600 px Display with Water Drop Notch",50 MP + 2 MP Dual Rear & 8 MP Front Camera,"Memory Card (Hybrid), upto 1 TB",Android v15
870,HMD 130 Music (2025),1749,,Dual Sim,Unisoc 6531F,"8 MB RAM, 8 MB inbuilt",2500 mAh Battery,"2.4 inches, 240 x 320 px Display",No Rear Camera,"Memory Card Supported, upto 32 GB",S30+​
871,Jio Bharat V3,1499,,"Single Sim, 4G, VoLTE",Unknown,"512 MB RAM, 4 GB inbuilt",1000 mAh Battery,"1.77 inches, 240 x 320 px Display",0.3 MP Rear Camera,"Memory Card Supported, upto 128 GB",Unknown
872,HMD 110,1249,,Dual Sim,Unknown,"4 MB RAM, 4 MB inbuilt",1000 mAh Battery,"2 inches, 120 x 160 px Display",,"Memory Card Supported, upto 32 GB",RTOS
873,Poco F6 5G (12GB RAM + 512GB),42900,74.0,"Dual Sim, 5G, VoLTE, NFC, Wi-Fi, IR Blaster","Snapdragon 8s Gen3, Octa Core, 3 GHz Processor","12 GB RAM, 512 GB inbuilt",5000 mAh Battery with 90W Fast Charging,"6.67 inches, 1220 x 2712 px, 120 Hz Display with Punch Hole",50 MP + 8 MP Dual Rear & 20 MP Front Camera,Memory Card Not Supported,Android v14
874,Motorola Moto A50V,1799,,Dual Sim,,"4 MB RAM, 4 MB inbuilt",1750 mAh Battery,"1.8 inches, 160 x 128 px Display",0.3 MP Rear Camera,"Memory Card Supported, upto 32 GB",Unknown
875,Vivo Y18,14999,,"Dual Sim, 4G, VoLTE, Wi-Fi","Helio G85, Octa Core, 2 GHz Processor","4 GB RAM, 64 GB inbuilt",5000 mAh Battery with 15W Fast Charging,"6.56 inches, 720 x 1612 px, 90 Hz Display with Water Drop Notch",50 MP + 0.08 MP Dual Rear & 8 MP Front Camera,Memory Card Supported,Android v14
876,Realme Narzo 70x 5G,21990,54.0,"Dual Sim, 5G, VoLTE, Wi-Fi","Dimensity 6100 Plus, Octa Core, 2.2 GHz Processor","4 GB RAM, 128 GB inbuilt",5000 mAh Battery with 45W Fast Charging,"6.72 inches, 1080 x 2400 px, 120 Hz Display with Punch Hole",50 MP + 2 MP Dual Rear & 8 MP Front Camera,"Memory Card (Hybrid), upto 2 TB",Android v14
877,Itel it5262,1579,,Dual Sim,,"4 MB RAM, 4 MB inbuilt",2000 mAh Battery,"2.4 inches, 240 x 320 px Display",0.3 MP Rear Camera,"Memory Card Supported, upto 32 GB",
878,Realme C51 (4GB RAM + 128 GB),15990,,"Dual Sim, 4G, VoLTE, Wi-Fi","Unisoc T612, Octa Core, 1.8 GHz Processor","4 GB RAM, 128 GB inbuilt",5000 mAh Battery with 33W Fast Charging,"6.74 inches, 720 x 1600 px, 90 Hz Display with Water Drop Notch",50 MP + 0.08 MP Dual Rear & 5 MP Front Camera,"Memory Card Supported, upto 2 TB",Android v13
879,Lava A7 Torch,1780,,Dual Sim,,"32 MB RAM, 32 MB inbuilt",2575 mAh Battery,"2.4 inches, 320 x 240 px Display",0.3 MP Rear Camera,"Memory Card Supported, upto 32 GB",Unknown
880,Realme 11,25990,58.0,"Dual Sim, 5G, VoLTE, Wi-Fi","Dimensity 6100 Plus, Octa Core, 2.2 GHz Processor","8 GB RAM, 128 GB inbuilt",5000 mAh Battery with 67W Fast Charging,"6.72 inches, 1080 x 2400 px, 120 Hz Display with Punch Hole",108 MP + 2 MP Dual Rear & 16 MP Front Camera,"Memory Card Supported, upto 1 TB",Android v13
881,Nokia 130 Music 2023,1949,,Dual Sim,Unknown,"4 MB RAM, 4 MB inbuilt",1450 mAh Battery,"2.4 inches, 240 x 320 px Display",No Rear Camera,"Memory Card Supported, upto 32 GB",v30
882,Samsung Galaxy Z Flip 5 (8GB RAM + 512GB),67800,77.0,"Single Sim, 5G, VoLTE, Vo5G, NFC, Wi-Fi","Snapdragon 8 Gen 2, Octa Core, 3.2 GHz Processor","8 GB RAM, 512 GB inbuilt",3700 mAh Battery with 25W Fast Charging,"6.7 inches, 1080 x 2640 px, 120 Hz Display with Punch Hole",12 MP + 12 MP Dual Rear & 10 MP Front Camera,Memory Card Not Supported,
883,Lava A3 Vibe,1299,,Dual Sim,1 MHz Processor,"32 MB RAM, 32 MB inbuilt",1750 mAh Battery,"1.77 inches, 128 x 160 px Display",0.3 MP Rear Camera,"Memory Card Supported, upto 32 GB",Unknown
884,Samsung Galaxy S21 FE (Snapdragon),74999,66.0,"Dual Sim, 5G, VoLTE, NFC, Wi-Fi","Snapdragon 888, Octa Core, 2.84 GHz Processor","8 GB RAM, 256 GB inbuilt",4500 mAh Battery with 25W Fast Charging,"6.4 inches, 1080 x 2340 px, 120 Hz Display with Punch Hole",12 MP + 12 MP + 8 MP Triple Rear & 32 MP Front Camera,Memory Card Not Supported,Android v13
885,Motorola Razr 40 Ultra,69990,74.0,"Dual Sim, 5G, VoLTE, NFC, Wi-Fi","Snapdragon  8+ Gen1, Octa Core, 3.2 GHz Processor","8 GB RAM, 256 GB inbuilt",3800 mAh Battery with 30W Fast Charging,"6.9 inches, 1080 x 2640 px, 165 Hz Display with Punch Hole",13 MP + 12 MP Dual Rear & 32 MP Front Camera,Memory Card Not Supported,
886,Poco F5,34999,64.0,"Dual Sim, 5G, VoLTE, Wi-Fi, IR Blaster","Snapdragon 7+ Gen2, Octa Core, 2.91 GHz Processor","8 GB RAM, 256 GB inbuilt",5000 mAh Battery with 67W Fast Charging,"6.67 inches, 1080 x 2400 px, 120 Hz Display with Punch Hole",64 MP + 8 MP + 2 MP Triple Rear & 16 MP Front Camera,,Android v13
887,Tecno Spark 10C,13899,,"Dual Sim, 4G, VoLTE, Wi-Fi","Unisoc T606, Octa Core, 2 GHz Processor","8 GB RAM, 128 GB inbuilt",5000 mAh Battery with 18W Fast Charging,"6.6 inches, 720 x 1612 px, 90 Hz Display with Water Drop Notch",16 MP Dual Rear & 8 MP Front Camera,Memory Card Supported,Android v12
888,Samsung Galaxy A34 5G (8GB RAM + 128GB),35499,66.0,"Dual Sim, 5G, VoLTE, NFC, Wi-Fi","Dimensity 1080, Octa Core, 2.6 GHz Processor","8 GB RAM, 128 GB inbuilt",5000 mAh Battery with 25W Fast Charging,"6.6 inches, 1080 x 2340 px, 120 Hz Display with Water Drop Notch",48 MP + 8 MP + 5 MP Triple Rear & 13 MP Front Camera,"Memory Card (Hybrid), upto 1 TB",Android v13
889,POCO X5 5G,21999,61.0,"Dual Sim, 5G, VoLTE, Wi-Fi, IR Blaster","Snapdragon 695, Octa Core, 2.2 GHz Processor","6 GB RAM, 128 GB inbuilt",5000 mAh Battery with 33W Fast Charging,"6.67 inches, 1080 x 2400 px, 120 Hz Display with Punch Hole",48 MP + 8 MP + 2 MP Triple Rear & 13 MP Front Camera,"Memory Card (Hybrid), upto 1 TB",Android v12
890,Motorola Moto E13 (4GB RAM + 64GB),10999,,"Dual Sim, 4G, VoLTE, Wi-Fi","Tiger T606, Octa Core, 1.6 GHz Processor","4 GB RAM, 64 GB inbuilt",5000 mAh Battery with 10W Fast Charging,"6.5 inches, 720 x 1600 px Display with Water Drop Notch",13 MP Rear & 5 MP Front Camera,"Memory Card Supported, upto 1 TB",Android v13
891,Samsung Galaxy F04,16999,,"Dual Sim, 4G, VoLTE, Wi-Fi","Helio P35, Octa Core, 2.3 GHz Processor","4 GB RAM, 64 GB inbuilt",5000 mAh Battery with 15W Fast Charging,"6.5 inches, 720 x 1600 px Display with Water Drop Notch",13 MP + 2 MP Dual Rear & 5 MP Front Camera,"Memory Card Supported, upto 1 TB",Android v12
892,Samsung Galaxy A23 5G,28990,55.0,"Dual Sim, 5G, VoLTE, Wi-Fi","Snapdragon 695, Octa Core, 2.2 GHz Processor","6 GB RAM, 128 GB inbuilt",5000 mAh Battery with 25W Fast Charging,"6.6 inches, 1080 x 2408 px, 120 Hz Display with Water Drop Notch",50 MP Quad Rear & 8 MP Front Camera,"Memory Card Supported, upto 1 TB",Android v12
893,Lava Gem Power,1759,,Dual Sim,No Wifi,"512 MB RAM, 512 MB inbuilt",2575 mAh Battery,"2.8 inches, 320 x 240 px Display",1.3 MP Rear Camera,"Memory Card Supported, upto 32 GB",
894,OnePlus 10T (12GB RAM + 256GB),54999,68.0,"Dual Sim, 5G, VoLTE, NFC, Wi-Fi","Snapdragon 8+ Gen1, Octa Core, 3.2 GHz Processor","12 GB RAM, 256 GB inbuilt",4800 mAh Battery with 150W Fast Charging,"6.7 inches, 1080 x 2412 px, 120 Hz Display with Punch Hole",50 MP + 8 MP + 2 MP Triple Rear & 16 MP Front Camera,,Android v12
895,Motorola Edge 30 5G (8GB RAM + 128GB),34999,64.0,"Dual Sim, 5G, VoLTE, NFC, Wi-Fi","Snapdragon 778G+, Octa Core, 2.5 GHz Processor","8 GB RAM, 128 GB inbuilt",4020 mAh Battery with 33W Fast Charging,"6.5 inches, 1080 x 2400 px, 144 Hz Display with Punch Hole",50 MP + 50 MP + 2 MP Triple Rear & 32 MP Front Camera,,Android v12
896,Samsung Galaxy A23,23500,,"Dual Sim, 4G, VoLTE, Wi-Fi","Snapdragon  680, Octa Core, 2.4 GHz Processor","6 GB RAM, 128 GB inbuilt",5000 mAh Battery with 25W Fast Charging,"6.6 inches, 1080 x 2408 px Display with Water Drop Notch",50 MP Quad Rear & 8 MP Front Camera,"Memory Card Supported, upto 1 TB",Android v12
897,Realme 9 5G,16999,53.0,"Dual Sim, 5G, VoLTE, Wi-Fi","Dimensity  810 5G, Octa Core, 2.4 GHz Processor","4 GB RAM, 64 GB inbuilt",5000 mAh Battery with 18W Fast Charging,"6.5 inches, 1080 x 2400 px, 90 Hz Display with Punch Hole",48 MP + 2 MP + 2 MP Triple Rear & 16 MP Front Camera,"Memory Card Supported, upto 1 TB",Android v11
898,Realme 9 5G SE (8GB RAM + 128GB),21990,57.0,"Dual Sim, 5G, VoLTE, Wi-Fi","Snapdragon  778G, Octa Core, 2.4 GHz Processor","8 GB RAM, 128 GB inbuilt",5000 mAh Battery with 30W Fast Charging,"6.6 inches, 1080 x 2412 px, 144 Hz Display with Punch Hole",48 MP + 2 MP + 2 MP Triple Rear & 16 MP Front Camera,"Memory Card Supported, upto 1 TB",Android v11
899,Samsung Galaxy S22 Plus 5G (8GB RAM + 256GB),105999,76.0,"Dual Sim, 5G, VoLTE, Vo5G, NFC, Wi-Fi","Snapdragon  8 Gen1, Octa Core, 3 GHz Processor","8 GB RAM, 256 GB inbuilt",4500 mAh Battery with 45W Fast Charging,"6.6 inches, 1080 x 2340 px, 120 Hz Display with Punch Hole",50 MP + 12 MP + 10 MP Triple Rear & 10 MP Front Camera,,Android v12
900,POCO M4 Pro 4G (8GB RAM + 128GB),19990,54.0,"Dual Sim, 4G, VoLTE, Wi-Fi, IR Blaster","Helio G96, Octa Core, 2.05 GHz Processor","8 GB RAM, 128 GB inbuilt",5000 mAh Battery with 33W Fast Charging,"6.43 inches, 1080 x 2400 px, 90 Hz Display with Punch Hole",64 MP + 8 MP + 2 MP Triple Rear & 16 MP Front Camera,"Memory Card Supported, upto 1 TB",Android v11
901,Micromax X818,1499,,Dual Sim,1 MHz Processor,"32 MB RAM, 32 MB inbuilt",1450 mAh Battery,"2.8 inches, 240 x 320 px Display",0.3 MP Rear Camera,,
902,iQOO 9 5G (12GB RAM + 256GB),50650,68.0,"Dual Sim, 5G, VoLTE, Wi-Fi","Snapdragon  888+, Octa Core, 2.9 GHz Processor","12 GB RAM, 256 GB inbuilt",4350 mAh Battery with 120W Fast Charging,"6.56 inches, 1080 x 2376 px, 120 Hz Display with Punch Hole",48 MP + 13 MP + 13 MP Triple Rear & 16 MP Front Camera,,Android v12
903,Micromax X778,1362,,Dual Sim,1 MHz Processor,"32 MB RAM, 32 MB inbuilt",2700 mAh Battery,"2.4 inches, 240 x 320 px Display",0.3 MP Rear Camera,,
904,Motorola Moto G31,14290,,"Dual Sim, 4G, VoLTE, Wi-Fi","Helio  G85, Octa Core, 2 GHz Processor","4 GB RAM, 64 GB inbuilt",5000 mAh Battery with 20W Fast Charging,"6.47 inches, 1080 x 2400 px Display with Punch Hole",50 MP + 8 MP + 2 MP Triple Rear & 13 MP Front Camera,"Memory Card (Hybrid), upto 1 TB",Android v11
905,Motorola Moto G31 (6GB RAM+ 128GB),16999,50.0,"Dual Sim, 4G, VoLTE, Wi-Fi","Helio  G85, Octa Core, 2 GHz Processor","6 GB RAM, 128 GB inbuilt",5000 mAh Battery with 20W Fast Charging,"6.47 inches, 1080 x 2400 px Display with Punch Hole",50 MP + 8 MP + 2 MP Triple Rear & 13 MP Front Camera,"Memory Card (Hybrid), upto 1 TB",Android v11
906,Xiaomi Mi 11 Lite NE 5G (8GB RAM + 128GB),26499,61.0,"Dual Sim, 5G, VoLTE, NFC, Wi-Fi, IR Blaster","Snapdragon  778G , Octa Core, 2.4 GHz Processor","8 GB RAM, 128 GB inbuilt",4250 mAh Battery with 33W Fast Charging,"6.55 inches, 1080 x 2400 px, 90 Hz Display with Punch Hole",64 MP + 8 MP + 5 MP Triple Rear & 20 MP Front Camera,Memory Card (Hybrid),Android v11
907,Motorola Edge 20 5G,25490,64.0,"Dual Sim, 5G, VoLTE, NFC, Wi-Fi","Snapdragon  778G , Octa Core, 2.4 GHz Processor","8 GB RAM, 128 GB inbuilt",4000 mAh Battery with 30W Fast Charging,"6.7 inches, 1080 x 2460 px, 144 Hz Display with Punch Hole",108 MP + 16 MP + 8 MP Triple Rear & 32 MP Front Camera,,Android v11
908,POCO M3 Pro 5G (6GB RAM + 128GB),17690,54.0,"Dual Sim, 5G, VoLTE, Wi-Fi, IR Blaster","Dimensity 700 5G, Octa Core, 2.2 GHz Processor","6 GB RAM, 128 GB inbuilt",5000 mAh Battery with 18W Fast Charging,"6.5 inches, 1080 x 2400 px, 90 Hz Display with Punch Hole",48 MP + 2 MP + 2 MP Triple Rear & 8 MP Front Camera,"Memory Card (Hybrid), upto 1 TB",Android v11
909,Xiaomi Mi 11 Lite,19990,55.0,"Dual Sim, 4G, VoLTE, Wi-Fi, IR Blaster","Snapdragon 732G, Octa Core, 2.3 GHz Processor","6 GB RAM, 128 GB inbuilt",4250 mAh Battery with 33W Fast Charging,"6.55 inches, 1080 x 2400 px, 90 Hz Display with Punch Hole",64 MP + 8 MP + 5 MP Triple Rear & 16 MP Front Camera,"Memory Card (Hybrid), upto 512 GB",Android v11
910,Motorola Moto G40 Fusion,16590,53.0,"Dual Sim, 4G, VoLTE, Wi-Fi","Snapdragon  732G, Octa Core, 2.3 GHz Processor","4 GB RAM, 64 GB inbuilt",6000 mAh Battery with 20W Fast Charging,"6.78 inches, 1080 x 2460 px, 120 Hz Display with Punch Hole",64 MP + 8 MP + 2 MP Triple Rear & 16 MP Front Camera,"Memory Card (Hybrid), upto 256 GB",Android v11
911,Realme 7i (4GB RAM + 128GB),14999,50.0,"Dual Sim, 4G, VoLTE, Wi-Fi","Snapdragon 662, Octa Core, 2 GHz Processor","4 GB RAM, 128 GB inbuilt",5000 mAh Battery with 18W Fast Charging,"6.5 inches, 720 x 1600 px, 90 Hz Display with Punch Hole",64 MP Quad Rear & 16 MP Front Camera,"Memory Card Supported, upto 256 GB",Android v10
912,Nokia 5310 Dual Sim,3689,,Dual Sim,,"8 MB RAM, 16 MB inbuilt",1200 mAh Battery,"2.4 inches, 240 x 320 px Display",0.3 MP Rear Camera,"Memory Card Supported, upto 32 GB",Unknown
913,OnePlus 7T (8GB RAM + 256GB),29999,61.0,"Dual Sim, 4G, VoLTE, NFC, Wi-Fi","Snapdragon  855+, Octa Core, 2.96 GHz Processor","8 GB RAM, 256 GB inbuilt",3800 mAh Battery with 30W Fast Charging,"6.55 inches, 1080 x 2400 px Display with Water Drop Notch",48 MP + 16 MP + 12 MP Triple Rear & 16 MP Front Camera,Memory Card Not Supported,Android v10.0
914,Vivo S1 (6GB RAM + 128GB),22999,,"Dual Sim, 4G, VoLTE, Wi-Fi","Helio  P65 , Octa Core, 2 GHz Processor","6 GB RAM, 128 GB inbuilt",4500 mAh Battery with 18W Fast Charging,"6.38 inches, 1080 x 2340 px Display with Water Drop Notch",16 MP + 8 MP + 2 MP Triple Rear & 32 MP Front Camera,"Memory Card Supported, upto 256 GB",Android v9.0 (Pie)
915,Realme 5 (4GB RAM + 64GB),11999,,"Dual Sim, 4G, VoLTE, Wi-Fi","Snapdragon  665, Octa Core, 2 GHz Processor","4 GB RAM, 64 GB inbuilt",5000 mAh Battery,"6.5 inches, 720 x 1600 px Display with Water Drop Notch",12 MP Quad Rear & 13 MP Front Camera,"Memory Card Supported, upto 256 GB",Android v9.0 (Pie)
916,OnePlus 7,31999,55.0,"Dual Sim, 4G, VoLTE, NFC, Wi-Fi","Snapdragon 855, Octa Core, 2.84 GHz Processor","6 GB RAM, 128 GB inbuilt",3700 mAh Battery with 20W Fast Charging,"6.41 inches, 1080 x 2340 px Display with Water Drop Notch",48 MP + 5 MP Dual Rear & 16 MP Front Camera,Memory Card Not Supported,Android v9.0 (Pie)
917,Realme 3 Pro,15999,,"Dual Sim, 4G, VoLTE, Wi-Fi","Qualcomm Snapdragon 710 AIE, Octa Core, 2.2 GHz Processor","4 GB RAM, 64 GB inbuilt",4045 mAh Battery with Fast Charging,"6.3 inches, 1080 x 2340 px Display with Water Drop Notch",16 MP + 5 MP Dual Rear & 25 MP Front Camera,"Memory Card Supported, upto 256 GB",Android v9.0 (Pie)
918,Apple iPhone 8 (256GB),77000,,"Single Sim, 4G, VoLTE, NFC, Wi-Fi","Apple A11, Hexa Core, 2.39 GHz Processor","2 GB RAM, 256 GB inbuilt",1821 mAh Battery with Fast Charging,"4.7 inches, 750 x 1334 px Display",12 MP Rear & 7 MP Front Camera,Memory Card Not Supported,iOS v11
919,Coolpad Cool 20s 5G,14999,,"Dual Sim, 5G, Wi-Fi","Dimensity 700, Octa Core, 2.2 GHz Processor","6 GB RAM, 128 GB inbuilt",4500 mAh Battery with 18W Fast Charging,"6.58 inches, 1080 x 2408 px Display",50 MP + 2 MP Dual Rear & 8 MP Front Camera,Memory Card Supported,Android v13
920,Peace Nova 13,9999,,"Dual Sim, 4G, VoLTE, Wi-Fi","Helio, Single Core, 1.7 GHz Processor","4 GB RAM, 64 GB inbuilt",5000 mAh Battery,"6.85 inches, 1640 x 720 px Display with Punch Hole",20 MP Rear Camera,"Memory Card Supported, upto 128 GB",v60
921,Coolpad CP12 Neo Plus,9000,,"Dual Sim, 4G, Wi-Fi","Unisoc SC9863A1, Octa Core, 1.6 GHz Processor","3 GB RAM, 64 GB inbuilt",5000 mAh Battery with 10W Fast Charging,"6.56 inches, 720 x 1612 px, 120 Hz Display with Water Drop Notch",13 MP Rear & 5 MP Front Camera,Memory Card Supported,Android v15
922,Ringme Bold 17 Mini,6999,,"Dual Sim, 4G, VoLTE, Wi-Fi","Helio, Quad Core, 1.8 GHz Processor","3 GB RAM, 32 GB inbuilt",2000 mAh Battery,"3.75 inches, 412 x 960 px Display",8 MP Rear Camera,,Android v10
923,Itel Zeno 100 Pro,9199,,"Dual Sim, 4G, Wi-Fi, IR Blaster","Unisoc T7100, Octa Core Processor","3 GB RAM, 64 GB inbuilt",5000 mAh Battery with 10W Fast Charging,"6.6 inches, 720 x 1612 px, 90 Hz Display with Water Drop Notch",8 MP Rear & 5 MP Front Camera,Memory Card Supported,Android 15 Go Edition
924,Ai+ Pulse 2 (4GB RAM + 128GB),11499,,"Dual Sim, 4G, VoLTE, Wi-Fi","Unisoc T7250, Octa Core, 1.8 GHz Processor","4 GB RAM, 128 GB inbuilt",6000 mAh Battery with 10W Fast Charging,"6.75 inches, 720 x 1600 px, 120 Hz Display with Water Drop Notch",50 MP Dual Rear & 8 MP Front Camera,"Memory Card Supported, upto 1 TB",Android v16
925,Coolpad Cool 30i,12000,,"Dual Sim, 4G, VoLTE, Wi-Fi","Helio G37, Octa Core, 2.3 GHz Processor","6 GB RAM, 256 GB inbuilt",4500 mAh Battery,"6.56 inches, 720 x 1600 px Display with Water Drop Notch",50 MP Dual Rear & 8 MP Front Camera,Memory Card (Hybrid),Android v13
926,HMD Vibe 2 5G (4GB RAM + 128GB),17999,50.0,"Dual Sim, 5G, VoLTE, Wi-Fi","Unisoc T8200, Octa Core, 2.3 GHz Processor","4 GB RAM, 128 GB inbuilt",6000 mAh Battery with 18W Fast Charging,"6.75 inches, 720 x 1600 px, 120 Hz Display with Water Drop Notch",50 MP Dual Rear & 8 MP Front Camera,"Memory Card (Hybrid), upto 1 TB",Android v16
927,Gamma K2 Mini 2,949,,Dual Sim,1 MHz Processor,"32 MB RAM, 32 MB inbuilt",1000 mAh Battery,"0.66 inches, 128 x 160 px Display",No Rear Camera,,v40
928,Itel Zeno 200,10399,,"Dual Sim, 4G, Wi-Fi, IR Blaster","Unisoc T7100, Octa Core, 1.8 GHz Processor","4 GB RAM, 128 GB inbuilt",5000 mAh Battery with Fast Charging,"6.75 inches, 720 x 1600 px, 120 Hz Display with Water Drop Notch",13 MP Rear & Main Front Camera,Memory Card Supported,Android v15
929,Jmax X4 4G,2499,,Dual Sim,225 MHz Processor,"32 MB RAM, 32 MB inbuilt",3000 mAh Battery,"2.8 inches, 320 x 480 px Display",0.3 MP Rear Camera,Memory Card Supported,
930,Lava Bold N2 Lite,9299,,"Dual Sim, 4G, VoLTE, Wi-Fi","Unisoc SC9863A, Octa Core Processor","3 GB RAM, 64 GB inbuilt",5000 mAh Battery with 10W Fast Charging,"6.75 inches, 720 x 1600 px, 90 Hz Display with Water Drop Notch",13 MP Dual Rear & 5 MP Front Camera,"Memory Card Supported, upto 512 GB",Android 15 Go Edition
931,Snexian Rock X Flip,1299,,Dual Sim,"Unisoc, Single Core, 1 MHz Processor","32 MB RAM, 32 MB inbuilt",1500 mAh Battery,"1.8 inches, 120 x 240 px Display",0.3 MP Rear Camera,,Symbian v0
932,MTR M10,900,,Dual Sim,256 MHz Processor,"32 MB RAM, 32 MB inbuilt",700 mAh Battery,"0.66 inches, 120 x 240 px Display",No Rear Camera,Unknown,
933,Snexian Guru Two,899,,Dual Sim,,"32 MB RAM, 32 MB inbuilt",2500 mAh Battery,"2.4 inches, 320 x 240 px Display",0.3 MP Rear Camera,"Memory Card Supported, upto 16 GB",Symbian v30
934,Lava A1 Tejas,1154,,Dual Sim,,"4 MB RAM, 4 MB inbuilt",1000 mAh Battery with Fast Charging,"2 inches, 160 x 128 px Display",Main Rear Camera,"Memory Card Supported, upto 32 GB",Unknown
935,iKall I2 New,2182,,"Dual Sim, 4G",1.4 MHz Processor,"32 MB RAM, 32 MB inbuilt",2500 mAh Battery,"2.8 inches, 240 x 320 px Display",1 MP Rear Camera,"Memory Card Supported, upto 8 GB",Unknown
936,itel it2165c,1025,,Dual Sim,"Single Core, 308 MHz Processor","32 MB RAM, 32 MB inbuilt",1200 mAh Battery,"2 inches, 120 x 240 px Display",No Rear Camera,"Memory Card Supported, upto 32 GB",Unknown
937,HMD 100,999,,Dual Sim,Unisoc 6533G,"8 MB RAM, 4 MB inbuilt",800 mAh Battery with 2.75W Fast Charging,"1.77 inches, 160 x 128 px Display",No Rear Camera,,S30+​
938,Gamma K2 Tiny,999,,Dual Sim,1 MHz Processor,"32 MB RAM, 32 MB inbuilt",1000 mAh Battery,"0.66 inches, 120 x 360 px Display",No Rear Camera,Unknown,
939,Peace Nova 11 4G,8749,,"Dual Sim, 4G, Wi-Fi",Helio 6739,"4 GB RAM, 64 GB inbuilt",2000 mAh Battery,6.56 inches Display,20 MP Rear & 5 MP Front Camera,"Memory Card Supported, upto 128 GB",Unknown
940,Lava A1 Josh Bol,1044,,Dual Sim,,"4 MB RAM, 4 MB inbuilt",1000 mAh Battery with Fast Charging,"2 inches, 160 x 128 px Display",,"Memory Card Supported, upto 32 GB",Unknown
941,Philips E2104,1086,,Dual Sim,,"32 MB RAM, 32 MB inbuilt",1420 mAh Battery,2 inches Display,Digital Video Rear Camera,"Memory Card Supported, upto 32 GB",Unknown
942,itel It9120,2200,,Dual Sim,1 GHz Processor,"64 MB RAM, 128 MB inbuilt",1200 mAh Battery,"2.4 inches, 640 x 480 px Display",0.3 MP Rear Camera,Memory Card Supported,Unknown
943,itel it2181,1199,,Dual Sim,"Single Core, 1 MHz Processor","4 MB RAM, 4 MB inbuilt",1200 mAh Battery with Fast Charging,"2 inches, 240 x 320 px Display",0.3 MP Rear Camera,"Memory Card Supported, upto 32 GB",
944,Lava A1 Music,1033,,Dual Sim,,"32 MB RAM, 32 MB inbuilt",1000 mAh Battery,"2 inches, 240 x 320 px Display",0.3 MP Rear Camera,"Memory Card Supported, upto 32 GB",Unknown
945,Samsung Galaxy Z Flip 7 FE (8GB RAM + 256GB),95999,,"Dual Sim, 5G, VoLTE, Vo5G, NFC, eSIM, Wi-Fi","Exynos 2400, Octa Core, 3.2 GHz Processor","8 GB RAM, 256 GB inbuilt",4000 mAh Battery with 25W Fast Charging,"6.7 inches, 1080 x 2640 px, 120 Hz Display with Punch Hole",50 MP + 12 MP Dual Rear & 10 MP Front Camera,Memory Card Not Supported,
946,Philips E2221,1799,,,,"32 MB RAM, 32 MB inbuilt",2500 mAh Battery,2.44 inches Display,Digital Camera Rear Camera,"Memory Card Supported, upto 32 GB",
947,Snexian Rock 7600,999,,Dual Sim,1.41 MHz Processor,"512 MB RAM, 256 MB inbuilt",1000 mAh Battery,"1.8 inches, 120 x 240 px Display",0.3 MP Rear Camera,Unknown,
948,Philips E2112,1168,,,,"32 MB RAM, 32 MB inbuilt",2500 mAh Battery,1.77 inches Display,Main Rear Camera,"Memory Card Supported, upto 32 GB",
949,Alcatel V3 Ultra (8GB RAM + 128GB),20590,64.0,"Dual Sim, 5G, VoLTE, NFC, eSIM, Wi-Fi","Dimensity 6300, Octa Core, 2.4 GHz Processor","8 GB RAM, 128 GB inbuilt",5010 mAh Battery with 33W Fast Charging,"6.78 inches, 1080 x 2460 px, 120 Hz Display with Punch Hole",108 MP + 8 MP + 2 MP Triple Rear & 32 MP Front Camera,"Memory Card Supported, upto 2 TB",Android v14
950,Lava Shark 5G,13999,,"Dual Sim, 5G, VoLTE, Wi-Fi","Unisoc T765, Octa Core Processor","4 GB RAM, 64 GB inbuilt",5000 mAh Battery with Fast Charging,"6.75 inches, 720 x 1600 px, 90 Hz Display with Punch Hole",13 MP Rear & 5 MP Front Camera,"Memory Card Supported, upto 1 TB",Android v15
951,Realme C75 5G (6GB RAM + 128GB),21990,53.0,"Dual Sim, 5G, VoLTE, Wi-Fi","Dimensity 6300, Octa Core, 2.4 GHz Processor","6 GB RAM, 128 GB inbuilt",6000 mAh Battery with 45W Fast Charging,"6.67 inches, 720 x 1604 px, 120 Hz Display with Punch Hole",32 MP Rear & 8 MP Front Camera,Memory Card (Hybrid),Android v15
952,GFive K-116 C,749,,"Dual Sim, 3G","Spreadtrum, Single Core, 1.4 GHz Processor","32 MB RAM, 32 MB inbuilt",1000 mAh Battery,"1.44 inches, 320 x 480 px Display",0.3 MP Rear Camera,Memory Card (Hybrid),Symbian v30
953,Lava A5 2025,1650,,Dual Sim,,"32 MB RAM, 24 MB inbuilt",1200 mAh Battery,"2.4 inches, 240 x 320 px Display",0.3 MP Rear Camera,"Memory Card Supported, upto 32 GB",Unknown
954,Lava A7 Torch Plus,1649,,Dual Sim,,"32 MB RAM, 32 MB inbuilt",2575 mAh Battery,"2.4 inches, 320 x 240 px Display",0.3 MP Rear Camera,"Memory Card Supported, upto 32 GB",Unknown
955,Lava A3 Torch,1341,,Dual Sim,1 MHz Processor,"4 MB RAM, 3 MB inbuilt",1750 mAh Battery,"1.8 inches, 128 x 160 px Display",0.3 MP Rear Camera,"Memory Card Supported, upto 32 GB",Unknown
956,Google Pixel 9 Pro Fold,135900,,"Dual Sim, 5G, VoLTE, NFC, Wi-Fi","Tensor G4, Octa Core, 3.1 GHz Processor","16 GB RAM, 256 GB inbuilt",4650 mAh Battery with Fast Charging,"8.03 inches, 2152 x 2076 px, 120 Hz Display with Punch Hole",48 MP + 10.8 MP + 10.5 MP Triple Rear & 10 MP + 10 MP Dual Front Camera,Unknown,Android v14
957,itel Ace 3 Shine,898,,Dual Sim,"Single Core, 208 MHz Processor","4 MB RAM, 4 MB inbuilt",1000 mAh Battery,"1.8 inches, 160 x 128 px Display",No Rear Camera,Memory Card Supported,Unknown
958,Samsung Galaxy Z Flip 6 (512GB),83000,,"Dual Sim, 5G, VoLTE, Vo5G, NFC, eSIM, Wi-Fi","Snapdragon 8 Gen3, Octa Core, 3.3 GHz Processor","12 GB RAM, 512 GB inbuilt",4000 mAh Battery with 25W Fast Charging,"6.7 inches, 1080 x 2640 px, 120 Hz Display with Punch Hole",50 MP + 12 MP Dual Rear & 10 MP Front Camera,Memory Card Not Supported,
959,Ringme R1 Plus Jumbo,1680,,Quad Sim,256 MHz Processor,"32 MB RAM, 32 MB inbuilt",4000 mAh Battery,"2.4 inches, 128 x 160 px Display",1 MP Rear Camera,Memory Card Supported,Unknown
960,HMD 105,1019,,Dual Sim,Unknown,"4 MB RAM, 4 MB inbuilt",1000 mAh Battery,"1.8 inches, 120 x 160 px Display",No Rear Camera,Memory Card Supported,
961,Lava Hero Shakti,956,,Dual Sim,,,800 mAh Battery,"1.8 inches, 128 x 160 px Display",No Rear Camera,"Memory Card Supported, upto 32 GB",Unknown
962,Motorola Moto A10V,1499,,Dual Sim,,"4 MB RAM, 4 MB inbuilt",800 mAh Battery,"1.8 inches, 160 x 128 px Display",No Rear Camera,"Memory Card Supported, upto 32 GB",Unknown
963,Poco C61,12990,,"Dual Sim, 4G, VoLTE, Wi-Fi","Helio G36, Octa Core, 2.2 GHz Processor","4 GB RAM, 64 GB inbuilt",5000 mAh Battery with 18W Fast Charging,"6.71 inches, 720 x 1650 px, 90 Hz Display with Water Drop Notch",8 MP + 0.08 MP Dual Rear & 5 MP Front Camera,"Memory Card Supported, upto 1 TB",Android v14
964,Samsung Galaxy S24 (8GB RAM + 512GB),69999,76.0,"Dual Sim, 5G, VoLTE, Vo5G, NFC, eSIM, Wi-Fi","Exynos 2400, Deca Core, 3.2 GHz Processor","8 GB RAM, 512 GB inbuilt",4000 mAh Battery with 25W Fast Charging,"6.2 inches, 1080 x 2340 px, 120 Hz Display with Punch Hole",50 MP + 12 MP + 10 MP Triple Rear & 12 MP Front Camera,,Android v14
965,Poco C65,14490,,"Dual Sim, 4G, VoLTE, Wi-Fi","Helio G85, Octa Core, 2 GHz Processor","4 GB RAM, 128 GB inbuilt",5000 mAh Battery with 18W Fast Charging,"6.74 inches, 720 x 1600 px, 90 Hz Display with Water Drop Notch",50 MP + 2 MP Triple Rear & 8 MP Front Camera,"Memory Card Supported, upto 1 TB",Android v13
966,Nokia 105 Classic 2023 (Dual Sim),1259,,Dual Sim,,"4 MB RAM, 4 MB inbuilt",800 mAh Battery,"1.77 inches, 128 x 160 px Display",No Rear Camera,,S30+
967,MTR Speed,1700,,"Dual Sim, 4G, VoLTE",1.4 MHz Processor,"32 MB RAM, 32 MB inbuilt",3000 mAh Battery,"2.4 inches, 120 x 240 px Display",0.3 MP Rear Camera,Memory Card Supported,
968,Nokia 150 2023,2799,,Dual Sim,Unknown,"4 MB RAM, 4 MB inbuilt",1450 mAh Battery,"2.4 inches, 240 x 320 px Display",,"Memory Card Supported, upto 32 GB",v30
969,OPPO A58 4G,20900,,"Dual Sim, 4G, VoLTE, Wi-Fi, IR Blaster","Helio G85, Octa Core, 2 GHz Processor","6 GB RAM, 128 GB inbuilt",5000 mAh Battery with 33W Fast Charging,"6.72 inches, 1080 x 2400 px Display with Water Drop Notch",50 MP + 2 MP Dual Rear & 8 MP Front Camera,"Memory Card Supported, upto 1 TB",Android v13
970,Samsung Galaxy F34 5G (8GB RAM + 128GB),25999,62.0,"Dual Sim, 5G, VoLTE, NFC, Wi-Fi","Exynos 1280, Octa Core, 2.4 GHz Processor","8 GB RAM, 128 GB inbuilt",6000 mAh Battery with 25W Fast Charging,"6.5 inches, 1080 x 2340 px, 120 Hz Display with Water Drop Notch",50 MP + 8 MP + 2 MP Triple Rear & 13 MP Front Camera,"Memory Card (Hybrid), upto 1 TB",Android v13
971,Samsung Galaxy Z Fold 5 (12GB RAM + 512GB),164999,,"Dual Sim, 5G, VoLTE, Vo5G, NFC, Wi-Fi","Snapdragon 8 Gen 2, Octa Core, 3.36 GHz Processor","12 GB RAM, 512 GB inbuilt",4400 mAh Battery with 25W Fast Charging,"7.6 inches, 1812 x 2176 px, 120 Hz Display with Punch Hole",50 MP + 12 MP + 10 MP Triple Rear & 10 MP + 4 MP Dual Front Camera,Unknown,Android v13
972,Nokia 105 2023,1249,,Single Sim,Unknown,"4 MB RAM, 4 MB inbuilt",1000 mAh Battery,"1.8 inches, 120 x 160 px Display",No Rear Camera,Memory Card Supported,
973,POCO X5 5G (8GB RAM + 256GB),27900,62.0,"Dual Sim, 5G, VoLTE, Wi-Fi, IR Blaster","Snapdragon 695, Octa Core, 2.2 GHz Processor","8 GB RAM, 256 GB inbuilt",5000 mAh Battery with 33W Fast Charging,"6.67 inches, 1080 x 2400 px, 120 Hz Display with Punch Hole",48 MP + 8 MP + 2 MP Triple Rear & 13 MP Front Camera,"Memory Card (Hybrid), upto 1 TB",Android v12
974,Motorola Moto A10e,1275,,Dual Sim,,"4 MB RAM, 32 MB inbuilt",800 mAh Battery,"1.8 inches, 128 x 160 px Display",No Rear Camera,"Memory Card Supported, upto 32 GB",
975,Motorola Moto G73,21999,57.0,"Dual Sim, 5G, VoLTE, NFC, Wi-Fi","Dimensity 930, Octa Core, 2.2 GHz Processor","8 GB RAM, 128 GB inbuilt",5000 mAh Battery with 30W Fast Charging,"6.5 inches, 1080 x 2400 px, 120 Hz Display with Punch Hole",50 MP + 8 MP Dual Rear & 16 MP Front Camera,"Memory Card (Hybrid), upto 1 TB",Android v13
976,Motorola Moto G72 4G,21999,57.0,"Dual Sim, 4G, VoLTE, Wi-Fi","Helio  G99, Octa Core, 2.2 GHz Processor","6 GB RAM, 128 GB inbuilt",5000 mAh Battery with 33W Fast Charging,"6.55 inches, 1080 x 2400 px, 120 Hz Display with Punch Hole",108 MP + 8 MP + 2 MP Triple Rear & 16 MP Front Camera,Memory Card (Hybrid),Android v12
977,Realme C30s (4GB RAM + 64GB),11990,,"Dual Sim, 4G, VoLTE, Wi-Fi","Unisoc SC9863A, Octa Core, 1.6 GHz Processor","4 GB RAM, 64 GB inbuilt",5000 mAh Battery with 10W Fast Charging,"6.5 inches, 720 x 1600 px Display with Water Drop Notch",8 MP Rear & 5 MP Front Camera,"Memory Card Supported, upto 1 TB",Android v12
978,OPPO A77 (4GB RAM + 128 GB),18900,,"Dual Sim, 4G, VoLTE, Wi-Fi","Helio G35, Octa Core, 2.3 GHz Processor","4 GB RAM, 128 GB inbuilt",5000 mAh Battery with 33W Fast Charging,"6.56 inches, 720 x 1600 px Display with Water Drop Notch",50 MP Dual Rear & 8 MP Front Camera,Memory Card Supported,Android v12
979,Motorola Moto G62 (8GB RAM + 128GB),24999,58.0,"Dual Sim, 5G, VoLTE, Wi-Fi","Snapdragon  695, Octa Core, 2.2 GHz Processor","8 GB RAM, 128 GB inbuilt",5000 mAh Battery with Fast Charging,"6.55 inches, 1080 x 2400 px, 120 Hz Display with Punch Hole",50 MP + 8 MP + 2 MP Triple Rear & 16 MP Front Camera,"Memory Card (Hybrid), upto 1 TB",Android v12
980,Motorola Moto G62 5G,21999,57.0,"Dual Sim, 5G, VoLTE, Wi-Fi","Snapdragon  695, Octa Core, 2.2 GHz Processor","6 GB RAM, 128 GB inbuilt",5000 mAh Battery with Fast Charging,"6.55 inches, 1080 x 2400 px, 120 Hz Display with Punch Hole",50 MP + 8 MP + 2 MP Triple Rear & 16 MP Front Camera,"Memory Card (Hybrid), upto 1 TB",Android v12
981,Samsung Galaxy M13 5G (4GB RAM + 64GB),16999,50.0,"Dual Sim, 5G, VoLTE, Wi-Fi","Dimensity 700, Octa Core, 2.2 GHz Processor","4 GB RAM, 64 GB inbuilt",5000 mAh Battery with 15W Fast Charging,"6.5 inches, 720 x 1600 px, 90 Hz Display with Water Drop Notch",50 MP + 2 MP Dual Rear & 5 MP Front Camera,"Memory Card Supported, upto 1 TB",Android v12
982,Motorola Moto G42,15900,52.0,"Dual Sim, 4G, VoLTE, NFC, Wi-Fi","Snapdragon 680, Octa Core, 2.4 GHz Processor","4 GB RAM, 64 GB inbuilt",5000 mAh Battery with 20W Fast Charging,"6.47 inches, 1080 x 2400 px Display with Punch Hole",50 MP + 8 MP + 2 MP Triple Rear & 16 MP Front Camera,"Memory Card Supported, upto 1 TB",Android v12
983,Realme Narzo 50 5G,26999,55.0,"Dual Sim, 5G, VoLTE, Wi-Fi","Dimensity 810 5G, Octa Core, 2.4 GHz Processor","6 GB RAM, 128 GB inbuilt",5000 mAh Battery with 33W Fast Charging,"6.6 inches, 1080 x 2400 px, 90 Hz Display with Punch Hole",48 MP + 2 MP + 2 MP Triple Rear & 16 MP Front Camera,"Memory Card Supported, upto 1 TB",Android v11
984,Motorola Edge 30 5G,30999,63.0,"Dual Sim, 5G, VoLTE, NFC, Wi-Fi","Snapdragon 778G+, Octa Core, 2.5 GHz Processor","6 GB RAM, 128 GB inbuilt",4020 mAh Battery with 33W Fast Charging,"6.5 inches, 1080 x 2400 px, 144 Hz Display with Punch Hole",50 MP + 50 MP + 2 MP Triple Rear & 32 MP Front Camera,,Android v12
985,Samsung Galaxy M33 5G (8GB RAM + 128GB),29999,55.0,"Dual Sim, 5G, VoLTE, NFC, Wi-Fi","Exynos  1280, Octa Core, 2.4 GHz Processor","8 GB RAM, 128 GB inbuilt",6000 mAh Battery with 25W Fast Charging,"6.6 inches, 1080 x 2400 px, 120 Hz Display with Water Drop Notch",50 MP Quad Rear & 8 MP Front Camera,"Memory Card Supported, upto 1 TB",Android v12
986,Realme 9 4G (8GB RAM + 128GB),22999,61.0,"Dual Sim, 4G, VoLTE, Wi-Fi","Snapdragon 680, Octa Core, 2.4 GHz Processor","8 GB RAM, 128 GB inbuilt",5000 mAh Battery with 33W Fast Charging,"6.4 inches, 1080 x 2400 px, 90 Hz Display with Punch Hole",108 MP + 8 MP + 2 MP Triple Rear & 16 MP Front Camera,"Memory Card Supported, upto 256 GB",Android v12
987,Kechaoda K115 Pro,1090,,Dual Sim,,"32 MB RAM, 32 MB inbuilt",850 mAh Battery,"1.44 inches, 320 x 240 px Display",0.3 MP Rear Camera,Unknown,Unknown
988,Samsung Galaxy S22 Plus 5G,101999,75.0,"Dual Sim, 5G, VoLTE, Vo5G, NFC, Wi-Fi","Snapdragon  8 Gen1, Octa Core, 3 GHz Processor","8 GB RAM, 128 GB inbuilt",4500 mAh Battery with 45W Fast Charging,"6.6 inches, 1080 x 2340 px, 120 Hz Display with Punch Hole",50 MP + 12 MP + 10 MP Triple Rear & 10 MP Front Camera,,Android v12
989,Realme 9 Pro Plus 5G (8GB RAM + 256GB),28900,61.0,"Dual Sim, 5G, VoLTE, Wi-Fi","Dimensity  920 5G, Octa Core, 2.5 GHz Processor","8 GB RAM, 256 GB inbuilt",4500 mAh Battery with 60W Fast Charging,"6.4 inches, 1080 x 2400 px, 90 Hz Display with Punch Hole",50 MP + 8 MP + 2 MP Triple Rear & 16 MP Front Camera,Memory Card Not Supported,Android v12
990,Xiaomi Mi 11T Pro 5G,38905,71.0,"Dual Sim, 5G, VoLTE, NFC, Wi-Fi, IR Blaster","Snapdragon  888 , Octa Core, 2.84 GHz Processor","8 GB RAM, 128 GB inbuilt",5000 mAh Battery with 120W Fast Charging,"6.67 inches, 1080 x 2400 px, 120 Hz Display with Punch Hole",108 MP + 8 MP + 5 MP Triple Rear & 16 MP Front Camera,,Android v11
991,Motorola Moto G51 5G,16400,53.0,"Dual Sim, 5G, VoLTE, NFC, Wi-Fi","Snapdragon  480+, Octa Core, 2.2 GHz Processor","4 GB RAM, 64 GB inbuilt",5000 mAh Battery,"6.8 inches, 1080 x 2400 px, 120 Hz Display with Punch Hole",50 MP + 8 MP + 2 MP Triple Rear & 13 MP Front Camera,"Memory Card (Hybrid), upto 512 GB",Android v11
992,Jmax Super 2,669,,"Dual Sim, 3G",1.2 MHz Processor,"32 MB RAM, 32 MB inbuilt",1100 mAh Battery,"1.8 inches, 320 x 480 px Display",0.3 MP Rear Camera,Unknown,
993,Realme C21Y,10990,,"Dual Sim, 4G, VoLTE, Wi-Fi","Unisoc T610, Octa Core, 1.8 GHz Processor","3 GB RAM, 32 GB inbuilt",5000 mAh Battery,"6.5 inches, 720 x 1600 px Display with Water Drop Notch",13 MP + 2 MP + 2 MP Triple Rear & 5 MP Front Camera,"Memory Card Supported, upto 256 GB",Android v11
994,POCO M3 Pro 5G,18990,52.0,"Dual Sim, 5G, VoLTE, Wi-Fi, IR Blaster","Dimensity 700 5G, Octa Core, 2.2 GHz Processor","4 GB RAM, 64 GB inbuilt",5000 mAh Battery with 18W Fast Charging,"6.5 inches, 1080 x 2400 px, 90 Hz Display with Punch Hole",48 MP + 2 MP + 2 MP Triple Rear & 8 MP Front Camera,"Memory Card (Hybrid), upto 1 TB",Android v11
995,Realme X7 Max (12GB RAM + 256GB),32999,64.0,"Dual Sim, 5G, VoLTE, NFC, Wi-Fi","Dimensity 1200, Octa Core, 3 GHz Processor","12 GB RAM, 256 GB inbuilt",4500 mAh Battery with 50W Fast Charging,"6.43 inches, 1080 x 2400 px, 120 Hz Display with Punch Hole",64 MP + 8 MP + 2 MP Triple Rear & 16 MP Front Camera,,Android v11
996,OnePlus 9 (12GB RAM + 256GB),39999,67.0,"Dual Sim, 5G, VoLTE, NFC, Wi-Fi","Snapdragon 888, Octa Core, 2.84 GHz Processor","12 GB RAM, 256 GB inbuilt",4500 mAh Battery with Fast Charging,"6.55 inches, 1080 x 2400 px, 120 Hz Display with Punch Hole",50 MP + 48 MP + 2 MP Triple Rear & 16 MP Front Camera,Memory Card Not Supported,Android v11
997,Motorola Moto G10 Power,12999,,"Dual Sim, 4G, VoLTE, Wi-Fi","Snapdragon 460, Octa Core, 1.8 GHz Processor","4 GB RAM, 64 GB inbuilt",6000 mAh Battery with 20W Fast Charging,"6.51 inches, 1600 x 720 px Display with Water Drop Notch",48 MP Quad Rear & 8 MP Front Camera,"Memory Card (Hybrid), upto 1 TB",Android v11
998,Realme C15 (4GB RAM + 64GB),12999,,"Dual Sim, 4G, VoLTE, Wi-Fi","Helio  G35, Octa Core, 2.3 GHz Processor","4 GB RAM, 64 GB inbuilt",6000 mAh Battery with 18W Fast Charging,"6.52 inches, 720 x 1600 px Display with Water Drop Notch",13 MP Quad Rear & 8 MP Front Camera,"Memory Card Supported, upto 256 GB",Android v10
999,Motorola Razr 2019,149999,55.0,"Single Sim, 4G, VoLTE, NFC, eSIM, Wi-Fi","Snapdragon 710, Octa Core, 2.2 GHz Processor","6 GB RAM, 128 GB inbuilt",2510 mAh Battery with 18W Fast Charging,"6.2 inches, 876 x 2142 px Display with Large Notch",16 MP Rear & 5 MP Front Camera,Memory Card Not Supported,
1000,Poco X2 (6GB RAM + 128GB),18990,54.0,"Dual Sim, 4G, VoLTE, Wi-Fi, IR Blaster","Snapdragon  730G, Octa Core, 2.2 GHz Processor","6 GB RAM, 128 GB inbuilt",4500 mAh Battery with 27W Fast Charging,"6.67 inches, 1080 x 2400 px, 120 Hz Display with Dual Punch Hole",64 MP Quad Rear & 20 MP + 2 MP Dual Front Camera,"Memory Card (Hybrid), upto 512 GB",Android v10
1001,Nokia 105 (2019),1349,,Single Sim,Unknown,"4 MB RAM, 4 MB inbuilt",800 mAh Battery,"1.77 inches, 120 x 160 px Display",No Rear Camera,,
1002,OnePlus 7 Pro (12GB RAM + 256GB),40599,61.0,"Dual Sim, 4G, VoLTE, NFC, Wi-Fi","Snapdragon 855, Octa Core, 2.84 GHz Processor","12 GB RAM, 256 GB inbuilt",4000 mAh Battery with 30W Fast Charging,"6.67 inches, 1440 x 3120 px Display",48 MP + 16 MP + 8 MP Triple Rear & 16 MP Front Camera,Memory Card Not Supported,Android v9.0 (Pie)
1003,OnePlus 7 (8GB RAM + 256GB),33999,57.0,"Dual Sim, 4G, VoLTE, NFC, Wi-Fi","Snapdragon 855, Octa Core, 2.84 GHz Processor","8 GB RAM, 256 GB inbuilt",3700 mAh Battery with 20W Fast Charging,"6.41 inches, 1080 x 2340 px Display with Water Drop Notch",48 MP + 5 MP Dual Rear & 16 MP Front Camera,Memory Card Not Supported,Android v9.0 (Pie)
1004,Samsung Galaxy M30 (6GB RAM + 128GB),16999,,"Dual Sim, 4G, VoLTE, Wi-Fi","Exynos  7904, Octa Core, 1.8 GHz Processor","6 GB RAM, 128 GB inbuilt",5000 mAh Battery with Fast Charging,"6.4 inches, 1080 x 2340 px Display with Water Drop Notch",13 MP + 5 MP + 5 MP Triple Rear & 16 MP Front Camera,"Memory Card Supported, upto 1 TB",Android v8.1 (Oreo)
1005,Realme 3 (3GB RAM + 32GB),10999,,"Dual Sim, 4G, VoLTE, Wi-Fi","Helio P70, Octa Core, 2.1 GHz Processor","3 GB RAM, 32 GB inbuilt",4230 mAh Battery,"6.22 inches, 1520 x 720 px Display with Water Drop Notch",13 MP + 2 MP Dual Rear & 13 MP Front Camera,"Memory Card Supported, upto 256 GB",Android v9.0 (Pie)
1006,Lava A1,1045,,Dual Sim,1 MHz Processor,"24 MB RAM, 24 MB inbuilt",800 mAh Battery,"1.77 inches, 240 x 320 px Display",0.3 MP Rear Camera,"Memory Card Supported, upto 32 GB",
1007,Apple iPhone 8 Plus (256GB),84900,52.0,"Single Sim, 4G, VoLTE, NFC, Wi-Fi","Apple A11, Hexa Core, 2.39 GHz Processor","3 GB RAM, 256 GB inbuilt",2691 mAh Battery with Fast Charging,"5.5 inches, 1080 x 1920 px Display",12 MP + 12 MP Dual Rear & 7 MP Front Camera,Memory Card Not Supported,iOS v11
1008,Micromax X412,832,,Dual Sim,,"32 MB RAM, 32 MB inbuilt",800 mAh Battery,"1.8 inches, 128 x 160 px Display",0.3 MP Rear Camera,"Memory Card Supported, upto 8 GB",
1009,Micromax X072,975,,Dual Sim,,,1750 mAh Battery,"1.8 inches, 128 x 160 px Display",0.8 MP Rear Camera,"Memory Card Supported, upto 8 GB",Unknown
1010,Lava ARC One,1483,,Dual Sim,,,1000 mAh Battery,"2.4 inches, 320 x 240 px Display",0.3 MP Rear Camera,"Memory Card Supported, upto 8 GB",Unknown
1011,Karbonn K9,1496,,Dual Sim,Unknown,128 MB inbuilt,1800 mAh Battery,"2.4 inches, 240 x 320 px Display",1.3 MP Rear Camera,"Memory Card Supported, upto 16 GB",Unknown
1012,Jmax 6310,1299,,Dual Sim,Single Core Processor,"32 MB RAM, 32 MB inbuilt",1800 mAh Battery,"2.8 inches, 240 x 320 px Display",0.3 MP Rear Camera,Unknown,
1013,Ringme Royal V2,2299,,Dual Sim,"Single Core, 1.3 MHz Processor","32 MB RAM, 32 MB inbuilt",1000 mAh Battery,"1.8 inches, 128 x 160 px Display",VGA Rear Camera,Unknown,
1014,Gamma K2 Mini 1,949,,Dual Sim,1 MHz Processor,"32 MB RAM, 32 MB inbuilt",1000 mAh Battery with Fast Charging,"0.66 inches, 128 x 160 px Display",No Rear Camera,,Symbian v1.5
1015,Foneme FM-1 Power 30C,1299,,Dual Sim,"Single Core, 1.77 MHz Processor","8 MB RAM, 16 MB inbuilt",3000 mAh Battery,"2.4 inches, 128 x 160 px Display",0.3 MP Rear Camera,,Symbian v60
1016,Foneme Fm-2 Guru 4G,1499,,"Dual Sim, 4G, VoLTE","Single Core, 1.77 MHz Processor","32 MB RAM, 32 MB inbuilt",3000 mAh Battery,"2.4 inches, 128 x 160 px Display",0.3 MP Rear Camera,"Memory Card (Hybrid), upto 8 GB",Symbian v4.11
1017,Gamma G27,1117,,Dual Sim,1 MHz Processor,"32 MB RAM, 32 MB inbuilt",1000 mAh Battery,"0.66 inches, 120 x 160 px Display",No Rear Camera,Unknown,Unknown
1018,Foneme Power 10,849,,Dual Sim,,"32 MB RAM, 32 MB inbuilt",3000 mAh Battery,"1.8 inches, 176 x 220 px Display",0.3 MP Rear Camera,,
1019,Snexian Rock Z Flip,2099,,Dual Sim,Single Core Processor,"32 MB RAM, 32 MB inbuilt",2000 mAh Battery,"2.4 inches, 320 x 240 px Display",0.3 MP Rear Camera,,Symbian v0
1020,Snexian Guru 218C,749,,Dual Sim,1.41 MHz Processor,"16 MB RAM, 128 MB inbuilt",1000 mAh Battery,"1.8 inches, 120 x 240 px Display",0.3 MP Rear Camera,,Symbian v30
1021,Gamma G26,999,,Dual Sim,1 MHz Processor,"32 MB RAM, 32 MB inbuilt",1000 mAh Battery,"0.66 inches, 128 x 160 px Display",No Rear Camera,Unknown,Unknown
