index,brand_name,model,prices,rating,sim,has_5g,has_nfc,has_ir_blaster,processor,processor_model,cpu_core_type,cpu_clock_speed_ghz,ram,ram_capacity,internal_memory,battery,battrey_capacity,fast_charging_watt,fast_charging_supported,display,display_size_inches,display_resolution_width_px,display_resolution_height_px,display_refresh_rate_hz,display_notch_type,camera,rear_camera,rear_camera_count,rear_cam_1,rear_cam_2,rear_cam_3,rear_cam_4,rear_cam_5,rear_camera_special_feature,front_camera,front_camers_count,front_camera_primary,front_camera_dual,memory_card_supported,memory_card_slot_type,memory_card_max_gb,card,os,operating_system,num_core,processor_brand,processor_manufacturer
2,motorola,Motorola Edge 70 Fusion,27589,70.0,"Dual Sim, 5G, VoLTE, Vo5G, NFC, Wi-Fi",True,True,False,"Snapdragon 7s Gen4, Octa Core, 2.7 GHz Processor",Snapdragon 7s Gen4,Octa Core,2.7,"8 GB RAM, 128 GB inbuilt",8.0,128.0,7000 mAh Battery with 68W Fast Charging,7000,68.0,True,"6.8 inches, 1272 x 2772 px, 144 Hz Display with Punch Hole",6.8,1272,2772,144.0,Punch Hole,50 MP + 13 MP + Dedicated 3-in-1 light sensor Triple Rear & 32 MP Front Camera,50 MP + 13 MP + Dedicated 3-in-1 light sensor Triple Rear ,3.0,50,13,,,,Dedicated 3-in-1 light sensor, 32 MP Front Camera,1,32,,,,,,Android v16,Android,8.0,Snapdragon,Qualcomm
3,xiaomi,Xiaomi Redmi Note 17 Pro Max,49999,,"Dual Sim, 5G, VoLTE, NFC, eSIM, Wi-Fi, IR Blaster",True,True,True,"Snapdragon 6 Gen5, Octa Core, 2.6 GHz Processor",Snapdragon 6 Gen5,Octa Core,2.6,"8 GB RAM, 256 GB inbuilt",8.0,256.0,10000 mAh Battery with 100W Fast Charging,10000,100.0,True,"6.83 inches, 1280 x 2772 px, 120 Hz Display with Punch Hole",6.83,1280,2772,120.0,Punch Hole,50 MP + 8 MP Dual Rear & 32 MP Front Camera,50 MP + 8 MP Dual Rear ,2.0,50,8,,,,, 32 MP Front Camera,1,32,,,,,,Android v16,Android,8.0,Snapdragon,Qualcomm
4,realme,Realme P3 5G,15999,61.0,"Dual Sim, 5G, VoLTE, NFC, Wi-Fi",True,True,False,"Snapdragon 6 Gen4, Octa Core, 2.3 GHz Processor",Snapdragon 6 Gen4,Octa Core,2.3,"6 GB RAM, 128 GB inbuilt",6.0,128.0,6000 mAh Battery with 45W Fast Charging,6000,45.0,True,"6.67 inches, 1080 x 2400 px, 120 Hz Display with Punch Hole",6.67,1080,2400,120.0,Punch Hole,50 MP + 2 MP Dual Rear & 16 MP Front Camera,50 MP + 2 MP Dual Rear ,2.0,50,2,,,,, 16 MP Front Camera,1,16,,,,,,Android v15,Android,8.0,Snapdragon,Qualcomm
5,apple,Apple iPhone 18 Pro,164900,,"Dual Sim, 5G, VoLTE, NFC, eSIM, Wi-Fi",True,True,False,"Apple A20 Pro, Hexa Core Processor",Apple A20 Pro,Hexa Core,,"12 GB RAM, 256 GB inbuilt",12.0,256.0,4056 mAh Battery with Fast Charging,4056,,True,"6.3 inches, 1206 x 2622 px, 120 Hz Display with Dynamic Island",6.3,1206,2622,120.0,Dynamic Island,48 MP + 48 MP + 48 MP Triple Rear & 18 MP Front Camera,48 MP + 48 MP + 48 MP Triple Rear ,3.0,48,48,48,,,, 18 MP Front Camera,1,18,,No,Not Supported,,Memory Card Not Supported,iOS v27,iOS,6.0,Apple,Apple
6,realme,Realme P3 Pro 5G (12GB RAM +256GB),23999,66.0,"Dual Sim, 5G, VoLTE, Wi-Fi",True,False,False,"Snapdragon 7s Gen3, Octa Core, 2.5 GHz Processor",Snapdragon 7s Gen3,Octa Core,2.5,"12 GB RAM, 256 GB inbuilt",12.0,256.0,6000 mAh Battery with 80W Fast Charging,6000,80.0,True,"6.83 inches, 1272 x 2800 px, 120 Hz Display with Punch Hole",6.83,1272,2800,120.0,Punch Hole,50 MP + 2 MP Dual Rear & 16 MP Front Camera,50 MP + 2 MP Dual Rear ,2.0,50,2,,,,, 16 MP Front Camera,1,16,,,,,,Android v15,Android,8.0,Snapdragon,Qualcomm
7,xiaomi,Xiaomi Redmi Note 17 Pro,36999,71.0,"Dual Sim, 5G, VoLTE, NFC, eSIM, Wi-Fi, IR Blaster",True,True,True,"Snapdragon 6s Gen4, Octa Core, 2.4 GHz Processor",Snapdragon 6s Gen4,Octa Core,2.4,"6 GB RAM, 128 GB inbuilt",6.0,128.0,9000 mAh Battery with 67W Fast Charging,9000,67.0,True,"6.83 inches, 1280 x 2772 px, 120 Hz Display with Punch Hole",6.83,1280,2772,120.0,Punch Hole,50 MP + 8 MP Dual Rear & 16 MP Front Camera,50 MP + 8 MP Dual Rear ,2.0,50,8,,,,, 16 MP Front Camera,1,16,,,,,,Android v16,Android,8.0,Snapdragon,Qualcomm
8,apple,Apple iPhone 17,82900,76.0,"Dual Sim, 5G, VoLTE, NFC, eSIM, Wi-Fi",True,True,False,"Apple A19, Hexa Core Processor",Apple A19,Hexa Core,,"8 GB RAM, 256 GB inbuilt",8.0,256.0,3692 mAh Battery with Fast Charging,3692,,True,"6.3 inches, 1206 x 2622 px, 120 Hz Display with Small Notch",6.3,1206,2622,120.0,Small Notch,48 MP + 48 MP Dual Rear & 18 MP Front Camera,48 MP + 48 MP Dual Rear ,2.0,48,48,,,,, 18 MP Front Camera,1,18,,No,Not Supported,,Memory Card Not Supported,iOS v26,iOS,6.0,Apple,Apple
9,xiaomi,Xiaomi Redmi 17 5G,23999,61.0,"Dual Sim, 5G, VoLTE, NFC, Wi-Fi, IR Blaster",True,True,True,"Snapdragon 4 Gen5, Octa Core, 2.4 GHz Processor",Snapdragon 4 Gen5,Octa Core,2.4,"6 GB RAM, 128 GB inbuilt",6.0,128.0,7900 mAh Battery with 45W Fast Charging,7900,45.0,True,"6.9 inches, 720 x 1600 px, 120 Hz Display with Punch Hole",6.9,720,1600,120.0,Punch Hole,50 MP + Auxiliary lens Dual Rear & 8 MP Front Camera,50 MP + Auxiliary lens Dual Rear ,2.0,50,,,,,Auxiliary lens, 8 MP Front Camera,1,8,,Yes,Hybrid,2048.0,"Memory Card (Hybrid), upto 2 TB",Android v16,Android,8.0,Snapdragon,Qualcomm
10,oneplus,OnePlus Nord 5 5G,31999,75.0,"Dual Sim, 5G, VoLTE, NFC, Wi-Fi, IR Blaster",True,True,True,"Snapdragon 8s Gen3, Octa Core, 3 GHz Processor",Snapdragon 8s Gen3,Octa Core,3.0,"8 GB RAM, 256 GB inbuilt",8.0,256.0,6800 mAh Battery with 80W Fast Charging,6800,80.0,True,"6.83 inches, 1272 x 2800 px, 144 Hz Display with Punch Hole",6.83,1272,2800,144.0,Punch Hole,50 MP + 8 MP Dual Rear & 50 MP Front Camera,50 MP + 8 MP Dual Rear ,2.0,50,8,,,,, 50 MP Front Camera,1,50,,,,,,Android v15,Android,8.0,Snapdragon,Qualcomm
11,vivo,Vivo T5 5G,34999,71.0,"Dual Sim, 5G, VoLTE, Wi-Fi, IR Blaster",True,False,True,"Dimensity 7500 Turbo, Octa Core, 2.6 GHz Processor",Dimensity 7500 Turbo,Octa Core,2.6,"6 GB RAM, 128 GB inbuilt",6.0,128.0,7050 mAh Battery with 44W Fast Charging,7050,44.0,True,"6.83 inches, 1260 x 2800 px, 144 Hz Display with Punch Hole",6.83,1260,2800,144.0,Punch Hole,50 MP + 8 MP Dual Rear & 32 MP Front Camera,50 MP + 8 MP Dual Rear ,2.0,50,8,,,,, 32 MP Front Camera,1,32,,No,Not Supported,,Memory Card Not Supported,Android v16,Android,8.0,Dimensity,MediaTek
12,vivo,Vivo T4 5G,24999,66.0,"Dual Sim, 5G, VoLTE, Wi-Fi, IR Blaster",True,False,True,"Snapdragon 7s Gen3, Octa Core, 2.5 GHz Processor",Snapdragon 7s Gen3,Octa Core,2.5,"8 GB RAM, 128 GB inbuilt",8.0,128.0,7300 mAh Battery with 90W Fast Charging,7300,90.0,True,"6.77 inches, 1080 x 2392 px, 120 Hz Display with Punch Hole",6.77,1080,2392,120.0,Punch Hole,50 MP + 2 MP Dual Rear & 32 MP Front Camera,50 MP + 2 MP Dual Rear ,2.0,50,2,,,,, 32 MP Front Camera,1,32,,No,Not Supported,,Memory Card Not Supported,Android v15,Android,8.0,Snapdragon,Qualcomm
13,samsung,Samsung Galaxy F16 5G (6GB RAM + 128GB),13999,55.0,"Dual Sim, 5G, VoLTE, NFC, Wi-Fi",True,True,False,"Dimensity 6300, Octa Core, 2.4 GHz Processor",Dimensity 6300,Octa Core,2.4,"6 GB RAM, 128 GB inbuilt",6.0,128.0,5000 mAh Battery with 25W Fast Charging,5000,25.0,True,"6.7 inches, 1080 x 2340 px, 90 Hz Display with Punch Hole",6.7,1080,2340,90.0,Punch Hole,50 MP + 5 MP + 2 MP Triple Rear & 13 MP Front Camera,50 MP + 5 MP + 2 MP Triple Rear ,3.0,50,5,2,,,, 13 MP Front Camera,1,13,,Yes,Hybrid,1536.0,"Memory Card (Hybrid), upto 1.5 TB",Android v15,Android,8.0,Dimensity,MediaTek
14,vivo,Vivo T4 Ultra (12GB RAM+ 256GB),37999,75.0,"Dual Sim, 5G, VoLTE, NFC, Wi-Fi",True,True,False,"Dimensity 9300 Plus, Octa Core, 3.25 GHz Processor",Dimensity 9300 Plus,Octa Core,3.25,"12 GB RAM, 256 GB inbuilt",12.0,256.0,5500 mAh Battery with 90W Fast Charging,5500,90.0,True,"6.67 inches, 1260 x 2800 px, 120 Hz Display with Punch Hole",6.67,1260,2800,120.0,Punch Hole,50 MP + 50 MP + 8 MP Triple Rear & 32 MP Front Camera,50 MP + 50 MP + 8 MP Triple Rear ,3.0,50,50,8,,,, 32 MP Front Camera,1,32,,No,Not Supported,,Memory Card Not Supported,Android v15,Android,8.0,Dimensity,MediaTek
15,apple,Apple iPhone 18 Pro Max,179900,,"Dual Sim, 5G, VoLTE, NFC, eSIM, Wi-Fi",True,True,False,"Apple A20 Pro, Hexa Core Processor",Apple A20 Pro,Hexa Core,,"12 GB RAM, 256 GB inbuilt",12.0,256.0,5391 mAh Battery with Fast Charging,5391,,True,"6.9 inches, 1320 x 2868 px, 120 Hz Display with Dynamic Island",6.9,1320,2868,120.0,Dynamic Island,48 MP + 48 MP + 48 MP Triple Rear & 18 MP Front Camera,48 MP + 48 MP + 48 MP Triple Rear ,3.0,48,48,48,,,, 18 MP Front Camera,1,18,,No,Not Supported,,Memory Card Not Supported,iOS v27,iOS,6.0,Apple,Apple
16,motorola,Motorola Moto G34 5G (8GB RAM + 128GB),14999,55.0,"Dual Sim, 5G, VoLTE, Vo5G, Wi-Fi",True,False,False,"Snapdragon 695, Octa Core, 2.2 GHz Processor",Snapdragon 695,Octa Core,2.2,"8 GB RAM, 128 GB inbuilt",8.0,128.0,5000 mAh Battery with 18W Fast Charging,5000,18.0,True,"6.5 inches, 720 x 1600 px, 120 Hz Display with Punch Hole",6.5,720,1600,120.0,Punch Hole,50 MP + 2 MP Dual Rear & 16 MP Front Camera,50 MP + 2 MP Dual Rear ,2.0,50,2,,,,, 16 MP Front Camera,1,16,,Yes,Hybrid,1024.0,"Memory Card (Hybrid), upto 1 TB",Android v14,Android,8.0,Snapdragon,Qualcomm
17,realme,Realme P1 5G,13999,58.0,"Dual Sim, 5G, VoLTE, Wi-Fi",True,False,False,"Dimensity 7050, Octa Core, 2.6 GHz Processor",Dimensity 7050,Octa Core,2.6,"6 GB RAM, 128 GB inbuilt",6.0,128.0,5000 mAh Battery with 45W Fast Charging,5000,45.0,True,"6.67 inches, 1080 x 2400 px, 120 Hz Display with Punch Hole",6.67,1080,2400,120.0,Punch Hole,50 MP + 2 MP Dual Rear & 16 MP Front Camera,50 MP + 2 MP Dual Rear ,2.0,50,2,,,,, 16 MP Front Camera,1,16,,Yes,Hybrid,2048.0,"Memory Card (Hybrid), upto 2 TB",Android v14,Android,8.0,Dimensity,MediaTek
18,oppo,Oppo K13 Turbo (8GB RAM + 256GB),33299,70.0,"Dual Sim, 5G, VoLTE, Wi-Fi, IR Blaster",True,False,True,"Dimensity 8450, Octa Core, 3.25 GHz Processor",Dimensity 8450,Octa Core,3.25,"8 GB RAM, 256 GB inbuilt",8.0,256.0,7000 mAh Battery with 80W Fast Charging,7000,80.0,True,"6.8 inches, 1280 x 2800 px, 120 Hz Display with Punch Hole",6.8,1280,2800,120.0,Punch Hole,50 MP + 2 MP Dual Rear & 16 MP Front Camera,50 MP + 2 MP Dual Rear ,2.0,50,2,,,,, 16 MP Front Camera,1,16,,No,Not Supported,,Memory Card Not Supported,Android v15,Android,8.0,Dimensity,MediaTek
19,samsung,Samsung Galaxy S25 Ultra,99999,,"Dual Sim, 5G, VoLTE, Vo5G, NFC, eSIM, Wi-Fi",True,True,False,"Snapdragon 8 Elite for Galaxy, Octa Core, 4.47 GHz Processor",Snapdragon 8 Elite for Galaxy,Octa Core,4.47,"12 GB RAM, 256 GB inbuilt",12.0,256.0,5000 mAh Battery with 45W Fast Charging,5000,45.0,True,"6.9 inches, 1440 x 3120 px, 120 Hz Display with Punch Hole",6.9,1440,3120,120.0,Punch Hole,200 MP Quad Rear & 12 MP Front Camera,200 MP Quad Rear ,4.0,200,,,,,, 12 MP Front Camera,1,12,,No,Not Supported,,Memory Card Not Supported,Android v15,Android,8.0,Snapdragon,Qualcomm
20,xiaomi,Xiaomi Redmi 13 5G,12499,58.0,"Dual Sim, 5G, VoLTE, Wi-Fi, IR Blaster",True,False,True,"Snapdragon 4 Gen 2 AE, Octa Core, 2.3 GHz Processor",Snapdragon 4 Gen 2 AE,Octa Core,2.3,"6 GB RAM, 128 GB inbuilt",6.0,128.0,5030 mAh Battery with 33W Fast Charging,5030,33.0,True,"6.79 inches, 1080 x 2460 px, 120 Hz Display with Punch Hole",6.79,1080,2460,120.0,Punch Hole,108 MP + Macro Dual Rear & 13 MP Front Camera,108 MP + Macro Dual Rear ,2.0,108,,,,,Macro, 13 MP Front Camera,1,13,,Yes,Hybrid,1024.0,"Memory Card (Hybrid), upto 1 TB",Android v14,Android,8.0,Snapdragon,Qualcomm
21,motorola,Motorola Edge 60 Fusion,24999,67.0,"Dual Sim, 5G, VoLTE, Vo5G, Wi-Fi",True,False,False,"Dimensity 7400, Octa Core, 2.5 GHz Processor",Dimensity 7400,Octa Core,2.5,"8 GB RAM, 256 GB inbuilt",8.0,256.0,5500 mAh Battery with 68W Fast Charging,5500,68.0,True,"6.7 inches, 1220 x 2712 px, 120 Hz Display with Punch Hole",6.7,1220,2712,120.0,Punch Hole,50 MP + 13 MP Dual Rear & 32 MP Front Camera,50 MP + 13 MP Dual Rear ,2.0,50,13,,,,, 32 MP Front Camera,1,32,,Yes,Hybrid,1024.0,"Memory Card (Hybrid), upto 1 TB",Android v15,Android,8.0,Dimensity,MediaTek
22,realme,Realme P3x 5G (8GB RAM + 128GB),13999,57.0,"Dual Sim, 5G, VoLTE, Wi-Fi",True,False,False,"Dimensity 6400, Octa Core, 2.5 GHz Processor",Dimensity 6400,Octa Core,2.5,"8 GB RAM, 128 GB inbuilt",8.0,128.0,6000 mAh Battery with 45W Fast Charging,6000,45.0,True,"6.72 inches, 1080 x 2400 px, 120 Hz Display with Punch Hole",6.72,1080,2400,120.0,Punch Hole,50 MP + 2 MP Dual Rear & 8 MP Front Camera,50 MP + 2 MP Dual Rear ,2.0,50,2,,,,, 8 MP Front Camera,1,8,,Yes,Hybrid,,Memory Card (Hybrid),Android v15,Android,8.0,Dimensity,MediaTek
23,oppo,Oppo K13 (8GB RAM + 256GB),23999,63.0,"Dual Sim, 5G, VoLTE, Wi-Fi, IR Blaster",True,False,True,"Snapdragon 6 Gen4, Octa Core, 2.3 GHz Processor",Snapdragon 6 Gen4,Octa Core,2.3,"8 GB RAM, 256 GB inbuilt",8.0,256.0,7000 mAh Battery with 80W Fast Charging,7000,80.0,True,"6.67 inches, 1080 x 2400 px, 120 Hz Display with Punch Hole",6.67,1080,2400,120.0,Punch Hole,50 MP + 2 MP Dual Rear & 16 MP Front Camera,50 MP + 2 MP Dual Rear ,2.0,50,2,,,,, 16 MP Front Camera,1,16,,,,,,Android v15,Android,8.0,Snapdragon,Qualcomm
24,apple,Apple iPhone Duo,299900,,"Dual Sim, 5G, VoLTE, NFC, eSIM, Wi-Fi",True,True,False,"Apple A20 Pro, Hexa Core Processor",Apple A20 Pro,Hexa Core,,"12 GB RAM, 256 GB inbuilt",12.0,256.0,5800 mAh Battery with Fast Charging,5800,,True,"7.6 inches, 1878 x 2670 px, 120 Hz Display",7.6,1878,2670,120.0,,48 MP + 48 MP Dual Rear & 12 MP + Under-display FaceTime Camera Dual Front Camera,48 MP + 48 MP Dual Rear ,2.0,48,48,,,,, 12 MP + Under-display FaceTime Camera Dual Front Camera,2,12,Under-display FaceTime Camera Dual Front Camera,No,Not Supported,,Memory Card Not Supported,,iOS,6.0,Apple,Apple
25,motorola,Motorola Edge 70 Pro,39649,,"Dual Sim, 5G, VoLTE, Vo5G, NFC, Wi-Fi",True,True,False,"Dimensity 8500 Extreme, Octa Core, 3.4 GHz Processor",Dimensity 8500 Extreme,Octa Core,3.4,"8 GB RAM, 256 GB inbuilt",8.0,256.0,6500 mAh Battery with 90W Fast Charging,6500,90.0,True,"6.8 inches, 1272 x 2772 px, 144 Hz Display with Punch Hole",6.8,1272,2772,144.0,Punch Hole,50 MP + 50 MP Dual Rear & 50 MP Front Camera,50 MP + 50 MP Dual Rear ,2.0,50,50,,,,, 50 MP Front Camera,1,50,,,,,,Android v16,Android,8.0,Dimensity,MediaTek
26,realme,Realme P3 5G (8GB RAM + 128GB),16999,63.0,"Dual Sim, 5G, VoLTE, NFC, Wi-Fi",True,True,False,"Snapdragon 6 Gen4, Octa Core, 2.3 GHz Processor",Snapdragon 6 Gen4,Octa Core,2.3,"8 GB RAM, 128 GB inbuilt",8.0,128.0,6000 mAh Battery with 45W Fast Charging,6000,45.0,True,"6.67 inches, 1080 x 2400 px, 120 Hz Display with Punch Hole",6.67,1080,2400,120.0,Punch Hole,50 MP + 2 MP Dual Rear & 16 MP Front Camera,50 MP + 2 MP Dual Rear ,2.0,50,2,,,,, 16 MP Front Camera,1,16,,,,,,Android v15,Android,8.0,Snapdragon,Qualcomm
27,motorola,Motorola Edge 60 Pro,29999,76.0,"Dual Sim, 5G, VoLTE, Vo5G, NFC, Wi-Fi",True,True,False,"Dimensity 8350 Extreme, Octa Core, 3.35 GHz Processor",Dimensity 8350 Extreme,Octa Core,3.35,"8 GB RAM, 256 GB inbuilt",8.0,256.0,6000 mAh Battery with 90W Fast Charging,6000,90.0,True,"6.7 inches, 1220 x 2712 px, 120 Hz Display with Punch Hole",6.7,1220,2712,120.0,Punch Hole,50 MP + 50 MP + 10 MP Triple Rear & 50 MP Front Camera,50 MP + 50 MP + 10 MP Triple Rear ,3.0,50,50,10,,,, 50 MP Front Camera,1,50,,,,,,Android v15,Android,8.0,Dimensity,MediaTek
28,realme,Realme P4 Pro 5G,28999,71.0,"Dual Sim, 5G, VoLTE, Wi-Fi, IR Blaster",True,False,True,"Snapdragon 7 Gen 4, Octa Core Processor",Snapdragon 7 Gen 4,Octa Core,,"8 GB RAM, 128 GB inbuilt",8.0,128.0,7000 mAh Battery with 80W Fast Charging,7000,80.0,True,"6.8 inches, 1280 x 2800 px, 144 Hz Display with Punch Hole",6.8,1280,2800,144.0,Punch Hole,50 MP + 8 MP Dual Rear & 50 MP Front Camera,50 MP + 8 MP Dual Rear ,2.0,50,8,,,,, 50 MP Front Camera,1,50,,,,,,Android v15,Android,8.0,Snapdragon,Qualcomm
29,samsung,Samsung Galaxy A17 5G,19499,58.0,"Dual Sim, 5G, VoLTE, NFC, Wi-Fi",True,True,False,"Exynos 1330, Octa Core, 2.4 GHz Processor",Exynos 1330,Octa Core,2.4,"6 GB RAM, 128 GB inbuilt",6.0,128.0,5000 mAh Battery with 25W Fast Charging,5000,25.0,True,"6.7 inches, 1080 x 2340 px, 90 Hz Display with Water Drop Notch",6.7,1080,2340,90.0,Water Drop Notch,50 MP + 5 MP + 2 MP Triple Rear & 13 MP Front Camera,50 MP + 5 MP + 2 MP Triple Rear ,3.0,50,5,2,,,, 13 MP Front Camera,1,13,,Yes,Hybrid,2048.0,"Memory Card (Hybrid), upto 2 TB",Android v15,Android,8.0,Exynos,Samsung
30,samsung,Samsung Galaxy S25 FE,57990,75.0,"Dual Sim, 5G, VoLTE, Vo5G, NFC, eSIM, Wi-Fi",True,True,False,"Exynos 2400, Deca Core, 3.2 GHz Processor",Exynos 2400,Deca Core,3.2,"8 GB RAM, 128 GB inbuilt",8.0,128.0,4900 mAh Battery with 45W Fast Charging,4900,45.0,True,"6.7 inches, 1080 x 2340 px, 120 Hz Display with Punch Hole",6.7,1080,2340,120.0,Punch Hole,50 MP + 12 MP + 8 MP Triple Rear & 12 MP Front Camera,50 MP + 12 MP + 8 MP Triple Rear ,3.0,50,12,8,,,, 12 MP Front Camera,1,12,,No,Not Supported,,Memory Card Not Supported,Android v16,Android,10.0,Exynos,Samsung
31,motorola,Motorola Edge 60 Stylus,20560,67.0,"Dual Sim, 5G, VoLTE, Vo5G, NFC, eSIM, Wi-Fi",True,True,False,"Snapdragon 7s Gen2, Octa Core, 2.4 GHz Processor",Snapdragon 7s Gen2,Octa Core,2.4,"8 GB RAM, 256 GB inbuilt",8.0,256.0,5000 mAh Battery with 68W Fast Charging,5000,68.0,True,"6.7 inches, 1220 x 2712 px, 120 Hz Display with Punch Hole",6.7,1220,2712,120.0,Punch Hole,50 MP + 13 MP Dual Rear & 32 MP Front Camera,50 MP + 13 MP Dual Rear ,2.0,50,13,,,,, 32 MP Front Camera,1,32,,Yes,Dedicated,1024.0,"Memory Card Supported, upto 1 TB",Android v15,Android,8.0,Snapdragon,Qualcomm
32,poco,Poco X8 Power 5G,35999,75.0,"Dual Sim, 5G, VoLTE, Vo5G, NFC, Wi-Fi, IR Blaster",True,True,True,"Snapdragon 6 Gen5, Octa Core, 2.4 GHz Processor",Snapdragon 6 Gen5,Octa Core,2.4,"8 GB RAM, 128 GB inbuilt",8.0,128.0,10000 mAh Battery with 100W Fast Charging,10000,100.0,True,"6.83 inches, 1280 x 2772 px, 120 Hz Display with Punch Hole",6.83,1280,2772,120.0,Punch Hole,50 MP + 8 MP Dual Rear & 32 MP Front Camera,50 MP + 8 MP Dual Rear ,2.0,50,8,,,,, 32 MP Front Camera,1,32,,,,,,Android v16,Android,8.0,Snapdragon,Qualcomm
33,oneplus,OnePlus Nord 6,46999,,"Dual Sim, 5G, VoLTE, NFC, Wi-Fi, IR Blaster",True,True,True,"Snapdragon 8s Gen4, Octa Core, 3.2 GHz Processor",Snapdragon 8s Gen4,Octa Core,3.2,"8 GB RAM, 256 GB inbuilt",8.0,256.0,9000 mAh Battery with 80W Fast Charging,9000,80.0,True,"6.78 inches, 1272 x 2772 px, 165 Hz Display with Punch Hole",6.78,1272,2772,165.0,Punch Hole,50 MP + 8 MP Dual Rear & 32 MP Front Camera,50 MP + 8 MP Dual Rear ,2.0,50,8,,,,, 32 MP Front Camera,1,32,,No,Not Supported,,Memory Card Not Supported,Android v16,Android,8.0,Snapdragon,Qualcomm
34,samsung,Samsung Galaxy A36 5G,28000,64.0,"Dual Sim, 5G, VoLTE, NFC, Wi-Fi",True,True,False,"Snapdragon 6 Gen3, Octa Core, 2.4 GHz Processor",Snapdragon 6 Gen3,Octa Core,2.4,"8 GB RAM, 128 GB inbuilt",8.0,128.0,5000 mAh Battery with 45W Fast Charging,5000,45.0,True,"6.7 inches, 1080 x 2340 px, 120 Hz Display with Punch Hole",6.7,1080,2340,120.0,Punch Hole,50 MP + 8 MP + 5 MP Triple Rear & 12 MP Front Camera,50 MP + 8 MP + 5 MP Triple Rear ,3.0,50,8,5,,,, 12 MP Front Camera,1,12,,,,,,Android v15,Android,8.0,Snapdragon,Qualcomm
35,oppo,OPPO K14 Lite,16999,,"Dual Sim, 4G, VoLTE, Wi-Fi",False,False,False,"Unisoc T7250, Octa Core Processor",Unisoc T7250,Octa Core,,"4 GB RAM, 64 GB inbuilt",4.0,64.0,7000 mAh Battery with 15W Fast Charging,7000,15.0,True,"6.75 inches, 720 x 1570 px, 120 Hz Display with Water Drop Notch",6.75,720,1570,120.0,Water Drop Notch,13 MP Dual Rear & 5 MP Front Camera,13 MP Dual Rear ,2.0,13,,,,,, 5 MP Front Camera,1,5,,Yes,Hybrid,,Memory Card (Hybrid),Android v16,Android,8.0,Unisoc,Unisoc
36,xiaomi,Xiaomi Redmi Note 14,16499,63.0,"Dual Sim, 5G, VoLTE, Wi-Fi, IR Blaster",True,False,True,"Dimensity 7025 Ultra, Octa Core, 2.5 GHz Processor",Dimensity 7025 Ultra,Octa Core,2.5,"6 GB RAM, 128 GB inbuilt",6.0,128.0,5110 mAh Battery with 45W Fast Charging,5110,45.0,True,"6.67 inches, 1080 x 2400 px, 120 Hz Display with Punch Hole",6.67,1080,2400,120.0,Punch Hole,50 MP + 8 MP + 2 MP Triple Rear & 20 MP Front Camera,50 MP + 8 MP + 2 MP Triple Rear ,3.0,50,8,2,,,, 20 MP Front Camera,1,20,,Yes,Hybrid,1024.0,"Memory Card (Hybrid), upto 1 TB",Android v14,Android,8.0,Dimensity,MediaTek
37,realme,Realme GT 7T (12GB RAM + 256GB),34499,77.0,"Dual Sim, 5G, VoLTE, Vo5G, NFC, Wi-Fi, IR Blaster",True,True,True,"Dimensity 8400-MAX, Octa Core, 3.25 GHz Processor",Dimensity 8400-MAX,Octa Core,3.25,"12 GB RAM, 256 GB inbuilt",12.0,256.0,7000 mAh Battery with 120W Fast Charging,7000,120.0,True,"6.8 inches, 1280 x 2800 px, 120 Hz Display with Punch Hole",6.8,1280,2800,120.0,Punch Hole,50 MP + 8 MP Dual Rear & 32 MP Front Camera,50 MP + 8 MP Dual Rear ,2.0,50,8,,,,, 32 MP Front Camera,1,32,,No,Not Supported,,Memory Card Not Supported,Android v15,Android,8.0,Dimensity,MediaTek
38,samsung,Samsung Galaxy S26 Ultra 5G,130999,,"Dual Sim, 5G, VoLTE, Vo5G, NFC, eSIM, Wi-Fi",True,True,False,"Snapdragon 8 Elite Gen 5 for Galaxy, Octa Core, 4.74 GHz Processor",Snapdragon 8 Elite Gen 5 for Galaxy,Octa Core,4.74,"12 GB RAM, 256 GB inbuilt",12.0,256.0,5000 mAh Battery with 60W Fast Charging,5000,60.0,True,"6.9 inches, 1440 x 3120 px, 120 Hz Display with Punch Hole",6.9,1440,3120,120.0,Punch Hole,200 MP Quad Rear & 12 MP Front Camera,200 MP Quad Rear ,4.0,200,,,,,, 12 MP Front Camera,1,12,,No,Not Supported,,Memory Card Not Supported,Android v16,Android,8.0,Snapdragon,Qualcomm
39,vivo,Vivo V70 5G,59999,,"Dual Sim, 5G, VoLTE, NFC, Wi-Fi, IR Blaster",True,True,True,"Snapdragon 7 Gen4, Octa Core, 2.8 GHz Processor",Snapdragon 7 Gen4,Octa Core,2.8,"8 GB RAM, 256 GB inbuilt",8.0,256.0,6500 mAh Battery with 90W Fast Charging,6500,90.0,True,"6.59 inches, 1260 x 2750 px, 120 Hz Display with Punch Hole",6.59,1260,2750,120.0,Punch Hole,50 MP + 50 MP + 8 MP Triple Rear & 50 MP Front Camera,50 MP + 50 MP + 8 MP Triple Rear ,3.0,50,50,8,,,, 50 MP Front Camera,1,50,,No,Not Supported,,Memory Card Not Supported,Android v16,Android,8.0,Snapdragon,Qualcomm
40,vivo,Vivo T5x 5G,27249,66.0,"Dual Sim, 5G, VoLTE, Wi-Fi, IR Blaster",True,False,True,"Dimensity 7400 Turbo, Octa Core, 2.6 GHz Processor",Dimensity 7400 Turbo,Octa Core,2.6,"6 GB RAM, 128 GB inbuilt",6.0,128.0,7200 mAh Battery with 44W Fast Charging,7200,44.0,True,"6.76 inches, 1080 x 2344 px, 120 Hz Display with Punch Hole",6.76,1080,2344,120.0,Punch Hole,50 MP + 2 MP Dual Rear & 32 MP Front Camera,50 MP + 2 MP Dual Rear ,2.0,50,2,,,,, 32 MP Front Camera,1,32,,No,Not Supported,,Memory Card Not Supported,Android v16,Android,8.0,Dimensity,MediaTek
41,vivo,Vivo X200 FE (16GB RAM + 512GB),59999,,"Dual Sim, 5G, VoLTE, NFC, Wi-Fi, IR Blaster",True,True,True,"Dimensity 9300 Plus, Octa Core, 3.25 GHz Processor",Dimensity 9300 Plus,Octa Core,3.25,"16 GB RAM, 512 GB inbuilt",16.0,512.0,6500 mAh Battery with 90W Fast Charging,6500,90.0,True,"6.31 inches, 1216 x 2640 px, 120 Hz Display with Punch Hole",6.31,1216,2640,120.0,Punch Hole,50 MP + 50 MP + 8 MP Triple Rear & 50 MP Front Camera,50 MP + 50 MP + 8 MP Triple Rear ,3.0,50,50,8,,,, 50 MP Front Camera,1,50,,No,Not Supported,,Memory Card Not Supported,Android v15,Android,8.0,Dimensity,MediaTek
42,poco,Poco X7 5G,17999,64.0,"Dual Sim, 5G, VoLTE, Vo5G, NFC, Wi-Fi, IR Blaster",True,True,True,"Dimensity 7300 Ultra, Octa Core, 2.5 GHz Processor",Dimensity 7300 Ultra,Octa Core,2.5,"8 GB RAM, 128 GB inbuilt",8.0,128.0,5500 mAh Battery with 45W Fast Charging,5500,45.0,True,"6.67 inches, 1220 x 2712 px, 120 Hz Display with Punch Hole",6.67,1220,2712,120.0,Punch Hole,50 MP + 8 MP + 2 MP Triple Rear & 20 MP Front Camera,50 MP + 8 MP + 2 MP Triple Rear ,3.0,50,8,2,,,, 20 MP Front Camera,1,20,,,,,,Android v14,Android,8.0,Dimensity,MediaTek
43,realme,Realme C63 5G,10999,53.0,"Dual Sim, 5G, VoLTE, Wi-Fi",True,False,False,"Dimensity 6300, Octa Core, 2.4 GHz Processor",Dimensity 6300,Octa Core,2.4,"4 GB RAM, 128 GB inbuilt",4.0,128.0,5000 mAh Battery with 10W Fast Charging,5000,10.0,True,"6.67 inches, 720 x 1604 px, 120 Hz Display with Punch Hole",6.67,720,1604,120.0,Punch Hole,32 MP Dual Rear & 8 MP Front Camera,32 MP Dual Rear ,2.0,32,,,,,, 8 MP Front Camera,1,8,,Yes,Hybrid,2048.0,"Memory Card (Hybrid), upto 2 TB",Android v14,Android,8.0,Dimensity,MediaTek
44,motorola,Motorola Edge 70 5G,32175,75.0,"Dual Sim, 5G, VoLTE, Vo5G, NFC, Wi-Fi",True,True,False,"Snapdragon 7 Gen4, Octa Core, 2.8 GHz Processor",Snapdragon 7 Gen4,Octa Core,2.8,"8 GB RAM, 256 GB inbuilt",8.0,256.0,5000 mAh Battery with 68W Fast Charging,5000,68.0,True,"6.7 inches, 1220 x 2712 px, 120 Hz Display with Punch Hole",6.7,1220,2712,120.0,Punch Hole,50 MP + 50 MP Dual Rear & 50 MP Front Camera,50 MP + 50 MP Dual Rear ,2.0,50,50,,,,, 50 MP Front Camera,1,50,,,,,,Android v16,Android,8.0,Snapdragon,Qualcomm
45,vivo,Vivo V70 FE,38990,77.0,"Dual Sim, 5G, VoLTE, NFC, Wi-Fi, IR Blaster",True,True,True,"Dimensity 7360 Turbo, Octa Core, 2.5 GHz Processor",Dimensity 7360 Turbo,Octa Core,2.5,"8 GB RAM, 128 GB inbuilt",8.0,128.0,7000 mAh Battery with 90W Fast Charging,7000,90.0,True,"6.83 inches, 1260 x 2800 px, 120 Hz Display with Punch Hole",6.83,1260,2800,120.0,Punch Hole,200 MP + 8 MP Dual Rear & 50 MP Front Camera,200 MP + 8 MP Dual Rear ,2.0,200,8,,,,, 50 MP Front Camera,1,50,,No,Not Supported,,Memory Card Not Supported,Android v16,Android,8.0,Dimensity,MediaTek
46,nothing,Nothing Phone 2a (8GB RAM + 256GB),24999,70.0,"Dual Sim, 5G, VoLTE, NFC, Wi-Fi",True,True,False,"Dimensity 7200 Pro, Octa Core, 2.8 GHz Processor",Dimensity 7200 Pro,Octa Core,2.8,"8 GB RAM, 256 GB inbuilt",8.0,256.0,5000 mAh Battery with 45W Fast Charging,5000,45.0,True,"6.7 inches, 1084 x 2412 px, 120 Hz Display with Punch Hole",6.7,1084,2412,120.0,Punch Hole,50 MP + 50 MP Dual Rear & 32 MP Front Camera,50 MP + 50 MP Dual Rear ,2.0,50,50,,,,, 32 MP Front Camera,1,32,,,,,,Android v14,Android,8.0,Dimensity,MediaTek
47,samsung,Samsung Galaxy F05,6499,,"Dual Sim, 4G, VoLTE, Wi-Fi",False,False,False,"Helio G85, Octa Core, 2 GHz Processor",Helio G85,Octa Core,2.0,"4 GB RAM, 64 GB inbuilt",4.0,64.0,5000 mAh Battery with 25W Fast Charging,5000,25.0,True,"6.74 inches, 720 x 1600 px Display with Water Drop Notch",6.74,720,1600,,Water Drop Notch,50 MP + 2 MP Dual Rear & 8 MP Front Camera,50 MP + 2 MP Dual Rear ,2.0,50,2,,,,, 8 MP Front Camera,1,8,,Yes,Dedicated,1024.0,"Memory Card Supported, upto 1 TB",Android v14,Android,8.0,Helio,MediaTek
48,samsung,Samsung Galaxy S25 5G,65929,77.0,"Dual Sim, 5G, VoLTE, Vo5G, NFC, eSIM, Wi-Fi",True,True,False,"Snapdragon 8 Elite, Octa Core, 4.47 GHz Processor",Snapdragon 8 Elite,Octa Core,4.47,"12 GB RAM, 256 GB inbuilt",12.0,256.0,4000 mAh Battery with 25W Fast Charging,4000,25.0,True,"6.2 inches, 1080 x 2340 px, 120 Hz Display with Punch Hole",6.2,1080,2340,120.0,Punch Hole,50 MP + 12 MP + 10 MP Triple Rear & 12 MP Front Camera,50 MP + 12 MP + 10 MP Triple Rear ,3.0,50,12,10,,,, 12 MP Front Camera,1,12,,,,,,Android v15,Android,8.0,Snapdragon,Qualcomm
49,vivo,Vivo T4R 5G,22999,66.0,"Dual Sim, 5G, VoLTE, Vo5G, Wi-Fi",True,False,False,"Dimensity 7400, Octa Core, 2.6 GHz Processor",Dimensity 7400,Octa Core,2.6,"8 GB RAM, 128 GB inbuilt",8.0,128.0,5700 mAh Battery with 44W Fast Charging,5700,44.0,True,"6.77 inches, 1080 x 2392 px, 120 Hz Display with Punch Hole",6.77,1080,2392,120.0,Punch Hole,50 MP + 2 MP Dual Rear & 32 MP Front Camera,50 MP + 2 MP Dual Rear ,2.0,50,2,,,,, 32 MP Front Camera,1,32,,No,Not Supported,,Memory Card Not Supported,Android v15,Android,8.0,Dimensity,MediaTek
50,oppo,OPPO Reno 14 5G,44999,76.0,"Dual Sim, 5G, VoLTE, Wi-Fi, IR Blaster",True,False,True,"Dimensity 8350, Octa Core, 3.35 GHz Processor",Dimensity 8350,Octa Core,3.35,"8 GB RAM, 256 GB inbuilt",8.0,256.0,6000 mAh Battery with 80W Fast Charging,6000,80.0,True,"6.59 inches, 1256 x 2760 px, 120 Hz Display with Punch Hole",6.59,1256,2760,120.0,Punch Hole,50 MP + 50 MP + 8 MP Triple Rear & 50 MP Front Camera,50 MP + 50 MP + 8 MP Triple Rear ,3.0,50,50,8,,,, 50 MP Front Camera,1,50,,,,,,Android v15,Android,8.0,Dimensity,MediaTek
51,oppo,OPPO K13x 5G (6GB RAM +128GB),16999,54.0,"Dual Sim, 5G, VoLTE, Wi-Fi",True,False,False,"Dimensity 6300, Octa Core, 2.4 GHz Processor",Dimensity 6300,Octa Core,2.4,"6 GB RAM, 128 GB inbuilt",6.0,128.0,6000 mAh Battery with 45W Fast Charging,6000,45.0,True,"6.67 inches, 720 x 1604 px, 120 Hz Display with Punch Hole",6.67,720,1604,120.0,Punch Hole,50 MP + 2 MP Dual Rear & 8 MP Front Camera,50 MP + 2 MP Dual Rear ,2.0,50,2,,,,, 8 MP Front Camera,1,8,,Yes,Hybrid,2048.0,"Memory Card (Hybrid), upto 2 TB",Android v15,Android,8.0,Dimensity,MediaTek
52,samsung,Samsung Galaxy S24 FE 5G,39999,70.0,"Dual Sim, 5G, VoLTE, Vo5G, NFC, eSIM, Wi-Fi",True,True,False,"Exynos 2400e, Deca Core, 3.11 GHz Processor",Exynos 2400e,Deca Core,3.11,"8 GB RAM, 128 GB inbuilt",8.0,128.0,4700 mAh Battery with 25W Fast Charging,4700,25.0,True,"6.7 inches, 1080 x 2340 px, 120 Hz Display with Punch Hole",6.7,1080,2340,120.0,Punch Hole,50 MP + 12 MP + 8 MP Triple Rear & 10 MP Front Camera,50 MP + 12 MP + 8 MP Triple Rear ,3.0,50,12,8,,,, 10 MP Front Camera,1,10,,No,Not Supported,,Memory Card Not Supported,Android v14,Android,10.0,Exynos,Samsung
53,vivo,Vivo S2 5G,37990,67.0,"Dual Sim, 5G, VoLTE, Wi-Fi",True,False,False,"Dimensity 7360 Turbo, Octa Core, 2.5 GHz Processor",Dimensity 7360 Turbo,Octa Core,2.5,"8 GB RAM, 128 GB inbuilt",8.0,128.0,7050 mAh Battery with 44W Fast Charging,7050,44.0,True,"6.83 inches, 1260 x 2800 px, 120 Hz Display with Punch Hole",6.83,1260,2800,120.0,Punch Hole,50 MP + 2 MP Dual Rear & 32 MP Front Camera,50 MP + 2 MP Dual Rear ,2.0,50,2,,,,, 32 MP Front Camera,1,32,,No,Not Supported,,Memory Card Not Supported,Android v16,Android,8.0,Dimensity,MediaTek
54,samsung,Samsung Galaxy S26 FE,69999,,"Dual Sim, 5G, VoLTE, Vo5G, NFC, eSIM, Wi-Fi",True,True,False,"Exynos 2500, Deca Core, 3.3 GHz Processor",Exynos 2500,Deca Core,3.3,"8 GB RAM, 128 GB inbuilt",8.0,128.0,4900 mAh Battery with 45W Fast Charging,4900,45.0,True,"6.7 inches, 1080 x 2340 px, 120 Hz Display with Punch Hole",6.7,1080,2340,120.0,Punch Hole,50 MP + 12 MP + 8 MP Triple Rear & 12 MP Front Camera,50 MP + 12 MP + 8 MP Triple Rear ,3.0,50,12,8,,,, 12 MP Front Camera,1,12,,No,Not Supported,,Memory Card Not Supported,Android v17,Android,10.0,Exynos,Samsung
55,apple,Apple iPhone 17 Pro Max,143990,,"Dual Sim, 5G, VoLTE, NFC, eSIM, Wi-Fi",True,True,False,"Apple A19 Pro, Hexa Core Processor",Apple A19 Pro,Hexa Core,,"12 GB RAM, 256 GB inbuilt",12.0,256.0,4832 mAh Battery with Fast Charging,4832,,True,"6.9 inches, 1320 x 2868 px, 120 Hz Display with Dynamic Island",6.9,1320,2868,120.0,Dynamic Island,48 MP + 48 MP + 48 MP Triple Rear & 18 MP Front Camera,48 MP + 48 MP + 48 MP Triple Rear ,3.0,48,48,48,,,, 18 MP Front Camera,1,18,,No,Not Supported,,Memory Card Not Supported,iOS v26,iOS,6.0,Apple,Apple
56,apple,Apple iPhone 15,59900,66.0,"Dual Sim, 5G, VoLTE, NFC, eSIM, Wi-Fi",True,True,False,"Bionic A16, Hexa Core, 3.46 GHz Processor",Bionic A16,Hexa Core,3.46,"6 GB RAM, 128 GB inbuilt",6.0,128.0,3349 mAh Battery with Fast Charging,3349,,True,"6.1 inches, 1179 x 2556 px Display with Dynamic Island",6.1,1179,2556,,Dynamic Island,48 MP + 12 MP Dual Rear & 12 MP Front Camera,48 MP + 12 MP Dual Rear ,2.0,48,12,,,,, 12 MP Front Camera,1,12,,No,Not Supported,,Memory Card Not Supported,iOS v17,iOS,6.0,Bionic,Apple
57,realme,Realme 14 Pro Plus (8GB RAM + 256GB),25999,67.0,"Dual Sim, 5G, VoLTE, Wi-Fi",True,False,False,"Snapdragon 7s Gen3, Octa Core, 2.5 GHz Processor",Snapdragon 7s Gen3,Octa Core,2.5,"8 GB RAM, 256 GB inbuilt",8.0,256.0,6000 mAh Battery with 80W Fast Charging,6000,80.0,True,"6.83 inches, 1272 x 2800 px, 120 Hz Display with Punch Hole",6.83,1272,2800,120.0,Punch Hole,50 MP + 50 MP + 8 MP Triple Rear & 32 MP Front Camera,50 MP + 50 MP + 8 MP Triple Rear ,3.0,50,50,8,,,, 32 MP Front Camera,1,32,,No,Not Supported,,Memory Card Not Supported,Android v15,Android,8.0,Snapdragon,Qualcomm
58,vivo,Vivo X300 FE,84999,,"Dual Sim, 5G, VoLTE, NFC, eSIM, Wi-Fi, IR Blaster",True,True,True,"Snapdragon 8 Gen5, Octa Core, 3.8 GHz Processor",Snapdragon 8 Gen5,Octa Core,3.8,"12 GB RAM, 256 GB inbuilt",12.0,256.0,6500 mAh Battery with 90W Fast Charging,6500,90.0,True,"6.31 inches, 1216 x 2640 px, 120 Hz Display with Punch Hole",6.31,1216,2640,120.0,Punch Hole,50 MP + 50 MP + 8 MP Triple Rear & 50 MP Front Camera,50 MP + 50 MP + 8 MP Triple Rear ,3.0,50,50,8,,,, 50 MP Front Camera,1,50,,No,Not Supported,,Memory Card Not Supported,Android v16,Android,8.0,Snapdragon,Qualcomm
59,motorola,Motorola Edge 50 Fusion (12GB RAM + 256GB),22790,68.0,"Dual Sim, 5G, VoLTE, Vo5G, NFC, Wi-Fi",True,True,False,"Snapdragon 7s Gen2, Octa Core, 2.4 GHz Processor",Snapdragon 7s Gen2,Octa Core,2.4,"12 GB RAM, 256 GB inbuilt",12.0,256.0,5000 mAh Battery with 68W Fast Charging,5000,68.0,True,"6.67 inches, 1080 x 2400 px, 144 Hz Display with Punch Hole",6.67,1080,2400,144.0,Punch Hole,50 MP + 13 MP Dual Rear & 32 MP Front Camera,50 MP + 13 MP Dual Rear ,2.0,50,13,,,,, 32 MP Front Camera,1,32,,No,Not Supported,,Memory Card Not Supported,Android v14,Android,8.0,Snapdragon,Qualcomm
60,motorola,Motorola Signature,59899,,"Dual Sim, 5G, VoLTE, Vo5G, NFC, Wi-Fi",True,True,False,"Snapdragon 8 Gen5, Octa Core, 3.8 GHz Processor",Snapdragon 8 Gen5,Octa Core,3.8,"12 GB RAM, 256 GB inbuilt",12.0,256.0,5200 mAh Battery with 90W Fast Charging,5200,90.0,True,"6.8 inches, 1264 x 2780 px, 165 Hz Display with Punch Hole",6.8,1264,2780,165.0,Punch Hole,50 MP + 50 MP + 50 MP Triple Rear & 50 MP Front Camera,50 MP + 50 MP + 50 MP Triple Rear ,3.0,50,50,50,,,, 50 MP Front Camera,1,50,,,,,,Android v16,Android,8.0,Snapdragon,Qualcomm
61,apple,Apple iPhone 17 Pro,130490,74.0,"Dual Sim, 5G, VoLTE, NFC, eSIM, Wi-Fi",True,True,False,"Apple A19 Pro, Hexa Core Processor",Apple A19 Pro,Hexa Core,,"12 GB RAM, 256 GB inbuilt",12.0,256.0,3988 mAh Battery with Fast Charging,3988,,True,"6.3 inches, 1206 x 2622 px, 120 Hz Display with Dynamic Island",6.3,1206,2622,120.0,Dynamic Island,48 MP + 48 MP + 48 MP Triple Rear & 18 MP Front Camera,48 MP + 48 MP + 48 MP Triple Rear ,3.0,48,48,48,,,, 18 MP Front Camera,1,18,,No,Not Supported,,Memory Card Not Supported,iOS v26,iOS,6.0,Apple,Apple
62,oppo,Oppo F31 Pro 5G,25999,66.0,"Dual Sim, 5G, VoLTE, Wi-Fi",True,False,False,"Dimensity 7300 Energy, Octa Core, 2.5 GHz Processor",Dimensity 7300 Energy,Octa Core,2.5,"8 GB RAM, 128 GB inbuilt",8.0,128.0,7000 mAh Battery with 80W Fast Charging,7000,80.0,True,"6.57 inches, 1080 x 2372 px, 120 Hz Display with Punch Hole",6.57,1080,2372,120.0,Punch Hole,50 MP + 2 MP Dual Rear & 32 MP Front Camera,50 MP + 2 MP Dual Rear ,2.0,50,2,,,,, 32 MP Front Camera,1,32,,,,,,Android v15,Android,8.0,Dimensity,MediaTek
63,poco,Poco M7 Plus 5G (4GB RAM + 128GB),15499,58.0,"Dual Sim, 5G, VoLTE, Wi-Fi, IR Blaster",True,False,True,"Snapdragon 6s Gen3, Octa Core, 2.3 GHz Processor",Snapdragon 6s Gen3,Octa Core,2.3,"4 GB RAM, 128 GB inbuilt",4.0,128.0,7000 mAh Battery with 33W Fast Charging,7000,33.0,True,"6.9 inches, 1080 x 2340 px, 144 Hz Display with Punch Hole",6.9,1080,2340,144.0,Punch Hole,50 MP Rear & 8 MP Front Camera,50 MP Rear ,1.0,50,,,,,, 8 MP Front Camera,1,8,,Yes,Hybrid,2048.0,"Memory Card (Hybrid), upto 2 TB",Android v15,Android,8.0,Snapdragon,Qualcomm
64,xiaomi,Xiaomi Redmi Note 17 Pro (8GB RAM + 256GB),39999,72.0,"Dual Sim, 5G, VoLTE, NFC, eSIM, Wi-Fi, IR Blaster",True,True,True,"Snapdragon 6s Gen4, Octa Core, 2.4 GHz Processor",Snapdragon 6s Gen4,Octa Core,2.4,"6 GB RAM, 256 GB inbuilt",6.0,256.0,9000 mAh Battery with 67W Fast Charging,9000,67.0,True,"6.83 inches, 1280 x 2772 px, 120 Hz Display with Punch Hole",6.83,1280,2772,120.0,Punch Hole,50 MP + 8 MP Dual Rear & 16 MP Front Camera,50 MP + 8 MP Dual Rear ,2.0,50,8,,,,, 16 MP Front Camera,1,16,,,,,,Android v16,Android,8.0,Snapdragon,Qualcomm
65,samsung,Samsung Galaxy M47 5G,26988,67.0,"Dual Sim, 5G, VoLTE, NFC, Wi-Fi",True,True,False,"Snapdragon 6 Gen3, Octa Core, 2.4 GHz Processor",Snapdragon 6 Gen3,Octa Core,2.4,"6 GB RAM, 128 GB inbuilt",6.0,128.0,6000 mAh Battery with 45W Fast Charging,6000,45.0,True,"6.7 inches, 1080 x 2340 px, 120 Hz Display with Punch Hole",6.7,1080,2340,120.0,Punch Hole,50 MP + 5 MP + 2 MP Triple Rear & 12 MP Front Camera,50 MP + 5 MP + 2 MP Triple Rear ,3.0,50,5,2,,,, 12 MP Front Camera,1,12,,Yes,Hybrid,1024.0,"Memory Card (Hybrid), upto 1 TB",Android v16,Android,8.0,Snapdragon,Qualcomm
66,realme,Realme 15 Pro 5G (12GB RAM + 256GB),33499,76.0,"Dual Sim, 5G, VoLTE, Wi-Fi",True,False,False,"Snapdragon 7 Gen4, Octa Core, 2.8 GHz Processor",Snapdragon 7 Gen4,Octa Core,2.8,"12 GB RAM, 256 GB inbuilt",12.0,256.0,7000 mAh Battery with 80W Fast Charging,7000,80.0,True,"6.8 inches, 1280 x 2800 px, 144 Hz Display with Punch Hole",6.8,1280,2800,144.0,Punch Hole,50 MP + 50 MP Dual Rear & 50 MP Front Camera,50 MP + 50 MP Dual Rear ,2.0,50,50,,,,, 50 MP Front Camera,1,50,,,,,,Android v15,Android,8.0,Snapdragon,Qualcomm
67,poco,Poco X7 5G (8GB RAM + 256GB),19999,66.0,"Dual Sim, 5G, VoLTE, Vo5G, NFC, Wi-Fi, IR Blaster",True,True,True,"Dimensity 7300 Ultra, Octa Core, 2.5 GHz Processor",Dimensity 7300 Ultra,Octa Core,2.5,"8 GB RAM, 256 GB inbuilt",8.0,256.0,5500 mAh Battery with 45W Fast Charging,5500,45.0,True,"6.67 inches, 1220 x 2712 px, 120 Hz Display with Punch Hole",6.67,1220,2712,120.0,Punch Hole,50 MP + 8 MP + 2 MP Triple Rear & 20 MP Front Camera,50 MP + 8 MP + 2 MP Triple Rear ,3.0,50,8,2,,,, 20 MP Front Camera,1,20,,,,,,Android v14,Android,8.0,Dimensity,MediaTek
68,nothing,Nothing Phone 3a Pro,27999,66.0,"Dual Sim, 5G, VoLTE, NFC, Wi-Fi",True,True,False,"Snapdragon 7s Gen 3, Octa Core, 2.5 GHz Processor",Snapdragon 7s Gen 3,Octa Core,2.5,"8 GB RAM, 128 GB inbuilt",8.0,128.0,5000 mAh Battery with 50W Fast Charging,5000,50.0,True,"6.77 inches, 1080 x 2392 px, 120 Hz Display with Punch Hole",6.77,1080,2392,120.0,Punch Hole,50 MP + 50 MP + 8 MP Triple Rear & 50 MP Front Camera,50 MP + 50 MP + 8 MP Triple Rear ,3.0,50,50,8,,,, 50 MP Front Camera,1,50,,No,Not Supported,,Memory Card Not Supported,Android v15,Android,8.0,Snapdragon,Qualcomm
69,xiaomi,Xiaomi Redmi Note 17 Pro Max 5G (12GB RAM + 256GB),55999,,"Dual Sim, 5G, VoLTE, NFC, eSIM, Wi-Fi, IR Blaster",True,True,True,"Snapdragon 6 Gen5, Octa Core, 2.6 GHz Processor",Snapdragon 6 Gen5,Octa Core,2.6,"12 GB RAM, 256 GB inbuilt",12.0,256.0,10000 mAh Battery with 100W Fast Charging,10000,100.0,True,"6.83 inches, 1280 x 2772 px, 120 Hz Display with Punch Hole",6.83,1280,2772,120.0,Punch Hole,50 MP + 8 MP Dual Rear & 32 MP Front Camera,50 MP + 8 MP Dual Rear ,2.0,50,8,,,,, 32 MP Front Camera,1,32,,,,,,Android v16,Android,8.0,Snapdragon,Qualcomm
70,motorola,Motorola Moto G35 5G,12499,57.0,"Dual Sim, 5G, VoLTE, Vo5G, Wi-Fi",True,False,False,"Unisoc T760, Octa Core, 2.2 GHz Processor",Unisoc T760,Octa Core,2.2,"4 GB RAM, 128 GB inbuilt",4.0,128.0,5000 mAh Battery with 18W Fast Charging,5000,18.0,True,"6.72 inches, 1080 x 2400 px, 120 Hz Display with Punch Hole",6.72,1080,2400,120.0,Punch Hole,50 MP + 8 MP Dual Rear & 16 MP Front Camera,50 MP + 8 MP Dual Rear ,2.0,50,8,,,,, 16 MP Front Camera,1,16,,Yes,Hybrid,1024.0,"Memory Card (Hybrid), upto 1 TB",Android v14,Android,8.0,Unisoc,Unisoc
71,realme,Realme P4s 5G,34999,71.0,"Dual Sim, 5G, VoLTE, Wi-Fi, IR Blaster",True,False,True,"Dimensity 7400, Octa Core, 2.6 GHz Processor",Dimensity 7400,Octa Core,2.6,"8 GB RAM, 128 GB inbuilt",8.0,128.0,8000 mAh Battery with 80W Fast Charging,8000,80.0,True,"6.78 inches, 1272 x 2772 px, 144 Hz Display with Punch Hole",6.78,1272,2772,144.0,Punch Hole,50 MP + 2 MP Dual Rear & 16 MP Front Camera,50 MP + 2 MP Dual Rear ,2.0,50,2,,,,, 16 MP Front Camera,1,16,,No,Not Supported,,Memory Card Not Supported,Android v16,Android,8.0,Dimensity,MediaTek
72,realme,Realme P4x 5G,21939,62.0,"Dual Sim, 5G, VoLTE, Wi-Fi",True,False,False,"Dimensity 7400 Ultra, Octa Core, 2.6 GHz Processor",Dimensity 7400 Ultra,Octa Core,2.6,"6 GB RAM, 128 GB inbuilt",6.0,128.0,7000 mAh Battery with 45W Fast Charging,7000,45.0,True,"6.72 inches, 1080 x 2400 px, 144 Hz Display with Punch Hole",6.72,1080,2400,144.0,Punch Hole,50 MP + 2 MP Dual Rear & 8 MP Front Camera,50 MP + 2 MP Dual Rear ,2.0,50,2,,,,, 8 MP Front Camera,1,8,,,,,,Android v15,Android,8.0,Dimensity,MediaTek
73,oppo,OPPO Reno 16 5G,66999,79.0,"Dual Sim, 5G, VoLTE, Vo5G, Wi-Fi, IR Blaster",True,False,True,"Snapdragon 7 Gen4, Octa Core, 2.8 GHz Processor",Snapdragon 7 Gen4,Octa Core,2.8,"8 GB RAM, 256 GB inbuilt",8.0,256.0,6700 mAh Battery with 80W Fast Charging,6700,80.0,True,"6.32 inches, 1216 x 2640 px, 120 Hz Display with Punch Hole",6.32,1216,2640,120.0,Punch Hole,50 MP + 50 MP + 50 MP Triple Rear & 50 MP Front Camera,50 MP + 50 MP + 50 MP Triple Rear ,3.0,50,50,50,,,, 50 MP Front Camera,1,50,,No,Not Supported,,Memory Card Not Supported,Android v16,Android,8.0,Snapdragon,Qualcomm
74,xiaomi,Xiaomi Redmi 14C 5G (6GB RAM + 128GB),11999,54.0,"Dual Sim, 5G, VoLTE, Wi-Fi",True,False,False,"Snapdragon 4 Gen2, Octa Core, 2.2 GHz Processor",Snapdragon 4 Gen2,Octa Core,2.2,"6 GB RAM, 128 GB inbuilt",6.0,128.0,5160 mAh Battery with 18W Fast Charging,5160,18.0,True,"6.88 inches, 720 x 1640 px, 120 Hz Display with Water Drop Notch",6.88,720,1640,120.0,Water Drop Notch,50 MP Dual Rear & 8 MP Front Camera,50 MP Dual Rear ,2.0,50,,,,,, 8 MP Front Camera,1,8,,Yes,Dedicated,1024.0,"Memory Card Supported, upto 1 TB",Android v14,Android,8.0,Snapdragon,Qualcomm
75,infinix,Infinix Note 40X 5G (12GB RAM +256GB),15999,62.0,"Dual Sim, 5G, VoLTE, NFC, Wi-Fi",True,True,False,"Dimensity 6300, Octa Core, 2.4 GHz Processor",Dimensity 6300,Octa Core,2.4,"12 GB RAM, 256 GB inbuilt",12.0,256.0,5000 mAh Battery with 18W Fast Charging,5000,18.0,True,"6.78 inches, 1080 x 2406 px, 120 Hz Display with Punch Hole",6.78,1080,2406,120.0,Punch Hole,108 MP + 2 MP Triple Rear & 8 MP Front Camera,108 MP + 2 MP Triple Rear ,3.0,108,2,,,,, 8 MP Front Camera,1,8,,Yes,Dedicated,1024.0,"Memory Card Supported, upto 1 TB",Android v14,Android,8.0,Dimensity,MediaTek
76,apple,Apple iPhone Duo (2TB),449900,,"Dual Sim, 5G, VoLTE, NFC, eSIM, Wi-Fi",True,True,False,"Apple A20 Pro, Hexa Core Processor",Apple A20 Pro,Hexa Core,,"12 GB RAM, 2 TB inbuilt",12.0,2.0,5800 mAh Battery with Fast Charging,5800,,True,"7.6 inches, 1878 x 2670 px, 120 Hz Display",7.6,1878,2670,120.0,,48 MP + 48 MP Dual Rear & 12 MP + Under-display FaceTime Camera Dual Front Camera,48 MP + 48 MP Dual Rear ,2.0,48,48,,,,, 12 MP + Under-display FaceTime Camera Dual Front Camera,2,12,Under-display FaceTime Camera Dual Front Camera,No,Not Supported,,Memory Card Not Supported,,iOS,6.0,Apple,Apple
77,xiaomi,Xiaomi Redmi Note 14 Pro 5G,21999,62.0,"Dual Sim, 5G, VoLTE, Wi-Fi, IR Blaster",True,False,True,"Dimensity 7300 Ultra, Octa Core, 2.5 GHz Processor",Dimensity 7300 Ultra,Octa Core,2.5,"8 GB RAM, 128 GB inbuilt",8.0,128.0,5500 mAh Battery with 45W Fast Charging,5500,45.0,True,"6.67 inches, 1220 x 2712 px, 120 Hz Display with Punch Hole",6.67,1220,2712,120.0,Punch Hole,50 MP + 8 MP + 2 MP Triple Rear & 20 MP Front Camera,50 MP + 8 MP + 2 MP Triple Rear ,3.0,50,8,2,,,, 20 MP Front Camera,1,20,,,,,,Android v14,Android,8.0,Dimensity,MediaTek
78,boltt,Boltt Ace 5G (8GB RAM + 128GB),14999,55.0,"Dual Sim, 5G, VoLTE, Wi-Fi",True,False,False,"Unisoc T8200, Octa Core, 2.3 GHz Processor",Unisoc T8200,Octa Core,2.3,"8 GB RAM, 128 GB inbuilt",8.0,128.0,6000 mAh Battery with 18W Fast Charging,6000,18.0,True,"6.79 inches, 720 x 1640 px, 120 Hz Display with Punch Hole",6.79,720,1640,120.0,Punch Hole,64 MP Dual Rear & 8 MP Front Camera,64 MP Dual Rear ,2.0,64,,,,,, 8 MP Front Camera,1,8,,Yes,Hybrid,1024.0,"Memory Card (Hybrid), upto 1 TB",Android v16,Android,8.0,Unisoc,Unisoc
79,oppo,OPPO Reno 14 Pro 5G,48979,,"Dual Sim, 5G, VoLTE, NFC, eSIM, Wi-Fi, IR Blaster",True,True,True,"Dimensity 8450, Octa Core, 3.25 GHz Processor",Dimensity 8450,Octa Core,3.25,"12 GB RAM, 256 GB inbuilt",12.0,256.0,6200 mAh Battery with 80W Fast Charging,6200,80.0,True,"6.83 inches, 1272 x 2800 px, 120 Hz Display with Punch Hole",6.83,1272,2800,120.0,Punch Hole,50 MP + 50 MP + 50 MP Triple Rear & 50 MP Front Camera,50 MP + 50 MP + 50 MP Triple Rear ,3.0,50,50,50,,,, 50 MP Front Camera,1,50,,,,,,Android v15,Android,8.0,Dimensity,MediaTek
80,oneplus,OnePlus Nord CE 6 5G,37999,74.0,"Dual Sim, 5G, VoLTE, Wi-Fi, IR Blaster",True,False,True,"Snapdragon 7s Gen4, Octa Core, 2.7 GHz Processor",Snapdragon 7s Gen4,Octa Core,2.7,"8 GB RAM, 128 GB inbuilt",8.0,128.0,8000 mAh Battery with 80W Fast Charging,8000,80.0,True,"6.78 inches, 1272 x 2772 px, 144 Hz Display with Punch Hole",6.78,1272,2772,144.0,Punch Hole,50 MP + 2 MP Dual Rear & 32 MP Front Camera,50 MP + 2 MP Dual Rear ,2.0,50,2,,,,, 32 MP Front Camera,1,32,,,,,,Android v16,Android,8.0,Snapdragon,Qualcomm
81,samsung,Samsung Galaxy S26 5G,79999,,"Dual Sim, 5G, VoLTE, Vo5G, NFC, eSIM, Wi-Fi",True,True,False,"Exynos 2600, Deca Core, 3.8 GHz Processor",Exynos 2600,Deca Core,3.8,"12 GB RAM, 256 GB inbuilt",12.0,256.0,4300 mAh Battery with 25W Fast Charging,4300,25.0,True,"6.3 inches, 1080 x 2340 px, 120 Hz Display with Punch Hole",6.3,1080,2340,120.0,Punch Hole,50 MP + 12 MP + 10 MP Triple Rear & 12 MP Front Camera,50 MP + 12 MP + 10 MP Triple Rear ,3.0,50,12,10,,,, 12 MP Front Camera,1,12,,,,,,Android v16,Android,10.0,Exynos,Samsung
82,iqoo,iQOO 15,76999,,"Dual Sim, 5G, VoLTE, NFC, Wi-Fi, IR Blaster",True,True,True,"Snapdragon 8 Elite Gen 5, Octa Core, 4.6 GHz Processor",Snapdragon 8 Elite Gen 5,Octa Core,4.6,"12 GB RAM, 256 GB inbuilt",12.0,256.0,7000 mAh Battery with 100W Fast Charging,7000,100.0,True,"6.85 inches, 1440 x 3168 px, 144 Hz Display with Punch Hole",6.85,1440,3168,144.0,Punch Hole,50 MP + 50 MP + 50 MP Triple Rear & 32 MP Front Camera,50 MP + 50 MP + 50 MP Triple Rear ,3.0,50,50,50,,,, 32 MP Front Camera,1,32,,,,,,Android v16,Android,8.0,Snapdragon,Qualcomm
83,infinix,Infinix Note 50X 5G,13499,55.0,"Dual Sim, 5G, VoLTE, Wi-Fi, IR Blaster",True,False,True,"Dimensity 7300 Ultimate, Octa Core, 2.5 GHz Processor",Dimensity 7300 Ultimate,Octa Core,2.5,"6 GB RAM, 128 GB inbuilt",6.0,128.0,5500 mAh Battery with 45W Fast Charging,5500,45.0,True,"6.67 inches, 720 x 1600 px, 120 Hz Display with Punch Hole",6.67,720,1600,120.0,Punch Hole,50 MP Dual Rear & 8 MP Front Camera,50 MP Dual Rear ,2.0,50,,,,,, 8 MP Front Camera,1,8,,Yes,Hybrid,,Memory Card (Hybrid),Android v15,Android,8.0,Dimensity,MediaTek
84,realme,Realme P3 Pro 5G (8GB RAM +256GB),21999,64.0,"Dual Sim, 5G, VoLTE, Wi-Fi",True,False,False,"Snapdragon 7s Gen3, Octa Core, 2.5 GHz Processor",Snapdragon 7s Gen3,Octa Core,2.5,"8 GB RAM, 256 GB inbuilt",8.0,256.0,6000 mAh Battery with 80W Fast Charging,6000,80.0,True,"6.83 inches, 1272 x 2800 px, 120 Hz Display with Punch Hole",6.83,1272,2800,120.0,Punch Hole,50 MP + 2 MP Dual Rear & 16 MP Front Camera,50 MP + 2 MP Dual Rear ,2.0,50,2,,,,, 16 MP Front Camera,1,16,,,,,,Android v15,Android,8.0,Snapdragon,Qualcomm
85,google,Google Pixel 11,81999,74.0,"Dual Sim, 5G, VoLTE, Vo5G, NFC, eSIM, Wi-Fi",True,True,False,Tensor G6,Tensor G6,,,"12 GB RAM, 256 GB inbuilt",12.0,256.0,4985 mAh Battery with 30W Fast Charging,4985,30.0,True,"6.3 inches, 1080 x 2424 px, 120 Hz Display with Punch Hole",6.3,1080,2424,120.0,Punch Hole,48 MP + 13 MP + 10.8 MP Triple Rear & 10.5 MP Front Camera,48 MP + 13 MP + 10.8 MP Triple Rear ,3.0,48,13,10.8,,,, 10.5 MP Front Camera,1,10.5,,,,,,Android v17,Android,,Tensor,Google
86,xiaomi,Xiaomi Redmi Note 17 5G,27999,61.0,"Dual Sim, 5G, VoLTE, Wi-Fi, IR Blaster",True,False,True,"Snapdragon 4 Gen4, Octa Core, 2.3 GHz Processor",Snapdragon 4 Gen4,Octa Core,2.3,"6 GB RAM, 128 GB inbuilt",6.0,128.0,8000 mAh Battery with 45W Fast Charging,8000,45.0,True,"6.99 inches, 1080 x 2396 px, 120 Hz Display with Punch Hole",6.99,1080,2396,120.0,Punch Hole,50 MP Rear & 8 MP Front Camera,50 MP Rear ,1.0,50,,,,,, 8 MP Front Camera,1,8,,,,,,Android v16,Android,8.0,Snapdragon,Qualcomm
87,apple,Apple iPhone 16 (256GB),79900,70.0,"Dual Sim, 5G, VoLTE, NFC, eSIM, Wi-Fi",True,True,False,"Bionic A18, Hexa Core, 4.04 GHz Processor",Bionic A18,Hexa Core,4.04,"8 GB RAM, 256 GB inbuilt",8.0,256.0,3561 mAh Battery with Fast Charging,3561,,True,"6.1 inches, 1179 x 2556 px Display with Dynamic Island Display",6.1,1179,2556,,Dynamic Island,48 MP + 12 MP Dual Rear & 12 MP Front Camera,48 MP + 12 MP Dual Rear ,2.0,48,12,,,,, 12 MP Front Camera,1,12,,No,Not Supported,,Memory Card Not Supported,iOS v18,iOS,6.0,Bionic,Apple
88,realme,Realme P1 Pro 5G (8GB RAM + 256GB),16999,59.0,"Dual Sim, 5G, VoLTE, Wi-Fi",True,False,False,"Snapdragon 6 Gen1, Octa Core, 2.2 GHz Processor",Snapdragon 6 Gen1,Octa Core,2.2,"8 GB RAM, 256 GB inbuilt",8.0,256.0,5000 mAh Battery with 45W Fast Charging,5000,45.0,True,"6.7 inches, 1080 x 2400 px, 120 Hz Display with Punch Hole",6.7,1080,2400,120.0,Punch Hole,50 MP + 8 MP Dual Rear & 16 MP Front Camera,50 MP + 8 MP Dual Rear ,2.0,50,8,,,,, 16 MP Front Camera,1,16,,,,,,Android v14,Android,8.0,Snapdragon,Qualcomm
89,motorola,Motorola Edge 70 Fusion 5G (12GB RAM + 256 GB),35199,72.0,"Dual Sim, 5G, VoLTE, Vo5G, NFC, Wi-Fi",True,True,False,"Snapdragon 7s Gen4, Octa Core, 2.7 GHz Processor",Snapdragon 7s Gen4,Octa Core,2.7,"12 GB RAM, 256 GB inbuilt",12.0,256.0,7000 mAh Battery with 68W Fast Charging,7000,68.0,True,"6.8 inches, 1272 x 2772 px, 144 Hz Display with Punch Hole",6.8,1272,2772,144.0,Punch Hole,50 MP + 13 MP + Dedicated 3-in-1 light sensor Triple Rear & 32 MP Front Camera,50 MP + 13 MP + Dedicated 3-in-1 light sensor Triple Rear ,3.0,50,13,,,,Dedicated 3-in-1 light sensor, 32 MP Front Camera,1,32,,,,,,Android v16,Android,8.0,Snapdragon,Qualcomm
90,samsung,Samsung Galaxy S26 FE (8GB RAM + 256GB),79999,,"Dual Sim, 5G, VoLTE, Vo5G, NFC, eSIM, Wi-Fi",True,True,False,"Exynos 2500, Deca Core, 3.3 GHz Processor",Exynos 2500,Deca Core,3.3,"8 GB RAM, 256 GB inbuilt",8.0,256.0,4900 mAh Battery with 45W Fast Charging,4900,45.0,True,"6.7 inches, 1080 x 2340 px, 120 Hz Display with Punch Hole",6.7,1080,2340,120.0,Punch Hole,50 MP + 12 MP + 8 MP Triple Rear & 12 MP Front Camera,50 MP + 12 MP + 8 MP Triple Rear ,3.0,50,12,8,,,, 12 MP Front Camera,1,12,,No,Not Supported,,Memory Card Not Supported,Android v17,Android,10.0,Exynos,Samsung
91,oppo,Oppo Find X9 5G,74999,,"Dual Sim, 5G, VoLTE, NFC, Wi-Fi, IR Blaster",True,True,True,"Dimensity 9500, Octa Core, 4.21 GHz Processor",Dimensity 9500,Octa Core,4.21,"12 GB RAM, 256 GB inbuilt",12.0,256.0,7025 mAh Battery with 80W Fast Charging,7025,80.0,True,"6.59 inches, 1256 x 2760 px, 120 Hz Display with Punch Hole",6.59,1256,2760,120.0,Punch Hole,50 MP + 50 MP + 50 MP Triple Rear & 32 MP Front Camera,50 MP + 50 MP + 50 MP Triple Rear ,3.0,50,50,50,,,, 32 MP Front Camera,1,32,,,,,,Android v16,Android,8.0,Dimensity,MediaTek
92,vivo,Vivo T5 Pro,37310,72.0,"Dual Sim, 5G, VoLTE, Vo5G, Wi-Fi, IR Blaster",True,False,True,"Snapdragon 7s Gen4, Octa Core, 2.7 GHz Processor",Snapdragon 7s Gen4,Octa Core,2.7,"8 GB RAM, 128 GB inbuilt",8.0,128.0,9020 mAh Battery with 90W Fast Charging,9020,90.0,True,"6.83 inches, 1260 x 2800 px, 144 Hz Display with Punch Hole",6.83,1260,2800,144.0,Punch Hole,50 MP + 2 MP Dual Rear & 32 MP Front Camera,50 MP + 2 MP Dual Rear ,2.0,50,2,,,,, 32 MP Front Camera,1,32,,No,Not Supported,,Memory Card Not Supported,Android v16,Android,8.0,Snapdragon,Qualcomm
93,vivo,Vivo V60 5G,45697,77.0,"Dual Sim, 5G, VoLTE, NFC, Wi-Fi, IR Blaster",True,True,True,"Snapdragon 7 Gen4, Octa Core, 2.8 GHz Processor",Snapdragon 7 Gen4,Octa Core,2.8,"8 GB RAM, 128 GB inbuilt",8.0,128.0,6500 mAh Battery with 90W Fast Charging,6500,90.0,True,"6.77 inches, 1080 x 2392 px, 120 Hz Display with Punch Hole",6.77,1080,2392,120.0,Punch Hole,50 MP + 50 MP + 8 MP Triple Rear & 50 MP Front Camera,50 MP + 50 MP + 8 MP Triple Rear ,3.0,50,50,8,,,, 50 MP Front Camera,1,50,,No,Not Supported,,Memory Card Not Supported,Android v15,Android,8.0,Snapdragon,Qualcomm
94,realme,Realme P2 Pro 5G,17999,63.0,"Dual Sim, 5G, VoLTE, Wi-Fi",True,False,False,"Snapdragon 7s Gen 2, Octa Core, 2.4 GHz Processor",Snapdragon 7s Gen 2,Octa Core,2.4,"8 GB RAM, 128 GB inbuilt",8.0,128.0,5200 mAh Battery with 80W Fast Charging,5200,80.0,True,"6.7 inches, 1080 x 2412 px, 120 Hz Display with Punch Hole",6.7,1080,2412,120.0,Punch Hole,50 MP + 8 MP Dual Rear & 32 MP Front Camera,50 MP + 8 MP Dual Rear ,2.0,50,8,,,,, 32 MP Front Camera,1,32,,,,,,Android v14,Android,8.0,Snapdragon,Qualcomm
95,motorola,Motorola Moto G37 Power 5G (4GB RAM + 64GB),15449,55.0,"Dual Sim, 5G, VoLTE, Wi-Fi",True,False,False,"Dimensity 6400, Octa Core, 2.5 GHz Processor",Dimensity 6400,Octa Core,2.5,"4 GB RAM, 64 GB inbuilt",4.0,64.0,7000 mAh Battery with 30W Fast Charging,7000,30.0,True,"6.67 inches, 1604 x 720 px, 120 Hz Display with Punch Hole",6.67,1604,720,120.0,Punch Hole,50 MP Rear & 8 MP Front Camera,50 MP Rear ,1.0,50,,,,,, 8 MP Front Camera,1,8,,Yes,Hybrid,1024.0,"Memory Card (Hybrid), upto 1 TB",Android v16,Android,8.0,Dimensity,MediaTek
96,samsung,Samsung Galaxy S24 5G (Snapdragon),49999,72.0,"Dual Sim, 5G, VoLTE, Vo5G, NFC, eSIM, Wi-Fi",True,True,False,"Snapdragon 8 Gen3, Octa Core, 3.3 GHz Processor",Snapdragon 8 Gen3,Octa Core,3.3,"8 GB RAM, 256 GB inbuilt",8.0,256.0,4000 mAh Battery with 25W Fast Charging,4000,25.0,True,"6.2 inches, 1080 x 2340 px, 120 Hz Display with Punch Hole",6.2,1080,2340,120.0,Punch Hole,50 MP + 12 MP + 10 MP Triple Rear & 12 MP Front Camera,50 MP + 12 MP + 10 MP Triple Rear ,3.0,50,12,10,,,, 12 MP Front Camera,1,12,,,,,,Android v15,Android,8.0,Snapdragon,Qualcomm
97,motorola,Motorola Moto G37 Power (8GB RAM + 128GB),19900,58.0,"Dual Sim, 5G, VoLTE, Wi-Fi",True,False,False,"Dimensity 6400, Octa Core, 2.5 GHz Processor",Dimensity 6400,Octa Core,2.5,"8 GB RAM, 128 GB inbuilt",8.0,128.0,7000 mAh Battery with 30W Fast Charging,7000,30.0,True,"6.67 inches, 1604 x 720 px, 120 Hz Display with Punch Hole",6.67,1604,720,120.0,Punch Hole,50 MP Rear & 8 MP Front Camera,50 MP Rear ,1.0,50,,,,,, 8 MP Front Camera,1,8,,Yes,Hybrid,1024.0,"Memory Card (Hybrid), upto 1 TB",Android v16,Android,8.0,Dimensity,MediaTek
98,xiaomi,Xiaomi Redmi Note 15 Pro 5G,31999,72.0,"Dual Sim, 5G, VoLTE, eSIM, Wi-Fi, IR Blaster",True,False,True,"Dimensity 7400 Ultra, Octa Core, 2.6 GHz Processor",Dimensity 7400 Ultra,Octa Core,2.6,"8 GB RAM, 128 GB inbuilt",8.0,128.0,6580 mAh Battery with 45W Fast Charging,6580,45.0,True,"6.83 inches, 1280 x 2772 px, 120 Hz Display with Punch Hole",6.83,1280,2772,120.0,Punch Hole,200 MP + 8 MP Dual Rear & 20 MP Front Camera,200 MP + 8 MP Dual Rear ,2.0,200,8,,,,, 20 MP Front Camera,1,20,,,,,,Android v15,Android,8.0,Dimensity,MediaTek
99,oneplus,OnePlus 15,85999,,"Dual Sim, 5G, VoLTE, Vo5G, NFC, eSIM, Wi-Fi, IR Blaster",True,True,True,"Snapdragon 8 Elite Gen 5, Octa Core, 4.6 GHz Processor",Snapdragon 8 Elite Gen 5,Octa Core,4.6,"12 GB RAM, 256 GB inbuilt",12.0,256.0,7300 mAh Battery with 120W Fast Charging,7300,120.0,True,"6.78 inches, 1272 x 2772 px, 165 Hz Display with Punch Hole",6.78,1272,2772,165.0,Punch Hole,50 MP + 50 MP + 50 MP Triple Rear & 32 MP Front Camera,50 MP + 50 MP + 50 MP Triple Rear ,3.0,50,50,50,,,, 32 MP Front Camera,1,32,,No,Not Supported,,Memory Card Not Supported,Android v16,Android,8.0,Snapdragon,Qualcomm
100,oppo,OPPO K13,21999,62.0,"Dual Sim, 5G, VoLTE, Wi-Fi, IR Blaster",True,False,True,"Snapdragon 6 Gen4, Octa Core, 2.3 GHz Processor",Snapdragon 6 Gen4,Octa Core,2.3,"8 GB RAM, 128 GB inbuilt",8.0,128.0,7000 mAh Battery with 80W Fast Charging,7000,80.0,True,"6.67 inches, 1080 x 2400 px, 120 Hz Display with Punch Hole",6.67,1080,2400,120.0,Punch Hole,50 MP + 2 MP Dual Rear & 16 MP Front Camera,50 MP + 2 MP Dual Rear ,2.0,50,2,,,,, 16 MP Front Camera,1,16,,,,,,Android v15,Android,8.0,Snapdragon,Qualcomm
101,poco,Poco M7 5G,12499,53.0,"Dual Sim, 5G, VoLTE, Wi-Fi",True,False,False,"Snapdragon 4 Gen2, Octa Core, 2.2 GHz Processor",Snapdragon 4 Gen2,Octa Core,2.2,"6 GB RAM, 128 GB inbuilt",6.0,128.0,5160 mAh Battery with 18W Fast Charging,5160,18.0,True,"6.88 inches, 720 x 1640 px, 120 Hz Display with Water Drop Notch",6.88,720,1640,120.0,Water Drop Notch,50 MP Rear & 8 MP Front Camera,50 MP Rear ,1.0,50,,,,,, 8 MP Front Camera,1,8,,Yes,Dedicated,1024.0,"Memory Card Supported, upto 1 TB",Android v14,Android,8.0,Snapdragon,Qualcomm
102,poco,Poco F7 5G,35999,76.0,"Dual Sim, 5G, VoLTE, NFC, Wi-Fi, IR Blaster",True,True,True,"Snapdragon 8s Gen4, Octa Core, 3.2 GHz Processor",Snapdragon 8s Gen4,Octa Core,3.2,"12 GB RAM, 256 GB inbuilt",12.0,256.0,7550 mAh Battery with 90W Fast Charging,7550,90.0,True,"6.83 inches, 1280 x 2772 px, 120 Hz Display with Punch Hole",6.83,1280,2772,120.0,Punch Hole,50 MP + 8 MP Dual Rear & 20 MP Front Camera,50 MP + 8 MP Dual Rear ,2.0,50,8,,,,, 20 MP Front Camera,1,20,,No,Not Supported,,Memory Card Not Supported,Android v15,Android,8.0,Snapdragon,Qualcomm
103,oppo,Oppo Reno 15 Pro Mini,59999,,"Dual Sim, 5G, VoLTE, Wi-Fi, IR Blaster",True,False,True,"Dimensity 8450, Octa Core, 3.25 GHz Processor",Dimensity 8450,Octa Core,3.25,"12 GB RAM, 256 GB inbuilt",12.0,256.0,6200 mAh Battery with 80W Fast Charging,6200,80.0,True,"6.32 inches, 1216 x 2640 px, 120 Hz Display with Punch Hole",6.32,1216,2640,120.0,Punch Hole,200 MP + 50 MP + 50 MP Triple Rear & 50 MP Front Camera,200 MP + 50 MP + 50 MP Triple Rear ,3.0,200,50,50,,,, 50 MP Front Camera,1,50,,,,,,Android v16,Android,8.0,Dimensity,MediaTek
104,motorola,Motorola Moto G67 Power 5G,23400,62.0,"Dual Sim, 5G, VoLTE, Wi-Fi",True,False,False,"Snapdragon 7s Gen2, Octa Core, 2.4 GHz Processor",Snapdragon 7s Gen2,Octa Core,2.4,"8 GB RAM, 128 GB inbuilt",8.0,128.0,7000 mAh Battery with 30W Fast Charging,7000,30.0,True,"6.7 inches, 1080 x 2400 px, 120 Hz Display with Punch Hole",6.7,1080,2400,120.0,Punch Hole,50 MP + 8 MP Dual Rear & 32 MP Front Camera,50 MP + 8 MP Dual Rear ,2.0,50,8,,,,, 32 MP Front Camera,1,32,,,,,,Android v15,Android,8.0,Snapdragon,Qualcomm
105,samsung,Samsung Galaxy F70 Pro 5G,26349,66.0,"Dual Sim, 5G, VoLTE, Wi-Fi",True,False,False,"Snapdragon 6 Gen3, Octa Core, 2.4 GHz Processor",Snapdragon 6 Gen3,Octa Core,2.4,"6 GB RAM, 128 GB inbuilt",6.0,128.0,6000 mAh Battery with 45W Fast Charging,6000,45.0,True,"6.7 inches, 1080 x 2340 px, 120 Hz Display with Punch Hole",6.7,1080,2340,120.0,Punch Hole,50 MP + 5 MP + 2 MP Triple Rear & 12 MP Front Camera,50 MP + 5 MP + 2 MP Triple Rear ,3.0,50,5,2,,,, 12 MP Front Camera,1,12,,Yes,Hybrid,2048.0,"Memory Card (Hybrid), upto 2 TB",Android v16,Android,8.0,Snapdragon,Qualcomm
106,samsung,Samsung Galaxy F16 5G,12499,54.0,"Dual Sim, 5G, VoLTE, NFC, Wi-Fi",True,True,False,"Dimensity 6300, Octa Core, 2.4 GHz Processor",Dimensity 6300,Octa Core,2.4,"4 GB RAM, 128 GB inbuilt",4.0,128.0,5000 mAh Battery with 25W Fast Charging,5000,25.0,True,"6.7 inches, 1080 x 2340 px, 90 Hz Display with Punch Hole",6.7,1080,2340,90.0,Punch Hole,50 MP + 5 MP + 2 MP Triple Rear & 13 MP Front Camera,50 MP + 5 MP + 2 MP Triple Rear ,3.0,50,5,2,,,, 13 MP Front Camera,1,13,,Yes,Hybrid,1536.0,"Memory Card (Hybrid), upto 1.5 TB",Android v15,Android,8.0,Dimensity,MediaTek
107,iqoo,iQOO Z11 5G,34999,71.0,"Dual Sim, 5G, VoLTE, Wi-Fi, IR Blaster",True,False,True,"Dimensity 7500 Turbo, Octa Core, 2.6 GHz Processor",Dimensity 7500 Turbo,Octa Core,2.6,"6 GB RAM, 128 GB inbuilt",6.0,128.0,7050 mAh Battery with 44W Fast Charging,7050,44.0,True,"6.83 inches, 1260 x 2800 px, 144 Hz Display with Punch Hole",6.83,1260,2800,144.0,Punch Hole,50 MP + 8 MP Dual Rear & 32 MP Front Camera,50 MP + 8 MP Dual Rear ,2.0,50,8,,,,, 32 MP Front Camera,1,32,,No,Not Supported,,Memory Card Not Supported,Android v16,Android,8.0,Dimensity,MediaTek
108,samsung,Samsung Galaxy A56 5G,36999,63.0,"Dual Sim, 5G, VoLTE, NFC, eSIM, Wi-Fi",True,True,False,"Exynos 1580, Octa Core, 2.9 GHz Processor",Exynos 1580,Octa Core,2.9,"8 GB RAM, 128 GB inbuilt",8.0,128.0,5000 mAh Battery with 45W Fast Charging,5000,45.0,True,"6.7 inches, 1080 x 2340 px, 120 Hz Display with Punch Hole",6.7,1080,2340,120.0,Punch Hole,50 MP + 12 MP + 5 MP Triple Rear & 12 MP Front Camera,50 MP + 12 MP + 5 MP Triple Rear ,3.0,50,12,5,,,, 12 MP Front Camera,1,12,,,,,,Android v15,Android,8.0,Exynos,Samsung
109,vivo,Vivo X300 Ultra,159999,,"Dual Sim, 5G, VoLTE, NFC, Wi-Fi, IR Blaster",True,True,True,"Snapdragon 8 Elite Gen 5, Octa Core, 4.6 GHz Processor",Snapdragon 8 Elite Gen 5,Octa Core,4.6,"16 GB RAM, 512 GB inbuilt",16.0,512.0,6600 mAh Battery with 100W Fast Charging,6600,100.0,True,"6.82 inches, 1440 x 3168 px, 144 Hz Display with Punch Hole",6.82,1440,3168,144.0,Punch Hole,200 MP + 200 MP + 50 MP Triple Rear & 50 MP Front Camera,200 MP + 200 MP + 50 MP Triple Rear ,3.0,200,200,50,,,, 50 MP Front Camera,1,50,,No,Not Supported,,Memory Card Not Supported,Android v16,Android,8.0,Snapdragon,Qualcomm
110,iqoo,iQOO 15R,53999,,"Dual Sim, 5G, VoLTE, NFC, Wi-Fi, IR Blaster",True,True,True,"Snapdragon 8 Gen5, Octa Core, 3.8 GHz Processor",Snapdragon 8 Gen5,Octa Core,3.8,"8 GB RAM, 256 GB inbuilt",8.0,256.0,7600 mAh Battery with 100W Fast Charging,7600,100.0,True,"6.59 inches, 1260 x 2750 px, 144 Hz Display with Punch Hole",6.59,1260,2750,144.0,Punch Hole,50 MP + 8 MP Dual Rear & 32 MP Front Camera,50 MP + 8 MP Dual Rear ,2.0,50,8,,,,, 32 MP Front Camera,1,32,,,,,,Android v16,Android,8.0,Snapdragon,Qualcomm
111,realme,Realme C63 5G (6GB RAM + 128GB),10999,53.0,"Dual Sim, 5G, VoLTE, Wi-Fi",True,False,False,"Dimensity 6300, Octa Core, 2.4 GHz Processor",Dimensity 6300,Octa Core,2.4,"6 GB RAM, 128 GB inbuilt",6.0,128.0,5000 mAh Battery with 10W Fast Charging,5000,10.0,True,"6.67 inches, 720 x 1604 px, 120 Hz Display with Punch Hole",6.67,720,1604,120.0,Punch Hole,32 MP Dual Rear & 8 MP Front Camera,32 MP Dual Rear ,2.0,32,,,,,, 8 MP Front Camera,1,8,,Yes,Hybrid,2048.0,"Memory Card (Hybrid), upto 2 TB",Android v14,Android,8.0,Dimensity,MediaTek
112,oneplus,OnePlus N6,24999,59.0,"Dual Sim, 5G, VoLTE, NFC, Wi-Fi",True,True,False,"Dimensity 6360 Apex, Octa Core Processor",Dimensity 6360 Apex,Octa Core,,"4 GB RAM, 128 GB inbuilt",4.0,128.0,8000 mAh Battery with 45W Fast Charging,8000,45.0,True,"6.8 inches, 720 x 1570 px, 120 Hz Display with Punch Hole",6.8,720,1570,120.0,Punch Hole,50 MP Dual Rear & 8 MP Front Camera,50 MP Dual Rear ,2.0,50,,,,,, 8 MP Front Camera,1,8,,Yes,Dedicated,2048.0,"Memory Card Supported, upto 2 TB",Android v16,Android,8.0,Dimensity,MediaTek
113,moto,Moto G96 5G,22990,63.0,"Dual Sim, 5G, VoLTE, Wi-Fi",True,False,False,"Snapdragon 7s Gen2, Octa Core, 2.4 GHz Processor",Snapdragon 7s Gen2,Octa Core,2.4,"8 GB RAM, 128 GB inbuilt",8.0,128.0,5500 mAh Battery with 33W Fast Charging,5500,33.0,True,"6.67 inches, 1080 x 2400 px, 144 Hz Display with Punch Hole",6.67,1080,2400,144.0,Punch Hole,50 MP + 8 MP Dual Rear & 32 MP Front Camera,50 MP + 8 MP Dual Rear ,2.0,50,8,,,,, 32 MP Front Camera,1,32,,No,Not Supported,,Memory Card Not Supported,Android v15,Android,8.0,Snapdragon,Qualcomm
114,apple,Apple iPhone 13,45690,55.0,"Dual Sim, 5G, VoLTE, NFC, eSIM, Wi-Fi",True,True,False,"Bionic A15, Hexa Core, 3.22 GHz Processor",Bionic A15,Hexa Core,3.22,"4 GB RAM, 128 GB inbuilt",4.0,128.0,3240 mAh Battery with Fast Charging,3240,,True,"6.1 inches, 1170 x 2532 px Display with Small Notch",6.1,1170,2532,,Small Notch,12 MP + 12 MP Dual Rear & 12 MP Front Camera,12 MP + 12 MP Dual Rear ,2.0,12,12,,,,, 12 MP Front Camera,1,12,,No,Not Supported,,Memory Card Not Supported,iOS v15,iOS,6.0,Bionic,Apple
115,google,Google Pixel 10 5G,67479,75.0,"Dual Sim, 5G, VoLTE, Vo5G, NFC, eSIM, Wi-Fi",True,True,False,"Tensor G5, Octa Core, 3.78 GHz Processor",Tensor G5,Octa Core,3.78,"12 GB RAM, 256 GB inbuilt",12.0,256.0,4970 mAh Battery with 30W Fast Charging,4970,30.0,True,"6.3 inches, 1080 x 2424 px, 120 Hz Display with Punch Hole",6.3,1080,2424,120.0,Punch Hole,48 MP + 13 MP + 10.8 MP Triple Rear & 10.5 MP Front Camera,48 MP + 13 MP + 10.8 MP Triple Rear ,3.0,48,13,10.8,,,, 10.5 MP Front Camera,1,10.5,,,,,,Android v16,Android,8.0,Tensor,Google
116,realme,Realme 12X (6GB RAM +128GB),12499,55.0,"Dual Sim, 5G, VoLTE, Wi-Fi",True,False,False,"Dimensity 6100 Plus, Octa Core, 2.2 GHz Processor",Dimensity 6100 Plus,Octa Core,2.2,"6 GB RAM, 128 GB inbuilt",6.0,128.0,5000 mAh Battery with 45W Fast Charging,5000,45.0,True,"6.72 inches, 1080 x 2400 px, 120 Hz Display with Punch Hole",6.72,1080,2400,120.0,Punch Hole,50 MP + 2 MP Dual Rear & 8 MP Front Camera,50 MP + 2 MP Dual Rear ,2.0,50,2,,,,, 8 MP Front Camera,1,8,,Yes,Dedicated,2048.0,"Memory Card Supported, upto 2 TB",Android v14,Android,8.0,Dimensity,MediaTek
117,poco,Poco X8 5G,29999,66.0,"Dual Sim, 5G, VoLTE, Vo5G, NFC, Wi-Fi, IR Blaster",True,True,True,"Snapdragon 6s Gen4, Octa Core, 2.4 GHz Processor",Snapdragon 6s Gen4,Octa Core,2.4,"6 GB RAM, 128 GB inbuilt",6.0,128.0,9000 mAh Battery with 67W Fast Charging,9000,67.0,True,"6.83 inches, 1280 x 2772 px, 120 Hz Display with Punch Hole",6.83,1280,2772,120.0,Punch Hole,50 MP + 2 MP Dual Rear & 16 MP Front Camera,50 MP + 2 MP Dual Rear ,2.0,50,2,,,,, 16 MP Front Camera,1,16,,,,,,Android v16,Android,8.0,Snapdragon,Qualcomm
118,samsung,Samsung Galaxy F16 5G (8GB RAM + 128GB),15499,55.0,"Dual Sim, 5G, VoLTE, NFC, Wi-Fi",True,True,False,"Dimensity 6300, Octa Core, 2.4 GHz Processor",Dimensity 6300,Octa Core,2.4,"8 GB RAM, 128 GB inbuilt",8.0,128.0,5000 mAh Battery with 25W Fast Charging,5000,25.0,True,"6.7 inches, 1080 x 2340 px, 90 Hz Display with Punch Hole",6.7,1080,2340,90.0,Punch Hole,50 MP + 5 MP + 2 MP Triple Rear & 13 MP Front Camera,50 MP + 5 MP + 2 MP Triple Rear ,3.0,50,5,2,,,, 13 MP Front Camera,1,13,,Yes,Hybrid,1536.0,"Memory Card (Hybrid), upto 1.5 TB",Android v15,Android,8.0,Dimensity,MediaTek
119,samsung,Samsung Galaxy A07 5G,16800,57.0,"Dual Sim, 5G, VoLTE, Wi-Fi",True,False,False,"Dimensity 6300, Octa Core, 2.4 GHz Processor",Dimensity 6300,Octa Core,2.4,"4 GB RAM, 128 GB inbuilt",4.0,128.0,6000 mAh Battery with 25W Fast Charging,6000,25.0,True,"6.74 inches, 720 x 1600 px, 120 Hz Display with Water Drop Notch",6.74,720,1600,120.0,Water Drop Notch,50 MP + 2 MP Dual Rear & 8 MP Front Camera,50 MP + 2 MP Dual Rear ,2.0,50,2,,,,, 8 MP Front Camera,1,8,,Yes,Dedicated,2048.0,"Memory Card Supported, upto 2 TB",Android v16,Android,8.0,Dimensity,MediaTek
120,moto,Moto G57 Power,20999,57.0,"Dual Sim, 5G, eSIM, Wi-Fi",True,False,False,"Snapdragon 6s Gen4, Octa Core, 2.4 GHz Processor",Snapdragon 6s Gen4,Octa Core,2.4,"8 GB RAM, 128 GB inbuilt",8.0,128.0,7000 mAh Battery with 33W Fast Charging,7000,33.0,True,"6.72 inches, 1080 x 2400 px, 120 Hz Display with Punch Hole",6.72,1080,2400,120.0,Punch Hole,50 MP + 8 MP Dual Rear & 8 MP Front Camera,50 MP + 8 MP Dual Rear ,2.0,50,8,,,,, 8 MP Front Camera,1,8,,,,,,Android v16,Android,8.0,Snapdragon,Qualcomm
121,nothing,Nothing Phone 4a,35799,71.0,"Dual Sim, 5G, VoLTE, Wi-Fi",True,False,False,"Snapdragon 7s Gen4, Octa Core, 2.7 GHz Processor",Snapdragon 7s Gen4,Octa Core,2.7,"8 GB RAM, 128 GB inbuilt",8.0,128.0,5400 mAh Battery with 50W Fast Charging,5400,50.0,True,"6.78 inches, 1224 x 2720 px, 120 Hz Display with Punch Hole",6.78,1224,2720,120.0,Punch Hole,50 MP + 50 MP + 8 MP Triple Rear & 32 MP Front Camera,50 MP + 50 MP + 8 MP Triple Rear ,3.0,50,50,8,,,, 32 MP Front Camera,1,32,,,,,,Android v16,Android,8.0,Snapdragon,Qualcomm
122,realme,Realme P4 Power 5G,30499,72.0,"Dual Sim, 5G, VoLTE, Wi-Fi, IR Blaster",True,False,True,"Dimensity 7400 Ultra, Octa Core, 2.6 GHz Processor",Dimensity 7400 Ultra,Octa Core,2.6,"8 GB RAM, 128 GB inbuilt",8.0,128.0,10001 mAh Battery with 80W Fast Charging,10001,80.0,True,"6.8 inches, 1280 x 2800 px, 144 Hz Display with Punch Hole",6.8,1280,2800,144.0,Punch Hole,50 MP + 8 MP Dual Rear & 16 MP Front Camera,50 MP + 8 MP Dual Rear ,2.0,50,8,,,,, 16 MP Front Camera,1,16,,No,Not Supported,,Memory Card Not Supported,Android v16,Android,8.0,Dimensity,MediaTek
123,oneplus,OnePlus Nord 4 5G (8GB RAM + 256GB),29999,70.0,"Dual Sim, 5G, VoLTE, NFC, Wi-Fi, IR Blaster",True,True,True,"Snapdragon 7+ Gen3, Octa Core, 2.8 GHz Processor",Snapdragon 7+ Gen3,Octa Core,2.8,"8 GB RAM, 256 GB inbuilt",8.0,256.0,5500 mAh Battery with 100W Fast Charging,5500,100.0,True,"6.74 inches, 1240 x 2772 px, 120 Hz Display with Punch Hole",6.74,1240,2772,120.0,Punch Hole,50 MP + 8 MP Dual Rear & 16 MP Front Camera,50 MP + 8 MP Dual Rear ,2.0,50,8,,,,, 16 MP Front Camera,1,16,,,,,,Android v14,Android,8.0,Snapdragon,Qualcomm
124,oneplus,OnePlus Nord CE 5 5G,34800,71.0,"Dual Sim, 5G, VoLTE, Wi-Fi, IR Blaster",True,False,True,"Dimensity 8350 Apex, Octa Core, 3.35 GHz Processor",Dimensity 8350 Apex,Octa Core,3.35,"8 GB RAM, 128 GB inbuilt",8.0,128.0,7100 mAh Battery with 80W Fast Charging,7100,80.0,True,"6.77 inches, 1080 x 2392 px, 120 Hz Display with Punch Hole",6.77,1080,2392,120.0,Punch Hole,50 MP + 8 MP Dual Rear & 16 MP Front Camera,50 MP + 8 MP Dual Rear ,2.0,50,8,,,,, 16 MP Front Camera,1,16,,Yes,Hybrid,1024.0,"Memory Card (Hybrid), upto 1 TB",Android v15,Android,8.0,Dimensity,MediaTek
125,motorola,Motorola Edge 70 Fusion 5G (8GB RAM + 256 GB),34399,71.0,"Dual Sim, 5G, VoLTE, Vo5G, NFC, Wi-Fi",True,True,False,"Snapdragon 7s Gen4, Octa Core, 2.7 GHz Processor",Snapdragon 7s Gen4,Octa Core,2.7,"8 GB RAM, 256 GB inbuilt",8.0,256.0,7000 mAh Battery with 68W Fast Charging,7000,68.0,True,"6.8 inches, 1272 x 2772 px, 144 Hz Display with Punch Hole",6.8,1272,2772,144.0,Punch Hole,50 MP + 13 MP + Dedicated 3-in-1 light sensor Triple Rear & 32 MP Front Camera,50 MP + 13 MP + Dedicated 3-in-1 light sensor Triple Rear ,3.0,50,13,,,,Dedicated 3-in-1 light sensor, 32 MP Front Camera,1,32,,,,,,Android v16,Android,8.0,Snapdragon,Qualcomm
126,vivo,Vivo T4 5G (12GB RAM + 256GB),28999,68.0,"Dual Sim, 5G, VoLTE, Wi-Fi, IR Blaster",True,False,True,"Snapdragon 7s Gen3, Octa Core, 2.5 GHz Processor",Snapdragon 7s Gen3,Octa Core,2.5,"12 GB RAM, 256 GB inbuilt",12.0,256.0,7300 mAh Battery with 90W Fast Charging,7300,90.0,True,"6.77 inches, 1080 x 2392 px, 120 Hz Display with Punch Hole",6.77,1080,2392,120.0,Punch Hole,50 MP + 2 MP Dual Rear & 32 MP Front Camera,50 MP + 2 MP Dual Rear ,2.0,50,2,,,,, 32 MP Front Camera,1,32,,No,Not Supported,,Memory Card Not Supported,Android v15,Android,8.0,Snapdragon,Qualcomm
127,oppo,OPPO A6x 5G,18999,50.0,"Dual Sim, 5G, VoLTE, Wi-Fi",True,False,False,"Dimensity 6300, Octa Core, 2.4 GHz Processor",Dimensity 6300,Octa Core,2.4,"4 GB RAM, 64 GB inbuilt",4.0,64.0,6500 mAh Battery with 45W Fast Charging,6500,45.0,True,"6.75 inches, 720 x 1570 px, 120 Hz Display with Punch Hole",6.75,720,1570,120.0,Punch Hole,13 MP Rear & 5 MP Front Camera,13 MP Rear ,1.0,13,,,,,, 5 MP Front Camera,1,5,,Yes,Hybrid,,Memory Card (Hybrid),Android v15,Android,8.0,Dimensity,MediaTek
128,samsung,Samsung Galaxy S25 Edge,60800,,"Dual Sim, 5G, VoLTE, Vo5G, NFC, eSIM, Wi-Fi",True,True,False,"Snapdragon 8 Elite, Octa Core, 4.47 GHz Processor",Snapdragon 8 Elite,Octa Core,4.47,"12 GB RAM, 256 GB inbuilt",12.0,256.0,3900 mAh Battery with 25W Fast Charging,3900,25.0,True,"6.7 inches, 1440 x 3120 px, 120 Hz Display with Punch Hole",6.7,1440,3120,120.0,Punch Hole,200 MP + 12 MP Dual Rear & 12 MP Front Camera,200 MP + 12 MP Dual Rear ,2.0,200,12,,,,, 12 MP Front Camera,1,12,,,,,,Android v15,Android,8.0,Snapdragon,Qualcomm
129,oneplus,OnePlus 13s 5G,54999,,"Dual Sim, 5G, VoLTE, Vo5G, NFC, Wi-Fi, IR Blaster",True,True,True,"Snapdragon 8 Elite, Octa Core, 4.32 GHz Processor",Snapdragon 8 Elite,Octa Core,4.32,"12 GB RAM, 256 GB inbuilt",12.0,256.0,5850 mAh Battery with 80W Fast Charging,5850,80.0,True,"6.32 inches, 1216 x 2640 px, 120 Hz Display with Punch Hole",6.32,1216,2640,120.0,Punch Hole,50 MP + 50 MP Dual Rear & 32 MP Front Camera,50 MP + 50 MP Dual Rear ,2.0,50,50,,,,, 32 MP Front Camera,1,32,,No,Not Supported,,Memory Card Not Supported,Android v15,Android,8.0,Snapdragon,Qualcomm
130,boltt,Boltt Ace 5G,13999,53.0,"Dual Sim, 5G, VoLTE, Wi-Fi",True,False,False,"Unisoc T8200, Octa Core, 2.3 GHz Processor",Unisoc T8200,Octa Core,2.3,"4 GB RAM, 64 GB inbuilt",4.0,64.0,6000 mAh Battery with 18W Fast Charging,6000,18.0,True,"6.79 inches, 720 x 1640 px, 120 Hz Display with Punch Hole",6.79,720,1640,120.0,Punch Hole,64 MP Dual Rear & 8 MP Front Camera,64 MP Dual Rear ,2.0,64,,,,,, 8 MP Front Camera,1,8,,Yes,Hybrid,1024.0,"Memory Card (Hybrid), upto 1 TB",Android v16,Android,8.0,Unisoc,Unisoc
131,google,Google Pixel 10A,52260,76.0,"Dual Sim, 5G, VoLTE, NFC, eSIM, Wi-Fi",True,True,False,"Tensor G4, Octa Core, 3.1 GHz Processor",Tensor G4,Octa Core,3.1,"8 GB RAM, 256 GB inbuilt",8.0,256.0,5100 mAh Battery with 30W Fast Charging,5100,30.0,True,"6.3 inches, 1080 x 2424 px, 120 Hz Display with Punch Hole",6.3,1080,2424,120.0,Punch Hole,48 MP + 13 MP Dual Rear & 13 MP Front Camera,48 MP + 13 MP Dual Rear ,2.0,48,13,,,,, 13 MP Front Camera,1,13,,No,Not Supported,,Memory Card Not Supported,Android v16,Android,8.0,Tensor,Google
132,nothing,Nothing Phone 3 (16GB RAM + 512GB),89999,,"Dual Sim, 5G, VoLTE, NFC, eSIM, Wi-Fi",True,True,False,"Snapdragon 8s Gen4, Octa Core, 3.2 GHz Processor",Snapdragon 8s Gen4,Octa Core,3.2,"16 GB RAM, 512 GB inbuilt",16.0,512.0,5500 mAh Battery with 65W Fast Charging,5500,65.0,True,"6.67 inches, 1260 x 2800 px, 120 Hz Display with Punch Hole",6.67,1260,2800,120.0,Punch Hole,50 MP + 50 MP + 50 MP Triple Rear & 50 MP Front Camera,50 MP + 50 MP + 50 MP Triple Rear ,3.0,50,50,50,,,, 50 MP Front Camera,1,50,,,,,,Android v15,Android,8.0,Snapdragon,Qualcomm
133,motorola,Motorola Edge 50 5G,22990,70.0,"Dual Sim, 5G, VoLTE, Vo5G, NFC, Wi-Fi",True,True,False,"Snapdragon 7 Gen1 AE, Octa Core, 2.5 GHz Processor",Snapdragon 7 Gen1 AE,Octa Core,2.5,"8 GB RAM, 256 GB inbuilt",8.0,256.0,5000 mAh Battery with 68W Fast Charging,5000,68.0,True,"6.67 inches, 1220 x 2712 px, 120 Hz Display",6.67,1220,2712,120.0,,50 MP + 13 MP + 10 MP Triple Rear & 32 MP Front Camera,50 MP + 13 MP + 10 MP Triple Rear ,3.0,50,13,10,,,, 32 MP Front Camera,1,32,,,,,,Android v14,Android,8.0,Snapdragon,Qualcomm
134,iqoo,iQOO Z11xA 5G,28999,64.0,"Dual Sim, 5G, VoLTE, Wi-Fi",True,False,False,"Dimensity 7400 Turbo, Octa Core, 2.6 GHz Processor",Dimensity 7400 Turbo,Octa Core,2.6,"8 GB RAM, 128 GB inbuilt",8.0,128.0,7200 mAh Battery with 44W Fast Charging,7200,44.0,True,"6.76 inches, 1080 x 2344 px, 120 Hz Display with Punch Hole",6.76,1080,2344,120.0,Punch Hole,50 MP + 2 MP Dual Rear & 32 MP Front Camera,50 MP + 2 MP Dual Rear ,2.0,50,2,,,,, 32 MP Front Camera,1,32,,,,,,Android v16,Android,8.0,Dimensity,MediaTek
135,poco,Poco X8 Power (8GB RAM + 256GB),38999,77.0,"Dual Sim, 5G, VoLTE, Vo5G, NFC, Wi-Fi, IR Blaster",True,True,True,"Snapdragon 6 Gen5, Octa Core, 2.4 GHz Processor",Snapdragon 6 Gen5,Octa Core,2.4,"8 GB RAM, 256 GB inbuilt",8.0,256.0,10000 mAh Battery with 100W Fast Charging,10000,100.0,True,"6.83 inches, 1280 x 2772 px, 120 Hz Display with Punch Hole",6.83,1280,2772,120.0,Punch Hole,50 MP + 8 MP Dual Rear & 32 MP Front Camera,50 MP + 8 MP Dual Rear ,2.0,50,8,,,,, 32 MP Front Camera,1,32,,,,,,Android v16,Android,8.0,Snapdragon,Qualcomm
136,iqoo,iQOO Neo 10 (8GB RAM + 256GB),43999,,"Dual Sim, 5G, VoLTE, NFC, Wi-Fi, IR Blaster",True,True,True,"Snapdragon 8s Gen4, Octa Core, 3.2 GHz Processor",Snapdragon 8s Gen4,Octa Core,3.2,"8 GB RAM, 256 GB inbuilt",8.0,256.0,7000 mAh Battery with 120W Fast Charging,7000,120.0,True,"6.78 inches, 1260 x 2800 px, 144 Hz Display with Punch Hole",6.78,1260,2800,144.0,Punch Hole,50 MP + 8 MP Dual Rear & 32 MP Front Camera,50 MP + 8 MP Dual Rear ,2.0,50,8,,,,, 32 MP Front Camera,1,32,,,,,,Android v15,Android,8.0,Snapdragon,Qualcomm
137,apple,Apple iPhone 16 Pro Max,134900,,"Dual Sim, 5G, VoLTE, NFC, eSIM, Wi-Fi",True,True,False,"Bionic A18 Pro, Hexa Core, 4.05 GHz Processor",Bionic A18 Pro,Hexa Core,4.05,"8 GB RAM, 256 GB inbuilt",8.0,256.0,4685 mAh Battery with Fast Charging,4685,,True,"6.9 inches, 1320 x 2868 px, 120 Hz Display with Dynamic Island",6.9,1320,2868,120.0,Dynamic Island,48 MP + 48 MP + 12 MP Triple Rear & 12 MP Front Camera,48 MP + 48 MP + 12 MP Triple Rear ,3.0,48,48,12,,,, 12 MP Front Camera,1,12,,No,Not Supported,,Memory Card Not Supported,iOS v18,iOS,6.0,Bionic,Apple
138,samsung,Samsung Galaxy S24 Ultra,103999,,"Dual Sim, 5G, VoLTE, Vo5G, NFC, eSIM, Wi-Fi",True,True,False,"Snapdragon 8 Gen3, Octa Core, 3.3 GHz Processor",Snapdragon 8 Gen3,Octa Core,3.3,"12 GB RAM, 256 GB inbuilt",12.0,256.0,5000 mAh Battery with 45W Fast Charging,5000,45.0,True,"6.8 inches, 1440 x 3120 px, 120 Hz Display with Punch Hole",6.8,1440,3120,120.0,Punch Hole,200 MP Quad Rear & 12 MP Front Camera,200 MP Quad Rear ,4.0,200,,,,,, 12 MP Front Camera,1,12,,No,Not Supported,,Memory Card Not Supported,Android v14,Android,8.0,Snapdragon,Qualcomm
139,vivo,Vivo X300 (12GB RAM + 512GB),81999,,"Dual Sim, 5G, VoLTE, NFC, eSIM, Wi-Fi, IR Blaster",True,True,True,"Dimensity 9500, Octa Core, 4.21 GHz Processor",Dimensity 9500,Octa Core,4.21,"12 GB RAM, 512 GB inbuilt",12.0,512.0,6040 mAh Battery with 90W Fast Charging,6040,90.0,True,"6.31 inches, 1216 x 2640 px, 120 Hz Display with Punch Hole",6.31,1216,2640,120.0,Punch Hole,200 MP + 50 MP + 50 MP Triple Rear & 50 MP Front Camera,200 MP + 50 MP + 50 MP Triple Rear ,3.0,200,50,50,,,, 50 MP Front Camera,1,50,,No,Not Supported,,Memory Card Not Supported,Android v16,Android,8.0,Dimensity,MediaTek
140,xiaomi,Xiaomi Redmi Note 15 Pro Plus,39999,79.0,"Dual Sim, 5G, VoLTE, NFC, eSIM, Wi-Fi, IR Blaster",True,True,True,"Snapdragon 7s Gen4, Octa Core, 2.7 GHz Processor",Snapdragon 7s Gen4,Octa Core,2.7,"8 GB RAM, 256 GB inbuilt",8.0,256.0,6500 mAh Battery with 100W Fast Charging,6500,100.0,True,"6.83 inches, 1280 x 2772 px, 120 Hz Display with Punch Hole",6.83,1280,2772,120.0,Punch Hole,200 MP + 8 MP Dual Rear & 32 MP Front Camera,200 MP + 8 MP Dual Rear ,2.0,200,8,,,,, 32 MP Front Camera,1,32,,No,Not Supported,,Memory Card Not Supported,Android v15,Android,8.0,Snapdragon,Qualcomm
141,lava,Lava Virat V1 Pro 5G,15999,52.0,"Dual Sim, 5G, VoLTE, Wi-Fi",True,False,False,"Unisoc T8200, Octa Core, 2.6 GHz Processor",Unisoc T8200,Octa Core,2.6,"6 GB RAM, 128 GB inbuilt",6.0,128.0,6000 mAh Battery with 18W Fast Charging,6000,18.0,True,"6.75 inches, 720 x 1600 px, 120 Hz Display with Water Drop Notch",6.75,720,1600,120.0,Water Drop Notch,50 MP Dual Rear & 8 MP Front Camera,50 MP Dual Rear ,2.0,50,,,,,, 8 MP Front Camera,1,8,,Yes,Hybrid,1024.0,"Memory Card (Hybrid), upto 1 TB",Android v16,Android,8.0,Unisoc,Unisoc
142,xiaomi,Xiaomi Redmi Turbo 5,41999,76.0,"Dual Sim, 5G, VoLTE, NFC, Wi-Fi, IR Blaster",True,True,True,"Dimensity 8500 Ultra, Octa Core, 3.4 GHz Processor",Dimensity 8500 Ultra,Octa Core,3.4,"8 GB RAM, 256 GB inbuilt",8.0,256.0,7540 mAh Battery with 100W Fast Charging,7540,100.0,True,"6.59 inches, 1268 x 2756 px, 120 Hz Display with Punch Hole",6.59,1268,2756,120.0,Punch Hole,50 MP + 8 MP Dual Rear & 20 MP Front Camera,50 MP + 8 MP Dual Rear ,2.0,50,8,,,,, 20 MP Front Camera,1,20,,,,,,Android v16,Android,8.0,Dimensity,MediaTek
143,vivo,Vivo Y11 5G,17999,,"Dual Sim, 5G, VoLTE, Wi-Fi, IR Blaster",True,False,True,"Dimensity 6300, Octa Core, 2.4 GHz Processor",Dimensity 6300,Octa Core,2.4,"4 GB RAM, 64 GB inbuilt",4.0,64.0,6500 mAh Battery with 15W Fast Charging,6500,15.0,True,"6.74 inches, 720 x 1600 px, 120 Hz Display with Water Drop Notch",6.74,720,1600,120.0,Water Drop Notch,13 MP + 0.08 MP Dual Rear & 5 MP Front Camera,13 MP + 0.08 MP Dual Rear ,2.0,13,0.08,,,,, 5 MP Front Camera,1,5,,Yes,Hybrid,2048.0,"Memory Card (Hybrid), upto 2 TB",Android v16,Android,8.0,Dimensity,MediaTek
144,nothing,Nothing Phone (4a) Pro,45950,75.0,"Dual Sim, 5G, VoLTE, NFC, Wi-Fi",True,True,False,"Snapdragon 7 Gen 4, Octa Core, 2.8 GHz Processor",Snapdragon 7 Gen 4,Octa Core,2.8,"8 GB RAM, 128 GB inbuilt",8.0,128.0,5400 mAh Battery with 50W Fast Charging,5400,50.0,True,"6.83 inches, 1260 x 2800 px, 144 Hz Display with Punch Hole",6.83,1260,2800,144.0,Punch Hole,50 MP + 50 MP + 8 MP Triple Rear & 32 MP Front Camera,50 MP + 50 MP + 8 MP Triple Rear ,3.0,50,50,8,,,, 32 MP Front Camera,1,32,,No,Not Supported,,Memory Card Not Supported,Android v16,Android,8.0,Snapdragon,Qualcomm
145,xiaomi,Xiaomi Redmi 17 5G (8GB RAM + 128GB),26999,62.0,"Dual Sim, 5G, VoLTE, NFC, Wi-Fi, IR Blaster",True,True,True,"Snapdragon 4 Gen5, Octa Core, 2.4 GHz Processor",Snapdragon 4 Gen5,Octa Core,2.4,"8 GB RAM, 128 GB inbuilt",8.0,128.0,7900 mAh Battery with 45W Fast Charging,7900,45.0,True,"6.9 inches, 720 x 1600 px, 120 Hz Display with Punch Hole",6.9,720,1600,120.0,Punch Hole,50 MP + Auxiliary lens Dual Rear & 8 MP Front Camera,50 MP + Auxiliary lens Dual Rear ,2.0,50,,,,,Auxiliary lens, 8 MP Front Camera,1,8,,Yes,Hybrid,2048.0,"Memory Card (Hybrid), upto 2 TB",Android v16,Android,8.0,Snapdragon,Qualcomm
146,oppo,OPPO K14x 5G,18999,54.0,"Dual Sim, 5G, VoLTE, Wi-Fi",True,False,False,"Dimensity 6300, Octa Core, 2.4 GHz Processor",Dimensity 6300,Octa Core,2.4,"4 GB RAM, 128 GB inbuilt",4.0,128.0,6500 mAh Battery with 45W Fast Charging,6500,45.0,True,"6.75 inches, 720 x 1570 px, 120 Hz Display with Punch Hole",6.75,720,1570,120.0,Punch Hole,50 MP + 2 MP Dual Rear & 5 MP Front Camera,50 MP + 2 MP Dual Rear ,2.0,50,2,,,,, 5 MP Front Camera,1,5,,Yes,Hybrid,,Memory Card (Hybrid),Android v15,Android,8.0,Dimensity,MediaTek
147,apple,Apple iPhone 15 Plus,69900,67.0,"Dual Sim, 5G, VoLTE, NFC, eSIM, Wi-Fi",True,True,False,"Bionic A16, Hexa Core, 3.46 GHz Processor",Bionic A16,Hexa Core,3.46,"6 GB RAM, 128 GB inbuilt",6.0,128.0,4383 mAh Battery with Fast Charging,4383,,True,"6.7 inches, 1290 x 2796 px Display with Dynamic Island",6.7,1290,2796,,Dynamic Island,48 MP + 12 MP Dual Rear & 12 MP Front Camera,48 MP + 12 MP Dual Rear ,2.0,48,12,,,,, 12 MP Front Camera,1,12,,No,Not Supported,,Memory Card Not Supported,iOS v17,iOS,6.0,Bionic,Apple
148,oppo,OPPO K14,23999,62.0,"Dual Sim, 5G, VoLTE, NFC, Wi-Fi, IR Blaster",True,True,True,"Dimensity 6300, Octa Core, 2.4 GHz Processor",Dimensity 6300,Octa Core,2.4,"6 GB RAM, 128 GB inbuilt",6.0,128.0,7000 mAh Battery with 45W Fast Charging,7000,45.0,True,"6.75 inches, 720 x 1570 px, 120 Hz Display with Punch Hole",6.75,720,1570,120.0,Punch Hole,50 MP + 2 MP Dual Rear & 8 MP Front Camera,50 MP + 2 MP Dual Rear ,2.0,50,2,,,,, 8 MP Front Camera,1,8,,Yes,Hybrid,,Memory Card (Hybrid),Android v15,Android,8.0,Dimensity,MediaTek
149,boltt,Boltt Evo,10999,,"Dual Sim, 4G, VoLTE, Wi-Fi",False,False,False,"Unisoc T7250, Octa Core, 1.8 GHz Processor",Unisoc T7250,Octa Core,1.8,"4 GB RAM, 64 GB inbuilt",4.0,64.0,6000 mAh Battery with 18W Fast Charging,6000,18.0,True,"6.79 inches, 720 x 1640 px, 120 Hz Display with Punch Hole",6.79,720,1640,120.0,Punch Hole,50 MP + 2 MP Dual Rear & 8 MP Front Camera,50 MP + 2 MP Dual Rear ,2.0,50,2,,,,, 8 MP Front Camera,1,8,,Yes,Hybrid,1024.0,"Memory Card (Hybrid), upto 1 TB",Android v16,Android,8.0,Unisoc,Unisoc
150,oneplus,OnePlus 15R 5G,59999,,"Dual Sim, 5G, VoLTE, Vo5G, NFC, Wi-Fi, IR Blaster",True,True,True,"Snapdragon 8 Gen5, Octa Core, 3.84 GHz Processor",Snapdragon 8 Gen5,Octa Core,3.84,"12 GB RAM, 256 GB inbuilt",12.0,256.0,7400 mAh Battery with 80W Fast Charging,7400,80.0,True,"6.83 inches, 1272 x 2800 px, 165 Hz Display with Punch Hole",6.83,1272,2800,165.0,Punch Hole,50 MP + 8 MP Dual Rear & 32 MP Front Camera,50 MP + 8 MP Dual Rear ,2.0,50,8,,,,, 32 MP Front Camera,1,32,,No,Not Supported,,Memory Card Not Supported,Android v16,Android,8.0,Snapdragon,Qualcomm
151,motorola,Motorola Edge 70 Pro Plus 5G,48990,,"Dual Sim, 5G, VoLTE, Vo5G, NFC, Wi-Fi",True,True,False,"Dimensity 8500 Extreme, Octa Core, 3.4 GHz Processor",Dimensity 8500 Extreme,Octa Core,3.4,"12 GB RAM, 256 GB inbuilt",12.0,256.0,6500 mAh Battery with 90W Fast Charging,6500,90.0,True,"6.78 inches, 1272 x 2772 px, 144 Hz Display with Punch Hole",6.78,1272,2772,144.0,Punch Hole,50 MP + 50 MP + 50 MP Triple Rear & 50 MP Front Camera,50 MP + 50 MP + 50 MP Triple Rear ,3.0,50,50,50,,,, 50 MP Front Camera,1,50,,,,,,Android v16,Android,8.0,Dimensity,MediaTek
152,realme,Realme P3 Pro 5G,20999,63.0,"Dual Sim, 5G, VoLTE, Wi-Fi",True,False,False,"Snapdragon 7s Gen3, Octa Core, 2.5 GHz Processor",Snapdragon 7s Gen3,Octa Core,2.5,"8 GB RAM, 128 GB inbuilt",8.0,128.0,6000 mAh Battery with 80W Fast Charging,6000,80.0,True,"6.83 inches, 1272 x 2800 px, 120 Hz Display with Punch Hole",6.83,1272,2800,120.0,Punch Hole,50 MP + 2 MP Dual Rear & 16 MP Front Camera,50 MP + 2 MP Dual Rear ,2.0,50,2,,,,, 16 MP Front Camera,1,16,,,,,,Android v15,Android,8.0,Snapdragon,Qualcomm
153,oppo,Oppo K13 Turbo Pro,29999,71.0,"Dual Sim, 5G, VoLTE, Wi-Fi, IR Blaster",True,False,True,"Snapdragon 8s Gen4, Octa Core, 3.2 GHz Processor",Snapdragon 8s Gen4,Octa Core,3.2,"8 GB RAM, 256 GB inbuilt",8.0,256.0,7000 mAh Battery with 80W Fast Charging,7000,80.0,True,"6.8 inches, 1280 x 2800 px, 120 Hz Display with Punch Hole",6.8,1280,2800,120.0,Punch Hole,50 MP + 2 MP Dual Rear & 16 MP Front Camera,50 MP + 2 MP Dual Rear ,2.0,50,2,,,,, 16 MP Front Camera,1,16,,No,Not Supported,,Memory Card Not Supported,Android v15,Android,8.0,Snapdragon,Qualcomm
154,realme,Realme P3 Ultra (8GB RAM + 256GB),28999,67.0,"Dual Sim, 5G, VoLTE, Wi-Fi, IR Blaster",True,False,True,"Dimensity 8350 Ultra, Octa Core, 3.35 GHz Processor",Dimensity 8350 Ultra,Octa Core,3.35,"8 GB RAM, 256 GB inbuilt",8.0,256.0,6000 mAh Battery with 80W Fast Charging,6000,80.0,True,"6.83 inches, 1272 x 2800 px, 120 Hz Display with Punch Hole",6.83,1272,2800,120.0,Punch Hole,50 MP + 8 MP Dual Rear & 16 MP Front Camera,50 MP + 8 MP Dual Rear ,2.0,50,8,,,,, 16 MP Front Camera,1,16,,No,Not Supported,,Memory Card Not Supported,Android v15,Android,8.0,Dimensity,MediaTek
155,apple,Apple iPhone Duo (1TB),374900,,"Dual Sim, 5G, VoLTE, NFC, eSIM, Wi-Fi",True,True,False,"Apple A20 Pro, Hexa Core Processor",Apple A20 Pro,Hexa Core,,"12 GB RAM, 1 TB inbuilt",12.0,1.0,5800 mAh Battery with Fast Charging,5800,,True,"7.6 inches, 1878 x 2670 px, 120 Hz Display",7.6,1878,2670,120.0,,48 MP + 48 MP Dual Rear & 12 MP + Under-display FaceTime Camera Dual Front Camera,48 MP + 48 MP Dual Rear ,2.0,48,48,,,,, 12 MP + Under-display FaceTime Camera Dual Front Camera,2,12,Under-display FaceTime Camera Dual Front Camera,No,Not Supported,,Memory Card Not Supported,,iOS,6.0,Apple,Apple
156,vivo,Vivo X200T,59999,,"Dual Sim, 5G, VoLTE, NFC, eSIM, Wi-Fi, IR Blaster",True,True,True,"Dimensity 9400 Plus, Octa Core, 3.63 GHz Processor",Dimensity 9400 Plus,Octa Core,3.63,"12 GB RAM, 256 GB inbuilt",12.0,256.0,6200 mAh Battery with 90W Fast Charging,6200,90.0,True,"6.67 inches, 1260 x 2800 px, 120 Hz Display with Punch Hole",6.67,1260,2800,120.0,Punch Hole,50 MP + 50 MP + 50 MP Triple Rear & 32 MP Front Camera,50 MP + 50 MP + 50 MP Triple Rear ,3.0,50,50,50,,,, 32 MP Front Camera,1,32,,No,Not Supported,,Memory Card Not Supported,Android v16,Android,8.0,Dimensity,MediaTek
157,poco,Poco M7 Plus 5G (8GB RAM + 128GB),17999,59.0,"Dual Sim, 5G, VoLTE, Wi-Fi, IR Blaster",True,False,True,"Snapdragon 6s Gen3, Octa Core, 2.3 GHz Processor",Snapdragon 6s Gen3,Octa Core,2.3,"8 GB RAM, 128 GB inbuilt",8.0,128.0,7000 mAh Battery with 33W Fast Charging,7000,33.0,True,"6.9 inches, 1080 x 2340 px, 144 Hz Display with Punch Hole",6.9,1080,2340,144.0,Punch Hole,50 MP Rear & 8 MP Front Camera,50 MP Rear ,1.0,50,,,,,, 8 MP Front Camera,1,8,,Yes,Hybrid,2048.0,"Memory Card (Hybrid), upto 2 TB",Android v15,Android,8.0,Snapdragon,Qualcomm
158,nokia,Nokia 300 Charge,2599,,Dual Sim,False,False,False,Unisoc SC6531E,Unisoc SC6531E,,,"4 MB RAM, 4 MB inbuilt",4.0,4.0,3700 mAh Battery with 10W Fast Charging,3700,10.0,True,"2.4 inches, 320 x 240 px Display",2.4,320,240,,,Main Rear Camera,Main Rear Camera,1.0,,,,,,,,1,,,Yes,Dedicated,32.0,"Memory Card Supported, upto 32 GB",S30+,S30+ / Feature OS,,Unisoc,Unisoc
159,samsung,Samsung Galaxy A57 5G,56999,74.0,"Dual Sim, 5G, VoLTE, NFC, eSIM, Wi-Fi",True,True,False,"Exynos 1680, Octa Core, 2.9 GHz Processor",Exynos 1680,Octa Core,2.9,"8 GB RAM, 256 GB inbuilt",8.0,256.0,5000 mAh Battery with 45W Fast Charging,5000,45.0,True,"6.7 inches, 1080 x 2340 px, 120 Hz Display with Punch Hole",6.7,1080,2340,120.0,Punch Hole,50 MP + 12 MP + 5 MP Triple Rear & 12 MP Front Camera,50 MP + 12 MP + 5 MP Triple Rear ,3.0,50,12,5,,,, 12 MP Front Camera,1,12,,No,Not Supported,,Memory Card Not Supported,Android v16,Android,8.0,Exynos,Samsung
160,realme,Realme P4R 5G,19997,57.0,"Dual Sim, 5G, VoLTE, Wi-Fi",True,False,False,"Dimensity 6300, Octa Core, 2.4 GHz Processor",Dimensity 6300,Octa Core,2.4,"4 GB RAM, 128 GB inbuilt",4.0,128.0,8000 mAh Battery with 45W Fast Charging,8000,45.0,True,"6.81 inches, 720 x 1570 px, 144 Hz Display with Punch Hole",6.81,720,1570,144.0,Punch Hole,50 MP Rear & 8 MP Front Camera,50 MP Rear ,1.0,50,,,,,, 8 MP Front Camera,1,8,,,,,,Android v16,Android,8.0,Dimensity,MediaTek
161,realme,Realme GT 7T (12GB RAM + 512GB),37499,79.0,"Dual Sim, 5G, VoLTE, Vo5G, NFC, Wi-Fi, IR Blaster",True,True,True,"Dimensity 8400-MAX, Octa Core, 3.25 GHz Processor",Dimensity 8400-MAX,Octa Core,3.25,"12 GB RAM, 512 GB inbuilt",12.0,512.0,7000 mAh Battery with 120W Fast Charging,7000,120.0,True,"6.8 inches, 1280 x 2800 px, 120 Hz Display with Punch Hole",6.8,1280,2800,120.0,Punch Hole,50 MP + 8 MP Dual Rear & 32 MP Front Camera,50 MP + 8 MP Dual Rear ,2.0,50,8,,,,, 32 MP Front Camera,1,32,,No,Not Supported,,Memory Card Not Supported,Android v15,Android,8.0,Dimensity,MediaTek
162,oppo,OPPO Reno 15 Pro 5G,67999,,"Dual Sim, 5G, VoLTE, NFC, Wi-Fi, IR Blaster",True,True,True,"Dimensity 8450, Octa Core, 3.25 GHz Processor",Dimensity 8450,Octa Core,3.25,"12 GB RAM, 256 GB inbuilt",12.0,256.0,6500 mAh Battery with 80W Fast Charging,6500,80.0,True,"6.78 inches, 1272 x 2772 px, 120 Hz Display with Punch Hole",6.78,1272,2772,120.0,Punch Hole,200 MP + 50 MP + 50 MP Triple Rear & 50 MP Front Camera,200 MP + 50 MP + 50 MP Triple Rear ,3.0,200,50,50,,,, 50 MP Front Camera,1,50,,No,Not Supported,,Memory Card Not Supported,Android v16,Android,8.0,Dimensity,MediaTek
163,samsung,Samsung Galaxy A16 5G (6GB RAM + 128GB),15999,57.0,"Dual Sim, 5G, VoLTE, NFC, Wi-Fi",True,True,False,"Dimensity 6300, Octa Core, 2.4 GHz Processor",Dimensity 6300,Octa Core,2.4,"6 GB RAM, 128 GB inbuilt",6.0,128.0,5000 mAh Battery with 25W Fast Charging,5000,25.0,True,"6.7 inches, 1080 x 2340 px, 90 Hz Display with Water Drop Notch",6.7,1080,2340,90.0,Water Drop Notch,50 MP + 5 MP + 2 MP Triple Rear & 13 MP Front Camera,50 MP + 5 MP + 2 MP Triple Rear ,3.0,50,5,2,,,, 13 MP Front Camera,1,13,,Yes,Hybrid,1536.0,"Memory Card (Hybrid), upto 1.5 TB",Android v14,Android,8.0,Dimensity,MediaTek
164,vivo,Vivo V70 FE 5G (8GB RAM + 256GB),42850,79.0,"Dual Sim, 5G, VoLTE, NFC, Wi-Fi, IR Blaster",True,True,True,"Dimensity 7360 Turbo, Octa Core, 2.5 GHz Processor",Dimensity 7360 Turbo,Octa Core,2.5,"8 GB RAM, 256 GB inbuilt",8.0,256.0,7000 mAh Battery with 90W Fast Charging,7000,90.0,True,"6.83 inches, 1260 x 2800 px, 120 Hz Display with Punch Hole",6.83,1260,2800,120.0,Punch Hole,200 MP + 8 MP Dual Rear & 50 MP Front Camera,200 MP + 8 MP Dual Rear ,2.0,200,8,,,,, 50 MP Front Camera,1,50,,No,Not Supported,,Memory Card Not Supported,Android v16,Android,8.0,Dimensity,MediaTek
165,realme,Realme GT 8 Pro,72999,,"Dual Sim, 5G, VoLTE, NFC, Wi-Fi, IR Blaster",True,True,True,"Snapdragon 8 Elite Gen 5, Octa Core, 4.6 GHz Processor",Snapdragon 8 Elite Gen 5,Octa Core,4.6,"12 GB RAM, 256 GB inbuilt",12.0,256.0,7000 mAh Battery with 120W Fast Charging,7000,120.0,True,"6.79 inches, 1440 x 3136 px, 144 Hz Display with Punch Hole",6.79,1440,3136,144.0,Punch Hole,200 MP + 50 MP + 50 MP Triple Rear & 32 MP Front Camera,200 MP + 50 MP + 50 MP Triple Rear ,3.0,200,50,50,,,, 32 MP Front Camera,1,32,,No,Not Supported,,Memory Card Not Supported,Android v16,Android,8.0,Snapdragon,Qualcomm
166,poco,Poco M8x 5G,19876,61.0,"Dual Sim, 5G, VoLTE, Wi-Fi, IR Blaster",True,False,True,"Snapdragon 4 Gen5, Octa Core, 2.4 GHz Processor",Snapdragon 4 Gen5,Octa Core,2.4,"4 GB RAM, 128 GB inbuilt",4.0,128.0,7900 mAh Battery with 45W Fast Charging,7900,45.0,True,"6.9 inches, 720 x 1600 px, 120 Hz Display with Punch Hole",6.9,720,1600,120.0,Punch Hole,50 MP Dual Rear & 8 MP Front Camera,50 MP Dual Rear ,2.0,50,,,,,, 8 MP Front Camera,1,8,,Yes,Dedicated,1024.0,"Memory Card Supported, upto 1 TB",Android v16,Android,8.0,Snapdragon,Qualcomm
167,xiaomi,Xiaomi Redmi A7 Pro 5G,14999,54.0,"Dual Sim, 5G, VoLTE, Wi-Fi",True,False,False,"Unisoc T8300, Octa Core, 2.2 GHz Processor",Unisoc T8300,Octa Core,2.2,"4 GB RAM, 64 GB inbuilt",4.0,64.0,6300 mAh Battery with 15W Fast Charging,6300,15.0,True,"6.9 inches, 720 x 1600 px, 120 Hz Display with Water Drop Notch",6.9,720,1600,120.0,Water Drop Notch,32 MP Dual Rear & 8 MP Front Camera,32 MP Dual Rear ,2.0,32,,,,,, 8 MP Front Camera,1,8,,Yes,Hybrid,2048.0,"Memory Card (Hybrid), upto 2 TB",Android v16,Android,8.0,Unisoc,Unisoc
168,oneplus,OnePlus Nord 6 5G (12GB RAM +256GB),52999,,"Dual Sim, 5G, VoLTE, NFC, Wi-Fi, IR Blaster",True,True,True,"Snapdragon 8s Gen4, Octa Core, 3.2 GHz Processor",Snapdragon 8s Gen4,Octa Core,3.2,"12 GB RAM, 256 GB inbuilt",12.0,256.0,9000 mAh Battery with 80W Fast Charging,9000,80.0,True,"6.78 inches, 1272 x 2772 px, 165 Hz Display with Punch Hole",6.78,1272,2772,165.0,Punch Hole,50 MP + 8 MP Dual Rear & 32 MP Front Camera,50 MP + 8 MP Dual Rear ,2.0,50,8,,,,, 32 MP Front Camera,1,32,,No,Not Supported,,Memory Card Not Supported,Android v16,Android,8.0,Snapdragon,Qualcomm
169,oneplus,OnePlus Nord 5 (12GB RAM + 256GB),34999,76.0,"Dual Sim, 5G, VoLTE, NFC, Wi-Fi, IR Blaster",True,True,True,"Snapdragon 8s Gen3, Octa Core, 3 GHz Processor",Snapdragon 8s Gen3,Octa Core,3.0,"12 GB RAM, 256 GB inbuilt",12.0,256.0,6800 mAh Battery with 80W Fast Charging,6800,80.0,True,"6.83 inches, 1272 x 2800 px, 144 Hz Display with Punch Hole",6.83,1272,2800,144.0,Punch Hole,50 MP + 8 MP Dual Rear & 50 MP Front Camera,50 MP + 8 MP Dual Rear ,2.0,50,8,,,,, 50 MP Front Camera,1,50,,,,,,Android v15,Android,8.0,Snapdragon,Qualcomm
170,samsung,Samsung Galaxy A06 5G (6GB RAM + 128GB),14499,53.0,"Dual Sim, 5G, VoLTE, Wi-Fi",True,False,False,"Dimensity 6300, Octa Core, 2.4 GHz Processor",Dimensity 6300,Octa Core,2.4,"6 GB RAM, 128 GB inbuilt",6.0,128.0,5000 mAh Battery with 25W Fast Charging,5000,25.0,True,"6.7 inches, 720 x 1600 px, 90 Hz Display with Water Drop Notch",6.7,720,1600,90.0,Water Drop Notch,50 MP + 2 MP Dual Rear & 8 MP Front Camera,50 MP + 2 MP Dual Rear ,2.0,50,2,,,,, 8 MP Front Camera,1,8,,Yes,Dedicated,1024.0,"Memory Card Supported, upto 1 TB",Android v15,Android,8.0,Dimensity,MediaTek
171,samsung,Samsung Galaxy Z Fold 8 5G,174999,,"Dual Sim, 5G, VoLTE, Vo5G, NFC, eSIM, Wi-Fi",True,True,False,"Snapdragon 8 Elite Gen 5 for Galaxy, Octa Core, 4.74 GHz Processor",Snapdragon 8 Elite Gen 5 for Galaxy,Octa Core,4.74,"12 GB RAM, 256 GB inbuilt",12.0,256.0,4800 mAh Battery with 45W Fast Charging,4800,45.0,True,"7.6 inches, 1828 x 2448 px, 120 Hz Display with Punch Hole",7.6,1828,2448,120.0,Punch Hole,50 MP + 50 MP Dual Rear & 10 MP + 10 MP Dual Front Camera,50 MP + 50 MP Dual Rear ,2.0,50,50,,,,, 10 MP + 10 MP Dual Front Camera,2,10,10,,,,,Android v17,Android,8.0,Snapdragon,Qualcomm
172,poco,Poco X8 Pro 5G,39690,76.0,"Dual Sim, 5G, VoLTE, Wi-Fi, IR Blaster",True,False,True,"Dimensity 8500 Ultra, Octa Core, 3.4 GHz Processor",Dimensity 8500 Ultra,Octa Core,3.4,"8 GB RAM, 256 GB inbuilt",8.0,256.0,6500 mAh Battery with 100W Fast Charging,6500,100.0,True,"6.59 inches, 2756 x 1268 px, 120 Hz Display with Punch Hole",6.59,2756,1268,120.0,Punch Hole,50 MP + 8 MP Dual Rear & 20 MP Front Camera,50 MP + 8 MP Dual Rear ,2.0,50,8,,,,, 20 MP Front Camera,1,20,,,,,,Android v16,Android,8.0,Dimensity,MediaTek
173,xiaomi,Xiaomi Redmi Note 15 5G,28999,70.0,"Dual Sim, 5G, VoLTE, NFC, Wi-Fi, IR Blaster",True,True,True,"Snapdragon 6 Gen3, Octa Core, 2.4 GHz Processor",Snapdragon 6 Gen3,Octa Core,2.4,"8 GB RAM, 128 GB inbuilt",8.0,128.0,5520 mAh Battery with 45W Fast Charging,5520,45.0,True,"6.77 inches, 1080 x 2392 px, 120 Hz Display with Punch Hole",6.77,1080,2392,120.0,Punch Hole,108 MP + 8 MP Dual Rear & 20 MP Front Camera,108 MP + 8 MP Dual Rear ,2.0,108,8,,,,, 20 MP Front Camera,1,20,,Yes,Hybrid,1024.0,"Memory Card (Hybrid), upto 1 TB",Android v15,Android,8.0,Snapdragon,Qualcomm
174,oppo,Oppo F31 Pro 5G (12GB RAM + 256GB),29999,68.0,"Dual Sim, 5G, VoLTE, Wi-Fi",True,False,False,"Dimensity 7300 Energy, Octa Core, 2.5 GHz Processor",Dimensity 7300 Energy,Octa Core,2.5,"12 GB RAM, 256 GB inbuilt",12.0,256.0,7000 mAh Battery with 80W Fast Charging,7000,80.0,True,"6.57 inches, 1080 x 2372 px, 120 Hz Display with Punch Hole",6.57,1080,2372,120.0,Punch Hole,50 MP + 2 MP Dual Rear & 32 MP Front Camera,50 MP + 2 MP Dual Rear ,2.0,50,2,,,,, 32 MP Front Camera,1,32,,,,,,Android v15,Android,8.0,Dimensity,MediaTek
175,xiaomi,Xiaomi Redmi 15 5G,21499,61.0,"Dual Sim, 5G, VoLTE, Wi-Fi, IR Blaster",True,False,True,"Snapdragon 6s Gen3, Octa Core, 2.3 GHz Processor",Snapdragon 6s Gen3,Octa Core,2.3,"6 GB RAM, 128 GB inbuilt",6.0,128.0,7000 mAh Battery with 33W Fast Charging,7000,33.0,True,"6.9 inches, 1080 x 2340 px, 144 Hz Display with Punch Hole",6.9,1080,2340,144.0,Punch Hole,50 MP Dual Rear & 8 MP Front Camera,50 MP Dual Rear ,2.0,50,,,,,, 8 MP Front Camera,1,8,,Yes,Hybrid,1024.0,"Memory Card (Hybrid), upto 1 TB",Android v15,Android,8.0,Snapdragon,Qualcomm
176,vivo,Vivo T4R 5G (8GB RAM + 256GB),24999,66.0,"Dual Sim, 5G, VoLTE, Vo5G, Wi-Fi",True,False,False,"Dimensity 7400, Octa Core, 2.6 GHz Processor",Dimensity 7400,Octa Core,2.6,"8 GB RAM, 256 GB inbuilt",8.0,256.0,5700 mAh Battery with 44W Fast Charging,5700,44.0,True,"6.77 inches, 1080 x 2392 px, 120 Hz Display with Punch Hole",6.77,1080,2392,120.0,Punch Hole,50 MP + 2 MP Dual Rear & 32 MP Front Camera,50 MP + 2 MP Dual Rear ,2.0,50,2,,,,, 32 MP Front Camera,1,32,,No,Not Supported,,Memory Card Not Supported,Android v15,Android,8.0,Dimensity,MediaTek
177,apple,Apple iPhone 18 Pro (512GB),189900,,"Dual Sim, 5G, VoLTE, NFC, eSIM, Wi-Fi",True,True,False,"Apple A20 Pro, Hexa Core Processor",Apple A20 Pro,Hexa Core,,"12 GB RAM, 512 GB inbuilt",12.0,512.0,4056 mAh Battery with Fast Charging,4056,,True,"6.3 inches, 1206 x 2622 px, 120 Hz Display with Dynamic Island",6.3,1206,2622,120.0,Dynamic Island,48 MP + 48 MP + 48 MP Triple Rear & 18 MP Front Camera,48 MP + 48 MP + 48 MP Triple Rear ,3.0,48,48,48,,,, 18 MP Front Camera,1,18,,No,Not Supported,,Memory Card Not Supported,iOS v27,iOS,6.0,Apple,Apple
178,oneplus,OnePlus 15 5G (16GB RAM + 512GB),93999,,"Dual Sim, 5G, VoLTE, Vo5G, NFC, eSIM, Wi-Fi, IR Blaster",True,True,True,"Snapdragon 8 Elite Gen 5, Octa Core, 4.6 GHz Processor",Snapdragon 8 Elite Gen 5,Octa Core,4.6,"16 GB RAM, 512 GB inbuilt",16.0,512.0,7300 mAh Battery with 120W Fast Charging,7300,120.0,True,"6.78 inches, 1272 x 2772 px, 165 Hz Display with Punch Hole",6.78,1272,2772,165.0,Punch Hole,50 MP + 50 MP + 50 MP Triple Rear & 32 MP Front Camera,50 MP + 50 MP + 50 MP Triple Rear ,3.0,50,50,50,,,, 32 MP Front Camera,1,32,,No,Not Supported,,Memory Card Not Supported,Android v16,Android,8.0,Snapdragon,Qualcomm
179,motorola,Motorola Edge 60 Pro (12GB RAM + 256GB),35328,77.0,"Dual Sim, 5G, VoLTE, Vo5G, NFC, Wi-Fi",True,True,False,"Dimensity 8350 Extreme, Octa Core, 3.35 GHz Processor",Dimensity 8350 Extreme,Octa Core,3.35,"12 GB RAM, 256 GB inbuilt",12.0,256.0,6000 mAh Battery with 90W Fast Charging,6000,90.0,True,"6.7 inches, 1220 x 2712 px, 120 Hz Display with Punch Hole",6.7,1220,2712,120.0,Punch Hole,50 MP + 50 MP + 10 MP Triple Rear & 50 MP Front Camera,50 MP + 50 MP + 10 MP Triple Rear ,3.0,50,50,10,,,, 50 MP Front Camera,1,50,,,,,,Android v15,Android,8.0,Dimensity,MediaTek
180,google,Google Pixel 8A,37490,66.0,"Dual Sim, 5G, VoLTE, NFC, Wi-Fi",True,True,False,"Tensor G3, Nine-Cores, 3 GHz Processor",Tensor G3,Nine Core,3.0,"8 GB RAM, 128 GB inbuilt",8.0,128.0,4492 mAh Battery with Fast Charging,4492,,True,"6.1 inches, 1080 x 2400 px, 120 Hz Display with Punch Hole",6.1,1080,2400,120.0,Punch Hole,64 MP + 13 MP Dual Rear & 13 MP Front Camera,64 MP + 13 MP Dual Rear ,2.0,64,13,,,,, 13 MP Front Camera,1,13,,No,Not Supported,,Memory Card Not Supported,Android v14,Android,9.0,Tensor,Google
181,motorola,Motorola Edge 70 Pro 5G (12GB RAM + 256GB),42840,,"Dual Sim, 5G, VoLTE, Vo5G, NFC, Wi-Fi",True,True,False,"Dimensity 8500 Extreme, Octa Core, 3.4 GHz Processor",Dimensity 8500 Extreme,Octa Core,3.4,"12 GB RAM, 256 GB inbuilt",12.0,256.0,6500 mAh Battery with 90W Fast Charging,6500,90.0,True,"6.8 inches, 1272 x 2772 px, 144 Hz Display with Punch Hole",6.8,1272,2772,144.0,Punch Hole,50 MP + 50 MP Dual Rear & 50 MP Front Camera,50 MP + 50 MP Dual Rear ,2.0,50,50,,,,, 50 MP Front Camera,1,50,,,,,,Android v16,Android,8.0,Dimensity,MediaTek
182,vivo,Vivo Y31 5G,18999,58.0,"Dual Sim, 5G, VoLTE, Wi-Fi",True,False,False,"Snapdragon 4 Gen2, Octa Core, 2.2 GHz Processor",Snapdragon 4 Gen2,Octa Core,2.2,"4 GB RAM, 128 GB inbuilt",4.0,128.0,6500 mAh Battery with 44W Fast Charging,6500,44.0,True,"6.68 inches, 720 x 1608 px, 120 Hz Display with Water Drop Notch",6.68,720,1608,120.0,Water Drop Notch,50 MP Rear & 8 MP Front Camera,50 MP Rear ,1.0,50,,,,,, 8 MP Front Camera,1,8,,Yes,Hybrid,,Memory Card (Hybrid),Android v15,Android,8.0,Snapdragon,Qualcomm
183,tecno,Tecno Pova Slim 5G,20999,58.0,"Dual Sim, 5G, VoLTE, Wi-Fi, IR Blaster",True,False,True,"Dimensity 6400, Octa Core, 2.5 GHz Processor",Dimensity 6400,Octa Core,2.5,"8 GB RAM, 128 GB inbuilt",8.0,128.0,5160 mAh Battery with 45W Fast Charging,5160,45.0,True,"6.78 inches, 1224 x 2720 px, 144 Hz Display with Punch Hole",6.78,1224,2720,144.0,Punch Hole,50 MP + 2 MP Dual Rear & 13 MP Front Camera,50 MP + 2 MP Dual Rear ,2.0,50,2,,,,, 13 MP Front Camera,1,13,,,,,,Android v15,Android,8.0,Dimensity,MediaTek
184,realme,Realme P4 Pro 5G (8GB RAM + 256GB),30999,72.0,"Dual Sim, 5G, VoLTE, Wi-Fi, IR Blaster",True,False,True,"Snapdragon 7 Gen 4, Octa Core Processor",Snapdragon 7 Gen 4,Octa Core,,"8 GB RAM, 256 GB inbuilt",8.0,256.0,7000 mAh Battery with 80W Fast Charging,7000,80.0,True,"6.8 inches, 1280 x 2800 px, 144 Hz Display with Punch Hole",6.8,1280,2800,144.0,Punch Hole,50 MP + 8 MP Dual Rear & 50 MP Front Camera,50 MP + 8 MP Dual Rear ,2.0,50,8,,,,, 50 MP Front Camera,1,50,,,,,,Android v15,Android,8.0,Snapdragon,Qualcomm
185,boltt,Boltt Evo (6GB RAM + 128GB),12499,50.0,"Dual Sim, 4G, VoLTE, Wi-Fi",False,False,False,"Unisoc T7250, Octa Core, 1.8 GHz Processor",Unisoc T7250,Octa Core,1.8,"6 GB RAM, 128 GB inbuilt",6.0,128.0,6000 mAh Battery with 18W Fast Charging,6000,18.0,True,"6.79 inches, 720 x 1640 px, 120 Hz Display with Punch Hole",6.79,720,1640,120.0,Punch Hole,50 MP + 2 MP Dual Rear & 8 MP Front Camera,50 MP + 2 MP Dual Rear ,2.0,50,2,,,,, 8 MP Front Camera,1,8,,Yes,Hybrid,1024.0,"Memory Card (Hybrid), upto 1 TB",Android v16,Android,8.0,Unisoc,Unisoc
186,realme,Realme GT 7T,32999,76.0,"Dual Sim, 5G, VoLTE, Vo5G, NFC, Wi-Fi, IR Blaster",True,True,True,"Dimensity 8400-MAX, Octa Core, 3.25 GHz Processor",Dimensity 8400-MAX,Octa Core,3.25,"8 GB RAM, 256 GB inbuilt",8.0,256.0,7000 mAh Battery with 120W Fast Charging,7000,120.0,True,"6.8 inches, 1280 x 2800 px, 120 Hz Display with Punch Hole",6.8,1280,2800,120.0,Punch Hole,50 MP + 8 MP Dual Rear & 32 MP Front Camera,50 MP + 8 MP Dual Rear ,2.0,50,8,,,,, 32 MP Front Camera,1,32,,No,Not Supported,,Memory Card Not Supported,Android v15,Android,8.0,Dimensity,MediaTek
187,poco,Poco M7 5G (8GB RAM + 128GB),13499,53.0,"Dual Sim, 5G, VoLTE, Wi-Fi",True,False,False,"Snapdragon 4 Gen2, Octa Core, 2.2 GHz Processor",Snapdragon 4 Gen2,Octa Core,2.2,"8 GB RAM, 128 GB inbuilt",8.0,128.0,5160 mAh Battery with 18W Fast Charging,5160,18.0,True,"6.88 inches, 720 x 1640 px, 120 Hz Display with Water Drop Notch",6.88,720,1640,120.0,Water Drop Notch,50 MP Rear & 8 MP Front Camera,50 MP Rear ,1.0,50,,,,,, 8 MP Front Camera,1,8,,Yes,Dedicated,1024.0,"Memory Card Supported, upto 1 TB",Android v14,Android,8.0,Snapdragon,Qualcomm
188,poco,Poco X8 Pro Max,48999,,"Dual Sim, 5G, VoLTE, Wi-Fi, IR Blaster",True,False,True,"Dimensity 9500s, Octa Core, 3.73 GHz Processor",Dimensity 9500s,Octa Core,3.73,"12 GB RAM, 256 GB inbuilt",12.0,256.0,9000 mAh Battery with 100W Fast Charging,9000,100.0,True,"6.83 inches, 1280 x 2772 px, 120 Hz Display with Punch Hole",6.83,1280,2772,120.0,Punch Hole,50 MP + 8 MP Dual Rear & 20 MP Front Camera,50 MP + 8 MP Dual Rear ,2.0,50,8,,,,, 20 MP Front Camera,1,20,,,,,,Android v16,Android,8.0,Dimensity,MediaTek
189,vivo,Vivo V40 5G,34999,70.0,"Dual Sim, 5G, VoLTE, Wi-Fi",True,False,False,"Snapdragon 7 Gen3, Octa Core, 2.63 GHz Processor",Snapdragon 7 Gen3,Octa Core,2.63,"8 GB RAM, 128 GB inbuilt",8.0,128.0,5500 mAh Battery with 80W Fast Charging,5500,80.0,True,"6.78 inches, 1260 x 2800 px, 120 Hz Display with Punch Hole",6.78,1260,2800,120.0,Punch Hole,50 MP + 50 MP Dual Rear & 50 MP Front Camera,50 MP + 50 MP Dual Rear ,2.0,50,50,,,,, 50 MP Front Camera,1,50,,No,Not Supported,,Memory Card Not Supported,Android v14,Android,8.0,Snapdragon,Qualcomm
190,vivo,Vivo Y21 5G,22499,58.0,"Dual Sim, 5G, VoLTE, NFC, Wi-Fi, IR Blaster",True,True,True,"Dimensity 6300, Octa Core, 2.4 GHz Processor",Dimensity 6300,Octa Core,2.4,"4 GB RAM, 128 GB inbuilt",4.0,128.0,6500 mAh Battery with 44W Fast Charging,6500,44.0,True,"6.74 inches, 720 x 1600 px, 120 Hz Display with Water Drop Notch",6.74,720,1600,120.0,Water Drop Notch,50 MP + 0.08 MP Dual Rear & 5 MP Front Camera,50 MP + 0.08 MP Dual Rear ,2.0,50,0.08,,,,, 5 MP Front Camera,1,5,,Yes,Dedicated,,Memory Card Supported,Android v16,Android,8.0,Dimensity,MediaTek
191,apple,Apple iPhone 18 Pro Max (1TB),254900,,"Dual Sim, 5G, VoLTE, NFC, eSIM, Wi-Fi",True,True,False,"Apple A20 Pro, Hexa Core Processor",Apple A20 Pro,Hexa Core,,"12 GB RAM, 1 TB inbuilt",12.0,1.0,5391 mAh Battery with Fast Charging,5391,,True,"6.9 inches, 1320 x 2868 px, 120 Hz Display with Dynamic Island",6.9,1320,2868,120.0,Dynamic Island,48 MP + 48 MP + 48 MP Triple Rear & 18 MP Front Camera,48 MP + 48 MP + 48 MP Triple Rear ,3.0,48,48,48,,,, 18 MP Front Camera,1,18,,No,Not Supported,,Memory Card Not Supported,iOS v27,iOS,6.0,Apple,Apple
192,samsung,Samsung Galaxy Z Flip 3,41499,67.0,"Dual Sim, 5G, VoLTE, NFC, eSIM, Wi-Fi",True,True,False,"Snapdragon 888, Octa Core, 2.84 GHz Processor",Snapdragon 888,Octa Core,2.84,"8 GB RAM, 128 GB inbuilt",8.0,128.0,3300 mAh Battery with 15W Fast Charging,3300,15.0,True,"6.7 inches, 1080 x 2640 px, 120 Hz Display with Punch Hole",6.7,1080,2640,120.0,Punch Hole,12 MP + 12 MP Dual Rear & 10 MP Front Camera,12 MP + 12 MP Dual Rear ,2.0,12,12,,,,, 10 MP Front Camera,1,10,,No,Not Supported,,Memory Card Not Supported,,Android,8.0,Snapdragon,Qualcomm
193,oppo,OPPO Reno 16C,49999,75.0,"Dual Sim, 5G, VoLTE, Vo5G, Wi-Fi",True,False,False,"Dimensity 7300 Energy, Octa Core, 2.5 GHz Processor",Dimensity 7300 Energy,Octa Core,2.5,"8 GB RAM, 128 GB inbuilt",8.0,128.0,7000 mAh Battery with 80W Fast Charging,7000,80.0,True,"6.57 inches, 2372 x 1080 px, 120 Hz Display with Punch Hole",6.57,2372,1080,120.0,Punch Hole,50 MP + 50 MP + 8 MP Triple Rear & 50 MP Front Camera,50 MP + 50 MP + 8 MP Triple Rear ,3.0,50,50,8,,,, 50 MP Front Camera,1,50,,Yes,Hybrid,,Memory Card (Hybrid),Android v16,Android,8.0,Dimensity,MediaTek
194,samsung,Samsung Galaxy Z Fold 8 Ultra,194999,,"Dual Sim, 5G, VoLTE, Vo5G, NFC, eSIM, Wi-Fi",True,True,False,"Snapdragon 8 Elite Gen 5 For Galaxy, Octa Core, 4.74 GHz Processor",Snapdragon 8 Elite Gen 5 For Galaxy,Octa Core,4.74,"12 GB RAM, 256 GB inbuilt",12.0,256.0,5000 mAh Battery with 45W Fast Charging,5000,45.0,True,"8 inches, 2256 x 2504 px, 120 Hz Display with Punch Hole",8.0,2256,2504,120.0,Punch Hole,200 MP + 50 MP + 10 MP Triple Rear & 10 MP + 10 MP Dual Front Camera,200 MP + 50 MP + 10 MP Triple Rear ,3.0,200,50,10,,,, 10 MP + 10 MP Dual Front Camera,2,10,10,,,,,Android v17,Android,8.0,Snapdragon,Qualcomm
195,oppo,OPPO Reno 15 5G,47999,79.0,"Dual Sim, 5G, VoLTE, Wi-Fi, IR Blaster",True,False,True,"Snapdragon 7 Gen4, Octa Core, 2.8 GHz Processor",Snapdragon 7 Gen4,Octa Core,2.8,"8 GB RAM, 256 GB inbuilt",8.0,256.0,6500 mAh Battery with 80W Fast Charging,6500,80.0,True,"6.59 inches, 1256 x 2760 px, 120 Hz Display with Punch Hole",6.59,1256,2760,120.0,Punch Hole,50 MP + 50 MP + 8 MP Triple Rear & 50 MP Front Camera,50 MP + 50 MP + 8 MP Triple Rear ,3.0,50,50,8,,,, 50 MP Front Camera,1,50,,No,Not Supported,,Memory Card Not Supported,Android v16,Android,8.0,Snapdragon,Qualcomm
196,samsung,Samsung Galaxy F36 5G,22445,62.0,"Dual Sim, 5G, VoLTE, NFC, Wi-Fi",True,True,False,"Exynos 1380, Octa Core, 2.4 GHz Processor",Exynos 1380,Octa Core,2.4,"6 GB RAM, 128 GB inbuilt",6.0,128.0,5000 mAh Battery with 25W Fast Charging,5000,25.0,True,"6.7 inches, 1080 x 2340 px, 120 Hz Display with Water Drop Notch",6.7,1080,2340,120.0,Water Drop Notch,50 MP + 8 MP + 2 MP Triple Rear & 13 MP Front Camera,50 MP + 8 MP + 2 MP Triple Rear ,3.0,50,8,2,,,, 13 MP Front Camera,1,13,,Yes,Hybrid,2048.0,"Memory Card (Hybrid), upto 2 TB",Android v15,Android,8.0,Exynos,Samsung
197,realme,Realme 14x 5G,14999,55.0,"Dual Sim, 5G, VoLTE, Wi-Fi",True,False,False,"Dimensity 6300, Octa Core, 2.4 GHz Processor",Dimensity 6300,Octa Core,2.4,"6 GB RAM, 128 GB inbuilt",6.0,128.0,6000 mAh Battery with 45W Fast Charging,6000,45.0,True,"6.67 inches, 720 x 1604 px, 120 Hz Display with Punch Hole",6.67,720,1604,120.0,Punch Hole,50 MP + 2 MP Dual Rear & 8 MP Front Camera,50 MP + 2 MP Dual Rear ,2.0,50,2,,,,, 8 MP Front Camera,1,8,,Yes,Hybrid,,Memory Card (Hybrid),Android v14,Android,8.0,Dimensity,MediaTek
198,infinix,Infinix Note 60 Pro 5G,33899,74.0,"Dual Sim, 5G, VoLTE, NFC, eSIM, Wi-Fi, IR Blaster",True,True,True,"Snapdragon 7s Gen4, Octa Core, 2.4 GHz Processor",Snapdragon 7s Gen4,Octa Core,2.4,"8 GB RAM, 128 GB inbuilt",8.0,128.0,6500 mAh Battery with 90W Fast Charging,6500,90.0,True,"6.78 inches, 1208 x 2644 px, 144 Hz Display with Punch Hole",6.78,1208,2644,144.0,Punch Hole,50 MP + 8 MP Dual Rear & 13 MP Front Camera,50 MP + 8 MP Dual Rear ,2.0,50,8,,,,, 13 MP Front Camera,1,13,,Yes,Dedicated,1024.0,"Memory Card Supported, upto 1 TB",Android v16,Android,8.0,Snapdragon,Qualcomm
199,realme,Realme 16 Pro 5G,37999,77.0,"Dual Sim, 5G, VoLTE, Wi-Fi",True,False,False,"Dimensity 7300 Max, Octa Core, 2.5 GHz Processor",Dimensity 7300 Max,Octa Core,2.5,"8 GB RAM, 128 GB inbuilt",8.0,128.0,7000 mAh Battery with 80W Fast Charging,7000,80.0,True,"6.78 inches, 1272 x 2772 px, 144 Hz Display with Punch Hole",6.78,1272,2772,144.0,Punch Hole,200 MP + 8 MP Dual Rear & 50 MP Front Camera,200 MP + 8 MP Dual Rear ,2.0,200,8,,,,, 50 MP Front Camera,1,50,,No,Not Supported,,Memory Card Not Supported,Android v16,Android,8.0,Dimensity,MediaTek
200,google,Google Pixel 8 Pro,49999,74.0,"Dual Sim, 5G, VoLTE, NFC, Wi-Fi",True,True,False,"Tensor G3, Nine Cores, 3 GHz Processor",Tensor G3,Nine Core,3.0,"12 GB RAM, 128 GB inbuilt",12.0,128.0,5050 mAh Battery with 30W Fast Charging,5050,30.0,True,"6.7 inches, 1344 x 2992 px, 120 Hz Display with Punch Hole",6.7,1344,2992,120.0,Punch Hole,50 MP + 48 MP + 48 MP Triple Rear & 10.5 MP Front Camera,50 MP + 48 MP + 48 MP Triple Rear ,3.0,50,48,48,,,, 10.5 MP Front Camera,1,10.5,,,,,,Android v14,Android,9.0,Tensor,Google
201,motorola,Motorola Edge 60 Fusion 5G (12GB RAM + 256GB),28990,68.0,"Dual Sim, 5G, VoLTE, Vo5G, Wi-Fi",True,False,False,"Dimensity 7400, Octa Core, 2.5 GHz Processor",Dimensity 7400,Octa Core,2.5,"12 GB RAM, 256 GB inbuilt",12.0,256.0,5500 mAh Battery with 68W Fast Charging,5500,68.0,True,"6.7 inches, 1220 x 2712 px, 120 Hz Display with Punch Hole",6.7,1220,2712,120.0,Punch Hole,50 MP + 13 MP Dual Rear & 32 MP Front Camera,50 MP + 13 MP Dual Rear ,2.0,50,13,,,,, 32 MP Front Camera,1,32,,Yes,Hybrid,1024.0,"Memory Card (Hybrid), upto 1 TB",Android v15,Android,8.0,Dimensity,MediaTek
202,oneplus,OnePlus Nord CE 6 Lite,27988,63.0,"Dual Sim, 5G, VoLTE, Wi-Fi, IR Blaster",True,False,True,"Dimensity 7400 Apex, Octa Core, 2.6 GHz Processor",Dimensity 7400 Apex,Octa Core,2.6,"6 GB RAM, 128 GB inbuilt",6.0,128.0,7000 mAh Battery with 45W Fast Charging,7000,45.0,True,"6.72 inches, 1080 x 2400 px, 144 Hz Display with Punch Hole",6.72,1080,2400,144.0,Punch Hole,50 MP + 2 MP Dual Rear & 8 MP Front Camera,50 MP + 2 MP Dual Rear ,2.0,50,2,,,,, 8 MP Front Camera,1,8,,Yes,Hybrid,2048.0,"Memory Card (Hybrid), upto 2 TB",Android v16,Android,8.0,Dimensity,MediaTek
203,nokia,Nokia 210 4G (2026),2999,,4G,False,False,False,,,,,"64 MB RAM, 128 MB inbuilt",64.0,128.0,1450 mAh Battery,1450,,False,"2.4 inches, 240 x 320 px Display",2.4,240,320,,,0.3 MP Rear & 0.3 MP Front Camera,0.3 MP Rear ,1.0,0.3,,,,,, 0.3 MP Front Camera,1,0.3,,Yes,Dedicated,,Memory Card Supported,,S30+ / Feature OS,,,
204,vivo,Vivo T5x 5G (8GB RAM + 256GB),32849,67.0,"Dual Sim, 5G, VoLTE, Wi-Fi, IR Blaster",True,False,True,"Dimensity 7400 Turbo, Octa Core, 2.6 GHz Processor",Dimensity 7400 Turbo,Octa Core,2.6,"8 GB RAM, 256 GB inbuilt",8.0,256.0,7200 mAh Battery with 44W Fast Charging,7200,44.0,True,"6.76 inches, 1080 x 2344 px, 120 Hz Display with Punch Hole",6.76,1080,2344,120.0,Punch Hole,50 MP + 2 MP Dual Rear & 32 MP Front Camera,50 MP + 2 MP Dual Rear ,2.0,50,2,,,,, 32 MP Front Camera,1,32,,No,Not Supported,,Memory Card Not Supported,Android v16,Android,8.0,Dimensity,MediaTek
205,poco,Poco C85x,13976,53.0,"Dual Sim, 5G, VoLTE, Wi-Fi",True,False,False,"Unisoc T8300, Octa Core, 2.2 GHz Processor",Unisoc T8300,Octa Core,2.2,"4 GB RAM, 64 GB inbuilt",4.0,64.0,6300 mAh Battery with 15W Fast Charging,6300,15.0,True,"6.9 inches, 720 x 1600 px, 120 Hz Display with Punch Hole",6.9,720,1600,120.0,Punch Hole,32 MP Rear & 8 MP Front Camera,32 MP Rear ,1.0,32,,,,,, 8 MP Front Camera,1,8,,Yes,Dedicated,2048.0,"Memory Card Supported, upto 2 TB",Android v16,Android,8.0,Unisoc,Unisoc
206,motorola,Motorola Signature (16GB RAM + 1TB),69999,,"Dual Sim, 5G, VoLTE, Vo5G, NFC, Wi-Fi",True,True,False,"Snapdragon 8 Gen5, Octa Core, 3.8 GHz Processor",Snapdragon 8 Gen5,Octa Core,3.8,"16 GB RAM, 1 TB inbuilt",16.0,1.0,5200 mAh Battery with 90W Fast Charging,5200,90.0,True,"6.8 inches, 1264 x 2780 px, 165 Hz Display with Punch Hole",6.8,1264,2780,165.0,Punch Hole,50 MP + 50 MP + 50 MP Triple Rear & 50 MP Front Camera,50 MP + 50 MP + 50 MP Triple Rear ,3.0,50,50,50,,,, 50 MP Front Camera,1,50,,,,,,Android v16,Android,8.0,Snapdragon,Qualcomm
207,samsung,Samsung Galaxy S25 FE (8GB RAM + 256GB),65999,76.0,"Dual Sim, 5G, VoLTE, Vo5G, NFC, eSIM, Wi-Fi",True,True,False,"Exynos 2400, Deca Core, 3.2 GHz Processor",Exynos 2400,Deca Core,3.2,"8 GB RAM, 256 GB inbuilt",8.0,256.0,4900 mAh Battery with 45W Fast Charging,4900,45.0,True,"6.7 inches, 1080 x 2340 px, 120 Hz Display with Punch Hole",6.7,1080,2340,120.0,Punch Hole,50 MP + 12 MP + 8 MP Triple Rear & 12 MP Front Camera,50 MP + 12 MP + 8 MP Triple Rear ,3.0,50,12,8,,,, 12 MP Front Camera,1,12,,No,Not Supported,,Memory Card Not Supported,Android v16,Android,10.0,Exynos,Samsung
208,samsung,Samsung Galaxy F17 5G,17999,57.0,"Dual Sim, 5G, VoLTE, NFC, Wi-Fi",True,True,False,"Exynos 1330, Octa Core, 2.4 GHz Processor",Exynos 1330,Octa Core,2.4,"4 GB RAM, 128 GB inbuilt",4.0,128.0,5000 mAh Battery with 25W Fast Charging,5000,25.0,True,"6.7 inches, 1080 x 2340 px, 90 Hz Display with Water Drop Notch",6.7,1080,2340,90.0,Water Drop Notch,50 MP + 5 MP + 2 MP Triple Rear & 13 MP Front Camera,50 MP + 5 MP + 2 MP Triple Rear ,3.0,50,5,2,,,, 13 MP Front Camera,1,13,,Yes,Hybrid,2048.0,"Memory Card (Hybrid), upto 2 TB",Android v15,Android,8.0,Exynos,Samsung
209,samsung,Samsung Galaxy A27 5G,32950,63.0,"Dual Sim, 5G, VoLTE, NFC, Wi-Fi",True,True,False,"Snapdragon 6 Gen3, Octa Core, 2.4 GHz Processor",Snapdragon 6 Gen3,Octa Core,2.4,"6 GB RAM, 128 GB inbuilt",6.0,128.0,5000 mAh Battery with 25W Fast Charging,5000,25.0,True,"6.7 inches, 1080 x 2340 px, 120 Hz Display with Punch Hole",6.7,1080,2340,120.0,Punch Hole,50 MP + 5 MP + 2 MP Triple Rear & 12 MP Front Camera,50 MP + 5 MP + 2 MP Triple Rear ,3.0,50,5,2,,,, 12 MP Front Camera,1,12,,Yes,Hybrid,2048.0,"Memory Card (Hybrid), upto 2 TB",Android v16,Android,8.0,Snapdragon,Qualcomm
210,oppo,Oppo A6 5G,22999,58.0,"Dual Sim, 5G, NFC, Wi-Fi",True,True,False,"Dimensity 6300, Octa Core, 2.4 GHz Processor",Dimensity 6300,Octa Core,2.4,"4 GB RAM, 128 GB inbuilt",4.0,128.0,7000 mAh Battery with 45W Fast Charging,7000,45.0,True,"6.75 inches, 720 x 1570 px, 120 Hz Display with Punch Hole",6.75,720,1570,120.0,Punch Hole,50 MP + 2 MP Dual Rear & 8 MP Front Camera,50 MP + 2 MP Dual Rear ,2.0,50,2,,,,, 8 MP Front Camera,1,8,,Yes,Dedicated,,Memory Card Supported,Android v15,Android,8.0,Dimensity,MediaTek
211,samsung,Samsung Galaxy M36 5G,21999,58.0,"Dual Sim, 5G, VoLTE, Wi-Fi",True,False,False,"Exynos 1380, Octa Core, 2.4 GHz Processor",Exynos 1380,Octa Core,2.4,"6 GB RAM, 128 GB inbuilt",6.0,128.0,5000 mAh Battery with 25W Fast Charging,5000,25.0,True,"6.7 inches, 1080 x 2340 px, 120 Hz Display with Punch Hole",6.7,1080,2340,120.0,Punch Hole,50 MP + 8 MP + 2 MP Triple Rear & 13 MP Front Camera,50 MP + 8 MP + 2 MP Triple Rear ,3.0,50,8,2,,,, 13 MP Front Camera,1,13,,Yes,Hybrid,,Memory Card (Hybrid),Android v15,Android,8.0,Exynos,Samsung
212,nothing,Nothing Phone 3 5G,51999,,"Dual Sim, 5G, VoLTE, NFC, eSIM, Wi-Fi",True,True,False,"Snapdragon 8s Gen4, Octa Core, 3.2 GHz Processor",Snapdragon 8s Gen4,Octa Core,3.2,"12 GB RAM, 256 GB inbuilt",12.0,256.0,5500 mAh Battery with 65W Fast Charging,5500,65.0,True,"6.67 inches, 1260 x 2800 px, 120 Hz Display with Punch Hole",6.67,1260,2800,120.0,Punch Hole,50 MP + 50 MP + 50 MP Triple Rear & 50 MP Front Camera,50 MP + 50 MP + 50 MP Triple Rear ,3.0,50,50,50,,,, 50 MP Front Camera,1,50,,,,,,Android v15,Android,8.0,Snapdragon,Qualcomm
213,vivo,Vivo T5 5G (8GB RAM + 256GB),44999,74.0,"Dual Sim, 5G, VoLTE, Wi-Fi, IR Blaster",True,False,True,"Dimensity 7500 Turbo, Octa Core, 2.6 GHz Processor",Dimensity 7500 Turbo,Octa Core,2.6,"8 GB RAM, 256 GB inbuilt",8.0,256.0,7050 mAh Battery with 44W Fast Charging,7050,44.0,True,"6.83 inches, 1260 x 2800 px, 144 Hz Display with Punch Hole",6.83,1260,2800,144.0,Punch Hole,50 MP + 8 MP Dual Rear & 32 MP Front Camera,50 MP + 8 MP Dual Rear ,2.0,50,8,,,,, 32 MP Front Camera,1,32,,No,Not Supported,,Memory Card Not Supported,Android v16,Android,8.0,Dimensity,MediaTek
214,samsung,Samsung Galaxy M17 5G,18458,54.0,"Dual Sim, 5G, VoLTE, NFC, Wi-Fi",True,True,False,"Exynos 1330, Octa Core, 2.4 GHz Processor",Exynos 1330,Octa Core,2.4,"4 GB RAM, 128 GB inbuilt",4.0,128.0,5000 mAh Battery with 25W Fast Charging,5000,25.0,True,"6.7 inches, 1080 x 2340 px, 90 Hz Display with Water Drop Notch",6.7,1080,2340,90.0,Water Drop Notch,50 MP + 5 MP + 2 MP Triple Rear & 13 MP Front Camera,50 MP + 5 MP + 2 MP Triple Rear ,3.0,50,5,2,,,, 13 MP Front Camera,1,13,,Yes,Hybrid,2048.0,"Memory Card (Hybrid), upto 2 TB",Android v15,Android,8.0,Exynos,Samsung
215,google,Google Pixel 11 Pro,119999,,"Dual Sim, 5G, VoLTE, Vo5G, NFC, eSIM, Wi-Fi",True,True,False,Tensor G6,Tensor G6,,,"12 GB RAM, 256 GB inbuilt",12.0,256.0,4850 mAh Battery with Fast Charging,4850,,True,"6.3 inches, 1280 x 2856 px, 120 Hz Display with Punch Hole",6.3,1280,2856,120.0,Punch Hole,50 MP + 48 MP + 48 MP Triple Rear & 42 MP Front Camera,50 MP + 48 MP + 48 MP Triple Rear ,3.0,50,48,48,,,, 42 MP Front Camera,1,42,,,,,,Android v17,Android,,Tensor,Google
216,vivo,Vivo T5x 5G (8GB RAM + 128GB),29203,67.0,"Dual Sim, 5G, VoLTE, Wi-Fi, IR Blaster",True,False,True,"Dimensity 7400 Turbo, Octa Core, 2.6 GHz Processor",Dimensity 7400 Turbo,Octa Core,2.6,"8 GB RAM, 128 GB inbuilt",8.0,128.0,7200 mAh Battery with 44W Fast Charging,7200,44.0,True,"6.76 inches, 1080 x 2344 px, 120 Hz Display with Punch Hole",6.76,1080,2344,120.0,Punch Hole,50 MP + 2 MP Dual Rear & 32 MP Front Camera,50 MP + 2 MP Dual Rear ,2.0,50,2,,,,, 32 MP Front Camera,1,32,,No,Not Supported,,Memory Card Not Supported,Android v16,Android,8.0,Dimensity,MediaTek
217,realme,Realme GT 8 Pro (16GB RAM + 512GB),78999,,"Dual Sim, 5G, VoLTE, NFC, Wi-Fi, IR Blaster",True,True,True,"Snapdragon 8 Elite Gen 5, Octa Core, 4.6 GHz Processor",Snapdragon 8 Elite Gen 5,Octa Core,4.6,"16 GB RAM, 512 GB inbuilt",16.0,512.0,7000 mAh Battery with 120W Fast Charging,7000,120.0,True,"6.79 inches, 1440 x 3136 px, 144 Hz Display with Punch Hole",6.79,1440,3136,144.0,Punch Hole,200 MP + 50 MP + 50 MP Triple Rear & 32 MP Front Camera,200 MP + 50 MP + 50 MP Triple Rear ,3.0,200,50,50,,,, 32 MP Front Camera,1,32,,No,Not Supported,,Memory Card Not Supported,Android v16,Android,8.0,Snapdragon,Qualcomm
218,boltt,Boltt Ace 5G (6GB RAM + 128GB),13999,54.0,"Dual Sim, 5G, VoLTE, Wi-Fi",True,False,False,"Unisoc T8200, Octa Core, 2.3 GHz Processor",Unisoc T8200,Octa Core,2.3,"6 GB RAM, 128 GB inbuilt",6.0,128.0,6000 mAh Battery with 18W Fast Charging,6000,18.0,True,"6.79 inches, 720 x 1640 px, 120 Hz Display with Punch Hole",6.79,720,1640,120.0,Punch Hole,64 MP Dual Rear & 8 MP Front Camera,64 MP Dual Rear ,2.0,64,,,,,, 8 MP Front Camera,1,8,,Yes,Hybrid,1024.0,"Memory Card (Hybrid), upto 1 TB",Android v16,Android,8.0,Unisoc,Unisoc
219,apple,Apple iPhone 18 Pro Max (512GB),204900,,"Dual Sim, 5G, VoLTE, NFC, eSIM, Wi-Fi",True,True,False,"Apple A20 Pro, Hexa Core Processor",Apple A20 Pro,Hexa Core,,"12 GB RAM, 512 GB inbuilt",12.0,512.0,5391 mAh Battery with Fast Charging,5391,,True,"6.9 inches, 1320 x 2868 px, 120 Hz Display with Dynamic Island",6.9,1320,2868,120.0,Dynamic Island,48 MP + 48 MP + 48 MP Triple Rear & 18 MP Front Camera,48 MP + 48 MP + 48 MP Triple Rear ,3.0,48,48,48,,,, 18 MP Front Camera,1,18,,No,Not Supported,,Memory Card Not Supported,iOS v27,iOS,6.0,Apple,Apple
220,google,Google Pixel 8 5G,37490,66.0,"Dual Sim, 5G, VoLTE, NFC, Wi-Fi",True,True,False,"Tensor G3, Nine Core, 3 GHz Processor",Tensor G3,Nine Core,3.0,"8 GB RAM, 128 GB inbuilt",8.0,128.0,4575 mAh Battery with 30W Fast Charging,4575,30.0,True,"6.2 inches, 1080 x 2400 px, 120 Hz Display with Punch Hole",6.2,1080,2400,120.0,Punch Hole,50 MP + 12 MP Dual Rear & 10.5 MP Front Camera,50 MP + 12 MP Dual Rear ,2.0,50,12,,,,, 10.5 MP Front Camera,1,10.5,,,,,,Android v14,Android,9.0,Tensor,Google
221,infinix,Infinix Hot 70 Pro 5G,24999,62.0,"Dual Sim, 5G, NFC, Wi-Fi, IR Blaster",True,True,True,"Dimensity 7100, Octa Core, 2.4 GHz Processor",Dimensity 7100,Octa Core,2.4,"6 GB RAM, 128 GB inbuilt",6.0,128.0,6000 mAh Battery with 45W Fast Charging,6000,45.0,True,"6.76 inches, 1080 x 2344 px, 144 Hz Display with Punch Hole",6.76,1080,2344,144.0,Punch Hole,50 MP Dual Rear & 8 MP Front Camera,50 MP Dual Rear ,2.0,50,,,,,, 8 MP Front Camera,1,8,,Yes,Dedicated,,Memory Card Supported,Android v16,Android,8.0,Dimensity,MediaTek
222,apple,Apple iPhone 18 Pro Max (2TB),329900,,"Dual Sim, 5G, VoLTE, NFC, eSIM, Wi-Fi",True,True,False,"Apple A20 Pro, Hexa Core Processor",Apple A20 Pro,Hexa Core,,"12 GB RAM, 2 TB inbuilt",12.0,2.0,5391 mAh Battery with Fast Charging,5391,,True,"6.9 inches, 1320 x 2868 px, 120 Hz Display with Dynamic Island",6.9,1320,2868,120.0,Dynamic Island,48 MP + 48 MP + 48 MP Triple Rear & 18 MP Front Camera,48 MP + 48 MP + 48 MP Triple Rear ,3.0,48,48,48,,,, 18 MP Front Camera,1,18,,No,Not Supported,,Memory Card Not Supported,iOS v27,iOS,6.0,Apple,Apple
223,vivo,Vivo V70 5G (12GB RAM + 256GB),64999,,"Dual Sim, 5G, VoLTE, NFC, Wi-Fi, IR Blaster",True,True,True,"Snapdragon 7 Gen4, Octa Core, 2.8 GHz Processor",Snapdragon 7 Gen4,Octa Core,2.8,"12 GB RAM, 256 GB inbuilt",12.0,256.0,6500 mAh Battery with 90W Fast Charging,6500,90.0,True,"6.59 inches, 1260 x 2750 px, 120 Hz Display with Punch Hole",6.59,1260,2750,120.0,Punch Hole,50 MP + 50 MP + 8 MP Triple Rear & 50 MP Front Camera,50 MP + 50 MP + 8 MP Triple Rear ,3.0,50,50,8,,,, 50 MP Front Camera,1,50,,No,Not Supported,,Memory Card Not Supported,Android v16,Android,8.0,Snapdragon,Qualcomm
224,samsung,Samsung Galaxy F70e 5G (6GB RAM + 128GB),18589,55.0,"Dual Sim, 5G, VoLTE, Wi-Fi",True,False,False,"Dimensity 6300, Octa Core, 2.4 GHz Processor",Dimensity 6300,Octa Core,2.4,"6 GB RAM, 128 GB inbuilt",6.0,128.0,6000 mAh Battery with 25W Fast Charging,6000,25.0,True,"6.7 inches, 720 x 1600 px, 120 Hz Display with Water Drop Notch",6.7,720,1600,120.0,Water Drop Notch,50 MP + 2 MP Dual Rear & 8 MP Front Camera,50 MP + 2 MP Dual Rear ,2.0,50,2,,,,, 8 MP Front Camera,1,8,,Yes,Hybrid,2048.0,"Memory Card (Hybrid), upto 2 TB",Android v16,Android,8.0,Dimensity,MediaTek
225,vivo,Vivo T4 Lite 5G,18899,52.0,"Dual Sim, 5G, VoLTE, Wi-Fi",True,False,False,"Dimensity 6300, Octa Core, 2.4 GHz Processor",Dimensity 6300,Octa Core,2.4,"4 GB RAM, 128 GB inbuilt",4.0,128.0,6000 mAh Battery with 15W Fast Charging,6000,15.0,True,"6.74 inches, 720 x 1600 px, 90 Hz Display with Water Drop Notch",6.74,720,1600,90.0,Water Drop Notch,50 MP + 2 MP Dual Rear & 5 MP Front Camera,50 MP + 2 MP Dual Rear ,2.0,50,2,,,,, 5 MP Front Camera,1,5,,Yes,Dedicated,2048.0,"Memory Card Supported, upto 2 TB",Android v15,Android,8.0,Dimensity,MediaTek
226,motorola,Motorola Moto G37 Power 5G,16989,55.0,"Dual Sim, 5G, VoLTE, Wi-Fi",True,False,False,"Dimensity 6400, Octa Core, 2.5 GHz Processor",Dimensity 6400,Octa Core,2.5,"4 GB RAM, 128 GB inbuilt",4.0,128.0,7000 mAh Battery with 30W Fast Charging,7000,30.0,True,"6.67 inches, 1604 x 720 px, 120 Hz Display with Punch Hole",6.67,1604,720,120.0,Punch Hole,50 MP Rear & 8 MP Front Camera,50 MP Rear ,1.0,50,,,,,, 8 MP Front Camera,1,8,,Yes,Hybrid,1024.0,"Memory Card (Hybrid), upto 1 TB",Android v16,Android,8.0,Dimensity,MediaTek
227,vivo,Vivo V70 Elite,66999,,"Dual Sim, 5G, VoLTE, NFC, Wi-Fi, IR Blaster",True,True,True,"Snapdragon 8s Gen3, Octa Core, 3 GHz Processor",Snapdragon 8s Gen3,Octa Core,3.0,"8 GB RAM, 256 GB inbuilt",8.0,256.0,6500 mAh Battery with 90W Fast Charging,6500,90.0,True,"6.59 inches, 1260 x 2750 px, 120 Hz Display with Punch Hole",6.59,1260,2750,120.0,Punch Hole,50 MP + 50 MP + 8 MP Triple Rear & 50 MP Front Camera,50 MP + 50 MP + 8 MP Triple Rear ,3.0,50,50,8,,,, 50 MP Front Camera,1,50,,No,Not Supported,,Memory Card Not Supported,Android v16,Android,8.0,Snapdragon,Qualcomm
228,iqoo,iQOO 15 (16GB RAM + 512GB),93999,,"Dual Sim, 5G, VoLTE, NFC, Wi-Fi, IR Blaster",True,True,True,"Snapdragon 8 Elite Gen 5, Octa Core, 4.6 GHz Processor",Snapdragon 8 Elite Gen 5,Octa Core,4.6,"16 GB RAM, 512 GB inbuilt",16.0,512.0,7000 mAh Battery with 100W Fast Charging,7000,100.0,True,"6.85 inches, 1440 x 3168 px, 144 Hz Display with Punch Hole",6.85,1440,3168,144.0,Punch Hole,50 MP + 50 MP + 50 MP Triple Rear & 32 MP Front Camera,50 MP + 50 MP + 50 MP Triple Rear ,3.0,50,50,50,,,, 32 MP Front Camera,1,32,,,,,,Android v16,Android,8.0,Snapdragon,Qualcomm
229,vivo,Vivo Y400 5G,31991,64.0,"Dual Sim, 5G, VoLTE, Wi-Fi",True,False,False,"Snapdragon 4 Gen2, Octa Core, 2.2 GHz Processor",Snapdragon 4 Gen2,Octa Core,2.2,"8 GB RAM, 128 GB inbuilt",8.0,128.0,6000 mAh Battery with 90W Fast Charging,6000,90.0,True,"6.67 inches, 1080 x 2400 px, 120 Hz Display with Punch Hole",6.67,1080,2400,120.0,Punch Hole,50 MP + 2 MP Dual Rear & 32 MP Front Camera,50 MP + 2 MP Dual Rear ,2.0,50,2,,,,, 32 MP Front Camera,1,32,,,,,,Android v15,Android,8.0,Snapdragon,Qualcomm
230,vivo,Vivo Y400 Pro 5G (8GB RAM + 256GB),26999,64.0,"Dual Sim, 5G, VoLTE, Wi-Fi, IR Blaster",True,False,True,"Dimensity 7300, Octa Core, 2.5 GHz Processor",Dimensity 7300,Octa Core,2.5,"8 GB RAM, 256 GB inbuilt",8.0,256.0,5500 mAh Battery with 90W Fast Charging,5500,90.0,True,"6.77 inches, 1080 x 2392 px, 120 Hz Display with Punch Hole",6.77,1080,2392,120.0,Punch Hole,50 MP + 2 MP Dual Rear & 32 MP Front Camera,50 MP + 2 MP Dual Rear ,2.0,50,2,,,,, 32 MP Front Camera,1,32,,,,,,Android v15,Android,8.0,Dimensity,MediaTek
231,xiaomi,Xiaomi Redmi Note 14 (8GB RAM + 256GB),24999,66.0,"Dual Sim, 5G, VoLTE, Wi-Fi, IR Blaster",True,False,True,"Dimensity 7025 Ultra, Octa Core, 2.5 GHz Processor",Dimensity 7025 Ultra,Octa Core,2.5,"8 GB RAM, 256 GB inbuilt",8.0,256.0,5110 mAh Battery with 45W Fast Charging,5110,45.0,True,"6.67 inches, 1080 x 2400 px, 120 Hz Display with Punch Hole",6.67,1080,2400,120.0,Punch Hole,50 MP + 8 MP + 2 MP Triple Rear & 20 MP Front Camera,50 MP + 8 MP + 2 MP Triple Rear ,3.0,50,8,2,,,, 20 MP Front Camera,1,20,,Yes,Hybrid,1024.0,"Memory Card (Hybrid), upto 1 TB",Android v14,Android,8.0,Dimensity,MediaTek
232,oppo,OPPO F33 Pro 5G,39999,67.0,"Dual Sim, 5G, VoLTE, Wi-Fi, IR Blaster",True,False,True,"Dimensity 6360 MAX, Octa Core, 2.4 GHz Processor",Dimensity 6360 MAX,Octa Core,2.4,"8 GB RAM, 128 GB inbuilt",8.0,128.0,7000 mAh Battery with 80W Fast Charging,7000,80.0,True,"6.57 inches, 1080 x 2372 px, 120 Hz Display with Punch Hole",6.57,1080,2372,120.0,Punch Hole,50 MP + 2 MP Dual Rear & 50 MP Front Camera,50 MP + 2 MP Dual Rear ,2.0,50,2,,,,, 50 MP Front Camera,1,50,,Yes,Hybrid,,Memory Card (Hybrid),Android v16,Android,8.0,Dimensity,MediaTek
233,oppo,Oppo K13 Turbo,32499,68.0,"Dual Sim, 5G, VoLTE, Wi-Fi, IR Blaster",True,False,True,"Dimensity 8450, Octa Core, 3.25 GHz Processor",Dimensity 8450,Octa Core,3.25,"8 GB RAM, 128 GB inbuilt",8.0,128.0,7000 mAh Battery with 80W Fast Charging,7000,80.0,True,"6.8 inches, 1280 x 2800 px, 120 Hz Display with Punch Hole",6.8,1280,2800,120.0,Punch Hole,50 MP + 2 MP Dual Rear & 16 MP Front Camera,50 MP + 2 MP Dual Rear ,2.0,50,2,,,,, 16 MP Front Camera,1,16,,No,Not Supported,,Memory Card Not Supported,Android v15,Android,8.0,Dimensity,MediaTek
234,motorola,Motorola Edge 60 Pro (16GB RAM + 512GB),40999,,"Dual Sim, 5G, VoLTE, Vo5G, NFC, Wi-Fi",True,True,False,"Dimensity 8350 Extreme, Octa Core, 3.35 GHz Processor",Dimensity 8350 Extreme,Octa Core,3.35,"16 GB RAM, 512 GB inbuilt",16.0,512.0,6000 mAh Battery with 90W Fast Charging,6000,90.0,True,"6.7 inches, 1220 x 2712 px, 120 Hz Display with Punch Hole",6.7,1220,2712,120.0,Punch Hole,50 MP + 50 MP + 10 MP Triple Rear & 50 MP Front Camera,50 MP + 50 MP + 10 MP Triple Rear ,3.0,50,50,10,,,, 50 MP Front Camera,1,50,,,,,,Android v15,Android,8.0,Dimensity,MediaTek
235,infinix,Infinix GT 30 Pro,31999,75.0,"Dual Sim, 5G, VoLTE, NFC, Wi-Fi, IR Blaster",True,True,True,"Dimensity 8350 Ultimate, Octa Core, 3.35 GHz Processor",Dimensity 8350 Ultimate,Octa Core,3.35,"8 GB RAM, 256 GB inbuilt",8.0,256.0,5500 mAh Battery with 45W Fast Charging,5500,45.0,True,"6.78 inches, 1224 x 2720 px, 144 Hz Display with Punch Hole",6.78,1224,2720,144.0,Punch Hole,108 MP + 8 MP Dual Rear & 13 MP Front Camera,108 MP + 8 MP Dual Rear ,2.0,108,8,,,,, 13 MP Front Camera,1,13,,,,,,Android v15,Android,8.0,Dimensity,MediaTek
236,lava,Lava Blaze 2 4G,7989,,"Dual Sim, 4G, VoLTE, Wi-Fi",False,False,False,"Tiger  T616 , Octa Core, 2 GHz Processor",Tiger  T616 ,Octa Core,2.0,"6 GB RAM, 128 GB inbuilt",6.0,128.0,5000 mAh Battery with 18W Fast Charging,5000,18.0,True,"6.5 inches, 720 x 1600 px, 90 Hz Display with Water Drop Notch",6.5,720,1600,90.0,Water Drop Notch,13 MP + 2 MP Dual Rear & 8 MP Front Camera,13 MP + 2 MP Dual Rear ,2.0,13,2,,,,, 8 MP Front Camera,1,8,,Yes,Dedicated,1024.0,"Memory Card Supported, upto 1 TB",Android v13,Android,8.0,Tiger,Unisoc
237,oneplus,OnePlus Nord CE 6 5G (8GB RAM + 256GB),41999,75.0,"Dual Sim, 5G, VoLTE, Wi-Fi, IR Blaster",True,False,True,"Snapdragon 7s Gen4, Octa Core, 2.7 GHz Processor",Snapdragon 7s Gen4,Octa Core,2.7,"8 GB RAM, 256 GB inbuilt",8.0,256.0,8000 mAh Battery with 80W Fast Charging,8000,80.0,True,"6.78 inches, 1272 x 2772 px, 144 Hz Display with Punch Hole",6.78,1272,2772,144.0,Punch Hole,50 MP + 2 MP Dual Rear & 32 MP Front Camera,50 MP + 2 MP Dual Rear ,2.0,50,2,,,,, 32 MP Front Camera,1,32,,,,,,Android v16,Android,8.0,Snapdragon,Qualcomm
238,samsung,Samsung Galaxy A37 5G,38999,66.0,"Dual Sim, 5G, VoLTE, NFC, Wi-Fi",True,True,False,"Exynos 1480, Octa Core, 2.7 GHz Processor",Exynos 1480,Octa Core,2.7,"8 GB RAM, 128 GB inbuilt",8.0,128.0,5000 mAh Battery with 45W Fast Charging,5000,45.0,True,"6.7 inches, 1080 x 2340 px, 120 Hz Display with Punch Hole",6.7,1080,2340,120.0,Punch Hole,50 MP + 8 MP + 5 MP Triple Rear & 12 MP Front Camera,50 MP + 8 MP + 5 MP Triple Rear ,3.0,50,8,5,,,, 12 MP Front Camera,1,12,,No,Not Supported,,Memory Card Not Supported,Android v16,Android,8.0,Exynos,Samsung
239,oppo,Oppo K13 Turbo Pro (12GB+256GB),31999,72.0,"Dual Sim, 5G, VoLTE, Wi-Fi, IR Blaster",True,False,True,"Snapdragon 8s Gen4, Octa Core, 3.2 GHz Processor",Snapdragon 8s Gen4,Octa Core,3.2,"12 GB RAM, 256 GB inbuilt",12.0,256.0,7000 mAh Battery with 80W Fast Charging,7000,80.0,True,"6.8 inches, 1280 x 2800 px, 120 Hz Display with Punch Hole",6.8,1280,2800,120.0,Punch Hole,50 MP + 2 MP Dual Rear & 16 MP Front Camera,50 MP + 2 MP Dual Rear ,2.0,50,2,,,,, 16 MP Front Camera,1,16,,No,Not Supported,,Memory Card Not Supported,Android v15,Android,8.0,Snapdragon,Qualcomm
240,xiaomi,Xiaomi Redmi Note 14 Pro Plus,28989,71.0,"Dual Sim, 5G, VoLTE, Wi-Fi, IR Blaster",True,False,True,"Snapdragon 7s Gen3, Octa Core, 2.5 GHz Processor",Snapdragon 7s Gen3,Octa Core,2.5,"8 GB RAM, 128 GB inbuilt",8.0,128.0,6200 mAh Battery with 90W Fast Charging,6200,90.0,True,"6.67 inches, 1220 x 2712 px, 120 Hz Display with Punch Hole",6.67,1220,2712,120.0,Punch Hole,50 MP + 50 MP + 8 MP Triple Rear & 20 MP Front Camera,50 MP + 50 MP + 8 MP Triple Rear ,3.0,50,50,8,,,, 20 MP Front Camera,1,20,,No,Not Supported,,Memory Card Not Supported,Android v14,Android,8.0,Snapdragon,Qualcomm
241,realme,Realme GT 2 Pro 5G (12GB RAM + 256GB),27400,70.0,"Dual Sim, 5G, VoLTE, NFC, Wi-Fi",True,True,False,"Snapdragon 8 Gen1, Octa Core, 3 GHz Processor",Snapdragon 8 Gen1,Octa Core,3.0,"12 GB RAM, 256 GB inbuilt",12.0,256.0,5000 mAh Battery with 65W Fast Charging,5000,65.0,True,"6.7 inches, 1440 x 3216 px, 120 Hz Display with Punch Hole",6.7,1440,3216,120.0,Punch Hole,50 MP + 50 MP + 2 MP Triple Rear & 32 MP Front Camera,50 MP + 50 MP + 2 MP Triple Rear ,3.0,50,50,2,,,, 32 MP Front Camera,1,32,,,,,,Android v12,Android,8.0,Snapdragon,Qualcomm
242,oneplus,OnePlus N6 5G (6GB RAM + 128GB),26999,61.0,"Dual Sim, 5G, VoLTE, NFC, Wi-Fi",True,True,False,"Dimensity 6360 Apex, Octa Core Processor",Dimensity 6360 Apex,Octa Core,,"6 GB RAM, 128 GB inbuilt",6.0,128.0,8000 mAh Battery with 45W Fast Charging,8000,45.0,True,"6.8 inches, 720 x 1570 px, 120 Hz Display with Punch Hole",6.8,720,1570,120.0,Punch Hole,50 MP Dual Rear & 8 MP Front Camera,50 MP Dual Rear ,2.0,50,,,,,, 8 MP Front Camera,1,8,,Yes,Dedicated,2048.0,"Memory Card Supported, upto 2 TB",Android v16,Android,8.0,Dimensity,MediaTek
243,motorola,Motorola Moto G67 Power 5G (12GB RAM + 256GB),26895,64.0,"Dual Sim, 5G, VoLTE, Wi-Fi",True,False,False,"Snapdragon 7s Gen2, Octa Core, 2.4 GHz Processor",Snapdragon 7s Gen2,Octa Core,2.4,"12 GB RAM, 256 GB inbuilt",12.0,256.0,7000 mAh Battery with 30W Fast Charging,7000,30.0,True,"6.7 inches, 1080 x 2400 px, 120 Hz Display with Punch Hole",6.7,1080,2400,120.0,Punch Hole,50 MP + 8 MP Dual Rear & 32 MP Front Camera,50 MP + 8 MP Dual Rear ,2.0,50,8,,,,, 32 MP Front Camera,1,32,,,,,,Android v15,Android,8.0,Snapdragon,Qualcomm
244,vivo,Vivo T5 Lite 5G,20499,55.0,"Dual Sim, 5G, VoLTE, Wi-Fi",True,False,False,"Dimensity 6300, Octa Core, 2.4 GHz Processor",Dimensity 6300,Octa Core,2.4,"4 GB RAM, 128 GB inbuilt",4.0,128.0,6500 mAh Battery with 44W Fast Charging,6500,44.0,True,"6.74 inches, 720 x 1600 px, 120 Hz Display with Water Drop Notch",6.74,720,1600,120.0,Water Drop Notch,50 MP + 0.08 MP Dual Rear & 5 MP Front Camera,50 MP + 0.08 MP Dual Rear ,2.0,50,0.08,,,,, 5 MP Front Camera,1,5,,Yes,Hybrid,2048.0,"Memory Card (Hybrid), upto 2 TB",Android v16,Android,8.0,Dimensity,MediaTek
245,motorola,Motorola Edge 70 Max,53789,,"Dual Sim, 5G, VoLTE, Vo5G, NFC, eSIM, Wi-Fi",True,True,False,"Snapdragon 8 Gen5, Octa Core, 3.8 GHz Processor",Snapdragon 8 Gen5,Octa Core,3.8,"8 GB RAM, 256 GB inbuilt",8.0,256.0,7100 mAh Battery with 90W Fast Charging,7100,90.0,True,"6.8 inches, 1440 x 3168 px, 144 Hz Display with Punch Hole",6.8,1440,3168,144.0,Punch Hole,50 MP + 8 MP Dual Rear & 32 MP Front Camera,50 MP + 8 MP Dual Rear ,2.0,50,8,,,,, 32 MP Front Camera,1,32,,,,,,Android v16,Android,8.0,Snapdragon,Qualcomm
246,poco,Poco M8 Power,24380,63.0,"Dual Sim, 5G, VoLTE, Wi-Fi, IR Blaster",True,False,True,"Snapdragon 4 Gen4, Octa Core, 2.3 GHz Processor",Snapdragon 4 Gen4,Octa Core,2.3,"6 GB RAM, 128 GB inbuilt",6.0,128.0,8000 mAh Battery with 45W Fast Charging,8000,45.0,True,"6.99 inches, 2396 x 1080 px, 120 Hz Display with Punch Hole",6.99,2396,1080,120.0,Punch Hole,50 MP Dual Rear & 8 MP Front Camera,50 MP Dual Rear ,2.0,50,,,,,, 8 MP Front Camera,1,8,,Yes,Dedicated,1024.0,"Memory Card Supported, upto 1 TB",Android v16,Android,8.0,Snapdragon,Qualcomm
247,vivo,Vivo S2 5G (8GB RAM + 256GB),42990,68.0,"Dual Sim, 5G, VoLTE, Wi-Fi",True,False,False,"Dimensity 7360 Turbo, Octa Core, 2.5 GHz Processor",Dimensity 7360 Turbo,Octa Core,2.5,"8 GB RAM, 256 GB inbuilt",8.0,256.0,7050 mAh Battery with 44W Fast Charging,7050,44.0,True,"6.83 inches, 1260 x 2800 px, 120 Hz Display with Punch Hole",6.83,1260,2800,120.0,Punch Hole,50 MP + 2 MP Dual Rear & 32 MP Front Camera,50 MP + 2 MP Dual Rear ,2.0,50,2,,,,, 32 MP Front Camera,1,32,,No,Not Supported,,Memory Card Not Supported,Android v16,Android,8.0,Dimensity,MediaTek
248,motorola,Motorola Signature (16GB RAM + 512GB),67990,,"Dual Sim, 5G, VoLTE, Vo5G, NFC, Wi-Fi",True,True,False,"Snapdragon 8 Gen5, Octa Core, 3.8 GHz Processor",Snapdragon 8 Gen5,Octa Core,3.8,"16 GB RAM, 512 GB inbuilt",16.0,512.0,5200 mAh Battery with 90W Fast Charging,5200,90.0,True,"6.8 inches, 1264 x 2780 px, 165 Hz Display with Punch Hole",6.8,1264,2780,165.0,Punch Hole,50 MP + 50 MP + 50 MP Triple Rear & 50 MP Front Camera,50 MP + 50 MP + 50 MP Triple Rear ,3.0,50,50,50,,,, 50 MP Front Camera,1,50,,,,,,Android v16,Android,8.0,Snapdragon,Qualcomm
249,xiaomi,Xiaomi Redmi 15C 5G,17499,55.0,"Dual Sim, 5G, VoLTE, Wi-Fi",True,False,False,"Dimensity 6300, Octa Core, 2.4 GHz Processor",Dimensity 6300,Octa Core,2.4,"4 GB RAM, 128 GB inbuilt",4.0,128.0,6000 mAh Battery with 33W Fast Charging,6000,33.0,True,"6.9 inches, 720 x 1600 px, 120 Hz Display with Punch Hole",6.9,720,1600,120.0,Punch Hole,50 MP + Auxiliary lens Dual Rear & 8 MP Front Camera,50 MP + Auxiliary lens Dual Rear ,2.0,50,,,,,Auxiliary lens, 8 MP Front Camera,1,8,,Yes,Dedicated,1024.0,"Memory Card Supported, upto 1 TB",Android v15,Android,8.0,Dimensity,MediaTek
250,apple,Apple iPhone 17 (512GB),102900,77.0,"Dual Sim, 5G, VoLTE, NFC, eSIM, Wi-Fi",True,True,False,"Apple A19, Hexa Core Processor",Apple A19,Hexa Core,,"8 GB RAM, 512 GB inbuilt",8.0,512.0,3692 mAh Battery with Fast Charging,3692,,True,"6.3 inches, 1206 x 2622 px, 120 Hz Display with Small Notch",6.3,1206,2622,120.0,Small Notch,48 MP + 48 MP Dual Rear & 18 MP Front Camera,48 MP + 48 MP Dual Rear ,2.0,48,48,,,,, 18 MP Front Camera,1,18,,No,Not Supported,,Memory Card Not Supported,iOS v26,iOS,6.0,Apple,Apple
251,motorola,Motorola Moto G86 Power 5G,26499,66.0,"Dual Sim, 5G, VoLTE, Wi-Fi",True,False,False,"Dimensity 7400, Octa Core, 2.6 GHz Processor",Dimensity 7400,Octa Core,2.6,"8 GB RAM, 128 GB inbuilt",8.0,128.0,6720 mAh Battery with 33W Fast Charging,6720,33.0,True,"6.7 inches, 1220 x 2712 px, 120 Hz Display with Punch Hole",6.7,1220,2712,120.0,Punch Hole,50 MP + 8 MP Dual Rear & 32 MP Front Camera,50 MP + 8 MP Dual Rear ,2.0,50,8,,,,, 32 MP Front Camera,1,32,,Yes,Hybrid,1024.0,"Memory Card (Hybrid), upto 1 TB",Android v15,Android,8.0,Dimensity,MediaTek
252,oneplus,OnePlus Nord 5 (12GB RAM + 512GB),37999,,"Dual Sim, 5G, VoLTE, NFC, Wi-Fi, IR Blaster",True,True,True,"Snapdragon 8s Gen3, Octa Core, 3 GHz Processor",Snapdragon 8s Gen3,Octa Core,3.0,"12 GB RAM, 512 GB inbuilt",12.0,512.0,6800 mAh Battery with 80W Fast Charging,6800,80.0,True,"6.83 inches, 1272 x 2800 px, 144 Hz Display with Punch Hole",6.83,1272,2800,144.0,Punch Hole,50 MP + 8 MP Dual Rear & 50 MP Front Camera,50 MP + 8 MP Dual Rear ,2.0,50,8,,,,, 50 MP Front Camera,1,50,,,,,,Android v15,Android,8.0,Snapdragon,Qualcomm
253,realme,Realme Narzo 100x 5G,19958,58.0,"Dual Sim, 5G, VoLTE, Wi-Fi",True,False,False,"Dimensity 6300, Octa Core, 2.4 GHz Processor",Dimensity 6300,Octa Core,2.4,"4 GB RAM, 128 GB inbuilt",4.0,128.0,8000 mAh Battery with 45W Fast Charging,8000,45.0,True,"6.81 inches, 720 x 1570 px, 144 Hz Display with Punch Hole",6.81,720,1570,144.0,Punch Hole,50 MP Dual Rear & 8 MP Front Camera,50 MP Dual Rear ,2.0,50,,,,,, 8 MP Front Camera,1,8,,Yes,Hybrid,,Memory Card (Hybrid),Android v16,Android,8.0,Dimensity,MediaTek
254,samsung,Samsung Galaxy S24 FE (256GB),45999,71.0,"Dual Sim, 5G, VoLTE, Vo5G, NFC, eSIM, Wi-Fi",True,True,False,"Exynos 2400e, Deca Core, 3.11 GHz Processor",Exynos 2400e,Deca Core,3.11,"8 GB RAM, 256 GB inbuilt",8.0,256.0,4700 mAh Battery with 25W Fast Charging,4700,25.0,True,"6.7 inches, 1080 x 2340 px, 120 Hz Display with Punch Hole",6.7,1080,2340,120.0,Punch Hole,50 MP + 12 MP + 8 MP Triple Rear & 10 MP Front Camera,50 MP + 12 MP + 8 MP Triple Rear ,3.0,50,12,8,,,, 10 MP Front Camera,1,10,,No,Not Supported,,Memory Card Not Supported,Android v14,Android,10.0,Exynos,Samsung
255,realme,Realme 12X,11999,54.0,"Dual Sim, 5G, VoLTE, Wi-Fi",True,False,False,"Dimensity 6100 Plus, Octa Core, 2.2 GHz Processor",Dimensity 6100 Plus,Octa Core,2.2,"4 GB RAM, 128 GB inbuilt",4.0,128.0,5000 mAh Battery with 45W Fast Charging,5000,45.0,True,"6.72 inches, 1080 x 2400 px, 120 Hz Display with Punch Hole",6.72,1080,2400,120.0,Punch Hole,50 MP + 2 MP Dual Rear & 8 MP Front Camera,50 MP + 2 MP Dual Rear ,2.0,50,2,,,,, 8 MP Front Camera,1,8,,Yes,Dedicated,2048.0,"Memory Card Supported, upto 2 TB",Android v14,Android,8.0,Dimensity,MediaTek
256,samsung,Samsung Galaxy A35 5G,33999,63.0,"Dual Sim, 5G, VoLTE, NFC, Wi-Fi",True,True,False,"Exynos 1380, Octa Core, 2.4 GHz Processor",Exynos 1380,Octa Core,2.4,"8 GB RAM, 128 GB inbuilt",8.0,128.0,5000 mAh Battery with 25W Fast Charging,5000,25.0,True,"6.6 inches, 1080 x 2340 px, 120 Hz Display with Punch Hole",6.6,1080,2340,120.0,Punch Hole,50 MP + 8 MP + 5 MP Triple Rear & 13 MP Front Camera,50 MP + 8 MP + 5 MP Triple Rear ,3.0,50,8,5,,,, 13 MP Front Camera,1,13,,Yes,Hybrid,1024.0,"Memory Card (Hybrid), upto 1 TB",Android v14,Android,8.0,Exynos,Samsung
257,xiaomi,Xiaomi 17 5G,89999,,"Dual Sim, 5G, VoLTE, Vo5G, NFC, eSIM, Wi-Fi, IR Blaster",True,True,True,"Snapdragon 8 Elite Gen 5, Octa Core, 4.6 GHz Processor",Snapdragon 8 Elite Gen 5,Octa Core,4.6,"12 GB RAM, 512 GB inbuilt",12.0,512.0,6330 mAh Battery with 100W Fast Charging,6330,100.0,True,"6.3 inches, 1220 x 2656 px, 120 Hz Display with Punch Hole",6.3,1220,2656,120.0,Punch Hole,50 MP + 50 MP + 50 MP Triple Rear & 50 MP Front Camera,50 MP + 50 MP + 50 MP Triple Rear ,3.0,50,50,50,,,, 50 MP Front Camera,1,50,,,,,,Android v16,Android,8.0,Snapdragon,Qualcomm
258,samsung,Samsung Galaxy A17 5G (8GB RAM + 128GB),23499,59.0,"Dual Sim, 5G, VoLTE, NFC, Wi-Fi",True,True,False,"Exynos 1330, Octa Core, 2.4 GHz Processor",Exynos 1330,Octa Core,2.4,"8 GB RAM, 128 GB inbuilt",8.0,128.0,5000 mAh Battery with 25W Fast Charging,5000,25.0,True,"6.7 inches, 1080 x 2340 px, 90 Hz Display with Water Drop Notch",6.7,1080,2340,90.0,Water Drop Notch,50 MP + 5 MP + 2 MP Triple Rear & 13 MP Front Camera,50 MP + 5 MP + 2 MP Triple Rear ,3.0,50,5,2,,,, 13 MP Front Camera,1,13,,Yes,Hybrid,2048.0,"Memory Card (Hybrid), upto 2 TB",Android v15,Android,8.0,Exynos,Samsung
259,realme,Realme GT 7 (12GB RAM + 512GB),48999,,"Dual Sim, 5G, VoLTE, Vo5G, NFC, Wi-Fi, IR Blaster",True,True,True,"Dimensity 9400e, Octa Core, 3.4 GHz Processor",Dimensity 9400e,Octa Core,3.4,"12 GB RAM, 512 GB inbuilt",12.0,512.0,7000 mAh Battery with 120W Fast Charging,7000,120.0,True,"6.78 inches, 1264 x 2780 px, 120 Hz Display with Punch Hole",6.78,1264,2780,120.0,Punch Hole,50 MP + 50 MP + 8 MP Triple Rear & 32 MP Front Camera,50 MP + 50 MP + 8 MP Triple Rear ,3.0,50,50,8,,,, 32 MP Front Camera,1,32,,No,Not Supported,,Memory Card Not Supported,Android v15,Android,8.0,Dimensity,MediaTek
260,google,Google Pixel 9A,49699,68.0,"Dual Sim, 5G, VoLTE, NFC, eSIM, Wi-Fi",True,True,False,"Tensor G4, Octa Core, 3.1 GHz Processor",Tensor G4,Octa Core,3.1,"8 GB RAM, 256 GB inbuilt",8.0,256.0,5100 mAh Battery with 23W Fast Charging,5100,23.0,True,"6.3 inches, 1080 x 2424 px, 120 Hz Display with Punch Hole",6.3,1080,2424,120.0,Punch Hole,48 MP + 13 MP Dual Rear & 13 MP Front Camera,48 MP + 13 MP Dual Rear ,2.0,48,13,,,,, 13 MP Front Camera,1,13,,No,Not Supported,,Memory Card Not Supported,Android v15,Android,8.0,Tensor,Google
261,xiaomi,Xiaomi Redmi Note 13 Pro Plus 5G,33900,74.0,"Dual Sim, 5G, VoLTE, NFC, Wi-Fi, IR Blaster",True,True,True,"Dimensity 7200 Ultra, Octa Core, 2.8 GHz Processor",Dimensity 7200 Ultra,Octa Core,2.8,"8 GB RAM, 256 GB inbuilt",8.0,256.0,5000 mAh Battery with 120W Fast Charging,5000,120.0,True,"6.67 inches, 1220 x 2712 px, 120 Hz Display with Punch Hole",6.67,1220,2712,120.0,Punch Hole,200 MP + 8 MP + 2 MP Triple Rear & 16 MP Front Camera,200 MP + 8 MP + 2 MP Triple Rear ,3.0,200,8,2,,,, 16 MP Front Camera,1,16,,No,Not Supported,,Memory Card Not Supported,Android v13,Android,8.0,Dimensity,MediaTek
262,nothing,Nothing Phone 3a Lite,27999,63.0,"Dual Sim, 5G, VoLTE, NFC, Wi-Fi",True,True,False,"Dimensity 7300 Pro, Octa Core, 2.5 GHz Processor",Dimensity 7300 Pro,Octa Core,2.5,"8 GB RAM, 128 GB inbuilt",8.0,128.0,5000 mAh Battery with 33W Fast Charging,5000,33.0,True,"6.77 inches, 1084 x 2392 px, 120 Hz Display with Punch Hole",6.77,1084,2392,120.0,Punch Hole,50 MP + 8 MP + 2 MP Triple Rear & 16 MP Front Camera,50 MP + 8 MP + 2 MP Triple Rear ,3.0,50,8,2,,,, 16 MP Front Camera,1,16,,Yes,Hybrid,2048.0,"Memory Card (Hybrid), upto 2 TB",Android v15,Android,8.0,Dimensity,MediaTek
263,xiaomi,Xiaomi 17T 5G,64999,,"Dual Sim, 5G, VoLTE, NFC, eSIM, Wi-Fi, IR Blaster",True,True,True,"Dimensity 8500 Ultra, Octa Core, 3.4 GHz Processor",Dimensity 8500 Ultra,Octa Core,3.4,"12 GB RAM, 256 GB inbuilt",12.0,256.0,6500 mAh Battery with 67W Fast Charging,6500,67.0,True,"6.59 inches, 1268 x 2756 px, 120 Hz Display with Punch Hole",6.59,1268,2756,120.0,Punch Hole,50 MP + 50 MP + 12 MP Triple Rear & 32 MP Front Camera,50 MP + 50 MP + 12 MP Triple Rear ,3.0,50,50,12,,,, 32 MP Front Camera,1,32,,,,,,Android v16,Android,8.0,Dimensity,MediaTek
264,oppo,OPPO Find X9 Ultra,169999,,"Dual Sim, 5G, VoLTE, NFC, eSIM, Wi-Fi, IR Blaster",True,True,True,"Snapdragon 8 Elite Gen5, Octa Core, 4.6 GHz Processor",Snapdragon 8 Elite Gen5,Octa Core,4.6,"12 GB RAM, 512 GB inbuilt",12.0,512.0,7050 mAh Battery with 100W Fast Charging,7050,100.0,True,"6.82 inches, 1440 x 3168 px, 144 Hz Display with Punch Hole",6.82,1440,3168,144.0,Punch Hole,200 MP Penta Rear & 50 MP Front Camera,200 MP Penta Rear ,5.0,200,,,,,, 50 MP Front Camera,1,50,,No,Not Supported,,Memory Card Not Supported,Android v16,Android,8.0,Snapdragon,Qualcomm
265,iqoo,iQOO Z11x,27999,64.0,"Dual Sim, 5G, VoLTE, Wi-Fi, IR Blaster",True,False,True,"Dimensity 7400 Turbo, Octa Core, 2.6 GHz Processor",Dimensity 7400 Turbo,Octa Core,2.6,"6 GB RAM, 128 GB inbuilt",6.0,128.0,7200 mAh Battery with 44W Fast Charging,7200,44.0,True,"6.76 inches, 1080 x 2344 px, 120 Hz Display with Punch Hole",6.76,1080,2344,120.0,Punch Hole,50 MP + 2 MP Dual Rear & 32 MP Front Camera,50 MP + 2 MP Dual Rear ,2.0,50,2,,,,, 32 MP Front Camera,1,32,,,,,,Android v16,Android,8.0,Dimensity,MediaTek
266,apple,Apple iPhone 18 Pro (1TB),239900,,"Dual Sim, 5G, VoLTE, NFC, eSIM, Wi-Fi",True,True,False,"Apple A20 Pro, Hexa Core Processor",Apple A20 Pro,Hexa Core,,"12 GB RAM, 1 TB inbuilt",12.0,1.0,4056 mAh Battery with Fast Charging,4056,,True,"6.3 inches, 1206 x 2622 px, 120 Hz Display with Dynamic Island",6.3,1206,2622,120.0,Dynamic Island,48 MP + 48 MP + 48 MP Triple Rear & 18 MP Front Camera,48 MP + 48 MP + 48 MP Triple Rear ,3.0,48,48,48,,,, 18 MP Front Camera,1,18,,No,Not Supported,,Memory Card Not Supported,iOS v27,iOS,6.0,Apple,Apple
267,realme,Realme Narzo Power 5G,29996,74.0,"Dual Sim, 5G, VoLTE, Wi-Fi, IR Blaster",True,False,True,"Dimensity 7400 Ultra, Octa Core, 2.6 GHz Processor",Dimensity 7400 Ultra,Octa Core,2.6,"8 GB RAM, 128 GB inbuilt",8.0,128.0,10001 mAh Battery with 80W Fast Charging,10001,80.0,True,"6.8 inches, 1280 x 2800 px, 144 Hz Display with Punch Hole",6.8,1280,2800,144.0,Punch Hole,50 MP + 8 MP Dual Rear & 16 MP Front Camera,50 MP + 8 MP Dual Rear ,2.0,50,8,,,,, 16 MP Front Camera,1,16,,No,Not Supported,,Memory Card Not Supported,Android v16,Android,8.0,Dimensity,MediaTek
268,vivo,Vivo X300 Pro 5G,119999,,"Dual Sim, 5G, VoLTE, NFC, Wi-Fi, IR Blaster",True,True,True,"Dimensity 9500, Octa Core, 4.21 GHz Processor",Dimensity 9500,Octa Core,4.21,"16 GB RAM, 512 GB inbuilt",16.0,512.0,6510 mAh Battery with 90W Fast Charging,6510,90.0,True,"6.78 inches, 1260 x 2800 px, 120 Hz Display with Punch Hole",6.78,1260,2800,120.0,Punch Hole,200 MP + 50 MP + 50 MP Triple Rear & 50 MP Front Camera,200 MP + 50 MP + 50 MP Triple Rear ,3.0,200,50,50,,,, 50 MP Front Camera,1,50,,No,Not Supported,,Memory Card Not Supported,Android v16,Android,8.0,Dimensity,MediaTek
269,poco,Poco C75 5G,10999,50.0,"Dual Sim, 5G, VoLTE, Wi-Fi",True,False,False,"Snapdragon 4s Gen2, Octa Core, 2 GHz Processor",Snapdragon 4s Gen2,Octa Core,2.0,"4 GB RAM, 64 GB inbuilt",4.0,64.0,5160 mAh Battery with 18W Fast Charging,5160,18.0,True,"6.88 inches, 720 x 1650 px, 120 Hz Display with Water Drop Notch",6.88,720,1650,120.0,Water Drop Notch,50 MP Dual Rear & 5 MP Front Camera,50 MP Dual Rear ,2.0,50,,,,,, 5 MP Front Camera,1,5,,Yes,Dedicated,1024.0,"Memory Card Supported, upto 1 TB",Android v14,Android,8.0,Snapdragon,Qualcomm
270,xiaomi,Xiaomi Redmi Note 14 (8GB RAM + 128GB),22990,63.0,"Dual Sim, 5G, VoLTE, Wi-Fi, IR Blaster",True,False,True,"Dimensity 7025 Ultra, Octa Core, 2.5 GHz Processor",Dimensity 7025 Ultra,Octa Core,2.5,"8 GB RAM, 128 GB inbuilt",8.0,128.0,5110 mAh Battery with 45W Fast Charging,5110,45.0,True,"6.67 inches, 1080 x 2400 px, 120 Hz Display with Punch Hole",6.67,1080,2400,120.0,Punch Hole,50 MP + 8 MP + 2 MP Triple Rear & 20 MP Front Camera,50 MP + 8 MP + 2 MP Triple Rear ,3.0,50,8,2,,,, 20 MP Front Camera,1,20,,Yes,Hybrid,1024.0,"Memory Card (Hybrid), upto 1 TB",Android v14,Android,8.0,Dimensity,MediaTek
271,apple,Apple iPhone 16 Plus,79900,70.0,"Dual Sim, 5G, VoLTE, NFC, eSIM, Wi-Fi",True,True,False,"Bionic A18, Hexa Core, 4.04 GHz Processor",Bionic A18,Hexa Core,4.04,"8 GB RAM, 128 GB inbuilt",8.0,128.0,4674 mAh Battery with Fast Charging,4674,,True,"6.7 inches, 1290 x 2796 px Display with Dynamic Island",6.7,1290,2796,,Dynamic Island,48 MP + 12 MP Dual Rear & 12 MP Front Camera,48 MP + 12 MP Dual Rear ,2.0,48,12,,,,, 12 MP Front Camera,1,12,,No,Not Supported,,Memory Card Not Supported,iOS v18,iOS,6.0,Bionic,Apple
272,samsung,Samsung Galaxy S26 Ultra (12GB RAM + 512GB),150999,,"Dual Sim, 5G, VoLTE, Vo5G, NFC, eSIM, Wi-Fi",True,True,False,"Snapdragon 8 Elite Gen 5 for Galaxy, Octa Core, 4.74 GHz Processor",Snapdragon 8 Elite Gen 5 for Galaxy,Octa Core,4.74,"12 GB RAM, 512 GB inbuilt",12.0,512.0,5000 mAh Battery with 60W Fast Charging,5000,60.0,True,"6.9 inches, 1440 x 3120 px, 120 Hz Display with Punch Hole",6.9,1440,3120,120.0,Punch Hole,200 MP Quad Rear & 12 MP Front Camera,200 MP Quad Rear ,4.0,200,,,,,, 12 MP Front Camera,1,12,,No,Not Supported,,Memory Card Not Supported,Android v16,Android,8.0,Snapdragon,Qualcomm
273,xiaomi,Xiaomi Redmi Note 15 Pro 5G (8GB RAM + 256GB),33999,74.0,"Dual Sim, 5G, VoLTE, eSIM, Wi-Fi, IR Blaster",True,False,True,"Dimensity 7400 Ultra, Octa Core, 2.6 GHz Processor",Dimensity 7400 Ultra,Octa Core,2.6,"8 GB RAM, 256 GB inbuilt",8.0,256.0,6580 mAh Battery with 45W Fast Charging,6580,45.0,True,"6.83 inches, 1280 x 2772 px, 120 Hz Display with Punch Hole",6.83,1280,2772,120.0,Punch Hole,200 MP + 8 MP Dual Rear & 20 MP Front Camera,200 MP + 8 MP Dual Rear ,2.0,200,8,,,,, 20 MP Front Camera,1,20,,,,,,Android v15,Android,8.0,Dimensity,MediaTek
274,oppo,Oppo A6 Pro 5G,26999,62.0,"Dual Sim, 5G, Wi-Fi",True,False,False,"Dimensity 6300, Octa Core, 2.4 GHz Processor",Dimensity 6300,Octa Core,2.4,"8 GB RAM, 128 GB inbuilt",8.0,128.0,7000 mAh Battery with 80W Fast Charging,7000,80.0,True,"6.75 inches, 720 x 1570 px, 120 Hz Display with Punch Hole",6.75,720,1570,120.0,Punch Hole,50 MP Dual Rear & 16 MP Front Camera,50 MP Dual Rear ,2.0,50,,,,,, 16 MP Front Camera,1,16,,Yes,Hybrid,,Memory Card (Hybrid),Android v15,Android,8.0,Dimensity,MediaTek
275,oppo,Oppo F31 Pro Plus 5G,32999,70.0,"Dual Sim, 5G, VoLTE, Wi-Fi",True,False,False,"Snapdragon 7 Gen3, Octa Core, 2.63 GHz Processor",Snapdragon 7 Gen3,Octa Core,2.63,"8 GB RAM, 256 GB inbuilt",8.0,256.0,7000 mAh Battery with 80W Fast Charging,7000,80.0,True,"6.8 inches, 1280 x 2800 px, 120 Hz Display with Punch Hole",6.8,1280,2800,120.0,Punch Hole,50 MP + 2 MP Dual Rear & 32 MP Front Camera,50 MP + 2 MP Dual Rear ,2.0,50,2,,,,, 32 MP Front Camera,1,32,,,,,,Android v15,Android,8.0,Snapdragon,Qualcomm
276,samsung,Samsung Galaxy F15 5G,13499,53.0,"Dual Sim, 5G, VoLTE, Wi-Fi",True,False,False,"Dimensity 6100 Plus, Octa Core, 2.2 GHz Processor",Dimensity 6100 Plus,Octa Core,2.2,"4 GB RAM, 128 GB inbuilt",4.0,128.0,6000 mAh Battery with 25W Fast Charging,6000,25.0,True,"6.45 inches, 1080 x 2340 px, 90 Hz Display with Water Drop Notch",6.45,1080,2340,90.0,Water Drop Notch,50 MP + 5 MP + 2 MP Triple Rear & 13 MP Front Camera,50 MP + 5 MP + 2 MP Triple Rear ,3.0,50,5,2,,,, 13 MP Front Camera,1,13,,Yes,Hybrid,1024.0,"Memory Card (Hybrid), upto 1 TB",Android v14,Android,8.0,Dimensity,MediaTek
277,infinix,Infinix Note 30 5G (8GB RAM + 256GB),15999,62.0,"Dual Sim, 5G, VoLTE, NFC, Wi-Fi",True,True,False,"Dimensity 6080, Octa Core, 2.4 GHz Processor",Dimensity 6080,Octa Core,2.4,"8 GB RAM, 256 GB inbuilt",8.0,256.0,5000 mAh Battery with 45W Fast Charging,5000,45.0,True,"6.78 inches, 1080 x 2460 px, 120 Hz Display with Punch Hole",6.78,1080,2460,120.0,Punch Hole,108 MP + 2 MP Triple Rear & 16 MP Front Camera,108 MP + 2 MP Triple Rear ,3.0,108,2,,,,, 16 MP Front Camera,1,16,,Yes,Dedicated,2048.0,"Memory Card Supported, upto 2 TB",Android v13,Android,8.0,Dimensity,MediaTek
278,motorola,Motorola Moto G77 Power,25539,64.0,"Dual Sim, 5G, VoLTE, Wi-Fi",True,False,False,"Dimensity 6400, Octa Core, 2.5 GHz Processor",Dimensity 6400,Octa Core,2.5,"8 GB RAM, 128 GB inbuilt",8.0,128.0,7000 mAh Battery with 30W Fast Charging,7000,30.0,True,"6.72 inches, 1080 x 2400 px, 120 Hz Display with Punch Hole",6.72,1080,2400,120.0,Punch Hole,50 MP + 8 MP Dual Rear & 32 MP Front Camera,50 MP + 8 MP Dual Rear ,2.0,50,8,,,,, 32 MP Front Camera,1,32,,Yes,Hybrid,1024.0,"Memory Card (Hybrid), upto 1 TB",Android v16,Android,8.0,Dimensity,MediaTek
279,motorola,Motorola Edge 70 Fusion 5G (12GB RAM + 512GB),39490,74.0,"Dual Sim, 5G, VoLTE, Vo5G, NFC, Wi-Fi",True,True,False,"Snapdragon 7s Gen4, Octa Core, 2.7 GHz Processor",Snapdragon 7s Gen4,Octa Core,2.7,"12 GB RAM, 512 GB inbuilt",12.0,512.0,7000 mAh Battery with 68W Fast Charging,7000,68.0,True,"6.8 inches, 1272 x 2772 px, 144 Hz Display with Punch Hole",6.8,1272,2772,144.0,Punch Hole,50 MP + 13 MP + Dedicated 3-in-1 light sensor Triple Rear & 32 MP Front Camera,50 MP + 13 MP + Dedicated 3-in-1 light sensor Triple Rear ,3.0,50,13,,,,Dedicated 3-in-1 light sensor, 32 MP Front Camera,1,32,,,,,,Android v16,Android,8.0,Snapdragon,Qualcomm
280,ai+,Ai+ Nova 2 5G (6GB RAM + 128GB),14999,54.0,"Dual Sim, 5G, VoLTE, Wi-Fi",True,False,False,"Unisoc T8200, Octa Core, 2.3 GHz Processor",Unisoc T8200,Octa Core,2.3,"6 GB RAM, 128 GB inbuilt",6.0,128.0,6000 mAh Battery with 18W Fast Charging,6000,18.0,True,"6.74 inches, 720 x 1600 px, 120 Hz Display with Punch Hole",6.74,720,1600,120.0,Punch Hole,50 MP Rear & 8 MP Front Camera,50 MP Rear ,1.0,50,,,,,, 8 MP Front Camera,1,8,,Yes,Dedicated,1024.0,"Memory Card Supported, upto 1 TB",Android v16,Android,8.0,Unisoc,Unisoc
281,xiaomi,Xiaomi Redmi 15A 5G,16400,58.0,"Dual Sim, 5G, VoLTE, Wi-Fi, IR Blaster",True,False,True,"Unisoc T8300, Octa Core, 2.2 GHz Processor",Unisoc T8300,Octa Core,2.2,"4 GB RAM, 64 GB inbuilt",4.0,64.0,6300 mAh Battery with 33W Fast Charging,6300,33.0,True,"6.9 inches, 720 x 1600 px, 120 Hz Display with Punch Hole",6.9,720,1600,120.0,Punch Hole,32 MP Rear & 8 MP Front Camera,32 MP Rear ,1.0,32,,,,,, 8 MP Front Camera,1,8,,Yes,Hybrid,1024.0,"Memory Card (Hybrid), upto 1 TB",Android v16,Android,8.0,Unisoc,Unisoc
282,realme,Realme 16 5G,35499,68.0,"Dual Sim, 5G, VoLTE, Wi-Fi",True,False,False,"Dimensity 6400 Turbo, Octa Core, 2.5 GHz Processor",Dimensity 6400 Turbo,Octa Core,2.5,"8 GB RAM, 128 GB inbuilt",8.0,128.0,7000 mAh Battery with 60W Fast Charging,7000,60.0,True,"6.57 inches, 1080 x 2372 px, 120 Hz Display with Punch Hole",6.57,1080,2372,120.0,Punch Hole,50 MP + 2 MP Dual Rear & 50 MP Front Camera,50 MP + 2 MP Dual Rear ,2.0,50,2,,,,, 50 MP Front Camera,1,50,,Yes,Hybrid,,Memory Card (Hybrid),Android v16,Android,8.0,Dimensity,MediaTek
283,oneplus,OnePlus N6x,20999,,"Dual Sim, 5G, VoLTE, Wi-Fi",True,False,False,"Dimensity 6360 Apex, Octa Core Processor",Dimensity 6360 Apex,Octa Core,,"4 GB RAM, 64 GB inbuilt",4.0,64.0,7000 mAh Battery with 15W Fast Charging,7000,15.0,True,"6.8 inches, 720 x 1570 px, 120 Hz Display with Punch Hole",6.8,720,1570,120.0,Punch Hole,13 MP Rear & 5 MP Front Camera,13 MP Rear ,1.0,13,,,,,, 5 MP Front Camera,1,5,,Yes,Hybrid,2048.0,"Memory Card (Hybrid), upto 2 TB",Android v16,Android,8.0,Dimensity,MediaTek
284,realme,Realme GT 7,41999,,"Dual Sim, 5G, VoLTE, Vo5G, NFC, Wi-Fi, IR Blaster",True,True,True,"Dimensity 9400e, Octa Core, 3.4 GHz Processor",Dimensity 9400e,Octa Core,3.4,"8 GB RAM, 256 GB inbuilt",8.0,256.0,7000 mAh Battery with 120W Fast Charging,7000,120.0,True,"6.78 inches, 1264 x 2780 px, 120 Hz Display with Punch Hole",6.78,1264,2780,120.0,Punch Hole,50 MP + 50 MP + 8 MP Triple Rear & 32 MP Front Camera,50 MP + 50 MP + 8 MP Triple Rear ,3.0,50,50,8,,,, 32 MP Front Camera,1,32,,No,Not Supported,,Memory Card Not Supported,Android v15,Android,8.0,Dimensity,MediaTek
285,nothing,Nothing Phone 3a Pro (12GB RAM + 256GB),34999,68.0,"Dual Sim, 5G, VoLTE, NFC, Wi-Fi",True,True,False,"Snapdragon 7s Gen 3, Octa Core, 2.5 GHz Processor",Snapdragon 7s Gen 3,Octa Core,2.5,"12 GB RAM, 256 GB inbuilt",12.0,256.0,5000 mAh Battery with 50W Fast Charging,5000,50.0,True,"6.77 inches, 1080 x 2392 px, 120 Hz Display with Punch Hole",6.77,1080,2392,120.0,Punch Hole,50 MP + 50 MP + 8 MP Triple Rear & 50 MP Front Camera,50 MP + 50 MP + 8 MP Triple Rear ,3.0,50,50,8,,,, 50 MP Front Camera,1,50,,No,Not Supported,,Memory Card Not Supported,Android v15,Android,8.0,Snapdragon,Qualcomm
286,tecno,Tecno Pova Curve 2,31999,63.0,"Dual Sim, 5G, VoLTE, Wi-Fi, IR Blaster",True,False,True,"Dimensity 7100, Octa Core, 2.4 GHz Processor",Dimensity 7100,Octa Core,2.4,"8 GB RAM, 128 GB inbuilt",8.0,128.0,8000 mAh Battery with 45W Fast Charging,8000,45.0,True,"6.78 inches, 1208 x 2644 px, 144 Hz Display with Punch Hole",6.78,1208,2644,144.0,Punch Hole,50 MP + 2 MP Dual Rear & 13 MP Front Camera,50 MP + 2 MP Dual Rear ,2.0,50,2,,,,, 13 MP Front Camera,1,13,,,,,,Android v16,Android,8.0,Dimensity,MediaTek
287,samsung,Samsung Galaxy A07 5G (6GB RAM + 128GB),19599,57.0,"Dual Sim, 5G, VoLTE, Wi-Fi",True,False,False,"Dimensity 6300, Octa Core, 2.4 GHz Processor",Dimensity 6300,Octa Core,2.4,"6 GB RAM, 128 GB inbuilt",6.0,128.0,6000 mAh Battery with 25W Fast Charging,6000,25.0,True,"6.74 inches, 720 x 1600 px, 120 Hz Display with Water Drop Notch",6.74,720,1600,120.0,Water Drop Notch,50 MP + 2 MP Dual Rear & 8 MP Front Camera,50 MP + 2 MP Dual Rear ,2.0,50,2,,,,, 8 MP Front Camera,1,8,,Yes,Dedicated,2048.0,"Memory Card Supported, upto 2 TB",Android v16,Android,8.0,Dimensity,MediaTek
288,oppo,Oppo F31 5G,26999,64.0,"Dual Sim, 5G, VoLTE, Wi-Fi, IR Blaster",True,False,True,"Dimensity 6300, Octa Core, 2.4 GHz Processor",Dimensity 6300,Octa Core,2.4,"8 GB RAM, 128 GB inbuilt",8.0,128.0,7000 mAh Battery with 80W Fast Charging,7000,80.0,True,"6.57 inches, 1080 x 2412 px, 120 Hz Display with Punch Hole",6.57,1080,2412,120.0,Punch Hole,50 MP + 2 MP Dual Rear & 16 MP Front Camera,50 MP + 2 MP Dual Rear ,2.0,50,2,,,,, 16 MP Front Camera,1,16,,Yes,Hybrid,,Memory Card (Hybrid),Android v15,Android,8.0,Dimensity,MediaTek
289,samsung,Samsung Galaxy A56 5G (8GB RAM + 256GB),38942,64.0,"Dual Sim, 5G, VoLTE, NFC, eSIM, Wi-Fi",True,True,False,"Exynos 1580, Octa Core, 2.9 GHz Processor",Exynos 1580,Octa Core,2.9,"8 GB RAM, 256 GB inbuilt",8.0,256.0,5000 mAh Battery with 45W Fast Charging,5000,45.0,True,"6.7 inches, 1080 x 2340 px, 120 Hz Display with Punch Hole",6.7,1080,2340,120.0,Punch Hole,50 MP + 12 MP + 5 MP Triple Rear & 12 MP Front Camera,50 MP + 12 MP + 5 MP Triple Rear ,3.0,50,12,5,,,, 12 MP Front Camera,1,12,,,,,,Android v15,Android,8.0,Exynos,Samsung
290,oneplus,OnePlus 13 (16GB RAM+ 512GB),78990,,"Dual Sim, 5G, VoLTE, Vo5G, NFC, eSIM, Wi-Fi, IR Blaster",True,True,True,"Snapdragon 8 Elite, Octa Core, 4.32 GHz Processor",Snapdragon 8 Elite,Octa Core,4.32,"16 GB RAM, 512 GB inbuilt",16.0,512.0,6000 mAh Battery with 100W Fast Charging,6000,100.0,True,"6.82 inches, 1440 x 3168 px, 120 Hz Display with Punch Hole",6.82,1440,3168,120.0,Punch Hole,50 MP + 50 MP + 50 MP Triple Rear & 32 MP Front Camera,50 MP + 50 MP + 50 MP Triple Rear ,3.0,50,50,50,,,, 32 MP Front Camera,1,32,,No,Not Supported,,Memory Card Not Supported,Android v15,Android,8.0,Snapdragon,Qualcomm
291,motorola,Motorola Moto G54 5G,17999,59.0,"Dual Sim, 5G, VoLTE, Wi-Fi",True,False,False,"Dimensity 7020, Octa Core, 2.2 GHz Processor",Dimensity 7020,Octa Core,2.2,"8 GB RAM, 128 GB inbuilt",8.0,128.0,6000 mAh Battery with 33W Fast Charging,6000,33.0,True,"6.5 inches, 1080 x 2400 px, 120 Hz Display with Punch Hole",6.5,1080,2400,120.0,Punch Hole,50 MP + 8 MP Dual Rear & 16 MP Front Camera,50 MP + 8 MP Dual Rear ,2.0,50,8,,,,, 16 MP Front Camera,1,16,,Yes,Hybrid,1024.0,"Memory Card (Hybrid), upto 1 TB",Android v13,Android,8.0,Dimensity,MediaTek
292,vivo,Vivo T5 5G (8GB RAM + 128GB),39999,72.0,"Dual Sim, 5G, VoLTE, Wi-Fi, IR Blaster",True,False,True,"Dimensity 7500 Turbo, Octa Core, 2.6 GHz Processor",Dimensity 7500 Turbo,Octa Core,2.6,"8 GB RAM, 128 GB inbuilt",8.0,128.0,7050 mAh Battery with 44W Fast Charging,7050,44.0,True,"6.83 inches, 1260 x 2800 px, 144 Hz Display with Punch Hole",6.83,1260,2800,144.0,Punch Hole,50 MP + 8 MP Dual Rear & 32 MP Front Camera,50 MP + 8 MP Dual Rear ,2.0,50,8,,,,, 32 MP Front Camera,1,32,,No,Not Supported,,Memory Card Not Supported,Android v16,Android,8.0,Dimensity,MediaTek
293,vivo,Vivo T5 Pro 5G (8GB RAM + 256GB),45095,74.0,"Dual Sim, 5G, VoLTE, Vo5G, Wi-Fi, IR Blaster",True,False,True,"Snapdragon 7s Gen4, Octa Core, 2.7 GHz Processor",Snapdragon 7s Gen4,Octa Core,2.7,"8 GB RAM, 256 GB inbuilt",8.0,256.0,9020 mAh Battery with 90W Fast Charging,9020,90.0,True,"6.83 inches, 1260 x 2800 px, 144 Hz Display with Punch Hole",6.83,1260,2800,144.0,Punch Hole,50 MP + 2 MP Dual Rear & 32 MP Front Camera,50 MP + 2 MP Dual Rear ,2.0,50,2,,,,, 32 MP Front Camera,1,32,,No,Not Supported,,Memory Card Not Supported,Android v16,Android,8.0,Snapdragon,Qualcomm
294,ai+,Ai+ Nova 2 Ultra,20999,59.0,"Dual Sim, 5G, VoLTE, Wi-Fi",True,False,False,"Dimensity 7400, Octa Core, 2.6 GHz Processor",Dimensity 7400,Octa Core,2.6,"6 GB RAM, 128 GB inbuilt",6.0,128.0,6000 mAh Battery with Fast Charging,6000,,True,"6.78 inches, 2772 x 1272 px, 120 Hz Display with Punch Hole",6.78,2772,1272,120.0,Punch Hole,50 MP + 8 MP Dual Rear & 13 MP Front Camera,50 MP + 8 MP Dual Rear ,2.0,50,8,,,,, 13 MP Front Camera,1,13,,Yes,Hybrid,1024.0,"Memory Card (Hybrid), upto 1 TB",Android v16,Android,8.0,Dimensity,MediaTek
295,vivo,Vivo V70 FE 5G (12GB RAM + 256GB),45999,,"Dual Sim, 5G, VoLTE, NFC, Wi-Fi, IR Blaster",True,True,True,"Dimensity 7360 Turbo, Octa Core, 2.5 GHz Processor",Dimensity 7360 Turbo,Octa Core,2.5,"12 GB RAM, 256 GB inbuilt",12.0,256.0,7000 mAh Battery with 90W Fast Charging,7000,90.0,True,"6.83 inches, 1260 x 2800 px, 120 Hz Display with Punch Hole",6.83,1260,2800,120.0,Punch Hole,200 MP + 8 MP Dual Rear & 50 MP Front Camera,200 MP + 8 MP Dual Rear ,2.0,200,8,,,,, 50 MP Front Camera,1,50,,No,Not Supported,,Memory Card Not Supported,Android v16,Android,8.0,Dimensity,MediaTek
296,vivo,Vivo Y51 Pro,31999,62.0,"Dual Sim, 5G, VoLTE, Wi-Fi, IR Blaster",True,False,True,"Dimensity 7360 Turbo, Octa Core, 2.5 GHz Processor",Dimensity 7360 Turbo,Octa Core,2.5,"8 GB RAM, 128 GB inbuilt",8.0,128.0,7200 mAh Battery with 44W Fast Charging,7200,44.0,True,"6.75 inches, 720 x 1570 px, 120 Hz Display with Punch Hole",6.75,720,1570,120.0,Punch Hole,50 MP + 2 MP Dual Rear & 8 MP Front Camera,50 MP + 2 MP Dual Rear ,2.0,50,2,,,,, 8 MP Front Camera,1,8,,No,Not Supported,,Memory Card Not Supported,Android v16,Android,8.0,Dimensity,MediaTek
297,apple,Apple iPhone 17e,64900,63.0,"Dual Sim, 5G, VoLTE, NFC, eSIM, Wi-Fi",True,True,False,"Apple A19, Hexa Core Processor",Apple A19,Hexa Core,,"8 GB RAM, 256 GB inbuilt",8.0,256.0,4005 mAh Battery with Fast Charging,4005,,True,"6.1 inches, 1170 x 2532 px Display with Small Notch",6.1,1170,2532,,Small Notch,48 MP Rear & 12 MP Front Camera,48 MP Rear ,1.0,48,,,,,, 12 MP Front Camera,1,12,,No,Not Supported,,Memory Card Not Supported,iOS v26.3,iOS,6.0,Apple,Apple
298,iqoo,iQOO 15R (12GB RAM + 256GB),59999,,"Dual Sim, 5G, VoLTE, NFC, Wi-Fi, IR Blaster",True,True,True,"Snapdragon 8 Gen5, Octa Core, 3.8 GHz Processor",Snapdragon 8 Gen5,Octa Core,3.8,"12 GB RAM, 256 GB inbuilt",12.0,256.0,7600 mAh Battery with 100W Fast Charging,7600,100.0,True,"6.59 inches, 1260 x 2750 px, 144 Hz Display with Punch Hole",6.59,1260,2750,144.0,Punch Hole,50 MP + 8 MP Dual Rear & 32 MP Front Camera,50 MP + 8 MP Dual Rear ,2.0,50,8,,,,, 32 MP Front Camera,1,32,,,,,,Android v16,Android,8.0,Snapdragon,Qualcomm
299,poco,Poco M8,21499,61.0,"Dual Sim, 5G, VoLTE, Wi-Fi, IR Blaster",True,False,True,"Snapdragon 6 Gen3, Octa Core Processor",Snapdragon 6 Gen3,Octa Core,,"6 GB RAM, 128 GB inbuilt",6.0,128.0,5520 mAh Battery with 45W Fast Charging,5520,45.0,True,"6.77 inches, 1080 x 2392 px, 120 Hz Display with Punch Hole",6.77,1080,2392,120.0,Punch Hole,50 MP + 2 MP Dual Rear & 20 MP Front Camera,50 MP + 2 MP Dual Rear ,2.0,50,2,,,,, 20 MP Front Camera,1,20,,Yes,Hybrid,1024.0,"Memory Card (Hybrid), upto 1 TB",Android v15,Android,8.0,Snapdragon,Qualcomm
300,realme,Realme 15 Pro 5G,32999,72.0,"Dual Sim, 5G, VoLTE, Wi-Fi",True,False,False,"Snapdragon 7 Gen4, Octa Core, 2.8 GHz Processor",Snapdragon 7 Gen4,Octa Core,2.8,"8 GB RAM, 128 GB inbuilt",8.0,128.0,7000 mAh Battery with 80W Fast Charging,7000,80.0,True,"6.8 inches, 1280 x 2800 px, 144 Hz Display with Punch Hole",6.8,1280,2800,144.0,Punch Hole,50 MP + 50 MP Dual Rear & 50 MP Front Camera,50 MP + 50 MP Dual Rear ,2.0,50,50,,,,, 50 MP Front Camera,1,50,,,,,,Android v15,Android,8.0,Snapdragon,Qualcomm
301,xiaomi,Xiaomi 17 Ultra,139999,,"Dual Sim, 5G, VoLTE, Vo5G, NFC, eSIM, Wi-Fi, IR Blaster",True,True,True,"Snapdragon 8 Elite Gen 5, Octa Core, 4.6 GHz Processor",Snapdragon 8 Elite Gen 5,Octa Core,4.6,"16 GB RAM, 512 GB inbuilt",16.0,512.0,6000 mAh Battery with 90W Fast Charging,6000,90.0,True,"6.9 inches, 1200 x 2608 px, 120 Hz Display with Punch Hole",6.9,1200,2608,120.0,Punch Hole,200 MP + 50 MP + 50 MP Triple Rear & 50 MP Front Camera,200 MP + 50 MP + 50 MP Triple Rear ,3.0,200,50,50,,,, 50 MP Front Camera,1,50,,No,Not Supported,,Memory Card Not Supported,Android v16,Android,8.0,Snapdragon,Qualcomm
302,samsung,Samsung Galaxy S26 Ultra (16GB RAM + 1TB),180999,,"Dual Sim, 5G, VoLTE, Vo5G, NFC, eSIM, Wi-Fi",True,True,False,"Snapdragon 8 Elite Gen 5 for Galaxy, Octa Core, 4.74 GHz Processor",Snapdragon 8 Elite Gen 5 for Galaxy,Octa Core,4.74,"16 GB RAM, 1 TB inbuilt",16.0,1.0,5000 mAh Battery with 60W Fast Charging,5000,60.0,True,"6.9 inches, 1440 x 3120 px, 120 Hz Display with Punch Hole",6.9,1440,3120,120.0,Punch Hole,200 MP Quad Rear & 12 MP Front Camera,200 MP Quad Rear ,4.0,200,,,,,, 12 MP Front Camera,1,12,,No,Not Supported,,Memory Card Not Supported,Android v16,Android,8.0,Snapdragon,Qualcomm
303,oppo,Oppo Reno 15c,41999,68.0,"Dual Sim, 5G, Wi-Fi, IR Blaster",True,False,True,"Snapdragon 6 Gen1, Octa Core, 2.2 GHz Processor",Snapdragon 6 Gen1,Octa Core,2.2,"8 GB RAM, 256 GB inbuilt",8.0,256.0,7000 mAh Battery with 80W Fast Charging,7000,80.0,True,"6.57 inches, 1080 x 2372 px, 120 Hz Display with Punch Hole",6.57,1080,2372,120.0,Punch Hole,50 MP + 8 MP + 2 MP Triple Rear & 50 MP Front Camera,50 MP + 8 MP + 2 MP Triple Rear ,3.0,50,8,2,,,, 50 MP Front Camera,1,50,,,,,,Android v16,Android,8.0,Snapdragon,Qualcomm
304,samsung,Samsung Galaxy A17 5G (8GB RAM + 256GB),27999,61.0,"Dual Sim, 5G, VoLTE, NFC, Wi-Fi",True,True,False,"Exynos 1330, Octa Core, 2.4 GHz Processor",Exynos 1330,Octa Core,2.4,"8 GB RAM, 256 GB inbuilt",8.0,256.0,5000 mAh Battery with 25W Fast Charging,5000,25.0,True,"6.7 inches, 1080 x 2340 px, 90 Hz Display with Water Drop Notch",6.7,1080,2340,90.0,Water Drop Notch,50 MP + 5 MP + 2 MP Triple Rear & 13 MP Front Camera,50 MP + 5 MP + 2 MP Triple Rear ,3.0,50,5,2,,,, 13 MP Front Camera,1,13,,Yes,Hybrid,2048.0,"Memory Card (Hybrid), upto 2 TB",Android v15,Android,8.0,Exynos,Samsung
305,realme,Realme 14x (8GB RAM + 128GB),15999,57.0,"Dual Sim, 5G, VoLTE, Wi-Fi",True,False,False,"Dimensity 6300, Octa Core, 2.4 GHz Processor",Dimensity 6300,Octa Core,2.4,"8 GB RAM, 128 GB inbuilt",8.0,128.0,6000 mAh Battery with 45W Fast Charging,6000,45.0,True,"6.67 inches, 720 x 1604 px, 120 Hz Display with Punch Hole",6.67,720,1604,120.0,Punch Hole,50 MP + 2 MP Dual Rear & 8 MP Front Camera,50 MP + 2 MP Dual Rear ,2.0,50,2,,,,, 8 MP Front Camera,1,8,,Yes,Hybrid,,Memory Card (Hybrid),Android v14,Android,8.0,Dimensity,MediaTek
306,xiaomi,Xiaomi Redmi Note 14 Pro Plus (8GB RAM + 256GB),29839,72.0,"Dual Sim, 5G, VoLTE, Wi-Fi, IR Blaster",True,False,True,"Snapdragon 7s Gen3, Octa Core, 2.5 GHz Processor",Snapdragon 7s Gen3,Octa Core,2.5,"8 GB RAM, 256 GB inbuilt",8.0,256.0,6200 mAh Battery with 90W Fast Charging,6200,90.0,True,"6.67 inches, 1220 x 2712 px, 120 Hz Display with Punch Hole",6.67,1220,2712,120.0,Punch Hole,50 MP + 50 MP + 8 MP Triple Rear & 20 MP Front Camera,50 MP + 50 MP + 8 MP Triple Rear ,3.0,50,50,8,,,, 20 MP Front Camera,1,20,,No,Not Supported,,Memory Card Not Supported,Android v14,Android,8.0,Snapdragon,Qualcomm
307,jio,Jio JioPhone Prima 2 4G,2799,,"Single Sim, 4G, VoLTE, Wi-Fi",False,False,False,,,,,"512 MB RAM, 4 GB inbuilt",512.0,4.0,2000 mAh Battery,2000,,False,"2.4 inches, 240 x 320 px Display",2.4,240,320,,,0.3 MP Rear & 0.3 MP Front Camera,0.3 MP Rear ,1.0,0.3,,,,,, 0.3 MP Front Camera,1,0.3,,Yes,Dedicated,128.0,"Memory Card Supported, upto 128 GB",KaiOS v2.5.3,iOS,,,
308,samsung,Samsung Galaxy S23 Ultra (12GB RAM + 512GB),93900,,"Dual Sim, 5G, VoLTE, Vo5G, NFC, Wi-Fi",True,True,False,"Snapdragon 8 Gen 2, Octa Core, 3.36 GHz Processor",Snapdragon 8 Gen 2,Octa Core,3.36,"12 GB RAM, 512 GB inbuilt",12.0,512.0,5000 mAh Battery with 45W Fast Charging,5000,45.0,True,"6.8 inches, 1440 x 3088 px, 120 Hz Display with Punch Hole",6.8,1440,3088,120.0,Punch Hole,200 MP Quad Rear & 12 MP Front Camera,200 MP Quad Rear ,4.0,200,,,,,, 12 MP Front Camera,1,12,,No,Not Supported,,Memory Card Not Supported,Android v13,Android,8.0,Snapdragon,Qualcomm
309,tecno,Tecno Camon 50 Ultra,31999,70.0,"Dual Sim, 5G, NFC, Wi-Fi, IR Blaster",True,True,True,"Dimensity 7400 Ultimate, Octa Core, 2.6 GHz Processor",Dimensity 7400 Ultimate,Octa Core,2.6,"8 GB RAM, 256 GB inbuilt",8.0,256.0,6500 mAh Battery with 45W Fast Charging,6500,45.0,True,"6.78 inches, 1208 x 2644 px, 144 Hz Display",6.78,1208,2644,144.0,,50 MP + 50 MP + 8 MP Triple Rear & 50 MP Front Camera,50 MP + 50 MP + 8 MP Triple Rear ,3.0,50,50,8,,,, 50 MP Front Camera,1,50,,,,,,Android v16,Android,8.0,Dimensity,MediaTek
310,xiaomi,Xiaomi Redmi Note 15 SE 5G (8GB RAM + 128GB),26485,66.0,"Dual Sim, 5G, VoLTE, Wi-Fi, IR Blaster",True,False,True,"Snapdragon 6 Gen3, Octa Core, 2.4 GHz Processor",Snapdragon 6 Gen3,Octa Core,2.4,"8 GB RAM, 128 GB inbuilt",8.0,128.0,5800 mAh Battery with 45W Fast Charging,5800,45.0,True,"6.77 inches, 2392 x 1080 px, 120 Hz Display with Punch Hole",6.77,2392,1080,120.0,Punch Hole,50 MP + 2 MP Dual Rear & 20 MP Front Camera,50 MP + 2 MP Dual Rear ,2.0,50,2,,,,, 20 MP Front Camera,1,20,,Yes,Hybrid,1024.0,"Memory Card (Hybrid), upto 1 TB",Android v15,Android,8.0,Snapdragon,Qualcomm
311,oppo,Oppo Reno 15 Pro Mini (12GB RAM + 512GB),64999,,"Dual Sim, 5G, VoLTE, Wi-Fi, IR Blaster",True,False,True,"Dimensity 8450, Octa Core, 3.25 GHz Processor",Dimensity 8450,Octa Core,3.25,"12 GB RAM, 512 GB inbuilt",12.0,512.0,6200 mAh Battery with 80W Fast Charging,6200,80.0,True,"6.32 inches, 1216 x 2640 px, 120 Hz Display with Punch Hole",6.32,1216,2640,120.0,Punch Hole,200 MP + 50 MP + 50 MP Triple Rear & 50 MP Front Camera,200 MP + 50 MP + 50 MP Triple Rear ,3.0,200,50,50,,,, 50 MP Front Camera,1,50,,,,,,Android v16,Android,8.0,Dimensity,MediaTek
312,realme,Realme Narzo 90x (8GB+128GB),23499,59.0,"Dual Sim, 5G, VoLTE, Wi-Fi",True,False,False,"Dimensity 6300, Octa Core, 2.4 GHz Processor",Dimensity 6300,Octa Core,2.4,"8 GB RAM, 128 GB inbuilt",8.0,128.0,7000 mAh Battery with 60W Fast Charging,7000,60.0,True,"6.8 inches, 720 x 1570 px, 144 Hz Display with Punch Hole",6.8,720,1570,144.0,Punch Hole,50 MP + 2 MP Dual Rear & 8 MP Front Camera,50 MP + 2 MP Dual Rear ,2.0,50,2,,,,, 8 MP Front Camera,1,8,,Yes,Hybrid,2048.0,"Memory Card (Hybrid), upto 2 TB",Android v15,Android,8.0,Dimensity,MediaTek
313,apple,Apple iPhone 17 Pro Max (512GB),163990,,"Dual Sim, 5G, VoLTE, NFC, eSIM, Wi-Fi",True,True,False,"Apple A19 Pro, Hexa Core Processor",Apple A19 Pro,Hexa Core,,"12 GB RAM, 512 GB inbuilt",12.0,512.0,4832 mAh Battery with Fast Charging,4832,,True,"6.9 inches, 1320 x 2868 px, 120 Hz Display with Dynamic Island",6.9,1320,2868,120.0,Dynamic Island,48 MP + 48 MP + 48 MP Triple Rear & 18 MP Front Camera,48 MP + 48 MP + 48 MP Triple Rear ,3.0,48,48,48,,,, 18 MP Front Camera,1,18,,No,Not Supported,,Memory Card Not Supported,iOS v26,iOS,6.0,Apple,Apple
314,samsung,Samsung Galaxy S24 5G (Snapdragon +256GB),55999,72.0,"Dual Sim, 5G, VoLTE, Vo5G, NFC, eSIM, Wi-Fi",True,True,False,"Snapdragon 8 Gen3, Octa Core, 3.3 GHz Processor",Snapdragon 8 Gen3,Octa Core,3.3,"8 GB RAM, 256 GB inbuilt",8.0,256.0,4000 mAh Battery with 25W Fast Charging,4000,25.0,True,"6.2 inches, 1080 x 2340 px, 120 Hz Display with Punch Hole",6.2,1080,2340,120.0,Punch Hole,50 MP + 12 MP + 10 MP Triple Rear & 12 MP Front Camera,50 MP + 12 MP + 10 MP Triple Rear ,3.0,50,12,10,,,, 12 MP Front Camera,1,12,,,,,,Android v15,Android,8.0,Snapdragon,Qualcomm
315,realme,Realme P4 5G,25999,64.0,"Dual Sim, 5G, VoLTE, Wi-Fi, IR Blaster",True,False,True,"Dimensity 7400 Ultra, Octa Core, 2.6 GHz Processor",Dimensity 7400 Ultra,Octa Core,2.6,"6 GB RAM, 128 GB inbuilt",6.0,128.0,7000 mAh Battery with 80W Fast Charging,7000,80.0,True,"6.77 inches, 1080 x 2392 px, 144 Hz Display with Punch Hole",6.77,1080,2392,144.0,Punch Hole,50 MP + 8 MP Dual Rear & 16 MP Front Camera,50 MP + 8 MP Dual Rear ,2.0,50,8,,,,, 16 MP Front Camera,1,16,,,,,,Android v15,Android,8.0,Dimensity,MediaTek
316,vivo,Vivo X300 FE (8GB RAM + 256GB),81999,,"Dual Sim, 5G, VoLTE, NFC, eSIM, Wi-Fi, IR Blaster",True,True,True,"Snapdragon 8 Gen5, Octa Core, 3.8 GHz Processor",Snapdragon 8 Gen5,Octa Core,3.8,"8 GB RAM, 256 GB inbuilt",8.0,256.0,6500 mAh Battery with 90W Fast Charging,6500,90.0,True,"6.31 inches, 1216 x 2640 px, 120 Hz Display with Punch Hole",6.31,1216,2640,120.0,Punch Hole,50 MP + 50 MP + 8 MP Triple Rear & 50 MP Front Camera,50 MP + 50 MP + 8 MP Triple Rear ,3.0,50,50,8,,,, 50 MP Front Camera,1,50,,No,Not Supported,,Memory Card Not Supported,Android v16,Android,8.0,Snapdragon,Qualcomm
317,apple,Apple iPhone 15 (256GB),69900,66.0,"Dual Sim, 5G, VoLTE, NFC, eSIM, Wi-Fi",True,True,False,"Bionic A16, Hexa Core, 3.46 GHz Processor",Bionic A16,Hexa Core,3.46,"6 GB RAM, 256 GB inbuilt",6.0,256.0,3349 mAh Battery with Fast Charging,3349,,True,"6.1 inches, 1179 x 2556 px Display with Dynamic Island",6.1,1179,2556,,Dynamic Island,48 MP + 12 MP Dual Rear & 12 MP Front Camera,48 MP + 12 MP Dual Rear ,2.0,48,12,,,,, 12 MP Front Camera,1,12,,No,Not Supported,,Memory Card Not Supported,iOS v17,iOS,6.0,Bionic,Apple
318,google,Google Pixel 6A,24999,,"Dual Sim, 5G, VoLTE, NFC, eSIM, Wi-Fi",True,True,False,"Tensor , Octa Core Processor",Tensor ,Octa Core,,"6 GB RAM, 128 GB inbuilt",6.0,128.0,4410 mAh Battery with Fast Charging,4410,,True,"6.14 inches, 1080 x 2400 px Display with Punch Hole",6.14,1080,2400,,Punch Hole,12.2 MP + 12 MP Dual Rear & 8 MP Front Camera,12.2 MP + 12 MP Dual Rear ,2.0,12.2,12,,,,, 8 MP Front Camera,1,8,,No,Not Supported,,Memory Card Not Supported,Android v12,Android,8.0,Tensor,Google
319,oppo,Oppo F33,34999,63.0,"Dual Sim, 5G, VoLTE, Wi-Fi, IR Blaster",True,False,True,"Dimensity 6360 MAX, Octa Core Processor",Dimensity 6360 MAX,Octa Core,,"6 GB RAM, 128 GB inbuilt",6.0,128.0,7000 mAh Battery with 80W Fast Charging,7000,80.0,True,"6.57 inches, 1080 x 2372 px, 120 Hz Display with Punch Hole",6.57,1080,2372,120.0,Punch Hole,50 MP + 2 MP Dual Rear & 16 MP Front Camera,50 MP + 2 MP Dual Rear ,2.0,50,2,,,,, 16 MP Front Camera,1,16,,Yes,Hybrid,,Memory Card (Hybrid),Android v16,Android,8.0,Dimensity,MediaTek
320,poco,Poco C85x 5G (4GB RAM + 128GB),15500,53.0,"Dual Sim, 5G, VoLTE, Wi-Fi",True,False,False,"Unisoc T8300, Octa Core, 2.2 GHz Processor",Unisoc T8300,Octa Core,2.2,"4 GB RAM, 128 GB inbuilt",4.0,128.0,6300 mAh Battery with 15W Fast Charging,6300,15.0,True,"6.9 inches, 720 x 1600 px, 120 Hz Display with Punch Hole",6.9,720,1600,120.0,Punch Hole,32 MP Rear & 8 MP Front Camera,32 MP Rear ,1.0,32,,,,,, 8 MP Front Camera,1,8,,Yes,Dedicated,2048.0,"Memory Card Supported, upto 2 TB",Android v16,Android,8.0,Unisoc,Unisoc
321,realme,Realme C83 5G,16499,52.0,"Dual Sim, 5G, VoLTE, Wi-Fi",True,False,False,"Dimensity 6300, Octa Core, 2.4 GHz Processor",Dimensity 6300,Octa Core,2.4,"4 GB RAM, 64 GB inbuilt",4.0,64.0,7000 mAh Battery with 15W Fast Charging,7000,15.0,True,"6.8 inches, 720 x 1570 px, 144 Hz Display with Punch Hole",6.8,720,1570,144.0,Punch Hole,13 MP Rear & 5 MP Front Camera,13 MP Rear ,1.0,13,,,,,, 5 MP Front Camera,1,5,,Yes,Hybrid,2048.0,"Memory Card (Hybrid), upto 2 TB",Android v16,Android,8.0,Dimensity,MediaTek
322,oppo,OPPO K14x 5G  (6GB RAM + 128GB),21690,55.0,"Dual Sim, 5G, VoLTE, Wi-Fi",True,False,False,"Dimensity 6300, Octa Core, 2.4 GHz Processor",Dimensity 6300,Octa Core,2.4,"6 GB RAM, 128 GB inbuilt",6.0,128.0,6500 mAh Battery with 45W Fast Charging,6500,45.0,True,"6.75 inches, 720 x 1570 px, 120 Hz Display with Punch Hole",6.75,720,1570,120.0,Punch Hole,50 MP + 2 MP Dual Rear & 5 MP Front Camera,50 MP + 2 MP Dual Rear ,2.0,50,2,,,,, 5 MP Front Camera,1,5,,Yes,Hybrid,,Memory Card (Hybrid),Android v15,Android,8.0,Dimensity,MediaTek
323,lava,Lava Agni 4 5G,30999,70.0,"Dual Sim, 5G, VoLTE, Vo5G, Wi-Fi",True,False,False,"Dimensity 8350, Octa Core, 3.35 GHz Processor",Dimensity 8350,Octa Core,3.35,"8 GB RAM, 256 GB inbuilt",8.0,256.0,5000 mAh Battery with 66W Fast Charging,5000,66.0,True,"6.67 inches, 1220 x 2712 px, 120 Hz Display with Punch Hole",6.67,1220,2712,120.0,Punch Hole,50 MP + 8 MP Dual Rear & 50 MP Front Camera,50 MP + 8 MP Dual Rear ,2.0,50,8,,,,, 50 MP Front Camera,1,50,,No,Not Supported,,Memory Card Not Supported,Android v15,Android,8.0,Dimensity,MediaTek
324,realme,Realme P4 Pro 5G (12GB RAM + 256GB),32999,74.0,"Dual Sim, 5G, VoLTE, Wi-Fi, IR Blaster",True,False,True,"Snapdragon 7 Gen 4, Octa Core Processor",Snapdragon 7 Gen 4,Octa Core,,"12 GB RAM, 256 GB inbuilt",12.0,256.0,7000 mAh Battery with 80W Fast Charging,7000,80.0,True,"6.8 inches, 1280 x 2800 px, 144 Hz Display with Punch Hole",6.8,1280,2800,144.0,Punch Hole,50 MP + 8 MP Dual Rear & 50 MP Front Camera,50 MP + 8 MP Dual Rear ,2.0,50,8,,,,, 50 MP Front Camera,1,50,,,,,,Android v15,Android,8.0,Snapdragon,Qualcomm
325,oneplus,OnePlus Nord CE 4 5G,32499,66.0,"Dual Sim, 5G, VoLTE, Wi-Fi, IR Blaster",True,False,True,"Snapdragon 7 Gen3, Octa Core, 2.63 GHz Processor",Snapdragon 7 Gen3,Octa Core,2.63,"8 GB RAM, 128 GB inbuilt",8.0,128.0,5500 mAh Battery with 100W Fast Charging,5500,100.0,True,"6.7 inches, 1080 x 2412 px, 120 Hz Display with Punch Hole",6.7,1080,2412,120.0,Punch Hole,50 MP + 8 MP Dual Rear & 16 MP Front Camera,50 MP + 8 MP Dual Rear ,2.0,50,8,,,,, 16 MP Front Camera,1,16,,Yes,Hybrid,1024.0,"Memory Card (Hybrid), upto 1 TB",Android v14,Android,8.0,Snapdragon,Qualcomm
326,iqoo,iQOO Z11 Lite 5G,19999,55.0,"Dual Sim, 5G, VoLTE, Wi-Fi",True,False,False,"Dimensity 6300, Octa Core, 2.4 GHz Processor",Dimensity 6300,Octa Core,2.4,"4 GB RAM, 128 GB inbuilt",4.0,128.0,6500 mAh Battery with 44W Fast Charging,6500,44.0,True,"6.74 inches, 720 x 1600 px, 120 Hz Display with Water Drop Notch",6.74,720,1600,120.0,Water Drop Notch,50 MP + 0.08 MP Dual Rear & 5 MP Front Camera,50 MP + 0.08 MP Dual Rear ,2.0,50,0.08,,,,, 5 MP Front Camera,1,5,,Yes,Hybrid,2048.0,"Memory Card (Hybrid), upto 2 TB",Android v16,Android,8.0,Dimensity,MediaTek
327,samsung,Samsung Galaxy M47 5G (8GB RAM + 128 GB),30888,67.0,"Dual Sim, 5G, VoLTE, NFC, Wi-Fi",True,True,False,"Snapdragon 6 Gen3, Octa Core, 2.4 GHz Processor",Snapdragon 6 Gen3,Octa Core,2.4,"8 GB RAM, 128 GB inbuilt",8.0,128.0,6000 mAh Battery with 45W Fast Charging,6000,45.0,True,"6.7 inches, 1080 x 2340 px, 120 Hz Display with Punch Hole",6.7,1080,2340,120.0,Punch Hole,50 MP + 5 MP + 2 MP Triple Rear & 12 MP Front Camera,50 MP + 5 MP + 2 MP Triple Rear ,3.0,50,5,2,,,, 12 MP Front Camera,1,12,,Yes,Hybrid,1024.0,"Memory Card (Hybrid), upto 1 TB",Android v16,Android,8.0,Snapdragon,Qualcomm
328,oppo,Oppo Find X9s,84999,,"Dual Sim, 5G, VoLTE, NFC, eSIM, Wi-Fi, IR Blaster",True,True,True,"Dimensity 9500s, Octa Core, 3.73 GHz Processor",Dimensity 9500s,Octa Core,3.73,"12 GB RAM, 256 GB inbuilt",12.0,256.0,7025 mAh Battery with 80W Fast Charging,7025,80.0,True,"6.59 inches, 1216 x 2640 px, 120 Hz Display with Punch Hole",6.59,1216,2640,120.0,Punch Hole,50 MP + 50 MP + 50 MP Triple Rear & 32 MP Front Camera,50 MP + 50 MP + 50 MP Triple Rear ,3.0,50,50,50,,,, 32 MP Front Camera,1,32,,No,Not Supported,,Memory Card Not Supported,Android v16,Android,8.0,Dimensity,MediaTek
329,iqoo,iQOO Z11 Lite 5G (4GB RAM + 64GB),17499,55.0,"Dual Sim, 5G, VoLTE, Wi-Fi",True,False,False,"Dimensity 6300, Octa Core, 2.4 GHz Processor",Dimensity 6300,Octa Core,2.4,"4 GB RAM, 64 GB inbuilt",4.0,64.0,6500 mAh Battery with 44W Fast Charging,6500,44.0,True,"6.74 inches, 720 x 1600 px, 120 Hz Display with Water Drop Notch",6.74,720,1600,120.0,Water Drop Notch,50 MP + 0.08 MP Dual Rear & 5 MP Front Camera,50 MP + 0.08 MP Dual Rear ,2.0,50,0.08,,,,, 5 MP Front Camera,1,5,,Yes,Hybrid,2048.0,"Memory Card (Hybrid), upto 2 TB",Android v16,Android,8.0,Dimensity,MediaTek
330,nothing,Nothing Phone 4a (8GB RAM + 256GB),40248,71.0,"Dual Sim, 5G, VoLTE, Wi-Fi",True,False,False,"Snapdragon 7s Gen4, Octa Core, 2.7 GHz Processor",Snapdragon 7s Gen4,Octa Core,2.7,"8 GB RAM, 256 GB inbuilt",8.0,256.0,5400 mAh Battery with 50W Fast Charging,5400,50.0,True,"6.78 inches, 1224 x 2720 px, 120 Hz Display with Punch Hole",6.78,1224,2720,120.0,Punch Hole,50 MP + 50 MP + 8 MP Triple Rear & 32 MP Front Camera,50 MP + 50 MP + 8 MP Triple Rear ,3.0,50,50,8,,,, 32 MP Front Camera,1,32,,,,,,Android v16,Android,8.0,Snapdragon,Qualcomm
331,samsung,Samsung Galaxy F70 Pro 5G (8GB RAM + 256GB),35579,67.0,"Dual Sim, 5G, VoLTE, Wi-Fi",True,False,False,"Snapdragon 6 Gen3, Octa Core, 2.4 GHz Processor",Snapdragon 6 Gen3,Octa Core,2.4,"8 GB RAM, 256 GB inbuilt",8.0,256.0,6000 mAh Battery with 45W Fast Charging,6000,45.0,True,"6.7 inches, 1080 x 2340 px, 120 Hz Display with Punch Hole",6.7,1080,2340,120.0,Punch Hole,50 MP + 5 MP + 2 MP Triple Rear & 12 MP Front Camera,50 MP + 5 MP + 2 MP Triple Rear ,3.0,50,5,2,,,, 12 MP Front Camera,1,12,,Yes,Hybrid,2048.0,"Memory Card (Hybrid), upto 2 TB",Android v16,Android,8.0,Snapdragon,Qualcomm
332,poco,Poco M8x 5G (6GB RAM + 128GB),21580,62.0,"Dual Sim, 5G, VoLTE, Wi-Fi, IR Blaster",True,False,True,"Snapdragon 4 Gen5, Octa Core, 2.4 GHz Processor",Snapdragon 4 Gen5,Octa Core,2.4,"6 GB RAM, 128 GB inbuilt",6.0,128.0,7900 mAh Battery with 45W Fast Charging,7900,45.0,True,"6.9 inches, 720 x 1600 px, 120 Hz Display with Punch Hole",6.9,720,1600,120.0,Punch Hole,50 MP Dual Rear & 8 MP Front Camera,50 MP Dual Rear ,2.0,50,,,,,, 8 MP Front Camera,1,8,,Yes,Dedicated,1024.0,"Memory Card Supported, upto 1 TB",Android v16,Android,8.0,Snapdragon,Qualcomm
333,samsung,Samsung Galaxy A06 5G (4GB RAM + 128GB),12999,52.0,"Dual Sim, 5G, VoLTE, Wi-Fi",True,False,False,"Dimensity 6300, Octa Core, 2.4 GHz Processor",Dimensity 6300,Octa Core,2.4,"4 GB RAM, 128 GB inbuilt",4.0,128.0,5000 mAh Battery with 25W Fast Charging,5000,25.0,True,"6.7 inches, 720 x 1600 px, 90 Hz Display with Water Drop Notch",6.7,720,1600,90.0,Water Drop Notch,50 MP + 2 MP Dual Rear & 8 MP Front Camera,50 MP + 2 MP Dual Rear ,2.0,50,2,,,,, 8 MP Front Camera,1,8,,Yes,Dedicated,1024.0,"Memory Card Supported, upto 1 TB",Android v15,Android,8.0,Dimensity,MediaTek
334,samsung,Samsung Galaxy S25 Plus,79999,79.0,"Dual Sim, 5G, VoLTE, Vo5G, NFC, eSIM, Wi-Fi",True,True,False,"Snapdragon 8 Elite, Octa Core, 4.47 GHz Processor",Snapdragon 8 Elite,Octa Core,4.47,"12 GB RAM, 256 GB inbuilt",12.0,256.0,4900 mAh Battery with 45W Fast Charging,4900,45.0,True,"6.7 inches, 1440 x 3120 px, 120 Hz Display with Punch Hole",6.7,1440,3120,120.0,Punch Hole,50 MP + 12 MP + 10 MP Triple Rear & 12 MP Front Camera,50 MP + 12 MP + 10 MP Triple Rear ,3.0,50,12,10,,,, 12 MP Front Camera,1,12,,,,,,Android v15,Android,8.0,Snapdragon,Qualcomm
335,motorola,Motorola Edge 50 Ultra 5G,44999,,"Dual Sim, 5G, VoLTE, Vo5G, NFC, eSIM, Wi-Fi",True,True,False,"Snapdragon 8s Gen3, Octa Core, 3 GHz Processor",Snapdragon 8s Gen3,Octa Core,3.0,"12 GB RAM, 512 GB inbuilt",12.0,512.0,4500 mAh Battery with 125W Fast Charging,4500,125.0,True,"6.7 inches, 1220 x 2712 px, 144 Hz Display with Punch Hole",6.7,1220,2712,144.0,Punch Hole,64 MP + 50 MP + 50 MP Triple Rear & 50 MP Front Camera,64 MP + 50 MP + 50 MP Triple Rear ,3.0,64,50,50,,,, 50 MP Front Camera,1,50,,,,,,Android v14,Android,8.0,Snapdragon,Qualcomm
336,motorola,Motorola Edge 50 Fusion,26990,67.0,"Dual Sim, 5G, VoLTE, Vo5G, NFC, Wi-Fi",True,True,False,"Snapdragon 7s Gen2, Octa Core, 2.4 GHz Processor",Snapdragon 7s Gen2,Octa Core,2.4,"8 GB RAM, 128 GB inbuilt",8.0,128.0,5000 mAh Battery with 68W Fast Charging,5000,68.0,True,"6.67 inches, 1080 x 2400 px, 144 Hz Display with Punch Hole",6.67,1080,2400,144.0,Punch Hole,50 MP + 13 MP Dual Rear & 32 MP Front Camera,50 MP + 13 MP Dual Rear ,2.0,50,13,,,,, 32 MP Front Camera,1,32,,No,Not Supported,,Memory Card Not Supported,Android v14,Android,8.0,Snapdragon,Qualcomm
337,realme,Realme 16x 5G,22599,57.0,"Dual Sim, 5G, VoLTE, Wi-Fi",True,False,False,"Dimensity 6300, Octa Core, 2.4 GHz Processor",Dimensity 6300,Octa Core,2.4,"4 GB RAM, 128 GB inbuilt",4.0,128.0,7000 mAh Battery with 45W Fast Charging,7000,45.0,True,"6.81 inches, 1570 x 720 px, 144 Hz Display with Punch Hole",6.81,1570,720,144.0,Punch Hole,50 MP Rear & 8 MP Front Camera,50 MP Rear ,1.0,50,,,,,, 8 MP Front Camera,1,8,,Yes,Hybrid,,Memory Card (Hybrid),Android v16,Android,8.0,Dimensity,MediaTek
338,realme,Realme P4x 5G (8GB RAM + 128GB),23399,62.0,"Dual Sim, 5G, VoLTE, Wi-Fi",True,False,False,"Dimensity 7400 Ultra, Octa Core, 2.6 GHz Processor",Dimensity 7400 Ultra,Octa Core,2.6,"8 GB RAM, 128 GB inbuilt",8.0,128.0,7000 mAh Battery with 45W Fast Charging,7000,45.0,True,"6.72 inches, 1080 x 2400 px, 144 Hz Display with Punch Hole",6.72,1080,2400,144.0,Punch Hole,50 MP + 2 MP Dual Rear & 8 MP Front Camera,50 MP + 2 MP Dual Rear ,2.0,50,2,,,,, 8 MP Front Camera,1,8,,,,,,Android v15,Android,8.0,Dimensity,MediaTek
339,apple,Apple iPhone Air,101900,64.0,"Dual Sim, 5G, VoLTE, NFC, eSIM, Wi-Fi",True,True,False,"Apple A19 Pro, Hexa Core Processor",Apple A19 Pro,Hexa Core,,"8 GB RAM, 256 GB inbuilt",8.0,256.0,3149 mAh Battery with Fast Charging,3149,,True,"6.5 inches, 1260 x 2736 px Display with Dynamic Island",6.5,1260,2736,,Dynamic Island,48 MP Rear & 18 MP Front Camera,48 MP Rear ,1.0,48,,,,,, 18 MP Front Camera,1,18,,No,Not Supported,,Memory Card Not Supported,iOS v26,iOS,6.0,Apple,Apple
340,samsung,Samsung Galaxy A36 5G (8GB RAM + 256GB),35999,66.0,"Dual Sim, 5G, VoLTE, NFC, Wi-Fi",True,True,False,"Snapdragon 6 Gen3, Octa Core, 2.4 GHz Processor",Snapdragon 6 Gen3,Octa Core,2.4,"8 GB RAM, 256 GB inbuilt",8.0,256.0,5000 mAh Battery with 45W Fast Charging,5000,45.0,True,"6.7 inches, 1080 x 2340 px, 120 Hz Display with Punch Hole",6.7,1080,2340,120.0,Punch Hole,50 MP + 8 MP + 5 MP Triple Rear & 12 MP Front Camera,50 MP + 8 MP + 5 MP Triple Rear ,3.0,50,8,5,,,, 12 MP Front Camera,1,12,,,,,,Android v15,Android,8.0,Snapdragon,Qualcomm
341,realme,Realme 16T 5G,28999,63.0,"Dual Sim, 5G, VoLTE, Wi-Fi",True,False,False,"Dimensity 6300, Octa Core, 2.4 GHz Processor",Dimensity 6300,Octa Core,2.4,"6 GB RAM, 128 GB inbuilt",6.0,128.0,8000 mAh Battery with 45W Fast Charging,8000,45.0,True,"6.8 inches, 720 x 1570 px, 144 Hz Display with Punch Hole",6.8,720,1570,144.0,Punch Hole,50 MP + 2 MP Dual Rear & 16 MP Front Camera,50 MP + 2 MP Dual Rear ,2.0,50,2,,,,, 16 MP Front Camera,1,16,,Yes,Hybrid,2048.0,"Memory Card (Hybrid), upto 2 TB",Android v16,Android,8.0,Dimensity,MediaTek
342,samsung,Samsung Galaxy M17e 5G (6GB RAM + 128GB),18560,54.0,"Dual Sim, 5G, VoLTE, Wi-Fi",True,False,False,"Dimensity 6300, Octa Core, 2.4 GHz Processor",Dimensity 6300,Octa Core,2.4,"6 GB RAM, 128 GB inbuilt",6.0,128.0,6000 mAh Battery with 25W Fast Charging,6000,25.0,True,"6.7 inches, 720 x 1600 px, 120 Hz Display with Water Drop Notch",6.7,720,1600,120.0,Water Drop Notch,50 MP + 2 MP Dual Rear & 8 MP Front Camera,50 MP + 2 MP Dual Rear ,2.0,50,2,,,,, 8 MP Front Camera,1,8,,Yes,Hybrid,2048.0,"Memory Card (Hybrid), upto 2 TB",Android v16,Android,8.0,Dimensity,MediaTek
343,google,Google Pixel 10 Pro,94990,,"Dual Sim, 5G, VoLTE, Vo5G, NFC, eSIM, Wi-Fi",True,True,False,"Tensor G5, Octa Core, 3.78 GHz Processor",Tensor G5,Octa Core,3.78,"16 GB RAM, 256 GB inbuilt",16.0,256.0,4870 mAh Battery with 30W Fast Charging,4870,30.0,True,"6.3 inches, 1280 x 2856 px, 120 Hz Display with Punch Hole",6.3,1280,2856,120.0,Punch Hole,50 MP + 48 MP + 48 MP Triple Rear & 42 MP Front Camera,50 MP + 48 MP + 48 MP Triple Rear ,3.0,50,48,48,,,, 42 MP Front Camera,1,42,,,,,,Android v16,Android,8.0,Tensor,Google
344,samsung,Samsung Galaxy S25 (12GB RAM + 128GB),61160,77.0,"Dual Sim, 5G, VoLTE, Vo5G, NFC, eSIM, Wi-Fi",True,True,False,"Snapdragon 8 Elite, Octa Core, 4.47 GHz Processor",Snapdragon 8 Elite,Octa Core,4.47,"12 GB RAM, 128 GB inbuilt",12.0,128.0,4000 mAh Battery with 25W Fast Charging,4000,25.0,True,"6.2 inches, 1080 x 2340 px, 120 Hz Display with Punch Hole",6.2,1080,2340,120.0,Punch Hole,50 MP + 12 MP + 10 MP Triple Rear & 12 MP Front Camera,50 MP + 12 MP + 10 MP Triple Rear ,3.0,50,12,10,,,, 12 MP Front Camera,1,12,,,,,,Android v15,Android,8.0,Snapdragon,Qualcomm
345,oneplus,OnePlus 13R 5G,54999,79.0,"Dual Sim, 5G, VoLTE, NFC, Wi-Fi, IR Blaster",True,True,True,"Snapdragon 8 Gen3, Octa Core, 3.3 GHz Processor",Snapdragon 8 Gen3,Octa Core,3.3,"12 GB RAM, 256 GB inbuilt",12.0,256.0,6000 mAh Battery with 80W Fast Charging,6000,80.0,True,"6.78 inches, 1264 x 2780 px, 120 Hz Display with Punch Hole",6.78,1264,2780,120.0,Punch Hole,50 MP + 50 MP + 8 MP Triple Rear & 16 MP Front Camera,50 MP + 50 MP + 8 MP Triple Rear ,3.0,50,50,8,,,, 16 MP Front Camera,1,16,,No,Not Supported,,Memory Card Not Supported,Android v15,Android,8.0,Snapdragon,Qualcomm
346,samsung,Samsung Galaxy A53 5G,24499,67.0,"Dual Sim, 5G, VoLTE, NFC, Wi-Fi",True,True,False,"Exynos 1280, Octa Core, 2.4 GHz Processor",Exynos 1280,Octa Core,2.4,"6 GB RAM, 128 GB inbuilt",6.0,128.0,5000 mAh Battery with 25W Fast Charging,5000,25.0,True,"6.5 inches, 1080 x 2400 px, 120 Hz Display with Punch Hole",6.5,1080,2400,120.0,Punch Hole,64 MP Quad Rear & 32 MP Front Camera,64 MP Quad Rear ,4.0,64,,,,,, 32 MP Front Camera,1,32,,Yes,Dedicated,1024.0,"Memory Card Supported, upto 1 TB",Android v12,Android,8.0,Exynos,Samsung
347,nothing,Nothing Phone 4b (RCB Edition + 8GB RAM + 256GB),40950,70.0,"Dual Sim, 5G, VoLTE, Wi-Fi",True,False,False,"Snapdragon 6 Gen4, Octa Core, 2.3 GHz Processor",Snapdragon 6 Gen4,Octa Core,2.3,"8 GB RAM, 256 GB inbuilt",8.0,256.0,6000 mAh Battery with 33W Fast Charging,6000,33.0,True,"6.77 inches, 1080 x 2344 px, 120 Hz Display with Punch Hole",6.77,1080,2344,120.0,Punch Hole,50 MP + 8 MP Dual Rear & 16 MP Front Camera,50 MP + 8 MP Dual Rear ,2.0,50,8,,,,, 16 MP Front Camera,1,16,,,,,,Android v16,Android,8.0,Snapdragon,Qualcomm
348,vivo,Vivo Y31T 5G (4GB RAM + 128GB),25999,59.0,"Dual Sim, 5G, VoLTE, NFC, Wi-Fi, IR Blaster",True,True,True,"Snapdragon 4 Gen2, Octa Core, 2.2 GHz Processor",Snapdragon 4 Gen2,Octa Core,2.2,"4 GB RAM, 128 GB inbuilt",4.0,128.0,7200 mAh Battery with 44W Fast Charging,7200,44.0,True,"6.75 inches, 720 x 1608 px, 120 Hz Display with Water Drop Notch",6.75,720,1608,120.0,Water Drop Notch,50 MP + 2 MP Dual Rear & 8 MP Front Camera,50 MP + 2 MP Dual Rear ,2.0,50,2,,,,, 8 MP Front Camera,1,8,,,,,,Android v16,Android,8.0,Snapdragon,Qualcomm
349,oppo,OPPO A6x 5G (6GB RAM + 128GB),24999,53.0,"Dual Sim, 5G, VoLTE, Wi-Fi",True,False,False,"Dimensity 6300, Octa Core, 2.4 GHz Processor",Dimensity 6300,Octa Core,2.4,"6 GB RAM, 128 GB inbuilt",6.0,128.0,6500 mAh Battery with 45W Fast Charging,6500,45.0,True,"6.75 inches, 720 x 1570 px, 120 Hz Display with Punch Hole",6.75,720,1570,120.0,Punch Hole,13 MP Rear & 5 MP Front Camera,13 MP Rear ,1.0,13,,,,,, 5 MP Front Camera,1,5,,Yes,Hybrid,,Memory Card (Hybrid),Android v15,Android,8.0,Dimensity,MediaTek
350,poco,Poco C85 5G,15749,57.0,"Dual Sim, 5G, VoLTE, NFC, Wi-Fi",True,True,False,"Dimensity 6300, Octa Core, 2.4 GHz Processor",Dimensity 6300,Octa Core,2.4,"4 GB RAM, 128 GB inbuilt",4.0,128.0,6000 mAh Battery with 33W Fast Charging,6000,33.0,True,"6.9 inches, 720 x 1600 px, 120 Hz Display with Punch Hole",6.9,720,1600,120.0,Punch Hole,50 MP Dual Rear & 8 MP Front Camera,50 MP Dual Rear ,2.0,50,,,,,, 8 MP Front Camera,1,8,,Yes,Hybrid,1024.0,"Memory Card (Hybrid), upto 1 TB",Android v15,Android,8.0,Dimensity,MediaTek
351,samsung,Samsung Galaxy F70 Pro 5G (8GB RAM + 128GB),29999,67.0,"Dual Sim, 5G, VoLTE, Wi-Fi",True,False,False,"Snapdragon 6 Gen3, Octa Core, 2.4 GHz Processor",Snapdragon 6 Gen3,Octa Core,2.4,"8 GB RAM, 128 GB inbuilt",8.0,128.0,6000 mAh Battery with 45W Fast Charging,6000,45.0,True,"6.7 inches, 1080 x 2340 px, 120 Hz Display with Punch Hole",6.7,1080,2340,120.0,Punch Hole,50 MP + 5 MP + 2 MP Triple Rear & 12 MP Front Camera,50 MP + 5 MP + 2 MP Triple Rear ,3.0,50,5,2,,,, 12 MP Front Camera,1,12,,Yes,Hybrid,2048.0,"Memory Card (Hybrid), upto 2 TB",Android v16,Android,8.0,Snapdragon,Qualcomm
352,realme,Realme 15T 5G,26999,66.0,"Dual Sim, 5G, VoLTE, Wi-Fi, IR Blaster",True,False,True,"Dimensity 6400 Max, Octa Core, 2.5 GHz Processor",Dimensity 6400 Max,Octa Core,2.5,"8 GB RAM, 128 GB inbuilt",8.0,128.0,7000 mAh Battery with 60W Fast Charging,7000,60.0,True,"6.57 inches, 1080 x 2372 px, 120 Hz Display with Punch Hole",6.57,1080,2372,120.0,Punch Hole,50 MP + 2 MP Dual Rear & 50 MP Front Camera,50 MP + 2 MP Dual Rear ,2.0,50,2,,,,, 50 MP Front Camera,1,50,,Yes,Hybrid,2048.0,"Memory Card (Hybrid), upto 2 TB",Android v15,Android,8.0,Dimensity,MediaTek
353,vivo,Vivo Y400 5G (8GB RAM + 256GB),27999,64.0,"Dual Sim, 5G, VoLTE, Wi-Fi",True,False,False,"Snapdragon 4 Gen2, Octa Core, 2.2 GHz Processor",Snapdragon 4 Gen2,Octa Core,2.2,"8 GB RAM, 256 GB inbuilt",8.0,256.0,6000 mAh Battery with 90W Fast Charging,6000,90.0,True,"6.67 inches, 1080 x 2400 px, 120 Hz Display with Punch Hole",6.67,1080,2400,120.0,Punch Hole,50 MP + 2 MP Dual Rear & 32 MP Front Camera,50 MP + 2 MP Dual Rear ,2.0,50,2,,,,, 32 MP Front Camera,1,32,,,,,,Android v15,Android,8.0,Snapdragon,Qualcomm
354,apple,Apple iPhone Duo (512GB),324900,,"Dual Sim, 5G, VoLTE, NFC, eSIM, Wi-Fi",True,True,False,"Apple A20 Pro, Hexa Core Processor",Apple A20 Pro,Hexa Core,,"12 GB RAM, 512 GB inbuilt",12.0,512.0,5800 mAh Battery with Fast Charging,5800,,True,"7.6 inches, 1878 x 2670 px, 120 Hz Display",7.6,1878,2670,120.0,,48 MP + 48 MP Dual Rear & 12 MP + Under-display FaceTime Camera Dual Front Camera,48 MP + 48 MP Dual Rear ,2.0,48,48,,,,, 12 MP + Under-display FaceTime Camera Dual Front Camera,2,12,Under-display FaceTime Camera Dual Front Camera,No,Not Supported,,Memory Card Not Supported,,iOS,6.0,Apple,Apple
355,xiaomi,Xiaomi Redmi Note 15 5G Special Edition,24700,64.0,"Dual Sim, 5G, VoLTE, Wi-Fi, IR Blaster",True,False,True,"Snapdragon 6 Gen3, Octa Core, 2.4 GHz Processor",Snapdragon 6 Gen3,Octa Core,2.4,"6 GB RAM, 128 GB inbuilt",6.0,128.0,5800 mAh Battery with 45W Fast Charging,5800,45.0,True,"6.77 inches, 2392 x 1080 px, 120 Hz Display with Punch Hole",6.77,2392,1080,120.0,Punch Hole,50 MP + 2 MP Dual Rear & 20 MP Front Camera,50 MP + 2 MP Dual Rear ,2.0,50,2,,,,, 20 MP Front Camera,1,20,,Yes,Hybrid,1024.0,"Memory Card (Hybrid), upto 1 TB",Android v15,Android,8.0,Snapdragon,Qualcomm
356,tecno,Tecno Spark 50 5G,17999,54.0,"Dual Sim, 5G, VoLTE, Wi-Fi, IR Blaster",True,False,True,"Dimensity 6400, Octa Core, 2.5 GHz Processor",Dimensity 6400,Octa Core,2.5,"4 GB RAM, 128 GB inbuilt",4.0,128.0,6500 mAh Battery with 45W Fast Charging,6500,45.0,True,"6.78 inches, 720 x 1576 px, 120 Hz Display with Punch Hole",6.78,720,1576,120.0,Punch Hole,50 MP Rear & 8 MP Front Camera,50 MP Rear ,1.0,50,,,,,, 8 MP Front Camera,1,8,,Yes,Dedicated,,Memory Card Supported,Android v16,Android,8.0,Dimensity,MediaTek
357,google,Google Pixel 11 Pro XL,134999,,"Dual Sim, 5G, VoLTE, Vo5G, NFC, eSIM, Wi-Fi",True,True,False,Tensor G6,Tensor G6,,,"12 GB RAM, 256 GB inbuilt",12.0,256.0,5115 mAh Battery with Fast Charging,5115,,True,"6.8 inches, 1344 x 2992 px, 120 Hz Display with Punch Hole",6.8,1344,2992,120.0,Punch Hole,50 MP + 48 MP + 48 MP Triple Rear & 42 MP Front Camera,50 MP + 48 MP + 48 MP Triple Rear ,3.0,50,48,48,,,, 42 MP Front Camera,1,42,,,,,,Android v17,Android,,Tensor,Google
358,xiaomi,Xiaomi Redmi Note 17 5G (8GB RAM + 128GB),30999,62.0,"Dual Sim, 5G, VoLTE, Wi-Fi, IR Blaster",True,False,True,"Snapdragon 4 Gen4, Octa Core, 2.3 GHz Processor",Snapdragon 4 Gen4,Octa Core,2.3,"8 GB RAM, 128 GB inbuilt",8.0,128.0,8000 mAh Battery with 45W Fast Charging,8000,45.0,True,"6.99 inches, 1080 x 2396 px, 120 Hz Display with Punch Hole",6.99,1080,2396,120.0,Punch Hole,50 MP Rear & 8 MP Front Camera,50 MP Rear ,1.0,50,,,,,, 8 MP Front Camera,1,8,,,,,,Android v16,Android,8.0,Snapdragon,Qualcomm
359,infinix,Infinix Note Edge 5G,26999,66.0,"Dual Sim, 5G, VoLTE, NFC, Wi-Fi, IR Blaster",True,True,True,"Dimensity 7100, Octa Core, 2.4 GHz Processor",Dimensity 7100,Octa Core,2.4,"6 GB RAM, 128 GB inbuilt",6.0,128.0,6500 mAh Battery with 45W Fast Charging,6500,45.0,True,"6.78 inches, 1208 x 2644 px, 120 Hz Display with Punch Hole",6.78,1208,2644,120.0,Punch Hole,50 MP Dual Rear & 13 MP Front Camera,50 MP Dual Rear ,2.0,50,,,,,, 13 MP Front Camera,1,13,,,,,,Android v16,Android,8.0,Dimensity,MediaTek
360,realme,Realme 16 Pro Plus 5G,49979,79.0,"Dual Sim, 5G, VoLTE, NFC, Wi-Fi, IR Blaster",True,True,True,"Snapdragon 7 Gen4, Octa Core, 2.8 GHz Processor",Snapdragon 7 Gen4,Octa Core,2.8,"8 GB RAM, 128 GB inbuilt",8.0,128.0,7000 mAh Battery with 80W Fast Charging,7000,80.0,True,"6.8 inches, 1280 x 2800 px, 144 Hz Display with Punch Hole",6.8,1280,2800,144.0,Punch Hole,200 MP + 50 MP + 8 MP Triple Rear & 50 MP Front Camera,200 MP + 50 MP + 8 MP Triple Rear ,3.0,200,50,8,,,, 50 MP Front Camera,1,50,,,,,,Android v16,Android,8.0,Snapdragon,Qualcomm
361,vivo,Vivo Y31 5G (6GB RAM + 128GB),27999,58.0,"Dual Sim, 5G, VoLTE, Wi-Fi",True,False,False,"Snapdragon 4 Gen2, Octa Core, 2.2 GHz Processor",Snapdragon 4 Gen2,Octa Core,2.2,"6 GB RAM, 128 GB inbuilt",6.0,128.0,6500 mAh Battery with 44W Fast Charging,6500,44.0,True,"6.68 inches, 720 x 1608 px, 120 Hz Display with Water Drop Notch",6.68,720,1608,120.0,Water Drop Notch,50 MP Rear & 8 MP Front Camera,50 MP Rear ,1.0,50,,,,,, 8 MP Front Camera,1,8,,Yes,Hybrid,,Memory Card (Hybrid),Android v15,Android,8.0,Snapdragon,Qualcomm
362,samsung,Samsung Galaxy F17 5G (6GB RAM + 128GB),21999,57.0,"Dual Sim, 5G, VoLTE, NFC, Wi-Fi",True,True,False,"Exynos 1330, Octa Core, 2.4 GHz Processor",Exynos 1330,Octa Core,2.4,"6 GB RAM, 128 GB inbuilt",6.0,128.0,5000 mAh Battery with 25W Fast Charging,5000,25.0,True,"6.7 inches, 1080 x 2340 px, 90 Hz Display with Water Drop Notch",6.7,1080,2340,90.0,Water Drop Notch,50 MP + 5 MP + 2 MP Triple Rear & 13 MP Front Camera,50 MP + 5 MP + 2 MP Triple Rear ,3.0,50,5,2,,,, 13 MP Front Camera,1,13,,Yes,Hybrid,2048.0,"Memory Card (Hybrid), upto 2 TB",Android v15,Android,8.0,Exynos,Samsung
363,oppo,Oppo A5 Pro 5G (8GB RAM + 256GB),20999,59.0,"Dual Sim, 5G, VoLTE, Wi-Fi",True,False,False,"Dimensity 6300, Octa Core, 2.4 GHz Processor",Dimensity 6300,Octa Core,2.4,"8 GB RAM, 256 GB inbuilt",8.0,256.0,5800 mAh Battery with 45W Fast Charging,5800,45.0,True,"6.67 inches, 720 x 1604 px, 120 Hz Display with Punch Hole",6.67,720,1604,120.0,Punch Hole,50 MP + 2 MP Dual Rear & 8 MP Front Camera,50 MP + 2 MP Dual Rear ,2.0,50,2,,,,, 8 MP Front Camera,1,8,,,,,,Android v15,Android,8.0,Dimensity,MediaTek
364,samsung,Samsung Galaxy S25 Ultra (12GB RAM + 512GB),112999,,"Dual Sim, 5G, VoLTE, Vo5G, NFC, eSIM, Wi-Fi",True,True,False,"Snapdragon 8 Elite for Galaxy, Octa Core, 4.47 GHz Processor",Snapdragon 8 Elite for Galaxy,Octa Core,4.47,"12 GB RAM, 512 GB inbuilt",12.0,512.0,5000 mAh Battery with 45W Fast Charging,5000,45.0,True,"6.9 inches, 1440 x 3120 px, 120 Hz Display with Punch Hole",6.9,1440,3120,120.0,Punch Hole,200 MP Quad Rear & 12 MP Front Camera,200 MP Quad Rear ,4.0,200,,,,,, 12 MP Front Camera,1,12,,No,Not Supported,,Memory Card Not Supported,Android v15,Android,8.0,Snapdragon,Qualcomm
365,vivo,Vivo Y31T,29999,61.0,"Dual Sim, 5G, VoLTE, NFC, Wi-Fi, IR Blaster",True,True,True,"Snapdragon 4 Gen2, Octa Core, 2.2 GHz Processor",Snapdragon 4 Gen2,Octa Core,2.2,"6 GB RAM, 128 GB inbuilt",6.0,128.0,7200 mAh Battery with 44W Fast Charging,7200,44.0,True,"6.75 inches, 720 x 1608 px, 120 Hz Display with Water Drop Notch",6.75,720,1608,120.0,Water Drop Notch,50 MP + 2 MP Dual Rear & 8 MP Front Camera,50 MP + 2 MP Dual Rear ,2.0,50,2,,,,, 8 MP Front Camera,1,8,,,,,,Android v16,Android,8.0,Snapdragon,Qualcomm
366,realme,Realme C100x,16999,52.0,"Dual Sim, 4G, VoLTE, Wi-Fi",False,False,False,"Unisoc T7250, Octa Core, 1.8 GHz Processor",Unisoc T7250,Octa Core,1.8,"4 GB RAM, 64 GB inbuilt",4.0,64.0,8000 mAh Battery with 45W Fast Charging,8000,45.0,True,"6.81 inches, 720 x 1570 px, 120 Hz Display with Water Drop Notch",6.81,720,1570,120.0,Water Drop Notch,50 MP Rear & 5 MP Front Camera,50 MP Rear ,1.0,50,,,,,, 5 MP Front Camera,1,5,,Yes,Dedicated,,Memory Card Supported,Android v16,Android,8.0,Unisoc,Unisoc
367,nothing,Nothing Phone 4(b),32000,67.0,"Dual Sim, 5G, VoLTE, Wi-Fi",True,False,False,"Snapdragon 6 Gen4, Octa Core, 2.3 GHz Processor",Snapdragon 6 Gen4,Octa Core,2.3,"8 GB RAM, 128 GB inbuilt",8.0,128.0,6000 mAh Battery with 33W Fast Charging,6000,33.0,True,"6.77 inches, 1080 x 2344 px, 120 Hz Display with Punch Hole",6.77,1080,2344,120.0,Punch Hole,50 MP + 8 MP Dual Rear & 16 MP Front Camera,50 MP + 8 MP Dual Rear ,2.0,50,8,,,,, 16 MP Front Camera,1,16,,,,,,Android v16,Android,8.0,Snapdragon,Qualcomm
368,oneplus,OnePlus 15R (16GB RAM + 512GB),66999,,"Dual Sim, 5G, VoLTE, Vo5G, NFC, Wi-Fi, IR Blaster",True,True,True,"Snapdragon 8 Gen5, Octa Core, 3.8 GHz Processor",Snapdragon 8 Gen5,Octa Core,3.8,"16 GB RAM, 512 GB inbuilt",16.0,512.0,7400 mAh Battery with 80W Fast Charging,7400,80.0,True,"6.83 inches, 1272 x 2800 px, 165 Hz Display with Punch Hole",6.83,1272,2800,165.0,Punch Hole,50 MP + 8 MP Dual Rear & 32 MP Front Camera,50 MP + 8 MP Dual Rear ,2.0,50,8,,,,, 32 MP Front Camera,1,32,,No,Not Supported,,Memory Card Not Supported,Android v16,Android,8.0,Snapdragon,Qualcomm
369,realme,Realme P4 Lite 5G,16895,,"Dual Sim, 5G, VoLTE, Wi-Fi",True,False,False,"Dimensity 6300, Octa Core, 2.4 GHz Processor",Dimensity 6300,Octa Core,2.4,"4 GB RAM, 64 GB inbuilt",4.0,64.0,7000 mAh Battery with 15W Fast Charging,7000,15.0,True,"6.81 inches, 720 x 1570 px, 144 Hz Display with Punch Hole",6.81,720,1570,144.0,Punch Hole,13 MP Rear & 5 MP Front Camera,13 MP Rear ,1.0,13,,,,,, 5 MP Front Camera,1,5,,Yes,Hybrid,,Memory Card (Hybrid),Android v16,Android,8.0,Dimensity,MediaTek
370,samsung,Samsung Galaxy M17e 5G,16680,54.0,"Dual Sim, 5G, VoLTE, Wi-Fi",True,False,False,"Dimensity 6300, Octa Core, 2.4 GHz Processor",Dimensity 6300,Octa Core,2.4,"4 GB RAM, 128 GB inbuilt",4.0,128.0,6000 mAh Battery with 25W Fast Charging,6000,25.0,True,"6.7 inches, 720 x 1600 px, 120 Hz Display with Water Drop Notch",6.7,720,1600,120.0,Water Drop Notch,50 MP + 2 MP Dual Rear & 8 MP Front Camera,50 MP + 2 MP Dual Rear ,2.0,50,2,,,,, 8 MP Front Camera,1,8,,Yes,Hybrid,2048.0,"Memory Card (Hybrid), upto 2 TB",Android v16,Android,8.0,Dimensity,MediaTek
371,nokia,Nokia 123 Shield,1999,,Dual Sim,False,False,False,Unisoc SC6531E,Unisoc SC6531E,,,"4 MB RAM, 4 MB inbuilt",4.0,4.0,1750 mAh Battery,1750,,False,"2.4 inches, 240 x 320 px Display",2.4,240,320,,,QVGA Rear Camera,QVGA Rear Camera,1.0,,,,,,,,1,,,Yes,Dedicated,,Memory Card Supported,,S30+ / Feature OS,,Unisoc,Unisoc
372,peace,Peace Aura 26 4G,10999,,"Dual Sim, 4G, VoLTE, Wi-Fi",False,False,False,Single Core Processor,,Single Core,,"4 GB RAM, 64 GB inbuilt",4.0,64.0,5000 mAh Battery,5000,,False,"6.67 inches, 1640 x 720 px Display with Punch Hole",6.67,1640,720,,Punch Hole,20 MP Rear & 8 MP Front Camera,20 MP Rear ,1.0,20,,,,,, 8 MP Front Camera,1,8,,Yes,Hybrid,128.0,"Memory Card (Hybrid), upto 128 GB",Android v14,Android,1.0,,
373,ai+,Ai+ Pulse (6GB RAM +128GB),9999,,"Dual Sim, 4G, VoLTE, Wi-Fi",False,False,False,"Unisoc T615, Octa Core, 1.8 GHz Processor",Unisoc T615,Octa Core,1.8,"6 GB RAM, 128 GB inbuilt",6.0,128.0,5000 mAh Battery with 10W Fast Charging,5000,10.0,True,"6.75 inches, 720 x 1600 px, 90 Hz Display with Water Drop Notch",6.75,720,1600,90.0,Water Drop Notch,50 MP Rear & 5 MP Front Camera,50 MP Rear ,1.0,50,,,,,, 5 MP Front Camera,1,5,,Yes,Dedicated,1024.0,"Memory Card Supported, upto 1 TB",Android v15,Android,8.0,Unisoc,Unisoc
374,vivo,Vivo V40 Pro,54990,75.0,"Dual Sim, 5G, VoLTE, Wi-Fi",True,False,False,"Dimensity 9200 Plus, Octa Core, 3.35 GHz Processor",Dimensity 9200 Plus,Octa Core,3.35,"8 GB RAM, 256 GB inbuilt",8.0,256.0,5500 mAh Battery with 80W Fast Charging,5500,80.0,True,"6.78 inches, 1260 x 2800 px, 120 Hz Display with Punch Hole",6.78,1260,2800,120.0,Punch Hole,50 MP + 50 MP + 50 MP Triple Rear & 50 MP Front Camera,50 MP + 50 MP + 50 MP Triple Rear ,3.0,50,50,50,,,, 50 MP Front Camera,1,50,,No,Not Supported,,Memory Card Not Supported,Android v14,Android,8.0,Dimensity,MediaTek
375,oppo,OPPO Reno 16C 5G (8GB RAM + 256GB),53999,75.0,"Dual Sim, 5G, VoLTE, Vo5G, Wi-Fi",True,False,False,"Dimensity 7300 Energy, Octa Core, 2.5 GHz Processor",Dimensity 7300 Energy,Octa Core,2.5,"8 GB RAM, 256 GB inbuilt",8.0,256.0,7000 mAh Battery with 80W Fast Charging,7000,80.0,True,"6.57 inches, 2372 x 1080 px, 120 Hz Display with Punch Hole",6.57,2372,1080,120.0,Punch Hole,50 MP + 50 MP + 8 MP Triple Rear & 50 MP Front Camera,50 MP + 50 MP + 8 MP Triple Rear ,3.0,50,50,8,,,, 50 MP Front Camera,1,50,,Yes,Hybrid,,Memory Card (Hybrid),Android v16,Android,8.0,Dimensity,MediaTek
376,vivo,Vivo X300 FE (12GB RAM + 512GB),99999,,"Dual Sim, 5G, VoLTE, NFC, eSIM, Wi-Fi, IR Blaster",True,True,True,"Snapdragon 8 Gen5, Octa Core, 3.8 GHz Processor",Snapdragon 8 Gen5,Octa Core,3.8,"12 GB RAM, 512 GB inbuilt",12.0,512.0,6500 mAh Battery with 90W Fast Charging,6500,90.0,True,"6.31 inches, 1216 x 2640 px, 120 Hz Display with Punch Hole",6.31,1216,2640,120.0,Punch Hole,50 MP + 50 MP + 8 MP Triple Rear & 50 MP Front Camera,50 MP + 50 MP + 8 MP Triple Rear ,3.0,50,50,8,,,, 50 MP Front Camera,1,50,,No,Not Supported,,Memory Card Not Supported,Android v16,Android,8.0,Snapdragon,Qualcomm
377,infinix,Infinix Note 60 Pro 5G (8GB RAM + 256GB),37890,75.0,"Dual Sim, 5G, VoLTE, NFC, eSIM, Wi-Fi, IR Blaster",True,True,True,"Snapdragon 7s Gen4, Octa Core, 2.4 GHz Processor",Snapdragon 7s Gen4,Octa Core,2.4,"8 GB RAM, 256 GB inbuilt",8.0,256.0,6500 mAh Battery with 90W Fast Charging,6500,90.0,True,"6.78 inches, 1208 x 2644 px, 144 Hz Display with Punch Hole",6.78,1208,2644,144.0,Punch Hole,50 MP + 8 MP Dual Rear & 13 MP Front Camera,50 MP + 8 MP Dual Rear ,2.0,50,8,,,,, 13 MP Front Camera,1,13,,Yes,Dedicated,1024.0,"Memory Card Supported, upto 1 TB",Android v16,Android,8.0,Snapdragon,Qualcomm
378,iqoo,iQOO 15R (12GB RAM + 512GB),66999,,"Dual Sim, 5G, VoLTE, NFC, Wi-Fi, IR Blaster",True,True,True,"Snapdragon 8 Gen5, Octa Core, 3.8 GHz Processor",Snapdragon 8 Gen5,Octa Core,3.8,"12 GB RAM, 512 GB inbuilt",12.0,512.0,7600 mAh Battery with 100W Fast Charging,7600,100.0,True,"6.59 inches, 1260 x 2750 px, 144 Hz Display with Punch Hole",6.59,1260,2750,144.0,Punch Hole,50 MP + 8 MP Dual Rear & 32 MP Front Camera,50 MP + 8 MP Dual Rear ,2.0,50,8,,,,, 32 MP Front Camera,1,32,,,,,,Android v16,Android,8.0,Snapdragon,Qualcomm
379,samsung,Samsung Galaxy A07 4G,10999,,"Dual Sim, 4G, Wi-Fi",False,False,False,"Helio G99, Octa Core, 2.2 GHz Processor",Helio G99,Octa Core,2.2,"4 GB RAM, 64 GB inbuilt",4.0,64.0,5000 mAh Battery with 25W Fast Charging,5000,25.0,True,"6.7 inches, 720 x 1600 px, 90 Hz Display with Water Drop Notch",6.7,720,1600,90.0,Water Drop Notch,50 MP + 2 MP Dual Rear & 8 MP Front Camera,50 MP + 2 MP Dual Rear ,2.0,50,2,,,,, 8 MP Front Camera,1,8,,Yes,Dedicated,,Memory Card Supported,Android v15,Android,8.0,Helio,MediaTek
380,apple,Apple iPhone 17 Pro (512GB),149990,75.0,"Dual Sim, 5G, VoLTE, NFC, eSIM, Wi-Fi",True,True,False,"Apple A19 Pro, Hexa Core Processor",Apple A19 Pro,Hexa Core,,"12 GB RAM, 512 GB inbuilt",12.0,512.0,3988 mAh Battery with Fast Charging,3988,,True,"6.3 inches, 1206 x 2622 px, 120 Hz Display with Dynamic Island",6.3,1206,2622,120.0,Dynamic Island,48 MP + 48 MP + 48 MP Triple Rear & 18 MP Front Camera,48 MP + 48 MP + 48 MP Triple Rear ,3.0,48,48,48,,,, 18 MP Front Camera,1,18,,No,Not Supported,,Memory Card Not Supported,iOS v26,iOS,6.0,Apple,Apple
381,xiaomi,Xiaomi Redmi 15 5G (8GB RAM + 256GB),25499,62.0,"Dual Sim, 5G, VoLTE, Wi-Fi, IR Blaster",True,False,True,"Snapdragon 6s Gen3, Octa Core, 2.3 GHz Processor",Snapdragon 6s Gen3,Octa Core,2.3,"8 GB RAM, 256 GB inbuilt",8.0,256.0,7000 mAh Battery with 33W Fast Charging,7000,33.0,True,"6.9 inches, 1080 x 2340 px, 144 Hz Display with Punch Hole",6.9,1080,2340,144.0,Punch Hole,50 MP Dual Rear & 8 MP Front Camera,50 MP Dual Rear ,2.0,50,,,,,, 8 MP Front Camera,1,8,,Yes,Hybrid,1024.0,"Memory Card (Hybrid), upto 1 TB",Android v15,Android,8.0,Snapdragon,Qualcomm
382,samsung,Samsung Galaxy A26 5G,27990,64.0,"Dual Sim, 5G, VoLTE, NFC, Wi-Fi",True,True,False,"Exynos 1380, Octa Core, 2.4 GHz Processor",Exynos 1380,Octa Core,2.4,"8 GB RAM, 128 GB inbuilt",8.0,128.0,5000 mAh Battery with 25W Fast Charging,5000,25.0,True,"6.7 inches, 1080 x 2340 px, 120 Hz Display with Water Drop Notch",6.7,1080,2340,120.0,Water Drop Notch,50 MP + 8 MP + 2 MP Triple Rear & 13 MP Front Camera,50 MP + 8 MP + 2 MP Triple Rear ,3.0,50,8,2,,,, 13 MP Front Camera,1,13,,Yes,Hybrid,2048.0,"Memory Card (Hybrid), upto 2 TB",Android v15,Android,8.0,Exynos,Samsung
383,xiaomi,Xiaomi Redmi 13 5G (8GB RAM + 128GB),23999,59.0,"Dual Sim, 5G, VoLTE, Wi-Fi, IR Blaster",True,False,True,"Snapdragon 4 Gen 2 AE, Octa Core, 2.3 GHz Processor",Snapdragon 4 Gen 2 AE,Octa Core,2.3,"8 GB RAM, 128 GB inbuilt",8.0,128.0,5030 mAh Battery with 33W Fast Charging,5030,33.0,True,"6.79 inches, 1080 x 2460 px, 120 Hz Display with Punch Hole",6.79,1080,2460,120.0,Punch Hole,108 MP + Macro Dual Rear & 13 MP Front Camera,108 MP + Macro Dual Rear ,2.0,108,,,,,Macro, 13 MP Front Camera,1,13,,Yes,Hybrid,1024.0,"Memory Card (Hybrid), upto 1 TB",Android v14,Android,8.0,Snapdragon,Qualcomm
384,lava,Lava Blaze Pro 5G,12998,53.0,"Dual Sim, 5G, VoLTE, Wi-Fi",True,False,False,"Dimensity 6020, Octa Core, 2.2 GHz Processor",Dimensity 6020,Octa Core,2.2,"8 GB RAM, 128 GB inbuilt",8.0,128.0,5000 mAh Battery with 33W Fast Charging,5000,33.0,True,"6.78 inches, 1080 x 2460 px, 120 Hz Display with Punch Hole",6.78,1080,2460,120.0,Punch Hole,50 MP + Depth Sensor Dual Rear & 8 MP Front Camera,50 MP + Depth Sensor Dual Rear ,2.0,50,,,,,Depth Sensor, 8 MP Front Camera,1,8,,Yes,Dedicated,1024.0,"Memory Card Supported, upto 1 TB",Android v13,Android,8.0,Dimensity,MediaTek
385,peace,Peace SC26 4G,8999,,"Dual Sim, 4G, VoLTE, Wi-Fi",False,False,False,Single Core Processor,,Single Core,,"4 GB RAM, 64 GB inbuilt",4.0,64.0,5000 mAh Battery,5000,,False,"6.56 inches, 1640 x 720 px Display with Punch Hole",6.56,1640,720,,Punch Hole,20 MP Rear Camera,20 MP Rear Camera,1.0,20,,,,,,,1,,,Yes,Hybrid,128.0,"Memory Card (Hybrid), upto 128 GB",,Android,1.0,,
386,motorola,Motorola Edge 70 Max 5G (12GB RAM+ 256GB),58289,,"Dual Sim, 5G, VoLTE, Vo5G, NFC, eSIM, Wi-Fi",True,True,False,"Snapdragon 8 Gen5, Octa Core, 3.8 GHz Processor",Snapdragon 8 Gen5,Octa Core,3.8,"12 GB RAM, 256 GB inbuilt",12.0,256.0,7100 mAh Battery with 90W Fast Charging,7100,90.0,True,"6.8 inches, 1440 x 3168 px, 144 Hz Display with Punch Hole",6.8,1440,3168,144.0,Punch Hole,50 MP + 8 MP Dual Rear & 32 MP Front Camera,50 MP + 8 MP Dual Rear ,2.0,50,8,,,,, 32 MP Front Camera,1,32,,,,,,Android v16,Android,8.0,Snapdragon,Qualcomm
387,samsung,Samsung Galaxy M47 5G (8GB RAM + 256GB),44999,70.0,"Dual Sim, 5G, VoLTE, NFC, Wi-Fi",True,True,False,"Snapdragon 6 Gen3, Octa Core, 2.4 GHz Processor",Snapdragon 6 Gen3,Octa Core,2.4,"8 GB RAM, 256 GB inbuilt",8.0,256.0,6000 mAh Battery with 45W Fast Charging,6000,45.0,True,"6.7 inches, 1080 x 2340 px, 120 Hz Display with Punch Hole",6.7,1080,2340,120.0,Punch Hole,50 MP + 5 MP + 2 MP Triple Rear & 12 MP Front Camera,50 MP + 5 MP + 2 MP Triple Rear ,3.0,50,5,2,,,, 12 MP Front Camera,1,12,,Yes,Hybrid,1024.0,"Memory Card (Hybrid), upto 1 TB",Android v16,Android,8.0,Snapdragon,Qualcomm
388,realme,Realme P4R 5G (6GB RAM + 128GB),23299,57.0,"Dual Sim, 5G, VoLTE, Wi-Fi",True,False,False,"Dimensity 6300, Octa Core, 2.4 GHz Processor",Dimensity 6300,Octa Core,2.4,"6 GB RAM, 128 GB inbuilt",6.0,128.0,8000 mAh Battery with 45W Fast Charging,8000,45.0,True,"6.81 inches, 720 x 1570 px, 144 Hz Display with Punch Hole",6.81,720,1570,144.0,Punch Hole,50 MP Rear & 8 MP Front Camera,50 MP Rear ,1.0,50,,,,,, 8 MP Front Camera,1,8,,,,,,Android v16,Android,8.0,Dimensity,MediaTek
389,motorola,Motorola Razr Fold,149999,,"Dual Sim, 5G, VoLTE, NFC, eSIM, Wi-Fi",True,True,False,"Snapdragon 8 Gen5, Octa Core, 3.8 GHz Processor",Snapdragon 8 Gen5,Octa Core,3.8,"12 GB RAM, 256 GB inbuilt",12.0,256.0,6000 mAh Battery with 80W Fast Charging,6000,80.0,True,"8.09 inches, 2232 x 2484 px, 120 Hz Display with Punch Hole",8.09,2232,2484,120.0,Punch Hole,50 MP + 50 MP + 50 MP Triple Rear & 32 MP + 20 MP Dual Front Camera,50 MP + 50 MP + 50 MP Triple Rear ,3.0,50,50,50,,,, 32 MP + 20 MP Dual Front Camera,2,32,20,No,Not Supported,,Memory Card Not Supported,,Android,8.0,Snapdragon,Qualcomm
390,motorola,Motorola Moto A300 2026,1370,,Dual Sim,False,False,False,1.5 MHz Processor,,,0.002,"4 MB RAM, 32 MB inbuilt",4.0,32.0,1000 mAh Battery,1000,,False,"2 inches, 240 x 320 px Display",2.0,240,320,,,Main Rear Camera,Main Rear Camera,1.0,,,,,,,,1,,,Yes,Hybrid,64.0,"Memory Card (Hybrid), upto 64 GB",,RTOS,,,
391,poco,Poco X8 Pro Max 5G (12GB RAM + 512GB),52999,,"Dual Sim, 5G, VoLTE, Wi-Fi, IR Blaster",True,False,True,"Dimensity 9500s, Octa Core, 3.73 GHz Processor",Dimensity 9500s,Octa Core,3.73,"12 GB RAM, 512 GB inbuilt",12.0,512.0,9000 mAh Battery with 100W Fast Charging,9000,100.0,True,"6.83 inches, 1280 x 2772 px, 120 Hz Display with Punch Hole",6.83,1280,2772,120.0,Punch Hole,50 MP + 8 MP Dual Rear & 20 MP Front Camera,50 MP + 8 MP Dual Rear ,2.0,50,8,,,,, 20 MP Front Camera,1,20,,,,,,Android v16,Android,8.0,Dimensity,MediaTek
392,realme,Realme P4 Power 5G (8GB RAM + 256GB),34984,74.0,"Dual Sim, 5G, VoLTE, Wi-Fi, IR Blaster",True,False,True,"Dimensity 7400 Ultra, Octa Core, 2.6 GHz Processor",Dimensity 7400 Ultra,Octa Core,2.6,"8 GB RAM, 256 GB inbuilt",8.0,256.0,10001 mAh Battery with 80W Fast Charging,10001,80.0,True,"6.8 inches, 1280 x 2800 px, 144 Hz Display with Punch Hole",6.8,1280,2800,144.0,Punch Hole,50 MP + 8 MP Dual Rear & 16 MP Front Camera,50 MP + 8 MP Dual Rear ,2.0,50,8,,,,, 16 MP Front Camera,1,16,,No,Not Supported,,Memory Card Not Supported,Android v16,Android,8.0,Dimensity,MediaTek
393,realme,Realme 15 Pro 5G (8GB RAM + 256GB),32999,74.0,"Dual Sim, 5G, VoLTE, Wi-Fi",True,False,False,"Snapdragon 7 Gen4, Octa Core, 2.8 GHz Processor",Snapdragon 7 Gen4,Octa Core,2.8,"8 GB RAM, 256 GB inbuilt",8.0,256.0,7000 mAh Battery with 80W Fast Charging,7000,80.0,True,"6.8 inches, 1280 x 2800 px, 144 Hz Display with Punch Hole",6.8,1280,2800,144.0,Punch Hole,50 MP + 50 MP Dual Rear & 50 MP Front Camera,50 MP + 50 MP Dual Rear ,2.0,50,50,,,,, 50 MP Front Camera,1,50,,,,,,Android v15,Android,8.0,Snapdragon,Qualcomm
394,realme,Realme GT 7 (12GB RAM + 256GB),44999,,"Dual Sim, 5G, VoLTE, Vo5G, NFC, Wi-Fi, IR Blaster",True,True,True,"Dimensity 9400e, Octa Core, 3.4 GHz Processor",Dimensity 9400e,Octa Core,3.4,"12 GB RAM, 256 GB inbuilt",12.0,256.0,7000 mAh Battery with 120W Fast Charging,7000,120.0,True,"6.78 inches, 1264 x 2780 px, 120 Hz Display with Punch Hole",6.78,1264,2780,120.0,Punch Hole,50 MP + 50 MP + 8 MP Triple Rear & 32 MP Front Camera,50 MP + 50 MP + 8 MP Triple Rear ,3.0,50,50,8,,,, 32 MP Front Camera,1,32,,No,Not Supported,,Memory Card Not Supported,Android v15,Android,8.0,Dimensity,MediaTek
395,poco,Poco X6 Pro 5G,30900,70.0,"Dual Sim, 5G, VoLTE, NFC, Wi-Fi, IR Blaster",True,True,True,"Dimensity 8300 Ultra, Octa Core, 3.35 GHz Processor",Dimensity 8300 Ultra,Octa Core,3.35,"8 GB RAM, 256 GB inbuilt",8.0,256.0,5000 mAh Battery with 67W Fast Charging,5000,67.0,True,"6.67 inches, 1220 x 2712 px, 120 Hz Display with Punch Hole",6.67,1220,2712,120.0,Punch Hole,64 MP + 8 MP + 2 MP Triple Rear & 16 MP Front Camera,64 MP + 8 MP + 2 MP Triple Rear ,3.0,64,8,2,,,, 16 MP Front Camera,1,16,,,,,,Android v14,Android,8.0,Dimensity,MediaTek
396,xiaomi,Xiaomi Redmi Note 13 5G,22999,64.0,"Dual Sim, 5G, VoLTE, Vo5G, Wi-Fi, IR Blaster",True,False,True,"Dimensity 6080, Octa Core, 2.4 GHz Processor",Dimensity 6080,Octa Core,2.4,"6 GB RAM, 128 GB inbuilt",6.0,128.0,5000 mAh Battery with 33W Fast Charging,5000,33.0,True,"6.67 inches, 1080 x 2400 px, 120 Hz Display with Punch Hole",6.67,1080,2400,120.0,Punch Hole,108 MP + 8 MP + 2 MP Triple Rear & 16 MP Front Camera,108 MP + 8 MP + 2 MP Triple Rear ,3.0,108,8,2,,,, 16 MP Front Camera,1,16,,Yes,Hybrid,1024.0,"Memory Card (Hybrid), upto 1 TB",Android v13,Android,8.0,Dimensity,MediaTek
397,oneplus,OnePlus 12 5G,53999,79.0,"Dual Sim, 5G, VoLTE, Vo5G, NFC, eSIM, Wi-Fi, IR Blaster",True,True,True,"Snapdragon 8 Gen3, Octa Core, 3.3 GHz Processor",Snapdragon 8 Gen3,Octa Core,3.3,"12 GB RAM, 256 GB inbuilt",12.0,256.0,5400 mAh Battery with 100W Fast Charging,5400,100.0,True,"6.82 inches, 1440 x 3168 px, 120 Hz Display with Punch Hole",6.82,1440,3168,120.0,Punch Hole,64 MP + 50 MP + 48 MP Triple Rear & 32 MP Front Camera,64 MP + 50 MP + 48 MP Triple Rear ,3.0,64,50,48,,,, 32 MP Front Camera,1,32,,No,Not Supported,,Memory Card Not Supported,Android v14,Android,8.0,Snapdragon,Qualcomm
398,samsung,Samsung Galaxy S23 5G,54990,74.0,"Dual Sim, 5G, VoLTE, Vo5G, NFC, Wi-Fi",True,True,False,"Snapdragon 8 Gen 2, Octa Core, 3.36 GHz Processor",Snapdragon 8 Gen 2,Octa Core,3.36,"8 GB RAM, 128 GB inbuilt",8.0,128.0,3900 mAh Battery with 25W Fast Charging,3900,25.0,True,"6.1 inches, 1080 x 2340 px, 120 Hz Display with Punch Hole",6.1,1080,2340,120.0,Punch Hole,50 MP + 12 MP + 10 MP Triple Rear & 12 MP Front Camera,50 MP + 12 MP + 10 MP Triple Rear ,3.0,50,12,10,,,, 12 MP Front Camera,1,12,,,,,,Android v13,Android,8.0,Snapdragon,Qualcomm
399,nokia,Nokia 2660 Flip,4999,,"Dual Sim, 4G",False,False,False,Unisoc T107,Unisoc T107,,,"48 MB RAM, 128 MB inbuilt",48.0,128.0,1450 mAh Battery,1450,,False,"2.8 inches, 240 x 320 px Display",2.8,240,320,,,0.3 MP Rear Camera,0.3 MP Rear Camera,1.0,0.3,,,,,,,1,,,,,,,,S30+ / Feature OS,,Unisoc,Unisoc
400,samsung,Samsung Galaxy Z Fold 8 Ultra (16GB RAM + 1TB),254999,,"Dual Sim, 5G, VoLTE, Vo5G, NFC, eSIM, Wi-Fi",True,True,False,"Snapdragon 8 Elite Gen 5 For Galaxy, Octa Core, 4.74 GHz Processor",Snapdragon 8 Elite Gen 5 For Galaxy,Octa Core,4.74,"16 GB RAM, 1 TB inbuilt",16.0,1.0,5000 mAh Battery with 45W Fast Charging,5000,45.0,True,"8 inches, 2256 x 2504 px, 120 Hz Display with Punch Hole",8.0,2256,2504,120.0,Punch Hole,200 MP + 50 MP + 10 MP Triple Rear & 10 MP + 10 MP Dual Front Camera,200 MP + 50 MP + 10 MP Triple Rear ,3.0,200,50,10,,,, 10 MP + 10 MP Dual Front Camera,2,10,10,,,,,Android v17,Android,8.0,Snapdragon,Qualcomm
401,realme,Realme P4s 5G (8GB RAM + 256GB),37999,72.0,"Dual Sim, 5G, VoLTE, Wi-Fi, IR Blaster",True,False,True,"Dimensity 7400, Octa Core, 2.6 GHz Processor",Dimensity 7400,Octa Core,2.6,"8 GB RAM, 256 GB inbuilt",8.0,256.0,8000 mAh Battery with 80W Fast Charging,8000,80.0,True,"6.78 inches, 1272 x 2772 px, 144 Hz Display with Punch Hole",6.78,1272,2772,144.0,Punch Hole,50 MP + 2 MP Dual Rear & 16 MP Front Camera,50 MP + 2 MP Dual Rear ,2.0,50,2,,,,, 16 MP Front Camera,1,16,,No,Not Supported,,Memory Card Not Supported,Android v16,Android,8.0,Dimensity,MediaTek
402,infinix,Infinix Note 60 Pro 5G Pininfarina limited Edition,40999,75.0,"Dual Sim, 5G, VoLTE, NFC, eSIM, Wi-Fi, IR Blaster",True,True,True,"Snapdragon 7s Gen4, Octa Core, 2.4 GHz Processor",Snapdragon 7s Gen4,Octa Core,2.4,"8 GB RAM, 256 GB inbuilt",8.0,256.0,6500 mAh Battery with 90W Fast Charging,6500,90.0,True,"6.78 inches, 1208 x 2644 px, 144 Hz Display with Punch Hole",6.78,1208,2644,144.0,Punch Hole,50 MP + 8 MP Dual Rear & 13 MP Front Camera,50 MP + 8 MP Dual Rear ,2.0,50,8,,,,, 13 MP Front Camera,1,13,,Yes,Dedicated,1024.0,"Memory Card Supported, upto 1 TB",Android v16,Android,8.0,Snapdragon,Qualcomm
403,ai+,Ai+ Nova 2 Pro,19499,55.0,"Dual Sim, 5G, VoLTE, Wi-Fi",True,False,False,"Dimensity 7100, Octa Core, 2.4 GHz Processor",Dimensity 7100,Octa Core,2.4,"6 GB RAM, 128 GB inbuilt",6.0,128.0,6000 mAh Battery with 18W Fast Charging,6000,18.0,True,"6.9 inches, 2340 x 1080 px, 144 Hz Display with Punch Hole",6.9,2340,1080,144.0,Punch Hole,48 MP + 8 MP Dual Rear & 13 MP Front Camera,48 MP + 8 MP Dual Rear ,2.0,48,8,,,,, 13 MP Front Camera,1,13,,Yes,Dedicated,2048.0,"Memory Card Supported, upto 2 TB",Android v16,Android,8.0,Dimensity,MediaTek
404,motorola,Motorola Moto G37,15230,54.0,"Dual Sim, 5G, VoLTE, Wi-Fi",True,False,False,"Dimensity 6400, Octa Core, 2.5 GHz Processor",Dimensity 6400,Octa Core,2.5,"4 GB RAM, 64 GB inbuilt",4.0,64.0,5200 mAh Battery with 20W Fast Charging,5200,20.0,True,"6.67 inches, 1604 x 720 px, 120 Hz Display with Punch Hole",6.67,1604,720,120.0,Punch Hole,50 MP Rear & 8 MP Front Camera,50 MP Rear ,1.0,50,,,,,, 8 MP Front Camera,1,8,,Yes,Hybrid,1024.0,"Memory Card (Hybrid), upto 1 TB",Android v16,Android,8.0,Dimensity,MediaTek
405,nothing,Nothing Phone (4a) Pro (12GB RAM + 256GB),59750,77.0,"Dual Sim, 5G, VoLTE, NFC, Wi-Fi",True,True,False,"Snapdragon 7 Gen 4, Octa Core, 2.8 GHz Processor",Snapdragon 7 Gen 4,Octa Core,2.8,"12 GB RAM, 256 GB inbuilt",12.0,256.0,5400 mAh Battery with 50W Fast Charging,5400,50.0,True,"6.83 inches, 1260 x 2800 px, 144 Hz Display with Punch Hole",6.83,1260,2800,144.0,Punch Hole,50 MP + 50 MP + 8 MP Triple Rear & 32 MP Front Camera,50 MP + 50 MP + 8 MP Triple Rear ,3.0,50,50,8,,,, 32 MP Front Camera,1,32,,No,Not Supported,,Memory Card Not Supported,Android v16,Android,8.0,Snapdragon,Qualcomm
406,oppo,OPPO Reno 15 Pro 5G (12GB RAM + 512GB),72999,,"Dual Sim, 5G, VoLTE, NFC, Wi-Fi, IR Blaster",True,True,True,"Dimensity 8450, Octa Core, 3.25 GHz Processor",Dimensity 8450,Octa Core,3.25,"12 GB RAM, 512 GB inbuilt",12.0,512.0,6500 mAh Battery with 80W Fast Charging,6500,80.0,True,"6.78 inches, 1272 x 2772 px, 120 Hz Display with Punch Hole",6.78,1272,2772,120.0,Punch Hole,200 MP + 50 MP + 50 MP Triple Rear & 50 MP Front Camera,200 MP + 50 MP + 50 MP Triple Rear ,3.0,200,50,50,,,, 50 MP Front Camera,1,50,,No,Not Supported,,Memory Card Not Supported,Android v16,Android,8.0,Dimensity,MediaTek
407,samsung,Samsung Galaxy M17 5G (6GB RAM + 128GB),20829,55.0,"Dual Sim, 5G, VoLTE, NFC, Wi-Fi",True,True,False,"Exynos 1330, Octa Core, 2.4 GHz Processor",Exynos 1330,Octa Core,2.4,"6 GB RAM, 128 GB inbuilt",6.0,128.0,5000 mAh Battery with 25W Fast Charging,5000,25.0,True,"6.7 inches, 1080 x 2340 px, 90 Hz Display with Water Drop Notch",6.7,1080,2340,90.0,Water Drop Notch,50 MP + 5 MP + 2 MP Triple Rear & 13 MP Front Camera,50 MP + 5 MP + 2 MP Triple Rear ,3.0,50,5,2,,,, 13 MP Front Camera,1,13,,Yes,Hybrid,2048.0,"Memory Card (Hybrid), upto 2 TB",Android v15,Android,8.0,Exynos,Samsung
408,motorola,Motorola Moto G35 5G (8GB RAM + 128GB),19990,59.0,"Dual Sim, 5G, VoLTE, Vo5G, Wi-Fi",True,False,False,"Unisoc T760, Octa Core, 2.2 GHz Processor",Unisoc T760,Octa Core,2.2,"8 GB RAM, 128 GB inbuilt",8.0,128.0,5000 mAh Battery with 18W Fast Charging,5000,18.0,True,"6.72 inches, 1080 x 2400 px, 120 Hz Display with Punch Hole",6.72,1080,2400,120.0,Punch Hole,50 MP + 8 MP Dual Rear & 16 MP Front Camera,50 MP + 8 MP Dual Rear ,2.0,50,8,,,,, 16 MP Front Camera,1,16,,Yes,Hybrid,1024.0,"Memory Card (Hybrid), upto 1 TB",Android v14,Android,8.0,Unisoc,Unisoc
409,samsung,Samsung Galaxy F07,11900,,"Dual Sim, 4G, Wi-Fi",False,False,False,"Helio G99, Octa Core, 2.2 GHz Processor",Helio G99,Octa Core,2.2,"4 GB RAM, 64 GB inbuilt",4.0,64.0,5000 mAh Battery with 25W Fast Charging,5000,25.0,True,"6.7 inches, 720 x 1600 px Display with Water Drop Notch",6.7,720,1600,,Water Drop Notch,50 MP + 2 MP Dual Rear & 8 MP Front Camera,50 MP + 2 MP Dual Rear ,2.0,50,2,,,,, 8 MP Front Camera,1,8,,Yes,Dedicated,,Memory Card Supported,Android v15,Android,8.0,Helio,MediaTek
410,motorola,Motorola Moto G54 5G (12GB RAM +256GB),21999,62.0,"Dual Sim, 5G, VoLTE, Wi-Fi",True,False,False,"Dimensity 7020, Octa Core, 2.2 GHz Processor",Dimensity 7020,Octa Core,2.2,"12 GB RAM, 256 GB inbuilt",12.0,256.0,6000 mAh Battery with 33W Fast Charging,6000,33.0,True,"6.5 inches, 1080 x 2400 px, 120 Hz Display with Punch Hole",6.5,1080,2400,120.0,Punch Hole,50 MP + 8 MP Dual Rear & 16 MP Front Camera,50 MP + 8 MP Dual Rear ,2.0,50,8,,,,, 16 MP Front Camera,1,16,,Yes,Hybrid,1024.0,"Memory Card (Hybrid), upto 1 TB",Android v13,Android,8.0,Dimensity,MediaTek
411,lava,Lava Virat V1 5G,13099,,"Dual Sim, 5G, VoLTE, Vo5G, Wi-Fi",True,False,False,"Unisoc T8200, Octa Core Processor",Unisoc T8200,Octa Core,,"4 GB RAM, 64 GB inbuilt",4.0,64.0,6000 mAh Battery with 10W Fast Charging,6000,10.0,True,"6.75 inches, 720 x 1600 px, 120 Hz Display with Punch Hole",6.75,720,1600,120.0,Punch Hole,13 MP Dual Rear & 5 MP Front Camera,13 MP Dual Rear ,2.0,13,,,,,, 5 MP Front Camera,1,5,,Yes,Hybrid,1024.0,"Memory Card (Hybrid), upto 1 TB",Android v16,Android,8.0,Unisoc,Unisoc
412,vivo,Vivo T5 Lite 5G (6GB RAM + 128GB),22999,57.0,"Dual Sim, 5G, VoLTE, Wi-Fi",True,False,False,"Dimensity 6300, Octa Core, 2.4 GHz Processor",Dimensity 6300,Octa Core,2.4,"6 GB RAM, 128 GB inbuilt",6.0,128.0,6500 mAh Battery with 44W Fast Charging,6500,44.0,True,"6.74 inches, 720 x 1600 px, 120 Hz Display with Water Drop Notch",6.74,720,1600,120.0,Water Drop Notch,50 MP + 0.08 MP Dual Rear & 5 MP Front Camera,50 MP + 0.08 MP Dual Rear ,2.0,50,0.08,,,,, 5 MP Front Camera,1,5,,Yes,Hybrid,2048.0,"Memory Card (Hybrid), upto 2 TB",Android v16,Android,8.0,Dimensity,MediaTek
413,poco,Poco X8 (8GB RAM + 256GB),35999,68.0,"Dual Sim, 5G, VoLTE, Vo5G, NFC, Wi-Fi, IR Blaster",True,True,True,"Snapdragon 6s Gen4, Octa Core, 2.4 GHz Processor",Snapdragon 6s Gen4,Octa Core,2.4,"8 GB RAM, 256 GB inbuilt",8.0,256.0,9000 mAh Battery with 67W Fast Charging,9000,67.0,True,"6.83 inches, 1280 x 2772 px, 120 Hz Display with Punch Hole",6.83,1280,2772,120.0,Punch Hole,50 MP + 2 MP Dual Rear & 16 MP Front Camera,50 MP + 2 MP Dual Rear ,2.0,50,2,,,,, 16 MP Front Camera,1,16,,,,,,Android v16,Android,8.0,Snapdragon,Qualcomm
414,vivo,Vivo Y05,14999,,"Dual Sim, 4G, VoLTE, Wi-Fi",False,False,False,"Unisoc T7225, Octa Core, 2 GHz Processor",Unisoc T7225,Octa Core,2.0,"4 GB RAM, 64 GB inbuilt",4.0,64.0,6500 mAh Battery with 15W Fast Charging,6500,15.0,True,"6.74 inches, 720 x 1600 px, 120 Hz Display with Water Drop Notch",6.74,720,1600,120.0,Water Drop Notch,8 MP Rear & 5 MP Front Camera,8 MP Rear ,1.0,8,,,,,, 5 MP Front Camera,1,5,,Yes,Dedicated,2048.0,"Memory Card Supported, upto 2 TB",Android v16,Android,8.0,Unisoc,Unisoc
415,vivo,Vivo Y11 5G (4GB RAM + 128GB),20999,50.0,"Dual Sim, 5G, VoLTE, Wi-Fi, IR Blaster",True,False,True,"Dimensity 6300, Octa Core, 2.4 GHz Processor",Dimensity 6300,Octa Core,2.4,"4 GB RAM, 128 GB inbuilt",4.0,128.0,6500 mAh Battery with 15W Fast Charging,6500,15.0,True,"6.74 inches, 720 x 1600 px, 120 Hz Display with Water Drop Notch",6.74,720,1600,120.0,Water Drop Notch,13 MP + 0.08 MP Dual Rear & 5 MP Front Camera,13 MP + 0.08 MP Dual Rear ,2.0,13,0.08,,,,, 5 MP Front Camera,1,5,,Yes,Hybrid,2048.0,"Memory Card (Hybrid), upto 2 TB",Android v16,Android,8.0,Dimensity,MediaTek
416,oppo,Oppo A6 5G (6GB RAM + 128GB),25999,59.0,"Dual Sim, 5G, NFC, Wi-Fi",True,True,False,"Dimensity 6300, Octa Core, 2.4 GHz Processor",Dimensity 6300,Octa Core,2.4,"6 GB RAM, 128 GB inbuilt",6.0,128.0,7000 mAh Battery with 45W Fast Charging,7000,45.0,True,"6.75 inches, 720 x 1570 px, 120 Hz Display with Punch Hole",6.75,720,1570,120.0,Punch Hole,50 MP + 2 MP Dual Rear & 8 MP Front Camera,50 MP + 2 MP Dual Rear ,2.0,50,2,,,,, 8 MP Front Camera,1,8,,Yes,Dedicated,,Memory Card Supported,Android v15,Android,8.0,Dimensity,MediaTek
417,realme,Realme P4 5G (8GB RAM + 256GB),32999,67.0,"Dual Sim, 5G, VoLTE, Wi-Fi, IR Blaster",True,False,True,"Dimensity 7400 Ultra, Octa Core, 2.6 GHz Processor",Dimensity 7400 Ultra,Octa Core,2.6,"8 GB RAM, 256 GB inbuilt",8.0,256.0,7000 mAh Battery with 80W Fast Charging,7000,80.0,True,"6.77 inches, 1080 x 2392 px, 144 Hz Display with Punch Hole",6.77,1080,2392,144.0,Punch Hole,50 MP + 8 MP Dual Rear & 16 MP Front Camera,50 MP + 8 MP Dual Rear ,2.0,50,8,,,,, 16 MP Front Camera,1,16,,,,,,Android v15,Android,8.0,Dimensity,MediaTek
418,samsung,Samsung Galaxy F36 5G (8GB RAM + 128GB),23249,63.0,"Dual Sim, 5G, VoLTE, NFC, Wi-Fi",True,True,False,"Exynos 1380, Octa Core, 2.4 GHz Processor",Exynos 1380,Octa Core,2.4,"8 GB RAM, 128 GB inbuilt",8.0,128.0,5000 mAh Battery with 25W Fast Charging,5000,25.0,True,"6.7 inches, 1080 x 2340 px, 120 Hz Display with Water Drop Notch",6.7,1080,2340,120.0,Water Drop Notch,50 MP + 8 MP + 2 MP Triple Rear & 13 MP Front Camera,50 MP + 8 MP + 2 MP Triple Rear ,3.0,50,8,2,,,, 13 MP Front Camera,1,13,,Yes,Hybrid,2048.0,"Memory Card (Hybrid), upto 2 TB",Android v15,Android,8.0,Exynos,Samsung
419,samsung,Samsung Galaxy Z Fold 7,154999,,"Dual Sim, 5G, VoLTE, Vo5G, NFC, eSIM, Wi-Fi",True,True,False,"Snapdragon 8 Elite for Galaxy, Octa Core, 4.47 GHz Processor",Snapdragon 8 Elite for Galaxy,Octa Core,4.47,"12 GB RAM, 256 GB inbuilt",12.0,256.0,4400 mAh Battery with 25W Fast Charging,4400,25.0,True,"8 inches, 1968 x 2184 px, 120 Hz Display with Punch Hole",8.0,1968,2184,120.0,Punch Hole,200 MP + 12 MP + 10 MP Triple Rear & 10 MP + 10 MP Dual Front Camera,200 MP + 12 MP + 10 MP Triple Rear ,3.0,200,12,10,,,, 10 MP + 10 MP Dual Front Camera,2,10,10,,,,,Android v16,Android,8.0,Snapdragon,Qualcomm
420,oneplus,OnePlus 13s (12GB RAM + 512GB),59999,,"Dual Sim, 5G, VoLTE, Vo5G, NFC, Wi-Fi, IR Blaster",True,True,True,"Snapdragon 8 Elite, Octa Core, 4.32 GHz Processor",Snapdragon 8 Elite,Octa Core,4.32,"12 GB RAM, 512 GB inbuilt",12.0,512.0,5850 mAh Battery with 80W Fast Charging,5850,80.0,True,"6.32 inches, 1216 x 2640 px, 120 Hz Display with Punch Hole",6.32,1216,2640,120.0,Punch Hole,50 MP + 50 MP Dual Rear & 32 MP Front Camera,50 MP + 50 MP Dual Rear ,2.0,50,50,,,,, 32 MP Front Camera,1,32,,No,Not Supported,,Memory Card Not Supported,Android v15,Android,8.0,Snapdragon,Qualcomm
421,google,Google Pixel 9,79890,75.0,"Dual Sim, 5G, VoLTE, Vo5G, NFC, eSIM, Wi-Fi",True,True,False,"Tensor G4, Octa Core, 3.1 GHz Processor",Tensor G4,Octa Core,3.1,"12 GB RAM, 256 GB inbuilt",12.0,256.0,4700 mAh Battery with 27W Fast Charging,4700,27.0,True,"6.3 inches, 1080 x 2424 px, 120 Hz Display with Punch Hole",6.3,1080,2424,120.0,Punch Hole,50 MP + 48 MP Dual Rear & 10.5 MP Front Camera,50 MP + 48 MP Dual Rear ,2.0,50,48,,,,, 10.5 MP Front Camera,1,10.5,,,,,,Android v14,Android,8.0,Tensor,Google
422,realme,Realme C100i,14999,,"Dual Sim, 4G, VoLTE, Wi-Fi",False,False,False,"Unisoc T7250, Octa Core, 1.8 GHz Processor",Unisoc T7250,Octa Core,1.8,"4 GB RAM, 64 GB inbuilt",4.0,64.0,6500 mAh Battery with 15W Fast Charging,6500,15.0,True,"6.75 inches, 120 Hz Display with Water Drop Notch",6.75,,,120.0,Water Drop Notch,8 MP Rear & 5 MP Front Camera,8 MP Rear ,1.0,8,,,,,, 5 MP Front Camera,1,5,,Yes,Hybrid,,Memory Card (Hybrid),Android v16,Android,8.0,Unisoc,Unisoc
423,oppo,OPPO Reno 16 5G (12GB RAM + 256GB),72999,,"Dual Sim, 5G, VoLTE, Vo5G, Wi-Fi, IR Blaster",True,False,True,"Snapdragon 7 Gen4, Octa Core, 2.8 GHz Processor",Snapdragon 7 Gen4,Octa Core,2.8,"12 GB RAM, 256 GB inbuilt",12.0,256.0,6700 mAh Battery with 80W Fast Charging,6700,80.0,True,"6.32 inches, 1216 x 2640 px, 120 Hz Display with Punch Hole",6.32,1216,2640,120.0,Punch Hole,50 MP + 50 MP + 50 MP Triple Rear & 50 MP Front Camera,50 MP + 50 MP + 50 MP Triple Rear ,3.0,50,50,50,,,, 50 MP Front Camera,1,50,,No,Not Supported,,Memory Card Not Supported,Android v16,Android,8.0,Snapdragon,Qualcomm
424,motorola,Motorola Moto G Max,27670,62.0,"Dual Sim, 5G, Wi-Fi",True,False,False,"Snapdragon 6s Gen4, Octa Core, 2.4 GHz Processor",Snapdragon 6s Gen4,Octa Core,2.4,"6 GB RAM, 128 GB inbuilt",6.0,128.0,7000 mAh Battery with 30W Fast Charging,7000,30.0,True,"6.72 inches, 1080 x 2400 px, 120 Hz Display with Punch Hole",6.72,1080,2400,120.0,Punch Hole,50 MP + 8 MP Dual Rear & 32 MP Front Camera,50 MP + 8 MP Dual Rear ,2.0,50,8,,,,, 32 MP Front Camera,1,32,,Yes,Dedicated,,Memory Card Supported,Android v16,Android,8.0,Snapdragon,Qualcomm
425,nothing,Nothing Phone (4a) Pro (8GB RAM + 256GB),52850,76.0,"Dual Sim, 5G, VoLTE, NFC, Wi-Fi",True,True,False,"Snapdragon 7 Gen 4, Octa Core, 2.8 GHz Processor",Snapdragon 7 Gen 4,Octa Core,2.8,"8 GB RAM, 256 GB inbuilt",8.0,256.0,5400 mAh Battery with 50W Fast Charging,5400,50.0,True,"6.83 inches, 1260 x 2800 px, 144 Hz Display with Punch Hole",6.83,1260,2800,144.0,Punch Hole,50 MP + 50 MP + 8 MP Triple Rear & 32 MP Front Camera,50 MP + 50 MP + 8 MP Triple Rear ,3.0,50,50,8,,,, 32 MP Front Camera,1,32,,No,Not Supported,,Memory Card Not Supported,Android v16,Android,8.0,Snapdragon,Qualcomm
426,samaung,Samaung Galaxy F70e,15958,54.0,"Dual Sim, 5G, VoLTE, Wi-Fi",True,False,False,"Dimensity 6300, Octa Core, 2.4 GHz Processor",Dimensity 6300,Octa Core,2.4,"4 GB RAM, 128 GB inbuilt",4.0,128.0,6000 mAh Battery with 25W Fast Charging,6000,25.0,True,"6.7 inches, 720 x 1600 px, 120 Hz Display with Water Drop Notch",6.7,720,1600,120.0,Water Drop Notch,50 MP + 2 MP Dual Rear & 8 MP Front Camera,50 MP + 2 MP Dual Rear ,2.0,50,2,,,,, 8 MP Front Camera,1,8,,Yes,Hybrid,2048.0,"Memory Card (Hybrid), upto 2 TB",Android v16,Android,8.0,Dimensity,MediaTek
427,google,Google Pixel 10 Pro XL,113640,,"Dual Sim, 5G, VoLTE, Vo5G, NFC, eSIM, Wi-Fi",True,True,False,"Tensor G5, Octa Core, 3.78 GHz Processor",Tensor G5,Octa Core,3.78,"16 GB RAM, 256 GB inbuilt",16.0,256.0,5200 mAh Battery with 45W Fast Charging,5200,45.0,True,"6.8 inches, 1344 x 2992 px, 120 Hz Display with Punch Hole",6.8,1344,2992,120.0,Punch Hole,50 MP + 48 MP + 48 MP Triple Rear & 42 MP Front Camera,50 MP + 48 MP + 48 MP Triple Rear ,3.0,50,48,48,,,, 42 MP Front Camera,1,42,,,,,,Android v16,Android,8.0,Tensor,Google
428,realme,Realme 15 5G,29999,64.0,"Dual Sim, 5G, VoLTE, Wi-Fi",True,False,False,"Dimensity 7300 Plus, Octa Core Processor",Dimensity 7300 Plus,Octa Core,,"8 GB RAM, 128 GB inbuilt",8.0,128.0,7000 mAh Battery with 80W Fast Charging,7000,80.0,True,"6.8 inches, 1280 x 2800 px, 144 Hz Display with Punch Hole",6.8,1280,2800,144.0,Punch Hole,50 MP + 8 MP Dual Rear & 50 MP Front Camera,50 MP + 8 MP Dual Rear ,2.0,50,8,,,,, 50 MP Front Camera,1,50,,,,,,Android v15,Android,8.0,Dimensity,MediaTek
429,apple,Apple iPhone 16e,59900,63.0,"Dual Sim, 5G, VoLTE, NFC, eSIM, Wi-Fi",True,True,False,"Bionic A18, Hexa Core, 4.04 GHz Processor",Bionic A18,Hexa Core,4.04,"8 GB RAM, 128 GB inbuilt",8.0,128.0,4005 mAh Battery with Fast Charging,4005,,True,"6.1 inches, 1170 x 2532 px Display with Small Notch",6.1,1170,2532,,Small Notch,48 MP Rear & 12 MP Front Camera,48 MP Rear ,1.0,48,,,,,, 12 MP Front Camera,1,12,,No,Not Supported,,Memory Card Not Supported,iOS v18,iOS,6.0,Bionic,Apple
430,samsung,Samsung Galaxy A06 5G,14999,52.0,"Dual Sim, 5G, VoLTE, Wi-Fi",True,False,False,"Dimensity 6300, Octa Core, 2.4 GHz Processor",Dimensity 6300,Octa Core,2.4,"4 GB RAM, 64 GB inbuilt",4.0,64.0,5000 mAh Battery with 25W Fast Charging,5000,25.0,True,"6.7 inches, 720 x 1600 px, 90 Hz Display with Water Drop Notch",6.7,720,1600,90.0,Water Drop Notch,50 MP + 2 MP Dual Rear & 8 MP Front Camera,50 MP + 2 MP Dual Rear ,2.0,50,2,,,,, 8 MP Front Camera,1,8,,Yes,Dedicated,1024.0,"Memory Card Supported, upto 1 TB",Android v15,Android,8.0,Dimensity,MediaTek
431,realme,Realme 14 Pro 5G,24999,62.0,"Dual Sim, 5G, VoLTE, Wi-Fi",True,False,False,"Dimensity 7300 Energy, Octa Core, 2.5 GHz Processor",Dimensity 7300 Energy,Octa Core,2.5,"8 GB RAM, 128 GB inbuilt",8.0,128.0,6000 mAh Battery with 45W Fast Charging,6000,45.0,True,"6.77 inches, 1080 x 2392 px, 120 Hz Display with Punch Hole",6.77,1080,2392,120.0,Punch Hole,50 MP + 2 MP Dual Rear & 16 MP Front Camera,50 MP + 2 MP Dual Rear ,2.0,50,2,,,,, 16 MP Front Camera,1,16,,,,,,Android v15,Android,8.0,Dimensity,MediaTek
432,xiaomi,Xiaomi Redmi Note 14 Pro (8GB RAM + 256GB),26995,63.0,"Dual Sim, 5G, VoLTE, Wi-Fi, IR Blaster",True,False,True,"Dimensity 7300 Ultra, Octa Core, 2.5 GHz Processor",Dimensity 7300 Ultra,Octa Core,2.5,"8 GB RAM, 256 GB inbuilt",8.0,256.0,5500 mAh Battery with 45W Fast Charging,5500,45.0,True,"6.67 inches, 1220 x 2712 px, 120 Hz Display with Punch Hole",6.67,1220,2712,120.0,Punch Hole,50 MP + 8 MP + 2 MP Triple Rear & 20 MP Front Camera,50 MP + 8 MP + 2 MP Triple Rear ,3.0,50,8,2,,,, 20 MP Front Camera,1,20,,,,,,Android v14,Android,8.0,Dimensity,MediaTek
433,jio,Jio Bharat V4 4G,899,,"Single Sim, 4G, VoLTE",False,False,False,,,,,"512 MB RAM, 4 GB inbuilt",512.0,4.0,1000 mAh Battery,1000,,False,"1.77 inches, 240 x 320 px Display",1.77,240,320,,,0.3 MP Rear Camera,0.3 MP Rear Camera,1.0,0.3,,,,,,,1,,,Yes,Dedicated,128.0,"Memory Card Supported, upto 128 GB",,Mocor,,,
434,oppo,Oppo F27 Pro Plus 5G,34999,64.0,"Dual Sim, 5G, VoLTE, Wi-Fi",True,False,False,"Dimensity 7050, Octa Core, 2.6 GHz Processor",Dimensity 7050,Octa Core,2.6,"8 GB RAM, 256 GB inbuilt",8.0,256.0,5000 mAh Battery with 67W Fast Charging,5000,67.0,True,"6.7 inches, 1080 x 2412 px, 120 Hz Display with Punch Hole",6.7,1080,2412,120.0,Punch Hole,64 MP + 2 MP Dual Rear & 8 MP Front Camera,64 MP + 2 MP Dual Rear ,2.0,64,2,,,,, 8 MP Front Camera,1,8,,,,,,Android v14,Android,8.0,Dimensity,MediaTek
435,google,Google Pixel 11 Pro Fold,186999,,"Dual Sim, 5G, VoLTE, NFC, eSIM, Wi-Fi",True,True,False,Tensor G6,Tensor G6,,,"16 GB RAM, 512 GB inbuilt",16.0,512.0,4806 mAh Battery with Fast Charging,4806,,True,"8 inches, 2076 x 2152 px, 120 Hz Display with Punch Hole",8.0,2076,2152,120.0,Punch Hole,48 MP + 10.8 MP + 10.5 MP Triple Rear & 10 MP + 10 MP Dual Front Camera,48 MP + 10.8 MP + 10.5 MP Triple Rear ,3.0,48,10.8,10.5,,,, 10 MP + 10 MP Dual Front Camera,2,10,10,,,,,Android v17,Android,,Tensor,Google
436,philips,Philips S7221 5G,24499,52.0,"Dual Sim, 5G, Wi-Fi",True,False,False,"Unisoc T765, Octa Core, 2 GHz Processor",Unisoc T765,Octa Core,2.0,"8 GB RAM, 128 GB inbuilt",8.0,128.0,5700 mAh Battery with 18W Fast Charging,5700,18.0,True,"6.67 inches, 720 x 1612 px Display with Punch Hole",6.67,720,1612,,Punch Hole,64 MP + 0.08 MP Dual Rear & 16 MP Front Camera,64 MP + 0.08 MP Dual Rear ,2.0,64,0.08,,,,, 16 MP Front Camera,1,16,,,,,,Android v16,Android,8.0,Unisoc,Unisoc
437,realme,Realme Narzo 100x 5G (6GB RAM + 128GB),22107,59.0,"Dual Sim, 5G, VoLTE, Wi-Fi",True,False,False,"Dimensity 6300, Octa Core, 2.4 GHz Processor",Dimensity 6300,Octa Core,2.4,"6 GB RAM, 128 GB inbuilt",6.0,128.0,8000 mAh Battery with 45W Fast Charging,8000,45.0,True,"6.81 inches, 720 x 1570 px, 144 Hz Display with Punch Hole",6.81,720,1570,144.0,Punch Hole,50 MP Dual Rear & 8 MP Front Camera,50 MP Dual Rear ,2.0,50,,,,,, 8 MP Front Camera,1,8,,Yes,Hybrid,,Memory Card (Hybrid),Android v16,Android,8.0,Dimensity,MediaTek
438,xiaomi,Xiaomi Redmi Turbo 5 5G (12GB RAM + 256GB),46999,77.0,"Dual Sim, 5G, VoLTE, NFC, Wi-Fi, IR Blaster",True,True,True,"Dimensity 8500 Ultra, Octa Core, 3.4 GHz Processor",Dimensity 8500 Ultra,Octa Core,3.4,"12 GB RAM, 256 GB inbuilt",12.0,256.0,7540 mAh Battery with 100W Fast Charging,7540,100.0,True,"6.59 inches, 1268 x 2756 px, 120 Hz Display with Punch Hole",6.59,1268,2756,120.0,Punch Hole,50 MP + 8 MP Dual Rear & 20 MP Front Camera,50 MP + 8 MP Dual Rear ,2.0,50,8,,,,, 20 MP Front Camera,1,20,,,,,,Android v16,Android,8.0,Dimensity,MediaTek
439,oppo,OPPO F33 Pro 5G (8GB RAM + 256GB),43999,68.0,"Dual Sim, 5G, VoLTE, Wi-Fi, IR Blaster",True,False,True,"Dimensity 6360 MAX, Octa Core, 2.4 GHz Processor",Dimensity 6360 MAX,Octa Core,2.4,"8 GB RAM, 256 GB inbuilt",8.0,256.0,7000 mAh Battery with 80W Fast Charging,7000,80.0,True,"6.57 inches, 1080 x 2372 px, 120 Hz Display with Punch Hole",6.57,1080,2372,120.0,Punch Hole,50 MP + 2 MP Dual Rear & 50 MP Front Camera,50 MP + 2 MP Dual Rear ,2.0,50,2,,,,, 50 MP Front Camera,1,50,,Yes,Hybrid,,Memory Card (Hybrid),Android v16,Android,8.0,Dimensity,MediaTek
440,xiaomi,Xiaomi Redmi A7 Pro 5G (4GB RAM + 128GB),15999,54.0,"Dual Sim, 5G, VoLTE, Wi-Fi",True,False,False,"Unisoc T8300, Octa Core, 2.2 GHz Processor",Unisoc T8300,Octa Core,2.2,"4 GB RAM, 128 GB inbuilt",4.0,128.0,6300 mAh Battery with 15W Fast Charging,6300,15.0,True,"6.9 inches, 720 x 1600 px, 120 Hz Display with Water Drop Notch",6.9,720,1600,120.0,Water Drop Notch,32 MP Dual Rear & 8 MP Front Camera,32 MP Dual Rear ,2.0,32,,,,,, 8 MP Front Camera,1,8,,Yes,Hybrid,2048.0,"Memory Card (Hybrid), upto 2 TB",Android v16,Android,8.0,Unisoc,Unisoc
441,xiaomi,Xiaomi Redmi 15A 5G (6GB RAM + 128GB),19485,59.0,"Dual Sim, 5G, VoLTE, Wi-Fi, IR Blaster",True,False,True,"Unisoc T8300, Octa Core, 2.2 GHz Processor",Unisoc T8300,Octa Core,2.2,"6 GB RAM, 128 GB inbuilt",6.0,128.0,6300 mAh Battery with 33W Fast Charging,6300,33.0,True,"6.9 inches, 720 x 1600 px, 120 Hz Display with Punch Hole",6.9,720,1600,120.0,Punch Hole,32 MP Rear & 8 MP Front Camera,32 MP Rear ,1.0,32,,,,,, 8 MP Front Camera,1,8,,Yes,Hybrid,1024.0,"Memory Card (Hybrid), upto 1 TB",Android v16,Android,8.0,Unisoc,Unisoc
442,oppo,OPPO K14 5G (6GB RAM + 256GB),27946,62.0,"Dual Sim, 5G, VoLTE, NFC, Wi-Fi, IR Blaster",True,True,True,"Dimensity 6300, Octa Core, 2.4 GHz Processor",Dimensity 6300,Octa Core,2.4,"6 GB RAM, 256 GB inbuilt",6.0,256.0,7000 mAh Battery with 45W Fast Charging,7000,45.0,True,"6.75 inches, 720 x 1570 px, 120 Hz Display with Punch Hole",6.75,720,1570,120.0,Punch Hole,50 MP + 2 MP Dual Rear & 8 MP Front Camera,50 MP + 2 MP Dual Rear ,2.0,50,2,,,,, 8 MP Front Camera,1,8,,Yes,Hybrid,,Memory Card (Hybrid),Android v15,Android,8.0,Dimensity,MediaTek
443,nothing,Nothing Phone 4a (12GB RAM + 256GB),46999,74.0,"Dual Sim, 5G, VoLTE, Wi-Fi",True,False,False,"Snapdragon 7s Gen4, Octa Core, 2.7 GHz Processor",Snapdragon 7s Gen4,Octa Core,2.7,"12 GB RAM, 256 GB inbuilt",12.0,256.0,5400 mAh Battery with 50W Fast Charging,5400,50.0,True,"6.78 inches, 1224 x 2720 px, 120 Hz Display with Punch Hole",6.78,1224,2720,120.0,Punch Hole,50 MP + 50 MP + 8 MP Triple Rear & 32 MP Front Camera,50 MP + 50 MP + 8 MP Triple Rear ,3.0,50,50,8,,,, 32 MP Front Camera,1,32,,,,,,Android v16,Android,8.0,Snapdragon,Qualcomm
444,xiaomi,Xiaomi Redmi Note 15 Pro Plus (12GB RAM + 256GB),41999,,"Dual Sim, 5G, VoLTE, NFC, eSIM, Wi-Fi, IR Blaster",True,True,True,"Snapdragon 7s Gen4, Octa Core, 2.7 GHz Processor",Snapdragon 7s Gen4,Octa Core,2.7,"12 GB RAM, 256 GB inbuilt",12.0,256.0,6500 mAh Battery with 100W Fast Charging,6500,100.0,True,"6.83 inches, 1280 x 2772 px, 120 Hz Display with Punch Hole",6.83,1280,2772,120.0,Punch Hole,200 MP + 8 MP Dual Rear & 32 MP Front Camera,200 MP + 8 MP Dual Rear ,2.0,200,8,,,,, 32 MP Front Camera,1,32,,No,Not Supported,,Memory Card Not Supported,Android v15,Android,8.0,Snapdragon,Qualcomm
445,lava,Lava Blaze Duo 3 5G,20999,59.0,"Dual Sim, 5G, VoLTE, Vo5G, Wi-Fi, IR Blaster",True,False,True,"Dimensity 7060, Octa Core Processor",Dimensity 7060,Octa Core,,"6 GB RAM, 128 GB inbuilt",6.0,128.0,5000 mAh Battery with 33W Fast Charging,5000,33.0,True,"6.67 inches, 1080 x 2400 px, 120 Hz Display with Punch Hole",6.67,1080,2400,120.0,Punch Hole,50 MP Dual Rear & 8 MP Front Camera,50 MP Dual Rear ,2.0,50,,,,,, 8 MP Front Camera,1,8,,Yes,Hybrid,,Memory Card (Hybrid),,Android,8.0,Dimensity,MediaTek
446,xiaomi,Xiaomi Redmi Note 15 5G (256GB),31999,71.0,"Dual Sim, 5G, VoLTE, NFC, Wi-Fi, IR Blaster",True,True,True,"Snapdragon 6 Gen3, Octa Core, 2.4 GHz Processor",Snapdragon 6 Gen3,Octa Core,2.4,"8 GB RAM, 256 GB inbuilt",8.0,256.0,5520 mAh Battery with 45W Fast Charging,5520,45.0,True,"6.77 inches, 1080 x 2392 px, 120 Hz Display with Punch Hole",6.77,1080,2392,120.0,Punch Hole,108 MP + 8 MP Dual Rear & 20 MP Front Camera,108 MP + 8 MP Dual Rear ,2.0,108,8,,,,, 20 MP Front Camera,1,20,,Yes,Hybrid,1024.0,"Memory Card (Hybrid), upto 1 TB",Android v15,Android,8.0,Snapdragon,Qualcomm
447,motorola,Motorola Moto G06 Power,13076,,"Dual Sim, 4G, Wi-Fi",False,False,False,"Helio G81, Octa Core, 2 GHz Processor",Helio G81,Octa Core,2.0,"4 GB RAM, 64 GB inbuilt",4.0,64.0,7000 mAh Battery,7000,,False,"6.88 inches, 720 x 1640 px, 120 Hz Display with Water Drop Notch",6.88,720,1640,120.0,Water Drop Notch,50 MP Rear & 8 MP Front Camera,50 MP Rear ,1.0,50,,,,,, 8 MP Front Camera,1,8,,Yes,Hybrid,1024.0,"Memory Card (Hybrid), upto 1 TB",Android v15,Android,8.0,Helio,MediaTek
448,oneplus,OnePlus Nord CE 5 5G (8GB RAM + 256GB),37999,72.0,"Dual Sim, 5G, VoLTE, Wi-Fi, IR Blaster",True,False,True,"Dimensity 8350 Apex, Octa Core, 3.35 GHz Processor",Dimensity 8350 Apex,Octa Core,3.35,"8 GB RAM, 256 GB inbuilt",8.0,256.0,7100 mAh Battery with 80W Fast Charging,7100,80.0,True,"6.77 inches, 1080 x 2392 px, 120 Hz Display with Punch Hole",6.77,1080,2392,120.0,Punch Hole,50 MP + 8 MP Dual Rear & 16 MP Front Camera,50 MP + 8 MP Dual Rear ,2.0,50,8,,,,, 16 MP Front Camera,1,16,,Yes,Hybrid,1024.0,"Memory Card (Hybrid), upto 1 TB",Android v15,Android,8.0,Dimensity,MediaTek
449,realme,Realme P3 Ultra,31999,67.0,"Dual Sim, 5G, VoLTE, Wi-Fi, IR Blaster",True,False,True,"Dimensity 8350 Ultra, Octa Core, 3.35 GHz Processor",Dimensity 8350 Ultra,Octa Core,3.35,"8 GB RAM, 128 GB inbuilt",8.0,128.0,6000 mAh Battery with 80W Fast Charging,6000,80.0,True,"6.83 inches, 1272 x 2800 px, 120 Hz Display with Punch Hole",6.83,1272,2800,120.0,Punch Hole,50 MP + 8 MP Dual Rear & 16 MP Front Camera,50 MP + 8 MP Dual Rear ,2.0,50,8,,,,, 16 MP Front Camera,1,16,,No,Not Supported,,Memory Card Not Supported,Android v15,Android,8.0,Dimensity,MediaTek
450,xiaomi,Xiaomi 15,69998,,"Dual Sim, 5G, VoLTE, Vo5G, NFC, Wi-Fi, IR Blaster",True,True,True,"Snapdragon 8 Elite, Octa Core, 4.32 GHz Processor",Snapdragon 8 Elite,Octa Core,4.32,"12 GB RAM, 512 GB inbuilt",12.0,512.0,5240 mAh Battery with 90W Fast Charging,5240,90.0,True,"6.36 inches, 1200 x 2670 px, 120 Hz Display with Punch Hole",6.36,1200,2670,120.0,Punch Hole,50 MP + 50 MP + 50 MP Triple Rear & 32 MP Front Camera,50 MP + 50 MP + 50 MP Triple Rear ,3.0,50,50,50,,,, 32 MP Front Camera,1,32,,,,,,Android v15,Android,8.0,Snapdragon,Qualcomm
451,apple,Apple iPhone 16 Plus (256GB),89900,70.0,"Dual Sim, 5G, VoLTE, NFC, eSIM, Wi-Fi",True,True,False,"Bionic A18, Hexa Core, 4.04 GHz Processor",Bionic A18,Hexa Core,4.04,"8 GB RAM, 256 GB inbuilt",8.0,256.0,4674 mAh Battery with Fast Charging,4674,,True,"6.7 inches, 1290 x 2796 px Display with Dynamic Island",6.7,1290,2796,,Dynamic Island,48 MP + 12 MP Dual Rear & 12 MP Front Camera,48 MP + 12 MP Dual Rear ,2.0,48,12,,,,, 12 MP Front Camera,1,12,,No,Not Supported,,Memory Card Not Supported,iOS v18,iOS,6.0,Bionic,Apple
452,tecno,Tecno Camon 30 Premier 5G,35999,72.0,"Dual Sim, 5G, VoLTE, NFC, Wi-Fi, IR Blaster",True,True,True,"Dimensity 8200, Octa Core, 3.1 GHz Processor",Dimensity 8200,Octa Core,3.1,"12 GB RAM, 512 GB inbuilt",12.0,512.0,5000 mAh Battery with 70W Fast Charging,5000,70.0,True,"6.77 inches, 1264 x 2780 px, 120 Hz Display with Punch Hole",6.77,1264,2780,120.0,Punch Hole,50 MP + 50 MP + 50 MP Triple Rear & 50 MP Front Camera,50 MP + 50 MP + 50 MP Triple Rear ,3.0,50,50,50,,,, 50 MP Front Camera,1,50,,No,Not Supported,,Memory Card Not Supported,Android v14,Android,8.0,Dimensity,MediaTek
453,motorola,Motorola Edge 50 Pro (12GB RAM + 256GB),33990,75.0,"Dual Sim, 5G, VoLTE, Vo5G, NFC, Wi-Fi",True,True,False,"Snapdragon 7 Gen3, Octa Core, 2.63 GHz Processor",Snapdragon 7 Gen3,Octa Core,2.63,"12 GB RAM, 256 GB inbuilt",12.0,256.0,4500 mAh Battery with 125W Fast Charging,4500,125.0,True,"6.7 inches, 1220 x 2712 px, 144 Hz Display with Punch Hole",6.7,1220,2712,144.0,Punch Hole,50 MP + 13 MP + 10 MP Triple Rear & 50 MP Front Camera,50 MP + 13 MP + 10 MP Triple Rear ,3.0,50,13,10,,,, 50 MP Front Camera,1,50,,,,,,Android v14,Android,8.0,Snapdragon,Qualcomm
454,samsung,Samsung Galaxy M15 5G,15999,54.0,"Dual Sim, 5G, VoLTE, Wi-Fi",True,False,False,"Dimensity 6100 Plus, Octa Core, 2.2 GHz Processor",Dimensity 6100 Plus,Octa Core,2.2,"4 GB RAM, 128 GB inbuilt",4.0,128.0,6000 mAh Battery with 25W Fast Charging,6000,25.0,True,"6.45 inches, 1080 x 2340 px, 90 Hz Display with Water Drop Notch",6.45,1080,2340,90.0,Water Drop Notch,50 MP + 5 MP + 2 MP Triple Rear & 13 MP Front Camera,50 MP + 5 MP + 2 MP Triple Rear ,3.0,50,5,2,,,, 13 MP Front Camera,1,13,,Yes,Hybrid,1024.0,"Memory Card (Hybrid), upto 1 TB",Android v14,Android,8.0,Dimensity,MediaTek
455,oppo,OPPO Reno 11,31485,70.0,"Dual Sim, 5G, VoLTE, NFC, Wi-Fi, IR Blaster",True,True,True,"Dimensity 7050, Octa Core, 2.6 GHz Processor",Dimensity 7050,Octa Core,2.6,"8 GB RAM, 128 GB inbuilt",8.0,128.0,5000 mAh Battery with 67W Fast Charging,5000,67.0,True,"6.7 inches, 1080 x 2412 px, 120 Hz Display with Punch Hole",6.7,1080,2412,120.0,Punch Hole,50 MP + 32 MP + 8 MP Triple Rear & 32 MP Front Camera,50 MP + 32 MP + 8 MP Triple Rear ,3.0,50,32,8,,,, 32 MP Front Camera,1,32,,Yes,Hybrid,2048.0,"Memory Card (Hybrid), upto 2 TB",Android v14,Android,8.0,Dimensity,MediaTek
456,oneplus,OnePlus 11R 5G,39999,66.0,"Dual Sim, 5G, VoLTE, NFC, Wi-Fi, IR Blaster",True,True,True,"Snapdragon 8+ Gen1, Octa Core, 3.2 GHz Processor",Snapdragon 8+ Gen1,Octa Core,3.2,"8 GB RAM, 128 GB inbuilt",8.0,128.0,5000 mAh Battery with 100W Fast Charging,5000,100.0,True,"6.74 inches, 1240 x 2772 px, 120 Hz Display with Punch Hole",6.74,1240,2772,120.0,Punch Hole,50 MP + 8 MP + 2 MP Triple Rear & 16 MP Front Camera,50 MP + 8 MP + 2 MP Triple Rear ,3.0,50,8,2,,,, 16 MP Front Camera,1,16,,,,,,Android v13,Android,8.0,Snapdragon,Qualcomm
457,oneplus,OnePlus 11 5G,42990,72.0,"Dual Sim, 5G, VoLTE, NFC, Wi-Fi",True,True,False,"Snapdragon 8 Gen2, Octa Core, 3.2 GHz Processor",Snapdragon 8 Gen2,Octa Core,3.2,"8 GB RAM, 128 GB inbuilt",8.0,128.0,5000 mAh Battery with 100W Fast Charging,5000,100.0,True,"6.7 inches, 1440 x 3216 px, 120 Hz Display with Punch Hole",6.7,1440,3216,120.0,Punch Hole,50 MP + 48 MP + 32 MP Triple Rear & 16 MP Front Camera,50 MP + 48 MP + 32 MP Triple Rear ,3.0,50,48,32,,,, 16 MP Front Camera,1,16,,No,Not Supported,,Memory Card Not Supported,Android v13,Android,8.0,Snapdragon,Qualcomm
458,iqoo,iQOO Z11 5G (8GB RAM + 256GB),44999,74.0,"Dual Sim, 5G, VoLTE, Wi-Fi, IR Blaster",True,False,True,"Dimensity 7500 Turbo, Octa Core, 2.6 GHz Processor",Dimensity 7500 Turbo,Octa Core,2.6,"8 GB RAM, 256 GB inbuilt",8.0,256.0,7050 mAh Battery with 44W Fast Charging,7050,44.0,True,"6.83 inches, 1260 x 2800 px, 144 Hz Display with Punch Hole",6.83,1260,2800,144.0,Punch Hole,50 MP + 8 MP Dual Rear & 32 MP Front Camera,50 MP + 8 MP Dual Rear ,2.0,50,8,,,,, 32 MP Front Camera,1,32,,No,Not Supported,,Memory Card Not Supported,Android v16,Android,8.0,Dimensity,MediaTek
459,infinix,Infinix Smart 20,11895,,"Dual Sim, 4G, Wi-Fi, IR Blaster",False,False,True,"Helio G81 Ultimate, Octa Core, 2 GHz Processor",Helio G81 Ultimate,Octa Core,2.0,"4 GB RAM, 64 GB inbuilt",4.0,64.0,5200 mAh Battery with 15W Fast Charging,5200,15.0,True,"6.78 inches, 720 x 1576 px, 120 Hz Display with Punch Hole",6.78,720,1576,120.0,Punch Hole,8 MP Rear & 8 MP Front Camera,8 MP Rear ,1.0,8,,,,,, 8 MP Front Camera,1,8,,Yes,Dedicated,2048.0,"Memory Card Supported, upto 2 TB",Android v16,Android,8.0,Helio,MediaTek
460,samsung,Samsung Galaxy A37 5G (8GB RAM + 256 GB),42450,67.0,"Dual Sim, 5G, VoLTE, NFC, Wi-Fi",True,True,False,"Exynos 1480, Octa Core, 2.7 GHz Processor",Exynos 1480,Octa Core,2.7,"8 GB RAM, 256 GB inbuilt",8.0,256.0,5000 mAh Battery with 45W Fast Charging,5000,45.0,True,"6.7 inches, 1080 x 2340 px, 120 Hz Display with Punch Hole",6.7,1080,2340,120.0,Punch Hole,50 MP + 8 MP + 5 MP Triple Rear & 12 MP Front Camera,50 MP + 8 MP + 5 MP Triple Rear ,3.0,50,8,5,,,, 12 MP Front Camera,1,12,,No,Not Supported,,Memory Card Not Supported,Android v16,Android,8.0,Exynos,Samsung
461,oppo,Oppo A6 Pro 5G (8GB+256GB),29999,63.0,"Dual Sim, 5G, Wi-Fi",True,False,False,"Dimensity 6300, Octa Core, 2.4 GHz Processor",Dimensity 6300,Octa Core,2.4,"8 GB RAM, 256 GB inbuilt",8.0,256.0,7000 mAh Battery with 80W Fast Charging,7000,80.0,True,"6.75 inches, 720 x 1570 px, 120 Hz Display with Punch Hole",6.75,720,1570,120.0,Punch Hole,50 MP Dual Rear & 16 MP Front Camera,50 MP Dual Rear ,2.0,50,,,,,, 16 MP Front Camera,1,16,,Yes,Hybrid,,Memory Card (Hybrid),Android v15,Android,8.0,Dimensity,MediaTek
462,xiaomi,Xiaomi Redmi 15C 5G (6GB RAM + 128GB),19499,55.0,"Dual Sim, 5G, VoLTE, Wi-Fi",True,False,False,"Dimensity 6300, Octa Core, 2.4 GHz Processor",Dimensity 6300,Octa Core,2.4,"6 GB RAM, 128 GB inbuilt",6.0,128.0,6000 mAh Battery with 33W Fast Charging,6000,33.0,True,"6.9 inches, 720 x 1600 px, 120 Hz Display with Punch Hole",6.9,720,1600,120.0,Punch Hole,50 MP + Auxiliary lens Dual Rear & 8 MP Front Camera,50 MP + Auxiliary lens Dual Rear ,2.0,50,,,,,Auxiliary lens, 8 MP Front Camera,1,8,,Yes,Dedicated,1024.0,"Memory Card Supported, upto 1 TB",Android v15,Android,8.0,Dimensity,MediaTek
463,itel,itel Super Guru 4G Max,3497,,"Dual Sim, 4G",False,False,False,,,,,"64 MB RAM, 128 MB inbuilt",64.0,128.0,2000 mAh Battery,2000,,False,"3 inches, 128 x 320 px Display",3.0,128,320,,,0.3 MP Rear Camera,0.3 MP Rear Camera,1.0,0.3,,,,,,,1,,,Yes,Dedicated,,Memory Card Supported,,Mocor,,,
464,samsung,Samsung Galaxy M36 5G (8GB RAM + 128GB),23999,59.0,"Dual Sim, 5G, VoLTE, Wi-Fi",True,False,False,"Exynos 1380, Octa Core, 2.4 GHz Processor",Exynos 1380,Octa Core,2.4,"8 GB RAM, 128 GB inbuilt",8.0,128.0,5000 mAh Battery with 25W Fast Charging,5000,25.0,True,"6.7 inches, 1080 x 2340 px, 120 Hz Display with Punch Hole",6.7,1080,2340,120.0,Punch Hole,50 MP + 8 MP + 2 MP Triple Rear & 13 MP Front Camera,50 MP + 8 MP + 2 MP Triple Rear ,3.0,50,8,2,,,, 13 MP Front Camera,1,13,,Yes,Hybrid,,Memory Card (Hybrid),Android v15,Android,8.0,Exynos,Samsung
465,iqoo,iQOO Neo 10 (12GB RAM + 256GB),48999,,"Dual Sim, 5G, VoLTE, NFC, Wi-Fi, IR Blaster",True,True,True,"Snapdragon 8s Gen4, Octa Core, 3.2 GHz Processor",Snapdragon 8s Gen4,Octa Core,3.2,"12 GB RAM, 256 GB inbuilt",12.0,256.0,7000 mAh Battery with 120W Fast Charging,7000,120.0,True,"6.78 inches, 1260 x 2800 px, 144 Hz Display with Punch Hole",6.78,1260,2800,144.0,Punch Hole,50 MP + 8 MP Dual Rear & 32 MP Front Camera,50 MP + 8 MP Dual Rear ,2.0,50,8,,,,, 32 MP Front Camera,1,32,,,,,,Android v15,Android,8.0,Snapdragon,Qualcomm
466,poco,Poco C75 5G (4GB RAM + 128GB),11499,50.0,"Dual Sim, 5G, VoLTE, Wi-Fi",True,False,False,"Snapdragon 4s Gen2, Octa Core, 2 GHz Processor",Snapdragon 4s Gen2,Octa Core,2.0,"4 GB RAM, 128 GB inbuilt",4.0,128.0,5160 mAh Battery with 18W Fast Charging,5160,18.0,True,"6.88 inches, 720 x 1650 px, 120 Hz Display with Water Drop Notch",6.88,720,1650,120.0,Water Drop Notch,50 MP Dual Rear & 5 MP Front Camera,50 MP Dual Rear ,2.0,50,,,,,, 5 MP Front Camera,1,5,,Yes,Dedicated,1024.0,"Memory Card Supported, upto 1 TB",Android v14,Android,8.0,Snapdragon,Qualcomm
467,realme,Realme 14 Pro Lite 5G,21999,63.0,"Dual Sim, 5G, VoLTE, Wi-Fi",True,False,False,"Snapdragon 7s Gen 2, Octa Core, 2.4 GHz Processor",Snapdragon 7s Gen 2,Octa Core,2.4,"8 GB RAM, 128 GB inbuilt",8.0,128.0,5200 mAh Battery with 45W Fast Charging,5200,45.0,True,"6.7 inches, 1080 x 2412 px, 120 Hz Display with Punch Hole",6.7,1080,2412,120.0,Punch Hole,50 MP + 8 MP + 2 MP Triple Rear & 32 MP Front Camera,50 MP + 8 MP + 2 MP Triple Rear ,3.0,50,8,2,,,, 32 MP Front Camera,1,32,,,,,,Android v14,Android,8.0,Snapdragon,Qualcomm
468,motorola,Motorola Moto G04s,9999,,"Dual Sim, 4G, VoLTE, Wi-Fi",False,False,False,"Unisoc T606, Octa Core, 1.6 GHz Processor",Unisoc T606,Octa Core,1.6,"4 GB RAM, 64 GB inbuilt",4.0,64.0,5000 mAh Battery with 15W Fast Charging,5000,15.0,True,"6.6 inches, 720 x 1612 px, 90 Hz Display with Punch Hole",6.6,720,1612,90.0,Punch Hole,50 MP Rear & 5 MP Front Camera,50 MP Rear ,1.0,50,,,,,, 5 MP Front Camera,1,5,,Yes,Dedicated,1024.0,"Memory Card Supported, upto 1 TB",Android v14,Android,8.0,Unisoc,Unisoc
469,google,Google Pixel 7A,29999,63.0,"Dual Sim, 5G, VoLTE, NFC, Wi-Fi",True,True,False,"Tensor G2, Octa Core, 2.85 GHz Processor",Tensor G2,Octa Core,2.85,"8 GB RAM, 128 GB inbuilt",8.0,128.0,4385 mAh Battery with 18W Fast Charging,4385,18.0,True,"6.1 inches, 1080 x 2400 px, 90 Hz Display with Punch Hole",6.1,1080,2400,90.0,Punch Hole,64 MP + 13 MP Dual Rear & 13 MP Front Camera,64 MP + 13 MP Dual Rear ,2.0,64,13,,,,, 13 MP Front Camera,1,13,,No,Not Supported,,Memory Card Not Supported,Android v13,Android,8.0,Tensor,Google
470,infinix,Infinix Hot 30i,9499,,"Dual Sim, 4G, VoLTE, Wi-Fi",False,False,False,"Helio G37, Octa Core, 2.3 GHz Processor",Helio G37,Octa Core,2.3,"8 GB RAM, 128 GB inbuilt",8.0,128.0,5000 mAh Battery with 10W Fast Charging,5000,10.0,True,"6.6 inches, 720 x 1612 px, 90 Hz Display with Water Drop Notch",6.6,720,1612,90.0,Water Drop Notch,50 MP Dual Rear & 8 MP Front Camera,50 MP Dual Rear ,2.0,50,,,,,, 8 MP Front Camera,1,8,,Yes,Dedicated,1024.0,"Memory Card Supported, upto 1 TB",Android v12,Android,8.0,Helio,MediaTek
471,xiaomi,Xiaomi Redmi Note 15 Pro Plus (16GB RAM + 512GB),49993,,"Dual Sim, 5G, VoLTE, NFC, eSIM, Wi-Fi, IR Blaster",True,True,True,"Snapdragon 7s Gen4, Octa Core, 2.7 GHz Processor",Snapdragon 7s Gen4,Octa Core,2.7,"16 GB RAM, 512 GB inbuilt",16.0,512.0,6500 mAh Battery with 100W Fast Charging,6500,100.0,True,"6.83 inches, 1280 x 2772 px, 120 Hz Display with Punch Hole",6.83,1280,2772,120.0,Punch Hole,200 MP + 8 MP Dual Rear & 32 MP Front Camera,200 MP + 8 MP Dual Rear ,2.0,200,8,,,,, 32 MP Front Camera,1,32,,No,Not Supported,,Memory Card Not Supported,Android v15,Android,8.0,Snapdragon,Qualcomm
472,apple,Apple iPhone 18 Pro (2TB),314900,,"Dual Sim, 5G, VoLTE, NFC, eSIM, Wi-Fi",True,True,False,"Apple A20 Pro, Hexa Core Processor",Apple A20 Pro,Hexa Core,,"12 GB RAM, 2 TB inbuilt",12.0,2.0,4056 mAh Battery with Fast Charging,4056,,True,"6.3 inches, 1206 x 2622 px, 120 Hz Display with Dynamic Island",6.3,1206,2622,120.0,Dynamic Island,48 MP + 48 MP + 48 MP Triple Rear & 18 MP Front Camera,48 MP + 48 MP + 48 MP Triple Rear ,3.0,48,48,48,,,, 18 MP Front Camera,1,18,,No,Not Supported,,Memory Card Not Supported,iOS v27,iOS,6.0,Apple,Apple
473,oneplus,OnePlus Nord CE 6 Lite 5G (8GB RAM + 128GB),30999,64.0,"Dual Sim, 5G, VoLTE, Wi-Fi, IR Blaster",True,False,True,"Dimensity 7400 Apex, Octa Core, 2.6 GHz Processor",Dimensity 7400 Apex,Octa Core,2.6,"8 GB RAM, 128 GB inbuilt",8.0,128.0,7000 mAh Battery with 45W Fast Charging,7000,45.0,True,"6.72 inches, 1080 x 2400 px, 144 Hz Display with Punch Hole",6.72,1080,2400,144.0,Punch Hole,50 MP + 2 MP Dual Rear & 8 MP Front Camera,50 MP + 2 MP Dual Rear ,2.0,50,2,,,,, 8 MP Front Camera,1,8,,Yes,Hybrid,2048.0,"Memory Card (Hybrid), upto 2 TB",Android v16,Android,8.0,Dimensity,MediaTek
474,realme,Realme 16 5G (8GB RAM + 256GB),34950,70.0,"Dual Sim, 5G, VoLTE, Wi-Fi",True,False,False,"Dimensity 6400 Turbo, Octa Core, 2.5 GHz Processor",Dimensity 6400 Turbo,Octa Core,2.5,"8 GB RAM, 256 GB inbuilt",8.0,256.0,7000 mAh Battery with 60W Fast Charging,7000,60.0,True,"6.57 inches, 1080 x 2372 px, 120 Hz Display with Punch Hole",6.57,1080,2372,120.0,Punch Hole,50 MP + 2 MP Dual Rear & 50 MP Front Camera,50 MP + 2 MP Dual Rear ,2.0,50,2,,,,, 50 MP Front Camera,1,50,,Yes,Hybrid,,Memory Card (Hybrid),Android v16,Android,8.0,Dimensity,MediaTek
475,samsung,Samsung Galaxy A57 (12GB RAM + 256GB),62999,75.0,"Dual Sim, 5G, VoLTE, NFC, eSIM, Wi-Fi",True,True,False,"Exynos 1680, Octa Core, 2.9 GHz Processor",Exynos 1680,Octa Core,2.9,"12 GB RAM, 256 GB inbuilt",12.0,256.0,5000 mAh Battery with 45W Fast Charging,5000,45.0,True,"6.7 inches, 1080 x 2340 px, 120 Hz Display with Punch Hole",6.7,1080,2340,120.0,Punch Hole,50 MP + 12 MP + 5 MP Triple Rear & 12 MP Front Camera,50 MP + 12 MP + 5 MP Triple Rear ,3.0,50,12,5,,,, 12 MP Front Camera,1,12,,No,Not Supported,,Memory Card Not Supported,Android v16,Android,8.0,Exynos,Samsung
476,realme,Realme Narzo Power 5G (8GB RAM +256GB),34999,75.0,"Dual Sim, 5G, VoLTE, Wi-Fi, IR Blaster",True,False,True,"Dimensity 7400 Ultra, Octa Core, 2.6 GHz Processor",Dimensity 7400 Ultra,Octa Core,2.6,"8 GB RAM, 256 GB inbuilt",8.0,256.0,10001 mAh Battery with 80W Fast Charging,10001,80.0,True,"6.8 inches, 1280 x 2800 px, 144 Hz Display with Punch Hole",6.8,1280,2800,144.0,Punch Hole,50 MP + 8 MP Dual Rear & 16 MP Front Camera,50 MP + 8 MP Dual Rear ,2.0,50,8,,,,, 16 MP Front Camera,1,16,,No,Not Supported,,Memory Card Not Supported,Android v16,Android,8.0,Dimensity,MediaTek
477,vivo,Vivo V70 Elite 5G (12GB RAM + 256GB),71999,,"Dual Sim, 5G, VoLTE, NFC, Wi-Fi, IR Blaster",True,True,True,"Snapdragon 8s Gen3, Octa Core, 3 GHz Processor",Snapdragon 8s Gen3,Octa Core,3.0,"12 GB RAM, 256 GB inbuilt",12.0,256.0,6500 mAh Battery with 90W Fast Charging,6500,90.0,True,"6.59 inches, 1260 x 2750 px, 120 Hz Display with Punch Hole",6.59,1260,2750,120.0,Punch Hole,50 MP + 50 MP + 8 MP Triple Rear & 50 MP Front Camera,50 MP + 50 MP + 8 MP Triple Rear ,3.0,50,50,8,,,, 50 MP Front Camera,1,50,,No,Not Supported,,Memory Card Not Supported,Android v16,Android,8.0,Snapdragon,Qualcomm
478,realme,Realme 16 Pro 5G (8GB RAM + 256GB),42999,79.0,"Dual Sim, 5G, VoLTE, Wi-Fi",True,False,False,"Dimensity 7300 Max, Octa Core, 2.5 GHz Processor",Dimensity 7300 Max,Octa Core,2.5,"8 GB RAM, 256 GB inbuilt",8.0,256.0,7000 mAh Battery with 80W Fast Charging,7000,80.0,True,"6.78 inches, 1272 x 2772 px, 144 Hz Display with Punch Hole",6.78,1272,2772,144.0,Punch Hole,200 MP + 8 MP Dual Rear & 50 MP Front Camera,200 MP + 8 MP Dual Rear ,2.0,200,8,,,,, 50 MP Front Camera,1,50,,No,Not Supported,,Memory Card Not Supported,Android v16,Android,8.0,Dimensity,MediaTek
479,poco,POCO C71,12230,,"Dual Sim, 4G, VoLTE, Wi-Fi",False,False,False,"Unisoc T7250, Octa Core, 1.8 GHz Processor",Unisoc T7250,Octa Core,1.8,"4 GB RAM, 64 GB inbuilt",4.0,64.0,5200 mAh Battery with 15W Fast Charging,5200,15.0,True,"6.88 inches, 720 x 1640 px, 120 Hz Display with Water Drop Notch",6.88,720,1640,120.0,Water Drop Notch,32 MP Dual Rear & 8 MP Front Camera,32 MP Dual Rear ,2.0,32,,,,,, 8 MP Front Camera,1,8,,Yes,Dedicated,2048.0,"Memory Card Supported, upto 2 TB",Android v15,Android,8.0,Unisoc,Unisoc
480,oppo,OPPO Reno 13 5G,40999,71.0,"Dual Sim, 5G, VoLTE, NFC, Wi-Fi, IR Blaster",True,True,True,"Dimensity 8350, Octa Core, 3.35 GHz Processor",Dimensity 8350,Octa Core,3.35,"8 GB RAM, 128 GB inbuilt",8.0,128.0,5600 mAh Battery with 80W Fast Charging,5600,80.0,True,"6.59 inches, 1256 x 2760 px, 120 Hz Display with Punch Hole",6.59,1256,2760,120.0,Punch Hole,50 MP + 8 MP + 2 MP Triple Rear & 50 MP Front Camera,50 MP + 8 MP + 2 MP Triple Rear ,3.0,50,8,2,,,, 50 MP Front Camera,1,50,,,,,,Android v15,Android,8.0,Dimensity,MediaTek
481,oppo,Oppo Find X8 Pro 5G,96900,,"Dual Sim, 5G, VoLTE, NFC, Wi-Fi, IR Blaster",True,True,True,"Dimensity 9400, Octa Core, 3.63 GHz Processor",Dimensity 9400,Octa Core,3.63,"16 GB RAM, 512 GB inbuilt",16.0,512.0,5910 mAh Battery with 80W Fast Charging,5910,80.0,True,"6.78 inches, 1264 x 2780 px, 120 Hz Display with Punch Hole",6.78,1264,2780,120.0,Punch Hole,50 MP Quad Rear & 32 MP Front Camera,50 MP Quad Rear ,4.0,50,,,,,, 32 MP Front Camera,1,32,,,,,,Android v15,Android,8.0,Dimensity,MediaTek
482,oppo,OPPO Reno 12 5G,32999,66.0,"Dual Sim, 5G, VoLTE, Wi-Fi, IR Blaster",True,False,True,"Dimensity 7300, Octa Core, 2.5 GHz Processor",Dimensity 7300,Octa Core,2.5,"8 GB RAM, 256 GB inbuilt",8.0,256.0,5000 mAh Battery with 80W Fast Charging,5000,80.0,True,"6.7 inches, 1080 x 2412 px, 120 Hz Display with Punch Hole",6.7,1080,2412,120.0,Punch Hole,50 MP + 8 MP + 2 MP Triple Rear & 32 MP Front Camera,50 MP + 8 MP + 2 MP Triple Rear ,3.0,50,8,2,,,, 32 MP Front Camera,1,32,,Yes,Hybrid,,Memory Card (Hybrid),Android v14,Android,8.0,Dimensity,MediaTek
483,nokia,Nokia 235 4G 2024,3899,,"Dual Sim, 4G, VoLTE",False,False,False,"Unisoc T107, 1 GHz Processor",Unisoc T107,,1.0,"64 MB RAM, 128 MB inbuilt",64.0,128.0,1450 mAh Battery,1450,,False,"2.8 inches, 240 x 320 px Display",2.8,240,320,,,2 MP Rear Camera,2 MP Rear Camera,1.0,2,,,,,,,1,,,Yes,Dedicated,,Memory Card Supported,,S30+ / Feature OS,,Unisoc,Unisoc
484,samsung,Samsung Galaxy A55 5G,42999,64.0,"Dual Sim, 5G, VoLTE, NFC, eSIM, Wi-Fi",True,True,False,"Exynos 1480, Octa Core, 2.7 GHz Processor",Exynos 1480,Octa Core,2.7,"8 GB RAM, 128 GB inbuilt",8.0,128.0,5000 mAh Battery with 25W Fast Charging,5000,25.0,True,"6.6 inches, 1080 x 2340 px, 120 Hz Display with Punch Hole",6.6,1080,2340,120.0,Punch Hole,50 MP + 12 MP + 5 MP Triple Rear & 32 MP Front Camera,50 MP + 12 MP + 5 MP Triple Rear ,3.0,50,12,5,,,, 32 MP Front Camera,1,32,,Yes,Hybrid,1024.0,"Memory Card (Hybrid), upto 1 TB",Android v14,Android,8.0,Exynos,Samsung
485,samsung,Samsung Galaxy S24 Plus,59999,79.0,"Dual Sim, 5G, VoLTE, Vo5G, NFC, eSIM, Wi-Fi",True,True,False,"Exynos 2400, Deca Core, 3.2 GHz Processor",Exynos 2400,Deca Core,3.2,"12 GB RAM, 256 GB inbuilt",12.0,256.0,4900 mAh Battery with 45W Fast Charging,4900,45.0,True,"6.7 inches, 1440 x 3120 px, 120 Hz Display with Punch Hole",6.7,1440,3120,120.0,Punch Hole,50 MP + 12 MP + 10 MP Triple Rear & 12 MP Front Camera,50 MP + 12 MP + 10 MP Triple Rear ,3.0,50,12,10,,,, 12 MP Front Camera,1,12,,,,,,Android v14,Android,10.0,Exynos,Samsung
486,vivo,Vivo V29,31199,64.0,"Dual Sim, 5G, VoLTE, Wi-Fi",True,False,False,"Snapdragon 778G, Octa Core, 2.4 GHz Processor",Snapdragon 778G,Octa Core,2.4,"8 GB RAM, 128 GB inbuilt",8.0,128.0,4600 mAh Battery with 80W Fast Charging,4600,80.0,True,"6.78 inches, 1260 x 2800 px, 120 Hz Display with Punch Hole",6.78,1260,2800,120.0,Punch Hole,50 MP + 8 MP + 2 MP Triple Rear & 50 MP Front Camera,50 MP + 8 MP + 2 MP Triple Rear ,3.0,50,8,2,,,, 50 MP Front Camera,1,50,,,,,,Android v13,Android,8.0,Snapdragon,Qualcomm
487,samsung,Samsung Galaxy S21 FE 5G,74999,68.0,"Dual Sim, 5G, VoLTE, NFC, Wi-Fi",True,True,False,"Exynos 2100, Octa Core, 2.9 GHz Processor",Exynos 2100,Octa Core,2.9,"8 GB RAM, 128 GB inbuilt",8.0,128.0,4500 mAh Battery with 25W Fast Charging,4500,25.0,True,"6.4 inches, 1080 x 2340 px, 120 Hz Display with Punch Hole",6.4,1080,2340,120.0,Punch Hole,12 MP + 12 MP + 8 MP Triple Rear & 32 MP Front Camera,12 MP + 12 MP + 8 MP Triple Rear ,3.0,12,12,8,,,, 32 MP Front Camera,1,32,,No,Not Supported,,Memory Card Not Supported,Android v12,Android,8.0,Exynos,Samsung
488,realme,Realme 7,17999,52.0,"Dual Sim, 4G, VoLTE, Wi-Fi",False,False,False,"Helio  G95, Octa Core, 2.05 GHz Processor",Helio  G95,Octa Core,2.05,"6 GB RAM, 64 GB inbuilt",6.0,64.0,5000 mAh Battery with 30W Fast Charging,5000,30.0,True,"6.5 inches, 1080 x 2400 px, 90 Hz Display with Punch Hole",6.5,1080,2400,90.0,Punch Hole,64 MP Quad Rear & 16 MP Front Camera,64 MP Quad Rear ,4.0,64,,,,,, 16 MP Front Camera,1,16,,Yes,Dedicated,256.0,"Memory Card Supported, upto 256 GB",Android v10,Android,8.0,Helio,MediaTek
489,realme,Realme C2,6999,,"Dual Sim, 4G, VoLTE, Wi-Fi",False,False,False,"Helio P22, Octa Core, 2 GHz Processor",Helio P22,Octa Core,2.0,"2 GB RAM, 16 GB inbuilt",2.0,16.0,4000 mAh Battery,4000,,False,"6.1 inches, 1560 x 720 px Display with Water Drop Notch",6.1,1560,720,,Water Drop Notch,13 MP + 2 MP Dual Rear & 5 MP Front Camera,13 MP + 2 MP Dual Rear ,2.0,13,2,,,,, 5 MP Front Camera,1,5,,Yes,Dedicated,256.0,"Memory Card Supported, upto 256 GB",Android v9.0 (Pie),Android,8.0,Helio,MediaTek
490,jio,Jio JioPhone,3499,,"Single Sim, 4G, VoLTE, Wi-Fi",False,False,False,"QC8905, Dual Core, 1.2 GHz Processor",QC8905,Dual Core,1.2,"512 MB RAM, 4 GB inbuilt",512.0,4.0,2000 mAh Battery,2000,,False,"2.4 inches, 240 x 320 px Display",2.4,240,320,,,2 MP Rear & 0.3 MP Front Camera,2 MP Rear ,1.0,2,,,,,, 0.3 MP Front Camera,1,0.3,,Yes,Dedicated,128.0,"Memory Card Supported, upto 128 GB",,KaiOS,2.0,QC8905,Qualcomm
491,oppo,OPPO Reno 16 5G BABYMONSTER Limited,66999,79.0,"Dual Sim, 5G, VoLTE, Vo5G, Wi-Fi, IR Blaster",True,False,True,"Snapdragon 7 Gen4, Octa Core, 2.8 GHz Processor",Snapdragon 7 Gen4,Octa Core,2.8,"8 GB RAM, 256 GB inbuilt",8.0,256.0,6700 mAh Battery with 80W Fast Charging,6700,80.0,True,"6.32 inches, 1216 x 2640 px, 120 Hz Display with Punch Hole",6.32,1216,2640,120.0,Punch Hole,50 MP + 50 MP + 50 MP Triple Rear & 50 MP Front Camera,50 MP + 50 MP + 50 MP Triple Rear ,3.0,50,50,50,,,, 50 MP Front Camera,1,50,,No,Not Supported,,Memory Card Not Supported,Android v16,Android,8.0,Snapdragon,Qualcomm
492,oneplus,OnePlus N6x (4GB RAM + 128GB),22999,50.0,"Dual Sim, 5G, VoLTE, Wi-Fi",True,False,False,"Dimensity 6360 Apex, Octa Core Processor",Dimensity 6360 Apex,Octa Core,,"4 GB RAM, 128 GB inbuilt",4.0,128.0,7000 mAh Battery with 15W Fast Charging,7000,15.0,True,"6.8 inches, 720 x 1570 px, 120 Hz Display with Punch Hole",6.8,720,1570,120.0,Punch Hole,13 MP Rear & 5 MP Front Camera,13 MP Rear ,1.0,13,,,,,, 5 MP Front Camera,1,5,,Yes,Hybrid,2048.0,"Memory Card (Hybrid), upto 2 TB",Android v16,Android,8.0,Dimensity,MediaTek
493,oneplus,OnePlus Nord CE 6 Lite 5G (8GB RAM + 256GB),34999,66.0,"Dual Sim, 5G, VoLTE, Wi-Fi, IR Blaster",True,False,True,"Dimensity 7400 Apex, Octa Core, 2.6 GHz Processor",Dimensity 7400 Apex,Octa Core,2.6,"8 GB RAM, 256 GB inbuilt",8.0,256.0,7000 mAh Battery with 45W Fast Charging,7000,45.0,True,"6.72 inches, 1080 x 2400 px, 144 Hz Display with Punch Hole",6.72,1080,2400,144.0,Punch Hole,50 MP + 2 MP Dual Rear & 8 MP Front Camera,50 MP + 2 MP Dual Rear ,2.0,50,2,,,,, 8 MP Front Camera,1,8,,Yes,Hybrid,2048.0,"Memory Card (Hybrid), upto 2 TB",Android v16,Android,8.0,Dimensity,MediaTek
494,tecno,Tecno POP X 5G,15999,52.0,"Dual Sim, 5G, VoLTE, Wi-Fi, IR Blaster",True,False,True,"Dimensity 6400, Octa Core, 2.5 GHz Processor",Dimensity 6400,Octa Core,2.5,"4 GB RAM, 128 GB inbuilt",4.0,128.0,6500 mAh Battery with 45W Fast Charging,6500,45.0,True,"6.78 inches, 720 x 1576 px, 120 Hz Display with Punch Hole",6.78,720,1576,120.0,Punch Hole,13 MP Rear & 8 MP Front Camera,13 MP Rear ,1.0,13,,,,,, 8 MP Front Camera,1,8,,Yes,Dedicated,1024.0,"Memory Card Supported, upto 1 TB",Android v16,Android,8.0,Dimensity,MediaTek
495,ai+,Ai+ Nova 2 Ultra 5G (8GB RAM + 128GB),22999,61.0,"Dual Sim, 5G, VoLTE, Wi-Fi",True,False,False,"Dimensity 7400, Octa Core, 2.6 GHz Processor",Dimensity 7400,Octa Core,2.6,"8 GB RAM, 128 GB inbuilt",8.0,128.0,6000 mAh Battery with Fast Charging,6000,,True,"6.78 inches, 2772 x 1272 px, 120 Hz Display with Punch Hole",6.78,2772,1272,120.0,Punch Hole,50 MP + 8 MP Dual Rear & 13 MP Front Camera,50 MP + 8 MP Dual Rear ,2.0,50,8,,,,, 13 MP Front Camera,1,13,,Yes,Hybrid,1024.0,"Memory Card (Hybrid), upto 1 TB",Android v16,Android,8.0,Dimensity,MediaTek
496,iqoo,iQOO Z11x 5G (8GB RAM + 256GB),32800,66.0,"Dual Sim, 5G, VoLTE, Wi-Fi, IR Blaster",True,False,True,"Dimensity 7400 Turbo, Octa Core, 2.6 GHz Processor",Dimensity 7400 Turbo,Octa Core,2.6,"8 GB RAM, 256 GB inbuilt",8.0,256.0,7200 mAh Battery with 44W Fast Charging,7200,44.0,True,"6.76 inches, 1080 x 2344 px, 120 Hz Display with Punch Hole",6.76,1080,2344,120.0,Punch Hole,50 MP + 2 MP Dual Rear & 32 MP Front Camera,50 MP + 2 MP Dual Rear ,2.0,50,2,,,,, 32 MP Front Camera,1,32,,,,,,Android v16,Android,8.0,Dimensity,MediaTek
497,realme,Realme P4 Power 5G (12GB RAM + 256GB),37999,75.0,"Dual Sim, 5G, VoLTE, Wi-Fi, IR Blaster",True,False,True,"Dimensity 7400 Ultra, Octa Core, 2.6 GHz Processor",Dimensity 7400 Ultra,Octa Core,2.6,"12 GB RAM, 256 GB inbuilt",12.0,256.0,10001 mAh Battery with 80W Fast Charging,10001,80.0,True,"6.8 inches, 1280 x 2800 px, 144 Hz Display with Punch Hole",6.8,1280,2800,144.0,Punch Hole,50 MP + 8 MP Dual Rear & 16 MP Front Camera,50 MP + 8 MP Dual Rear ,2.0,50,8,,,,, 16 MP Front Camera,1,16,,No,Not Supported,,Memory Card Not Supported,Android v16,Android,8.0,Dimensity,MediaTek
498,poco,Poco M8 5G (8GB RAM + 256GB),24350,62.0,"Dual Sim, 5G, VoLTE, Wi-Fi, IR Blaster",True,False,True,"Snapdragon 6 Gen3, Octa Core Processor",Snapdragon 6 Gen3,Octa Core,,"8 GB RAM, 256 GB inbuilt",8.0,256.0,5520 mAh Battery with 45W Fast Charging,5520,45.0,True,"6.77 inches, 1080 x 2392 px, 120 Hz Display with Punch Hole",6.77,1080,2392,120.0,Punch Hole,50 MP + 2 MP Dual Rear & 20 MP Front Camera,50 MP + 2 MP Dual Rear ,2.0,50,2,,,,, 20 MP Front Camera,1,20,,Yes,Hybrid,1024.0,"Memory Card (Hybrid), upto 1 TB",Android v15,Android,8.0,Snapdragon,Qualcomm
499,samsung,Samsung Galaxy F17 5G (8GB RAM + 128GB),20999,59.0,"Dual Sim, 5G, VoLTE, NFC, Wi-Fi",True,True,False,"Exynos 1330, Octa Core, 2.4 GHz Processor",Exynos 1330,Octa Core,2.4,"8 GB RAM, 128 GB inbuilt",8.0,128.0,5000 mAh Battery with 25W Fast Charging,5000,25.0,True,"6.7 inches, 1080 x 2340 px, 90 Hz Display with Water Drop Notch",6.7,1080,2340,90.0,Water Drop Notch,50 MP + 5 MP + 2 MP Triple Rear & 13 MP Front Camera,50 MP + 5 MP + 2 MP Triple Rear ,3.0,50,5,2,,,, 13 MP Front Camera,1,13,,Yes,Hybrid,2048.0,"Memory Card (Hybrid), upto 2 TB",Android v15,Android,8.0,Exynos,Samsung
500,poco,POCO C85 5G (6GB RAM + 128GB),18115,58.0,"Dual Sim, 5G, VoLTE, NFC, Wi-Fi",True,True,False,"Dimensity 6300, Octa Core, 2.4 GHz Processor",Dimensity 6300,Octa Core,2.4,"6 GB RAM, 128 GB inbuilt",6.0,128.0,6000 mAh Battery with 33W Fast Charging,6000,33.0,True,"6.9 inches, 720 x 1600 px, 120 Hz Display with Punch Hole",6.9,720,1600,120.0,Punch Hole,50 MP Dual Rear & 8 MP Front Camera,50 MP Dual Rear ,2.0,50,,,,,, 8 MP Front Camera,1,8,,Yes,Hybrid,1024.0,"Memory Card (Hybrid), upto 1 TB",Android v15,Android,8.0,Dimensity,MediaTek
501,nothing,Nothing Phone 3a Lite (8GB RAM + 256GB),29999,64.0,"Dual Sim, 5G, VoLTE, NFC, Wi-Fi",True,True,False,"Dimensity 7300 Pro, Octa Core, 2.5 GHz Processor",Dimensity 7300 Pro,Octa Core,2.5,"8 GB RAM, 256 GB inbuilt",8.0,256.0,5000 mAh Battery with 33W Fast Charging,5000,33.0,True,"6.77 inches, 1084 x 2392 px, 120 Hz Display with Punch Hole",6.77,1084,2392,120.0,Punch Hole,50 MP + 8 MP + 2 MP Triple Rear & 16 MP Front Camera,50 MP + 8 MP + 2 MP Triple Rear ,3.0,50,8,2,,,, 16 MP Front Camera,1,16,,Yes,Hybrid,2048.0,"Memory Card (Hybrid), upto 2 TB",Android v15,Android,8.0,Dimensity,MediaTek
502,realme,Realme 15x 5G,24999,59.0,"Dual Sim, 5G, VoLTE, Wi-Fi",True,False,False,"Dimensity 6300, Octa Core, 2.4 GHz Processor",Dimensity 6300,Octa Core,2.4,"6 GB RAM, 128 GB inbuilt",6.0,128.0,7000 mAh Battery with 60W Fast Charging,7000,60.0,True,"6.81 inches, 720 x 1570 px, 144 Hz Display with Punch Hole",6.81,720,1570,144.0,Punch Hole,50 MP + 2 MP Dual Rear & 50 MP Front Camera,50 MP + 2 MP Dual Rear ,2.0,50,2,,,,, 50 MP Front Camera,1,50,,Yes,Hybrid,,Memory Card (Hybrid),Android v15,Android,8.0,Dimensity,MediaTek
503,motorola,Motorola Edge 60 5G,31899,75.0,"Dual Sim, 5G, VoLTE, Vo5G, NFC, Wi-Fi",True,True,False,"Dimensity 7400, Octa Core, 2.6 GHz Processor",Dimensity 7400,Octa Core,2.6,"12 GB RAM, 256 GB inbuilt",12.0,256.0,5500 mAh Battery with 68W Fast Charging,5500,68.0,True,"6.7 inches, 1220 x 2712 px, 120 Hz Display with Punch Hole",6.7,1220,2712,120.0,Punch Hole,50 MP + 50 MP + 10 MP Triple Rear & 50 MP Front Camera,50 MP + 50 MP + 10 MP Triple Rear ,3.0,50,50,10,,,, 50 MP Front Camera,1,50,,Yes,Hybrid,1024.0,"Memory Card (Hybrid), upto 1 TB",Android v15,Android,8.0,Dimensity,MediaTek
504,poco,Poco X8 (8GB RAM + 128GB),32999,67.0,"Dual Sim, 5G, VoLTE, Vo5G, NFC, Wi-Fi, IR Blaster",True,True,True,"Snapdragon 6s Gen4, Octa Core, 2.4 GHz Processor",Snapdragon 6s Gen4,Octa Core,2.4,"8 GB RAM, 128 GB inbuilt",8.0,128.0,9000 mAh Battery with 67W Fast Charging,9000,67.0,True,"6.83 inches, 1280 x 2772 px, 120 Hz Display with Punch Hole",6.83,1280,2772,120.0,Punch Hole,50 MP + 2 MP Dual Rear & 16 MP Front Camera,50 MP + 2 MP Dual Rear ,2.0,50,2,,,,, 16 MP Front Camera,1,16,,,,,,Android v16,Android,8.0,Snapdragon,Qualcomm
505,nothing,Nothing Phone 4b (8GB RAM + 256GB),35095,68.0,"Dual Sim, 5G, VoLTE, Wi-Fi",True,False,False,"Snapdragon 6 Gen4, Octa Core, 2.3 GHz Processor",Snapdragon 6 Gen4,Octa Core,2.3,"8 GB RAM, 256 GB inbuilt",8.0,256.0,6000 mAh Battery with 33W Fast Charging,6000,33.0,True,"6.77 inches, 1080 x 2344 px, 120 Hz Display with Punch Hole",6.77,1080,2344,120.0,Punch Hole,50 MP + 8 MP Dual Rear & 16 MP Front Camera,50 MP + 8 MP Dual Rear ,2.0,50,8,,,,, 16 MP Front Camera,1,16,,,,,,Android v16,Android,8.0,Snapdragon,Qualcomm
506,oppo,Oppo A6c 4G,16999,,"Dual Sim, 4G, Wi-Fi",False,False,False,"Unisoc T7250, Octa Core, 1.8 GHz Processor",Unisoc T7250,Octa Core,1.8,"4 GB RAM, 64 GB inbuilt",4.0,64.0,7000 mAh Battery with 15W Fast Charging,7000,15.0,True,"6.75 inches, 720 x 1570 px, 120 Hz Display with Water Drop Notch",6.75,720,1570,120.0,Water Drop Notch,13 MP Rear & 5 MP Front Camera,13 MP Rear ,1.0,13,,,,,, 5 MP Front Camera,1,5,,Yes,Hybrid,,Memory Card (Hybrid),Android v15,Android,8.0,Unisoc,Unisoc
507,iqoo,iQOO Z11 5G (8GB RAM + 128GB),39999,72.0,"Dual Sim, 5G, VoLTE, Wi-Fi, IR Blaster",True,False,True,"Dimensity 7500 Turbo, Octa Core, 2.6 GHz Processor",Dimensity 7500 Turbo,Octa Core,2.6,"8 GB RAM, 128 GB inbuilt",8.0,128.0,7050 mAh Battery with 44W Fast Charging,7050,44.0,True,"6.83 inches, 1260 x 2800 px, 144 Hz Display with Punch Hole",6.83,1260,2800,144.0,Punch Hole,50 MP + 8 MP Dual Rear & 32 MP Front Camera,50 MP + 8 MP Dual Rear ,2.0,50,8,,,,, 32 MP Front Camera,1,32,,No,Not Supported,,Memory Card Not Supported,Android v16,Android,8.0,Dimensity,MediaTek
508,poco,Poco X8 Pro 5G (12GB RAM + 256GB),42999,77.0,"Dual Sim, 5G, VoLTE, Wi-Fi, IR Blaster",True,False,True,"Dimensity 8500 Ultra, Octa Core, 3.4 GHz Processor",Dimensity 8500 Ultra,Octa Core,3.4,"12 GB RAM, 256 GB inbuilt",12.0,256.0,6500 mAh Battery with 100W Fast Charging,6500,100.0,True,"6.59 inches, 2756 x 1268 px, 120 Hz Display with Punch Hole",6.59,2756,1268,120.0,Punch Hole,50 MP + 8 MP Dual Rear & 20 MP Front Camera,50 MP + 8 MP Dual Rear ,2.0,50,8,,,,, 20 MP Front Camera,1,20,,,,,,Android v16,Android,8.0,Dimensity,MediaTek
509,oppo,Oppo A6 5G (6GB RAM + 256GB),27999,59.0,"Dual Sim, 5G, NFC, Wi-Fi",True,True,False,"Dimensity 6300, Octa Core, 2.4 GHz Processor",Dimensity 6300,Octa Core,2.4,"6 GB RAM, 256 GB inbuilt",6.0,256.0,7000 mAh Battery with 45W Fast Charging,7000,45.0,True,"6.75 inches, 720 x 1570 px, 120 Hz Display with Punch Hole",6.75,720,1570,120.0,Punch Hole,50 MP + 2 MP Dual Rear & 8 MP Front Camera,50 MP + 2 MP Dual Rear ,2.0,50,2,,,,, 8 MP Front Camera,1,8,,Yes,Dedicated,,Memory Card Supported,Android v15,Android,8.0,Dimensity,MediaTek
510,realme,Realme P4 5G (8GB RAM + 128GB),30985,66.0,"Dual Sim, 5G, VoLTE, Wi-Fi, IR Blaster",True,False,True,"Dimensity 7400 Ultra, Octa Core, 2.6 GHz Processor",Dimensity 7400 Ultra,Octa Core,2.6,"8 GB RAM, 128 GB inbuilt",8.0,128.0,7000 mAh Battery with 80W Fast Charging,7000,80.0,True,"6.77 inches, 1080 x 2392 px, 144 Hz Display with Punch Hole",6.77,1080,2392,144.0,Punch Hole,50 MP + 8 MP Dual Rear & 16 MP Front Camera,50 MP + 8 MP Dual Rear ,2.0,50,8,,,,, 16 MP Front Camera,1,16,,,,,,Android v15,Android,8.0,Dimensity,MediaTek
511,iqoo,iQOO Z10 Lite,18999,52.0,"Dual Sim, 5G, VoLTE, Wi-Fi",True,False,False,"Dimensity 6300, Octa Core, 2.4 GHz Processor",Dimensity 6300,Octa Core,2.4,"4 GB RAM, 128 GB inbuilt",4.0,128.0,6000 mAh Battery with 15W Fast Charging,6000,15.0,True,"6.74 inches, 720 x 1600 px, 90 Hz Display",6.74,720,1600,90.0,,50 MP + 2 MP Dual Rear & 5 MP Front Camera,50 MP + 2 MP Dual Rear ,2.0,50,2,,,,, 5 MP Front Camera,1,5,,,,,,Android v15,Android,8.0,Dimensity,MediaTek
512,samsung,Samsung Galaxy F56 5G,32499,64.0,"Dual Sim, 5G, VoLTE, Wi-Fi",True,False,False,"Exynos 1480, Octa Core, 2.7 GHz Processor",Exynos 1480,Octa Core,2.7,"8 GB RAM, 128 GB inbuilt",8.0,128.0,5000 mAh Battery with 45W Fast Charging,5000,45.0,True,"6.74 inches, 1080 x 2340 px, 120 Hz Display with Punch Hole",6.74,1080,2340,120.0,Punch Hole,50 MP + 8 MP + 2 MP Triple Rear & 12 MP Front Camera,50 MP + 8 MP + 2 MP Triple Rear ,3.0,50,8,2,,,, 12 MP Front Camera,1,12,,No,Not Supported,,Memory Card Not Supported,Android v15,Android,8.0,Exynos,Samsung
513,samsung,Samsung Galaxy F06 5G,13999,,"Dual Sim, 5G, VoLTE, Wi-Fi",True,False,False,"Dimensity 6300, Octa Core, 2.4 GHz Processor",Dimensity 6300,Octa Core,2.4,"4 GB RAM, 128 GB inbuilt",4.0,128.0,5000 mAh Battery with 25W Fast Charging,5000,25.0,True,"6.7 inches, 720 x 1600 px Display with Water Drop Notch",6.7,720,1600,,Water Drop Notch,50 MP + 2 MP Dual Rear & 8 MP Front Camera,50 MP + 2 MP Dual Rear ,2.0,50,2,,,,, 8 MP Front Camera,1,8,,Yes,Hybrid,1024.0,"Memory Card (Hybrid), upto 1 TB",Android v15,Android,8.0,Dimensity,MediaTek
514,jio,Jio Bharat B2,1499,,"Single Sim, 4G, VoLTE",False,False,False,1 MHz Processor,,,0.001,"36 MB RAM, 36 MB inbuilt",36.0,36.0,2000 mAh Battery,2000,,False,"2.4 inches, 240 x 320 px Display",2.4,240,320,,,0.3 MP Rear Camera,0.3 MP Rear Camera,1.0,0.3,,,,,,,1,,,Yes,Dedicated,128.0,"Memory Card Supported, upto 128 GB",,Mocor,,,
515,samsung,Samsung Galaxy Z Fold 6,145999,,"Dual Sim, 5G, VoLTE, Vo5G, NFC, eSIM, Wi-Fi",True,True,False,"Snapdragon 8 Gen 3, Octa Core, 3.39 GHz Processor",Snapdragon 8 Gen 3,Octa Core,3.39,"12 GB RAM, 256 GB inbuilt",12.0,256.0,4400 mAh Battery with 25W Fast Charging,4400,25.0,True,"7.6 inches, 1856 x 2160 px, 120 Hz Display with Punch Hole",7.6,1856,2160,120.0,Punch Hole,50 MP + 12 MP + 10 MP Triple Rear & 10 MP + 4 MP Dual Front Camera,50 MP + 12 MP + 10 MP Triple Rear ,3.0,50,12,10,,,, 10 MP + 4 MP Dual Front Camera,2,10,4,,,,,Android v14,Android,8.0,Snapdragon,Qualcomm
516,nokia,Nokia 3210 4G (2024),4149,,"Dual Sim, 4G",False,False,False,"Unisoc T107, 1 GHz Processor",Unisoc T107,,1.0,"64 MB RAM, 128 MB inbuilt",64.0,128.0,1450 mAh Battery,1450,,False,"2.4 inches, 240 x 320 px Display",2.4,240,320,,,2 MP Rear Camera,2 MP Rear Camera,1.0,2,,,,,,,1,,,Yes,Dedicated,32.0,"Memory Card Supported, upto 32 GB",,S30+ / Feature OS,,Unisoc,Unisoc
517,samsung,Samsung Galaxy S24 5G,59449,77.0,"Dual Sim, 5G, VoLTE, Vo5G, NFC, eSIM, Wi-Fi",True,True,False,"Exynos 2400, Deca Core, 3.2 GHz Processor",Exynos 2400,Deca Core,3.2,"8 GB RAM, 256 GB inbuilt",8.0,256.0,4000 mAh Battery with 25W Fast Charging,4000,25.0,True,"6.2 inches, 1080 x 2340 px, 120 Hz Display with Punch Hole",6.2,1080,2340,120.0,Punch Hole,50 MP + 12 MP + 10 MP Triple Rear & 12 MP Front Camera,50 MP + 12 MP + 10 MP Triple Rear ,3.0,50,12,10,,,, 12 MP Front Camera,1,12,,,,,,Android v14,Android,10.0,Exynos,Samsung
518,samsung,Samsung Galaxy Z Flip 4 (8GB RAM + 256GB),51999,72.0,"Dual Sim, 5G, VoLTE, NFC, eSIM, Wi-Fi",True,True,False,"Snapdragon  8+ Gen1, Octa Core, 3.2 GHz Processor",Snapdragon  8+ Gen1,Octa Core,3.2,"8 GB RAM, 256 GB inbuilt",8.0,256.0,3700 mAh Battery with 25W Fast Charging,3700,25.0,True,"6.7 inches, 1080 x 2640 px, 120 Hz Display with Punch Hole",6.7,1080,2640,120.0,Punch Hole,12 MP + 12 MP Dual Rear & 10 MP Front Camera,12 MP + 12 MP Dual Rear ,2.0,12,12,,,,, 10 MP Front Camera,1,10,,No,Not Supported,,Memory Card Not Supported,,Android,8.0,Snapdragon,Qualcomm
519,realme,Realme P4s 5G (12GB RAM + 256GB),41999,74.0,"Dual Sim, 5G, VoLTE, Wi-Fi, IR Blaster",True,False,True,"Dimensity 7400, Octa Core, 2.6 GHz Processor",Dimensity 7400,Octa Core,2.6,"12 GB RAM, 256 GB inbuilt",12.0,256.0,8000 mAh Battery with 80W Fast Charging,8000,80.0,True,"6.78 inches, 1272 x 2772 px, 144 Hz Display with Punch Hole",6.78,1272,2772,144.0,Punch Hole,50 MP + 2 MP Dual Rear & 16 MP Front Camera,50 MP + 2 MP Dual Rear ,2.0,50,2,,,,, 16 MP Front Camera,1,16,,No,Not Supported,,Memory Card Not Supported,Android v16,Android,8.0,Dimensity,MediaTek
520,lava,Lava Bold N4 Lite,8399,,"Dual Sim, 4G, VoLTE, Wi-Fi",False,False,False,"Unisoc 9863A, Octa Core Processor",Unisoc 9863A,Octa Core,,"3 GB RAM, 32 GB inbuilt",3.0,32.0,5000 mAh Battery with 10W Fast Charging,5000,10.0,True,"6.56 inches, 540 x 960 px Display with Water Drop Notch",6.56,540,960,,Water Drop Notch,8 MP Rear & 5 MP Front Camera,8 MP Rear ,1.0,8,,,,,, 5 MP Front Camera,1,5,,Yes,Dedicated,,Memory Card Supported,Android v16,Android,8.0,Unisoc,Unisoc
521,vivo,Vivo T5 Lite 5G (6GB RAM + 256GB),26999,58.0,"Dual Sim, 5G, VoLTE, Wi-Fi",True,False,False,"Dimensity 6300, Octa Core, 2.4 GHz Processor",Dimensity 6300,Octa Core,2.4,"6 GB RAM, 256 GB inbuilt",6.0,256.0,6500 mAh Battery with 44W Fast Charging,6500,44.0,True,"6.74 inches, 720 x 1600 px, 120 Hz Display with Water Drop Notch",6.74,720,1600,120.0,Water Drop Notch,50 MP + 0.08 MP Dual Rear & 5 MP Front Camera,50 MP + 0.08 MP Dual Rear ,2.0,50,0.08,,,,, 5 MP Front Camera,1,5,,Yes,Hybrid,2048.0,"Memory Card (Hybrid), upto 2 TB",Android v16,Android,8.0,Dimensity,MediaTek
522,infinix,Infinix Hot 70 Pro (8GB RAM + 128GB),27999,63.0,"Dual Sim, 5G, NFC, Wi-Fi, IR Blaster",True,True,True,"Dimensity 7100, Octa Core, 2.4 GHz Processor",Dimensity 7100,Octa Core,2.4,"8 GB RAM, 128 GB inbuilt",8.0,128.0,6000 mAh Battery with 45W Fast Charging,6000,45.0,True,"6.76 inches, 1080 x 2344 px, 144 Hz Display with Punch Hole",6.76,1080,2344,144.0,Punch Hole,50 MP Dual Rear & 8 MP Front Camera,50 MP Dual Rear ,2.0,50,,,,,, 8 MP Front Camera,1,8,,Yes,Dedicated,,Memory Card Supported,Android v16,Android,8.0,Dimensity,MediaTek
523,tecno,Tecno Pova 8 5G,29999,63.0,"Dual Sim, 5G, VoLTE, NFC, Wi-Fi, IR Blaster",True,True,True,"Dimensity 7100, Octa Core, 2.4 GHz Processor",Dimensity 7100,Octa Core,2.4,"6 GB RAM, 128 GB inbuilt",6.0,128.0,8000 mAh Battery with Fast Charging,8000,,True,"6.76 inches, 1080 x 2344 px, 144 Hz Display with Punch Hole",6.76,1080,2344,144.0,Punch Hole,50 MP Dual Rear & 13 MP Front Camera,50 MP Dual Rear ,2.0,50,,,,,, 13 MP Front Camera,1,13,,Yes,Hybrid,1024.0,"Memory Card (Hybrid), upto 1 TB",Android v16,Android,8.0,Dimensity,MediaTek
524,xiaomi,Xiaomi Redmi Note 15 SE 5G (8GB RAM + 256GB),28999,67.0,"Dual Sim, 5G, VoLTE, Wi-Fi, IR Blaster",True,False,True,"Snapdragon 6 Gen3, Octa Core, 2.4 GHz Processor",Snapdragon 6 Gen3,Octa Core,2.4,"8 GB RAM, 256 GB inbuilt",8.0,256.0,5800 mAh Battery with 45W Fast Charging,5800,45.0,True,"6.77 inches, 2392 x 1080 px, 120 Hz Display with Punch Hole",6.77,2392,1080,120.0,Punch Hole,50 MP + 2 MP Dual Rear & 20 MP Front Camera,50 MP + 2 MP Dual Rear ,2.0,50,2,,,,, 20 MP Front Camera,1,20,,Yes,Hybrid,1024.0,"Memory Card (Hybrid), upto 1 TB",Android v15,Android,8.0,Snapdragon,Qualcomm
525,oppo,Oppo A6s 5G,21499,54.0,"Dual Sim, 5G, Wi-Fi",True,False,False,"Dimensity 6300, Octa Core, 2.4 GHz Processor",Dimensity 6300,Octa Core,2.4,"4 GB RAM, 128 GB inbuilt",4.0,128.0,6500 mAh Battery with 45W Fast Charging,6500,45.0,True,"6.75 inches, 720 x 1570 px, 120 Hz Display with Punch Hole",6.75,720,1570,120.0,Punch Hole,50 MP Dual Rear & 5 MP Front Camera,50 MP Dual Rear ,2.0,50,,,,,, 5 MP Front Camera,1,5,,Yes,Hybrid,,Memory Card (Hybrid),Android v15,Android,8.0,Dimensity,MediaTek
526,vivo,Vivo Y51 Pro 5G (256GB),37999,62.0,"Dual Sim, 5G, VoLTE, Wi-Fi, IR Blaster",True,False,True,"Dimensity 7360 Turbo, Octa Core, 2.5 GHz Processor",Dimensity 7360 Turbo,Octa Core,2.5,"8 GB RAM, 256 GB inbuilt",8.0,256.0,7200 mAh Battery with 44W Fast Charging,7200,44.0,True,"6.75 inches, 720 x 1570 px, 120 Hz Display with Punch Hole",6.75,720,1570,120.0,Punch Hole,50 MP + 2 MP Dual Rear & 8 MP Front Camera,50 MP + 2 MP Dual Rear ,2.0,50,2,,,,, 8 MP Front Camera,1,8,,No,Not Supported,,Memory Card Not Supported,Android v16,Android,8.0,Dimensity,MediaTek
527,samsung,Samsung Galaxy S25 FE (8GB RAM + 512GB),77999,77.0,"Dual Sim, 5G, VoLTE, Vo5G, NFC, eSIM, Wi-Fi",True,True,False,"Exynos 2400, Deca Core, 3.2 GHz Processor",Exynos 2400,Deca Core,3.2,"8 GB RAM, 512 GB inbuilt",8.0,512.0,4900 mAh Battery with 45W Fast Charging,4900,45.0,True,"6.7 inches, 1080 x 2340 px, 120 Hz Display with Punch Hole",6.7,1080,2340,120.0,Punch Hole,50 MP + 12 MP + 8 MP Triple Rear & 12 MP Front Camera,50 MP + 12 MP + 8 MP Triple Rear ,3.0,50,12,8,,,, 12 MP Front Camera,1,12,,No,Not Supported,,Memory Card Not Supported,Android v16,Android,10.0,Exynos,Samsung
528,apple,Apple iPhone 17 Pro Max (1TB),183990,,"Dual Sim, 5G, VoLTE, NFC, eSIM, Wi-Fi",True,True,False,"Apple A19 Pro, Hexa Core Processor",Apple A19 Pro,Hexa Core,,"12 GB RAM, 1 TB inbuilt",12.0,1.0,4832 mAh Battery with Fast Charging,4832,,True,"6.9 inches, 1320 x 2868 px, 120 Hz Display with Dynamic Island",6.9,1320,2868,120.0,Dynamic Island,48 MP + 48 MP + 48 MP Triple Rear & 18 MP Front Camera,48 MP + 48 MP + 48 MP Triple Rear ,3.0,48,48,48,,,, 18 MP Front Camera,1,18,,No,Not Supported,,Memory Card Not Supported,iOS v26,iOS,6.0,Apple,Apple
529,realme,Realme P3 Ultra (12GB RAM + 256GB),33499,68.0,"Dual Sim, 5G, VoLTE, Wi-Fi, IR Blaster",True,False,True,"Dimensity 8350 Ultra, Octa Core, 3.35 GHz Processor",Dimensity 8350 Ultra,Octa Core,3.35,"12 GB RAM, 256 GB inbuilt",12.0,256.0,6000 mAh Battery with 80W Fast Charging,6000,80.0,True,"6.83 inches, 1272 x 2800 px, 120 Hz Display with Punch Hole",6.83,1272,2800,120.0,Punch Hole,50 MP + 8 MP Dual Rear & 16 MP Front Camera,50 MP + 8 MP Dual Rear ,2.0,50,8,,,,, 16 MP Front Camera,1,16,,No,Not Supported,,Memory Card Not Supported,Android v15,Android,8.0,Dimensity,MediaTek
530,samsung,Samsung Galaxy M06 5G,16999,,"Dual Sim, 5G, VoLTE, Wi-Fi",True,False,False,"Dimensity 6300, Octa Core, 2.4 GHz Processor",Dimensity 6300,Octa Core,2.4,"4 GB RAM, 128 GB inbuilt",4.0,128.0,5000 mAh Battery with 25W Fast Charging,5000,25.0,True,"6.74 inches, 720 x 1600 px, 90 Hz Display with Water Drop Notch",6.74,720,1600,90.0,Water Drop Notch,50 MP + 2 MP Dual Rear & 8 MP Front Camera,50 MP + 2 MP Dual Rear ,2.0,50,2,,,,, 8 MP Front Camera,1,8,,Yes,Hybrid,1536.0,"Memory Card (Hybrid), upto 1.5 TB",Android v15,Android,8.0,Dimensity,MediaTek
531,samsung,Samsung Galaxy A56 5G (12GB RAM + 256GB),42500,66.0,"Dual Sim, 5G, VoLTE, NFC, eSIM, Wi-Fi",True,True,False,"Exynos 1580, Octa Core, 2.9 GHz Processor",Exynos 1580,Octa Core,2.9,"12 GB RAM, 256 GB inbuilt",12.0,256.0,5000 mAh Battery with 45W Fast Charging,5000,45.0,True,"6.7 inches, 1080 x 2340 px, 120 Hz Display with Punch Hole",6.7,1080,2340,120.0,Punch Hole,50 MP + 12 MP + 5 MP Triple Rear & 12 MP Front Camera,50 MP + 12 MP + 5 MP Triple Rear ,3.0,50,12,5,,,, 12 MP Front Camera,1,12,,,,,,Android v15,Android,8.0,Exynos,Samsung
532,google,Google Pixel 9 Pro,90999,,"Dual Sim, 5G, VoLTE, Vo5G, NFC, Wi-Fi",True,True,False,"Tensor G4, Octa Core, 3.1 GHz Processor",Tensor G4,Octa Core,3.1,"16 GB RAM, 256 GB inbuilt",16.0,256.0,4700 mAh Battery with 27W Fast Charging,4700,27.0,True,"6.3 inches, 1280 x 2856 px, 120 Hz Display with Punch Hole",6.3,1280,2856,120.0,Punch Hole,50 MP + 48 MP + 48 MP Triple Rear & 42 MP Front Camera,50 MP + 48 MP + 48 MP Triple Rear ,3.0,50,48,48,,,, 42 MP Front Camera,1,42,,,,,,Android v14,Android,8.0,Tensor,Google
533,samsung,Samsung Galaxy F55 5G (8GB RAM + 256GB),29999,66.0,"Dual Sim, 5G, VoLTE, NFC, Wi-Fi",True,True,False,"Snapdragon 7 Gen1, Octa Core, 2.4 GHz Processor",Snapdragon 7 Gen1,Octa Core,2.4,"8 GB RAM, 256 GB inbuilt",8.0,256.0,5000 mAh Battery with 45W Fast Charging,5000,45.0,True,"6.7 inches, 1080 x 2400 px, 120 Hz Display with Punch Hole",6.7,1080,2400,120.0,Punch Hole,50 MP + 8 MP + 2 MP Triple Rear & 50 MP Front Camera,50 MP + 8 MP + 2 MP Triple Rear ,3.0,50,8,2,,,, 50 MP Front Camera,1,50,,Yes,Hybrid,1024.0,"Memory Card (Hybrid), upto 1 TB",Android v14,Android,8.0,Snapdragon,Qualcomm
534,oppo,OPPO Reno 10,35900,67.0,"Dual Sim, 5G, VoLTE, NFC, Wi-Fi, IR Blaster",True,True,True,"Dimensity 7050, Octa Core, 2.6 GHz Processor",Dimensity 7050,Octa Core,2.6,"8 GB RAM, 256 GB inbuilt",8.0,256.0,5000 mAh Battery with 67W Fast Charging,5000,67.0,True,"6.7 inches, 1080 x 2412 px, 120 Hz Display with Punch Hole",6.7,1080,2412,120.0,Punch Hole,64 MP + 32 MP + 8 MP Triple Rear & 32 MP Front Camera,64 MP + 32 MP + 8 MP Triple Rear ,3.0,64,32,8,,,, 32 MP Front Camera,1,32,,Yes,Hybrid,,Memory Card (Hybrid),Android v13,Android,8.0,Dimensity,MediaTek
535,nokia,Nokia 106 4G,2324,,"Dual Sim, 4G, VoLTE",False,False,False,,,,,4 MB RAM,4.0,,1450 mAh Battery,1450,,False,"1.8 inches, 120 x 160 px Display",1.8,120,160,,,No Rear Camera,No Rear Camera,0.0,,,,,,,,1,,,Yes,Dedicated,32.0,"Memory Card Supported, upto 32 GB",,S30+ / Feature OS,,,
536,tecno,Tecno Pova 8 Pro 5G,49999,74.0,"Dual Sim, 5G, VoLTE, NFC, Wi-Fi, IR Blaster",True,True,True,"Dimensity 7400 Ultimate, Octa Core, 2.6 GHz Processor",Dimensity 7400 Ultimate,Octa Core,2.6,"8 GB RAM, 256 GB inbuilt",8.0,256.0,6500 mAh Battery with 45W Fast Charging,6500,45.0,True,"6.78 inches, 1208 x 2644 px, 144 Hz Display with Punch Hole",6.78,1208,2644,144.0,Punch Hole,50 MP + 8 MP Dual Rear & 13 MP Front Camera,50 MP + 8 MP Dual Rear ,2.0,50,8,,,,, 13 MP Front Camera,1,13,,,,,,Android v16,Android,8.0,Dimensity,MediaTek
537,google,Google Pixel 11 Pro (16GB RAM + 512GB),134999,,"Dual Sim, 5G, VoLTE, Vo5G, NFC, eSIM, Wi-Fi",True,True,False,Tensor G6,Tensor G6,,,"16 GB RAM, 512 GB inbuilt",16.0,512.0,4850 mAh Battery with Fast Charging,4850,,True,"6.3 inches, 1280 x 2856 px, 120 Hz Display with Punch Hole",6.3,1280,2856,120.0,Punch Hole,50 MP + 48 MP + 48 MP Triple Rear & 42 MP Front Camera,50 MP + 48 MP + 48 MP Triple Rear ,3.0,50,48,48,,,, 42 MP Front Camera,1,42,,,,,,Android v17,Android,,Tensor,Google
538,poco,Poco M8 Power 5G (8GB RAM + 128GB),26876,64.0,"Dual Sim, 5G, VoLTE, Wi-Fi, IR Blaster",True,False,True,"Snapdragon 4 Gen4, Octa Core, 2.3 GHz Processor",Snapdragon 4 Gen4,Octa Core,2.3,"8 GB RAM, 128 GB inbuilt",8.0,128.0,8000 mAh Battery with 45W Fast Charging,8000,45.0,True,"6.99 inches, 2396 x 1080 px, 120 Hz Display with Punch Hole",6.99,2396,1080,120.0,Punch Hole,50 MP Dual Rear & 8 MP Front Camera,50 MP Dual Rear ,2.0,50,,,,,, 8 MP Front Camera,1,8,,Yes,Dedicated,1024.0,"Memory Card Supported, upto 1 TB",Android v16,Android,8.0,Snapdragon,Qualcomm
539,lava,Lava Virat V1 4G,9929,,"Dual Sim, 4G, VoLTE, Wi-Fi",False,False,False,Unisoc 9863a,Unisoc 9863a,,,"4 GB RAM, 64 GB inbuilt",4.0,64.0,5000 mAh Battery with 10W Fast Charging,5000,10.0,True,"6.75 inches, 720 x 1600 px, 90 Hz Display with Punch Hole",6.75,720,1600,90.0,Punch Hole,13 MP Dual Rear & 5 MP Front Camera,13 MP Dual Rear ,2.0,13,,,,,, 5 MP Front Camera,1,5,,Yes,Hybrid,256.0,"Memory Card (Hybrid), upto 256 GB",Android 15 Go,Android,,Unisoc,Unisoc
540,lava,Lava A7 Torch 2026,1649,,Dual Sim,False,False,False,,,,,"32 MB RAM, 32 MB inbuilt",32.0,32.0,2575 mAh Battery,2575,,False,"2.4 inches, 320 x 240 px Display",2.4,320,240,,,0.3 MP Rear Camera,0.3 MP Rear Camera,1.0,0.3,,,,,,,1,,,Yes,Dedicated,32.0,"Memory Card Supported, upto 32 GB",,Mocor,,,
541,vivo,Vivo T5e,13999,,"Dual Sim, 4G, VoLTE, Wi-Fi",False,False,False,"Unisoc T7225, Octa Core, 1.8 GHz Processor",Unisoc T7225,Octa Core,1.8,"4 GB RAM, 64 GB inbuilt",4.0,64.0,5500 mAh Battery with 15W Fast Charging,5500,15.0,True,"6.74 inches, 1600 x 720 px, 90 Hz Display with Water Drop Notch",6.74,1600,720,90.0,Water Drop Notch,8 MP Rear & 5 MP Front Camera,8 MP Rear ,1.0,8,,,,,, 5 MP Front Camera,1,5,,Yes,Dedicated,2048.0,"Memory Card Supported, upto 2 TB",Android v16,Android,8.0,Unisoc,Unisoc
542,ai+,Ai+ Nova 2 Neo 5G (4GB RAM + 64GB),14800,53.0,"Dual Sim, 5G, VoLTE, Wi-Fi",True,False,False,"Dimensity 6300, Octa Core, 2.4 GHz Processor",Dimensity 6300,Octa Core,2.4,"4 GB RAM, 64 GB inbuilt",4.0,64.0,6000 mAh Battery with Fast Charging,6000,,True,"6.75 inches, 720 x 1600 px, 120 Hz Display with Water Drop Notch",6.75,720,1600,120.0,Water Drop Notch,48 MP Rear & 8 MP Front Camera,48 MP Rear ,1.0,48,,,,,, 8 MP Front Camera,1,8,,Yes,Dedicated,2048.0,"Memory Card Supported, upto 2 TB",Android v16,Android,8.0,Dimensity,MediaTek
543,vivo,Vivo Y21 5G (6GB RAM + 128GB),25999,59.0,"Dual Sim, 5G, VoLTE, NFC, Wi-Fi, IR Blaster",True,True,True,"Dimensity 6300, Octa Core, 2.4 GHz Processor",Dimensity 6300,Octa Core,2.4,"6 GB RAM, 128 GB inbuilt",6.0,128.0,6500 mAh Battery with 44W Fast Charging,6500,44.0,True,"6.74 inches, 720 x 1600 px, 120 Hz Display with Water Drop Notch",6.74,720,1600,120.0,Water Drop Notch,50 MP + 0.08 MP Dual Rear & 5 MP Front Camera,50 MP + 0.08 MP Dual Rear ,2.0,50,0.08,,,,, 5 MP Front Camera,1,5,,Yes,Dedicated,,Memory Card Supported,Android v16,Android,8.0,Dimensity,MediaTek
544,xiaomi,Xiaomi Redmi 15A 5G (4GB RAM + 128GB),17290,58.0,"Dual Sim, 5G, VoLTE, Wi-Fi, IR Blaster",True,False,True,"Unisoc T8300, Octa Core, 2.2 GHz Processor",Unisoc T8300,Octa Core,2.2,"4 GB RAM, 128 GB inbuilt",4.0,128.0,6300 mAh Battery with 33W Fast Charging,6300,33.0,True,"6.9 inches, 720 x 1600 px, 120 Hz Display with Punch Hole",6.9,720,1600,120.0,Punch Hole,32 MP Rear & 8 MP Front Camera,32 MP Rear ,1.0,32,,,,,, 8 MP Front Camera,1,8,,Yes,Hybrid,1024.0,"Memory Card (Hybrid), upto 1 TB",Android v16,Android,8.0,Unisoc,Unisoc
545,oppo,OPPO K14x 5G (4GB RAM + 64GB),17499,54.0,"Dual Sim, 5G, VoLTE, Wi-Fi",True,False,False,"Dimensity 6300, Octa Core, 2.4 GHz Processor",Dimensity 6300,Octa Core,2.4,"4 GB RAM, 64 GB inbuilt",4.0,64.0,6500 mAh Battery with 45W Fast Charging,6500,45.0,True,"6.75 inches, 720 x 1570 px, 120 Hz Display with Punch Hole",6.75,720,1570,120.0,Punch Hole,50 MP + 2 MP Dual Rear & 5 MP Front Camera,50 MP + 2 MP Dual Rear ,2.0,50,2,,,,, 5 MP Front Camera,1,5,,Yes,Hybrid,,Memory Card (Hybrid),Android v15,Android,8.0,Dimensity,MediaTek
546,samsung,Samsung Galaxy S26 (12GB RAM + 512GB),99999,76.0,"Dual Sim, 5G, VoLTE, Vo5G, NFC, eSIM, Wi-Fi",True,True,False,"Exynos 2600, Deca Core, 3.8 GHz Processor",Exynos 2600,Deca Core,3.8,"12 GB RAM, 512 GB inbuilt",12.0,512.0,4300 mAh Battery with 25W Fast Charging,4300,25.0,True,"6.3 inches, 1080 x 2340 px, 120 Hz Display with Punch Hole",6.3,1080,2340,120.0,Punch Hole,50 MP + 12 MP + 10 MP Triple Rear & 12 MP Front Camera,50 MP + 12 MP + 10 MP Triple Rear ,3.0,50,12,10,,,, 12 MP Front Camera,1,12,,,,,,Android v16,Android,10.0,Exynos,Samsung
547,vivo,Vivo T4 Lite 5G (4GB RAM + 64GB),16899,52.0,"Dual Sim, 5G, VoLTE, Wi-Fi",True,False,False,"Dimensity 6300, Octa Core, 2.4 GHz Processor",Dimensity 6300,Octa Core,2.4,"4 GB RAM, 64 GB inbuilt",4.0,64.0,6000 mAh Battery with 15W Fast Charging,6000,15.0,True,"6.74 inches, 720 x 1600 px, 90 Hz Display with Water Drop Notch",6.74,720,1600,90.0,Water Drop Notch,50 MP + 2 MP Dual Rear & 5 MP Front Camera,50 MP + 2 MP Dual Rear ,2.0,50,2,,,,, 5 MP Front Camera,1,5,,Yes,Dedicated,2048.0,"Memory Card Supported, upto 2 TB",Android v15,Android,8.0,Dimensity,MediaTek
548,oppo,OPPO Reno 15 5G (12GB RAM + 256GB),50999,,"Dual Sim, 5G, VoLTE, Wi-Fi, IR Blaster",True,False,True,"Snapdragon 7 Gen4, Octa Core, 2.8 GHz Processor",Snapdragon 7 Gen4,Octa Core,2.8,"12 GB RAM, 256 GB inbuilt",12.0,256.0,6500 mAh Battery with 80W Fast Charging,6500,80.0,True,"6.59 inches, 1256 x 2760 px, 120 Hz Display with Punch Hole",6.59,1256,2760,120.0,Punch Hole,50 MP + 50 MP + 8 MP Triple Rear & 50 MP Front Camera,50 MP + 50 MP + 8 MP Triple Rear ,3.0,50,50,8,,,, 50 MP Front Camera,1,50,,No,Not Supported,,Memory Card Not Supported,Android v16,Android,8.0,Snapdragon,Qualcomm
549,xiaomi,Xiaomi Redmi 15 5G (8GB RAM + 128GB),23499,62.0,"Dual Sim, 5G, VoLTE, Wi-Fi, IR Blaster",True,False,True,"Snapdragon 6s Gen3, Octa Core, 2.3 GHz Processor",Snapdragon 6s Gen3,Octa Core,2.3,"8 GB RAM, 128 GB inbuilt",8.0,128.0,7000 mAh Battery with 33W Fast Charging,7000,33.0,True,"6.9 inches, 1080 x 2340 px, 144 Hz Display with Punch Hole",6.9,1080,2340,144.0,Punch Hole,50 MP Dual Rear & 8 MP Front Camera,50 MP Dual Rear ,2.0,50,,,,,, 8 MP Front Camera,1,8,,Yes,Hybrid,1024.0,"Memory Card (Hybrid), upto 1 TB",Android v15,Android,8.0,Snapdragon,Qualcomm
550,realme,Realme 15T (8GB RAM + 256GB),29999,67.0,"Dual Sim, 5G, VoLTE, Wi-Fi, IR Blaster",True,False,True,"Dimensity 6400 Max, Octa Core, 2.5 GHz Processor",Dimensity 6400 Max,Octa Core,2.5,"8 GB RAM, 256 GB inbuilt",8.0,256.0,7000 mAh Battery with 60W Fast Charging,7000,60.0,True,"6.57 inches, 1080 x 2372 px, 120 Hz Display with Punch Hole",6.57,1080,2372,120.0,Punch Hole,50 MP + 2 MP Dual Rear & 50 MP Front Camera,50 MP + 2 MP Dual Rear ,2.0,50,2,,,,, 50 MP Front Camera,1,50,,Yes,Hybrid,2048.0,"Memory Card (Hybrid), upto 2 TB",Android v15,Android,8.0,Dimensity,MediaTek
551,vivo,Vivo T4 Lite 5G (6 GB RAM +128 GB),20999,53.0,"Dual Sim, 5G, VoLTE, Wi-Fi",True,False,False,"Dimensity 6300, Octa Core, 2.4 GHz Processor",Dimensity 6300,Octa Core,2.4,"6 GB RAM, 128 GB inbuilt",6.0,128.0,6000 mAh Battery with 15W Fast Charging,6000,15.0,True,"6.74 inches, 720 x 1600 px, 90 Hz Display with Water Drop Notch",6.74,720,1600,90.0,Water Drop Notch,50 MP + 2 MP Dual Rear & 5 MP Front Camera,50 MP + 2 MP Dual Rear ,2.0,50,2,,,,, 5 MP Front Camera,1,5,,Yes,Dedicated,2048.0,"Memory Card Supported, upto 2 TB",Android v15,Android,8.0,Dimensity,MediaTek
552,samsung,Samsung Galaxy A26 (6GB RAM + 128GB),24999,64.0,"Dual Sim, 5G, VoLTE, NFC, Wi-Fi",True,True,False,"Exynos 1380, Octa Core, 2.4 GHz Processor",Exynos 1380,Octa Core,2.4,"6 GB RAM, 128 GB inbuilt",6.0,128.0,5000 mAh Battery with 25W Fast Charging,5000,25.0,True,"6.7 inches, 1080 x 2340 px, 120 Hz Display with Water Drop Notch",6.7,1080,2340,120.0,Water Drop Notch,50 MP + 8 MP + 2 MP Triple Rear & 13 MP Front Camera,50 MP + 8 MP + 2 MP Triple Rear ,3.0,50,8,2,,,, 13 MP Front Camera,1,13,,Yes,Hybrid,2048.0,"Memory Card (Hybrid), upto 2 TB",Android v15,Android,8.0,Exynos,Samsung
553,samsung,Samsung Galaxy M35 5G,28999,61.0,"Dual Sim, 5G, VoLTE, NFC, Wi-Fi",True,True,False,"Exynos 1380, Octa Core, 2.4 GHz Processor",Exynos 1380,Octa Core,2.4,"6 GB RAM, 128 GB inbuilt",6.0,128.0,6000 mAh Battery with 25W Fast Charging,6000,25.0,True,"6.6 inches, 1080 x 2340 px, 120 Hz Display with Punch Hole",6.6,1080,2340,120.0,Punch Hole,50 MP + 8 MP + 2 MP Triple Rear & 13 MP Front Camera,50 MP + 8 MP + 2 MP Triple Rear ,3.0,50,8,2,,,, 13 MP Front Camera,1,13,,Yes,Hybrid,1024.0,"Memory Card (Hybrid), upto 1 TB",Android v14,Android,8.0,Exynos,Samsung
554,xiaomi,Xiaomi 14 Civi (12GB RAM + 512GB),54990,75.0,"Dual Sim, 5G, VoLTE, Vo5G, NFC, Wi-Fi, IR Blaster",True,True,True,"Snapdragon 8s Gen3, Octa Core, 3 GHz Processor",Snapdragon 8s Gen3,Octa Core,3.0,"12 GB RAM, 512 GB inbuilt",12.0,512.0,4700 mAh Battery with 67W Fast Charging,4700,67.0,True,"6.55 inches, 1236 x 2750 px, 120 Hz Display with Punch Hole",6.55,1236,2750,120.0,Punch Hole,50 MP + 50 MP + 12 MP Triple Rear & 32 MP + 32 MP Dual Front Camera,50 MP + 50 MP + 12 MP Triple Rear ,3.0,50,50,12,,,, 32 MP + 32 MP Dual Front Camera,2,32,32,,,,,Android v14,Android,8.0,Snapdragon,Qualcomm
555,samsung,Samsung Galaxy S24 Ultra (12GB RAM + 512GB),129999,,"Dual Sim, 5G, VoLTE, Vo5G, NFC, eSIM, Wi-Fi",True,True,False,"Snapdragon 8 Gen3, Octa Core, 3.3 GHz Processor",Snapdragon 8 Gen3,Octa Core,3.3,"12 GB RAM, 512 GB inbuilt",12.0,512.0,5000 mAh Battery with 45W Fast Charging,5000,45.0,True,"6.8 inches, 1440 x 3120 px, 120 Hz Display with Punch Hole",6.8,1440,3120,120.0,Punch Hole,200 MP Quad Rear & 12 MP Front Camera,200 MP Quad Rear ,4.0,200,,,,,, 12 MP Front Camera,1,12,,No,Not Supported,,Memory Card Not Supported,Android v14,Android,8.0,Snapdragon,Qualcomm
556,poco,Poco X6 5G,27990,63.0,"Dual Sim, 5G, VoLTE, Wi-Fi, IR Blaster",True,False,True,"Snapdragon 7s Gen 2, Octa Core, 2.4 GHz Processor",Snapdragon 7s Gen 2,Octa Core,2.4,"8 GB RAM, 256 GB inbuilt",8.0,256.0,5100 mAh Battery with 67W Fast Charging,5100,67.0,True,"6.67 inches, 1220 x 2712 px, 120 Hz Display with Punch Hole",6.67,1220,2712,120.0,Punch Hole,64 MP + 8 MP + 2 MP Triple Rear & 16 MP Front Camera,64 MP + 8 MP + 2 MP Triple Rear ,3.0,64,8,2,,,, 16 MP Front Camera,1,16,,,,,,Android v13,Android,8.0,Snapdragon,Qualcomm
557,samsung,Samsung Galaxy S23 FE 5G,54999,72.0,"Dual Sim, 5G, VoLTE, Vo5G, NFC, Wi-Fi",True,True,False,"Exynos 2200, Octa Core, 2.8 GHz Processor",Exynos 2200,Octa Core,2.8,"8 GB RAM, 128 GB inbuilt",8.0,128.0,4500 mAh Battery with 25W Fast Charging,4500,25.0,True,"6.4 inches, 1080 x 2340 px, 120 Hz Display with Punch Hole",6.4,1080,2340,120.0,Punch Hole,50 MP + 12 MP + 8 MP Triple Rear & 10 MP Front Camera,50 MP + 12 MP + 8 MP Triple Rear ,3.0,50,12,8,,,, 10 MP Front Camera,1,10,,No,Not Supported,,Memory Card Not Supported,Android v13,Android,8.0,Exynos,Samsung
558,motorola,Motorola Razr 40,54990,77.0,"Dual Sim, 5G, VoLTE, NFC, Wi-Fi",True,True,False,"Snapdragon 7 Gen1, Octa Core, 2.4 GHz Processor",Snapdragon 7 Gen1,Octa Core,2.4,"8 GB RAM, 256 GB inbuilt",8.0,256.0,4200 mAh Battery with 30W Fast Charging,4200,30.0,True,"6.9 inches, 1080 x 2640 px, 144 Hz Display with Punch Hole",6.9,1080,2640,144.0,Punch Hole,64 MP + 13 MP Dual Rear & 32 MP Front Camera,64 MP + 13 MP Dual Rear ,2.0,64,13,,,,, 32 MP Front Camera,1,32,,No,Not Supported,,Memory Card Not Supported,,Android,8.0,Snapdragon,Qualcomm
559,samsung,Samsung Galaxy S22 5G,85999,74.0,"Dual Sim, 5G, VoLTE, Vo5G, NFC, Wi-Fi",True,True,False,"Snapdragon  8 Gen1, Octa Core, 3 GHz Processor",Snapdragon  8 Gen1,Octa Core,3.0,"8 GB RAM, 128 GB inbuilt",8.0,128.0,3700 mAh Battery with 25W Fast Charging,3700,25.0,True,"6.1 inches, 1080 x 2340 px, 120 Hz Display with Punch Hole",6.1,1080,2340,120.0,Punch Hole,50 MP + 12 MP + 10 MP Triple Rear & 10 MP Front Camera,50 MP + 12 MP + 10 MP Triple Rear ,3.0,50,12,10,,,, 10 MP Front Camera,1,10,,,,,,Android v12,Android,8.0,Snapdragon,Qualcomm
560,ringme,Ringme R1 Mini 27c,950,,Dual Sim,False,False,False,1 MHz Processor,,,0.001,"32 MB RAM, 32 MB inbuilt",32.0,32.0,600 mAh Battery with Fast Charging,600,,True,"0.66 inches, 240 x 320 px Display",0.66,240,320,,,No Rear Camera,No Rear Camera,0.0,,,,,,,,1,,,Yes,Hybrid,32768.0,"Memory Card (Hybrid), upto 32 TB",,Mocor,,,
561,motorola,Motorola Moto G77 Power (4GB RAM + 128GB),23999,63.0,"Dual Sim, 5G, VoLTE, Wi-Fi",True,False,False,"Dimensity 6400, Octa Core, 2.5 GHz Processor",Dimensity 6400,Octa Core,2.5,"4 GB RAM, 128 GB inbuilt",4.0,128.0,7000 mAh Battery with 30W Fast Charging,7000,30.0,True,"6.72 inches, 1080 x 2400 px, 120 Hz Display with Punch Hole",6.72,1080,2400,120.0,Punch Hole,50 MP + 8 MP Dual Rear & 32 MP Front Camera,50 MP + 8 MP Dual Rear ,2.0,50,8,,,,, 32 MP Front Camera,1,32,,Yes,Hybrid,1024.0,"Memory Card (Hybrid), upto 1 TB",Android v16,Android,8.0,Dimensity,MediaTek
562,lava,Lava Virat V1 5G (4GB RAM + 128GB),14499,,"Dual Sim, 5G, VoLTE, Vo5G, Wi-Fi",True,False,False,"Unisoc T8200, Octa Core Processor",Unisoc T8200,Octa Core,,"4 GB RAM, 128 GB inbuilt",4.0,128.0,6000 mAh Battery with 10W Fast Charging,6000,10.0,True,"6.75 inches, 720 x 1600 px, 120 Hz Display with Punch Hole",6.75,720,1600,120.0,Punch Hole,13 MP Dual Rear & 5 MP Front Camera,13 MP Dual Rear ,2.0,13,,,,,, 5 MP Front Camera,1,5,,Yes,Hybrid,1024.0,"Memory Card (Hybrid), upto 1 TB",Android v16,Android,8.0,Unisoc,Unisoc
563,iqoo,iQOO Z11 Lite 5G (6GB RAM + 128GB),22499,57.0,"Dual Sim, 5G, VoLTE, Wi-Fi",True,False,False,"Dimensity 6300, Octa Core, 2.4 GHz Processor",Dimensity 6300,Octa Core,2.4,"6 GB RAM, 128 GB inbuilt",6.0,128.0,6500 mAh Battery with 44W Fast Charging,6500,44.0,True,"6.74 inches, 720 x 1600 px, 120 Hz Display with Water Drop Notch",6.74,720,1600,120.0,Water Drop Notch,50 MP + 0.08 MP Dual Rear & 5 MP Front Camera,50 MP + 0.08 MP Dual Rear ,2.0,50,0.08,,,,, 5 MP Front Camera,1,5,,Yes,Hybrid,2048.0,"Memory Card (Hybrid), upto 2 TB",Android v16,Android,8.0,Dimensity,MediaTek
564,peace,Peace i17 Air,9499,,"Dual Sim, 4G, VoLTE, Wi-Fi",False,False,False,,,,,,,,5000 mAh Battery,5000,,False,"6.56 inches, 1640 x 720 px Display",6.56,1640,720,,,20 MP Rear & 8 MP Front Camera,20 MP Rear ,1.0,20,,,,,, 8 MP Front Camera,1,8,,Yes,Dedicated,128.0,"Memory Card Supported, upto 128 GB",Android v14.0,Android,,,
565,vivo,Vivo Y21 5G (4GB RAM + 64GB),19499,55.0,"Dual Sim, 5G, VoLTE, NFC, Wi-Fi, IR Blaster",True,True,True,"Dimensity 6300, Octa Core, 2.4 GHz Processor",Dimensity 6300,Octa Core,2.4,"4 GB RAM, 64 GB inbuilt",4.0,64.0,6500 mAh Battery with 44W Fast Charging,6500,44.0,True,"6.74 inches, 720 x 1600 px, 120 Hz Display with Water Drop Notch",6.74,720,1600,120.0,Water Drop Notch,50 MP + 0.08 MP Dual Rear & 5 MP Front Camera,50 MP + 0.08 MP Dual Rear ,2.0,50,0.08,,,,, 5 MP Front Camera,1,5,,Yes,Dedicated,,Memory Card Supported,Android v16,Android,8.0,Dimensity,MediaTek
566,vivo,Vivo T5 5G (12GB RAM + 256GB),49999,76.0,"Dual Sim, 5G, VoLTE, Wi-Fi, IR Blaster",True,False,True,"Dimensity 7500 Turbo, Octa Core, 2.6 GHz Processor",Dimensity 7500 Turbo,Octa Core,2.6,"12 GB RAM, 256 GB inbuilt",12.0,256.0,7050 mAh Battery with 44W Fast Charging,7050,44.0,True,"6.83 inches, 1260 x 2800 px, 144 Hz Display with Punch Hole",6.83,1260,2800,144.0,Punch Hole,50 MP + 8 MP Dual Rear & 32 MP Front Camera,50 MP + 8 MP Dual Rear ,2.0,50,8,,,,, 32 MP Front Camera,1,32,,No,Not Supported,,Memory Card Not Supported,Android v16,Android,8.0,Dimensity,MediaTek
567,samsung,Samsung Galaxy Z Flip 8 5G,114999,,"Dual Sim, 5G, VoLTE, Vo5G, NFC, eSIM, Wi-Fi",True,True,False,"Exynos 2600, Deca Core, 3.8 GHz Processor",Exynos 2600,Deca Core,3.8,"12 GB RAM, 256 GB inbuilt",12.0,256.0,4300 mAh Battery with 25W Fast Charging,4300,25.0,True,"6.9 inches, 1080 x 2520 px, 120 Hz Display with Punch Hole",6.9,1080,2520,120.0,Punch Hole,50 MP + 12 MP Dual Rear & 10 MP Front Camera,50 MP + 12 MP Dual Rear ,2.0,50,12,,,,, 10 MP Front Camera,1,10,,No,Not Supported,,Memory Card Not Supported,,Android,10.0,Exynos,Samsung
568,samsung,Samsung Galaxy Z Fold 8 (16GB RAM + 1TB),234999,,"Dual Sim, 5G, VoLTE, Vo5G, NFC, eSIM, Wi-Fi",True,True,False,"Snapdragon 8 Elite Gen 5 for Galaxy, Octa Core, 4.74 GHz Processor",Snapdragon 8 Elite Gen 5 for Galaxy,Octa Core,4.74,"16 GB RAM, 1 TB inbuilt",16.0,1.0,4800 mAh Battery with 45W Fast Charging,4800,45.0,True,"7.6 inches, 1828 x 2448 px, 120 Hz Display with Punch Hole",7.6,1828,2448,120.0,Punch Hole,50 MP + 50 MP Dual Rear & 10 MP + 10 MP Dual Front Camera,50 MP + 50 MP Dual Rear ,2.0,50,50,,,,, 10 MP + 10 MP Dual Front Camera,2,10,10,,,,,Android v17,Android,8.0,Snapdragon,Qualcomm
569,oppo,OPPO Reno 16C 5G (12GB RAM + 256GB),59999,77.0,"Dual Sim, 5G, VoLTE, Vo5G, Wi-Fi",True,False,False,"Dimensity 7300 Energy, Octa Core, 2.5 GHz Processor",Dimensity 7300 Energy,Octa Core,2.5,"12 GB RAM, 256 GB inbuilt",12.0,256.0,7000 mAh Battery with 80W Fast Charging,7000,80.0,True,"6.57 inches, 2372 x 1080 px, 120 Hz Display with Punch Hole",6.57,2372,1080,120.0,Punch Hole,50 MP + 50 MP + 8 MP Triple Rear & 50 MP Front Camera,50 MP + 50 MP + 8 MP Triple Rear ,3.0,50,50,8,,,, 50 MP Front Camera,1,50,,Yes,Hybrid,,Memory Card (Hybrid),Android v16,Android,8.0,Dimensity,MediaTek
570,ai+,Ai+ Nova 2 Pro 5G (8GB RAM + 128GB),19999,57.0,"Dual Sim, 5G, VoLTE, Wi-Fi",True,False,False,"Dimensity 7100, Octa Core, 2.4 GHz Processor",Dimensity 7100,Octa Core,2.4,"8 GB RAM, 128 GB inbuilt",8.0,128.0,6000 mAh Battery with 18W Fast Charging,6000,18.0,True,"6.9 inches, 2340 x 1080 px, 144 Hz Display with Punch Hole",6.9,2340,1080,144.0,Punch Hole,48 MP + 8 MP Dual Rear & 13 MP Front Camera,48 MP + 8 MP Dual Rear ,2.0,48,8,,,,, 13 MP Front Camera,1,13,,Yes,Dedicated,2048.0,"Memory Card Supported, upto 2 TB",Android v16,Android,8.0,Dimensity,MediaTek
571,poco,Poco X8 Pro Iron Man Edition,41999,77.0,"Dual Sim, 5G, VoLTE, Wi-Fi, IR Blaster",True,False,True,"Dimensity 8500 Ultra, Octa Core, 3.4 GHz Processor",Dimensity 8500 Ultra,Octa Core,3.4,"12 GB RAM, 256 GB inbuilt",12.0,256.0,6500 mAh Battery with 100W Fast Charging,6500,100.0,True,"6.59 inches, 2756 x 1268 px, 120 Hz Display with Punch Hole",6.59,2756,1268,120.0,Punch Hole,50 MP + 8 MP Dual Rear & 20 MP Front Camera,50 MP + 8 MP Dual Rear ,2.0,50,8,,,,, 20 MP Front Camera,1,20,,,,,,Android v16,Android,8.0,Dimensity,MediaTek
572,ai+,Ai+ Pulse 2,10284,,"Dual Sim, 4G, VoLTE, Wi-Fi",False,False,False,"Unisoc T7250, Octa Core, 1.8 GHz Processor",Unisoc T7250,Octa Core,1.8,"4 GB RAM, 64 GB inbuilt",4.0,64.0,6000 mAh Battery with 10W Fast Charging,6000,10.0,True,"6.75 inches, 720 x 1600 px, 120 Hz Display with Water Drop Notch",6.75,720,1600,120.0,Water Drop Notch,50 MP Dual Rear & 8 MP Front Camera,50 MP Dual Rear ,2.0,50,,,,,, 8 MP Front Camera,1,8,,Yes,Dedicated,1024.0,"Memory Card Supported, upto 1 TB",Android v16,Android,8.0,Unisoc,Unisoc
573,realme,Realme C83 5G (4GB RAM + 128GB),18499,52.0,"Dual Sim, 5G, VoLTE, Wi-Fi",True,False,False,"Dimensity 6300, Octa Core, 2.4 GHz Processor",Dimensity 6300,Octa Core,2.4,"4 GB RAM, 128 GB inbuilt",4.0,128.0,7000 mAh Battery with 15W Fast Charging,7000,15.0,True,"6.8 inches, 720 x 1570 px, 144 Hz Display with Punch Hole",6.8,720,1570,144.0,Punch Hole,13 MP Rear & 5 MP Front Camera,13 MP Rear ,1.0,13,,,,,, 5 MP Front Camera,1,5,,Yes,Hybrid,2048.0,"Memory Card (Hybrid), upto 2 TB",Android v16,Android,8.0,Dimensity,MediaTek
574,tecno,Tecno Pova Curve 2 5G (8GB RAM +256GB),33999,63.0,"Dual Sim, 5G, VoLTE, Wi-Fi, IR Blaster",True,False,True,"Dimensity 7100, Octa Core, 2.4 GHz Processor",Dimensity 7100,Octa Core,2.4,"8 GB RAM, 256 GB inbuilt",8.0,256.0,8000 mAh Battery with 45W Fast Charging,8000,45.0,True,"6.78 inches, 1208 x 2644 px, 144 Hz Display with Punch Hole",6.78,1208,2644,144.0,Punch Hole,50 MP + 2 MP Dual Rear & 13 MP Front Camera,50 MP + 2 MP Dual Rear ,2.0,50,2,,,,, 13 MP Front Camera,1,13,,,,,,Android v16,Android,8.0,Dimensity,MediaTek
575,oppo,Oppo Reno 15c 5G (12GB RAM + 256GB),44999,70.0,"Dual Sim, 5G, Wi-Fi, IR Blaster",True,False,True,"Snapdragon 6 Gen1, Octa Core, 2.2 GHz Processor",Snapdragon 6 Gen1,Octa Core,2.2,"12 GB RAM, 256 GB inbuilt",12.0,256.0,7000 mAh Battery with 80W Fast Charging,7000,80.0,True,"6.57 inches, 1080 x 2372 px, 120 Hz Display with Punch Hole",6.57,1080,2372,120.0,Punch Hole,50 MP + 8 MP + 2 MP Triple Rear & 50 MP Front Camera,50 MP + 8 MP + 2 MP Triple Rear ,3.0,50,8,2,,,, 50 MP Front Camera,1,50,,,,,,Android v16,Android,8.0,Snapdragon,Qualcomm
576,oppo,OPPO A6x 5G (4GB RAM + 128GB),20999,52.0,"Dual Sim, 5G, VoLTE, Wi-Fi",True,False,False,"Dimensity 6300, Octa Core, 2.4 GHz Processor",Dimensity 6300,Octa Core,2.4,"4 GB RAM, 128 GB inbuilt",4.0,128.0,6500 mAh Battery with 45W Fast Charging,6500,45.0,True,"6.75 inches, 720 x 1570 px, 120 Hz Display with Punch Hole",6.75,720,1570,120.0,Punch Hole,13 MP Rear & 5 MP Front Camera,13 MP Rear ,1.0,13,,,,,, 5 MP Front Camera,1,5,,Yes,Hybrid,,Memory Card (Hybrid),Android v15,Android,8.0,Dimensity,MediaTek
577,peace,Peace Mini 6,5999,,"Dual Sim, 4G, VoLTE, Wi-Fi",False,False,False,"Helio, Single Core, 1.3 MHz Processor",Helio,Single Core,,"3 GB RAM, 32 GB inbuilt",3.0,32.0,2000 mAh Battery,2000,,False,"3.75 inches, 412 x 960 px Display",3.75,412,960,,,8 MP Rear Camera,8 MP Rear Camera,1.0,8,,,,,,,1,,,,,,,Android v12.0,Android,1.0,Helio,MediaTek
578,samsung,Samsung Galaxy M07 4G,11999,,"Dual Sim, 4G, Wi-Fi",False,False,False,"Helio G99, Octa Core, 2.2 GHz Processor",Helio G99,Octa Core,2.2,"4 GB RAM, 64 GB inbuilt",4.0,64.0,5000 mAh Battery with 25W Fast Charging,5000,25.0,True,"6.7 inches, 720 x 1600 px Display with Water Drop Notch",6.7,720,1600,,Water Drop Notch,50 MP + 2 MP Dual Rear & 8 MP Front Camera,50 MP + 2 MP Dual Rear ,2.0,50,2,,,,, 8 MP Front Camera,1,8,,Yes,Dedicated,,Memory Card Supported,Android v15,Android,8.0,Helio,MediaTek
579,infinix,Infinix Hot 60i 5G,19999,57.0,"Dual Sim, 5G, VoLTE, Wi-Fi, IR Blaster",True,False,True,"Dimensity 6400, Octa Core, 2.5 GHz Processor",Dimensity 6400,Octa Core,2.5,"4 GB RAM, 128 GB inbuilt",4.0,128.0,6000 mAh Battery with 45W Fast Charging,6000,45.0,True,"6.75 inches, 720 x 1600 px, 120 Hz Display with Water Drop Notch",6.75,720,1600,120.0,Water Drop Notch,50 MP Rear & 5 MP Front Camera,50 MP Rear ,1.0,50,,,,,, 5 MP Front Camera,1,5,,Yes,Dedicated,2048.0,"Memory Card Supported, upto 2 TB",Android v15,Android,8.0,Dimensity,MediaTek
580,samsung,Samsung Galaxy S25 Ultra (12GB RAM + 1TB),165999,,"Dual Sim, 5G, VoLTE, Vo5G, NFC, eSIM, Wi-Fi",True,True,False,"Snapdragon 8 Elite for Galaxy, Octa Core, 4.47 GHz Processor",Snapdragon 8 Elite for Galaxy,Octa Core,4.47,"12 GB RAM, 1 TB inbuilt",12.0,1.0,5000 mAh Battery with 45W Fast Charging,5000,45.0,True,"6.9 inches, 1440 x 3120 px, 120 Hz Display with Punch Hole",6.9,1440,3120,120.0,Punch Hole,200 MP Quad Rear & 12 MP Front Camera,200 MP Quad Rear ,4.0,200,,,,,, 12 MP Front Camera,1,12,,No,Not Supported,,Memory Card Not Supported,Android v15,Android,8.0,Snapdragon,Qualcomm
581,nokia,Nokia 220 4G (2024),3399,,"Dual Sim, 4G",False,False,False,Unisoc T107,Unisoc T107,,,"64 MB RAM, 128 MB inbuilt",64.0,128.0,1450 mAh Battery,1450,,False,"2.8 inches, 240 x 320 px Display",2.8,240,320,,,No Rear Camera,No Rear Camera,0.0,,,,,,,,1,,,Yes,Dedicated,32.0,"Memory Card Supported, upto 32 GB",,S30+ / Feature OS,,Unisoc,Unisoc
582,itel,itel A70 4G (4GB RAM + 256GB),8989,,"Dual Sim, 4G, VoLTE, Wi-Fi",False,False,False,"Unisoc T603, Octa Core Processor",Unisoc T603,Octa Core,,"4 GB RAM, 256 GB inbuilt",4.0,256.0,5000 mAh Battery with 10W Fast Charging,5000,10.0,True,"6.6 inches, 720 x 1612 px Display with Water Drop Notch",6.6,720,1612,,Water Drop Notch,13 MP Dual Rear & 8 MP Front Camera,13 MP Dual Rear ,2.0,13,,,,,, 8 MP Front Camera,1,8,,Yes,Dedicated,2048.0,"Memory Card Supported, upto 2 TB",Android v13,Android,8.0,Unisoc,Unisoc
583,honor,Honor 90 5G,84999,64.0,"Dual Sim, 5G, VoLTE, NFC, eSIM, Wi-Fi",True,True,False,"Snapdragon 7 Gen 1 Accelerated Edition, Octa Core, 2.36 GHz Processor",Snapdragon 7 Gen 1 Accelerated Edition,Octa Core,2.36,"8 GB RAM, 256 GB inbuilt",8.0,256.0,5000 mAh Battery with 66W Fast Charging,5000,66.0,True,"6.7 inches, 1200 x 2664 px, 120 Hz Display with Punch Hole",6.7,1200,2664,120.0,Punch Hole,200 MP + 12 MP + 2 MP Triple Rear & 50 MP Front Camera,200 MP + 12 MP + 2 MP Triple Rear ,3.0,200,12,2,,,, 50 MP Front Camera,1,50,,,,,,Android v13,Android,8.0,Snapdragon,Qualcomm
584,motorola,Motorola Edge 40 5G,28490,70.0,"Dual Sim, 5G, VoLTE, NFC, eSIM, Wi-Fi",True,True,False,"Dimensity 8020, Octa Core, 2.6 GHz Processor",Dimensity 8020,Octa Core,2.6,"8 GB RAM, 256 GB inbuilt",8.0,256.0,4400 mAh Battery with 68W Fast Charging,4400,68.0,True,"6.55 inches, 1080 x 2400 px, 144 Hz Display",6.55,1080,2400,144.0,,50 MP + 13 MP Dual Rear & 32 MP Front Camera,50 MP + 13 MP Dual Rear ,2.0,50,13,,,,, 32 MP Front Camera,1,32,,,,,,Android v13,Android,8.0,Dimensity,MediaTek
585,motorola,Motorola Edge 30 Fusion 5G,29990,68.0,"Dual Sim, 5G, VoLTE, NFC, Wi-Fi",True,True,False,"Snapdragon 888+, Octa Core, 2.9 GHz Processor",Snapdragon 888+,Octa Core,2.9,"8 GB RAM, 128 GB inbuilt",8.0,128.0,4400 mAh Battery with 68W Fast Charging,4400,68.0,True,"6.55 inches, 1080 x 2400 px, 144 Hz Display with Punch Hole",6.55,1080,2400,144.0,Punch Hole,50 MP + 13 MP + 2 MP Triple Rear & 32 MP Front Camera,50 MP + 13 MP + 2 MP Triple Rear ,3.0,50,13,2,,,, 32 MP Front Camera,1,32,,No,Not Supported,,Memory Card Not Supported,Android v12,Android,8.0,Snapdragon,Qualcomm
586,vivo,Vivo V25 Pro 5G,33990,66.0,"Dual Sim, 5G, VoLTE, Wi-Fi",True,False,False,"Dimensity 1300, Octa Core, 3 GHz Processor",Dimensity 1300,Octa Core,3.0,"8 GB RAM, 128 GB inbuilt",8.0,128.0,4830 mAh Battery with 66W Fast Charging,4830,66.0,True,"6.56 inches, 1080 x 2376 px, 120 Hz Display with Punch Hole",6.56,1080,2376,120.0,Punch Hole,64 MP + 8 MP + 2 MP Triple Rear & 32 MP Front Camera,64 MP + 8 MP + 2 MP Triple Rear ,3.0,64,8,2,,,, 32 MP Front Camera,1,32,,,,,,Android v12,Android,8.0,Dimensity,MediaTek
587,xiaomi,Xiaomi 12 Pro 5G (12GB RAM + 256GB),44999,75.0,"Dual Sim, 5G, VoLTE, NFC, Wi-Fi, IR Blaster",True,True,True,"Snapdragon 8 Gen1, Octa Core, 3 GHz Processor",Snapdragon 8 Gen1,Octa Core,3.0,"12 GB RAM, 256 GB inbuilt",12.0,256.0,4600 mAh Battery with 120W Fast Charging,4600,120.0,True,"6.73 inches, 1440 x 3200 px, 120 Hz Display with Punch Hole",6.73,1440,3200,120.0,Punch Hole,50 MP + 50 MP + 50 MP Triple Rear & 32 MP Front Camera,50 MP + 50 MP + 50 MP Triple Rear ,3.0,50,50,50,,,, 32 MP Front Camera,1,32,,,,,,Android v12,Android,8.0,Snapdragon,Qualcomm
588,realme,Realme 16x 5G (6GB RAM + 128GB),24999,58.0,"Dual Sim, 5G, VoLTE, Wi-Fi",True,False,False,"Dimensity 6300, Octa Core, 2.4 GHz Processor",Dimensity 6300,Octa Core,2.4,"6 GB RAM, 128 GB inbuilt",6.0,128.0,7000 mAh Battery with 45W Fast Charging,7000,45.0,True,"6.81 inches, 1570 x 720 px, 144 Hz Display with Punch Hole",6.81,1570,720,144.0,Punch Hole,50 MP Rear & 8 MP Front Camera,50 MP Rear ,1.0,50,,,,,, 8 MP Front Camera,1,8,,Yes,Hybrid,,Memory Card (Hybrid),Android v16,Android,8.0,Dimensity,MediaTek
589,tecno,Tecno Spark Go 3 Pro,15999,,"Dual Sim, 4G, Wi-Fi, IR Blaster",False,False,True,"Helio G81, Octa Core, 2 GHz Processor",Helio G81,Octa Core,2.0,"4 GB RAM, 64 GB inbuilt",4.0,64.0,5200 mAh Battery with 15W Fast Charging,5200,15.0,True,"6.78 inches, 720 x 1526 px, 120 Hz Display with Punch Hole",6.78,720,1526,120.0,Punch Hole,13 MP Rear & 8 MP Front Camera,13 MP Rear ,1.0,13,,,,,, 8 MP Front Camera,1,8,,Yes,Dedicated,,Memory Card Supported,Android v16,Android,8.0,Helio,MediaTek
590,samsung,Samsung Galaxy A27 (8GB RAM + 256GB),45499,66.0,"Dual Sim, 5G, VoLTE, NFC, Wi-Fi",True,True,False,"Snapdragon 6 Gen3, Octa Core, 2.4 GHz Processor",Snapdragon 6 Gen3,Octa Core,2.4,"8 GB RAM, 256 GB inbuilt",8.0,256.0,5000 mAh Battery with 25W Fast Charging,5000,25.0,True,"6.7 inches, 1080 x 2340 px, 120 Hz Display with Punch Hole",6.7,1080,2340,120.0,Punch Hole,50 MP + 5 MP + 2 MP Triple Rear & 12 MP Front Camera,50 MP + 5 MP + 2 MP Triple Rear ,3.0,50,5,2,,,, 12 MP Front Camera,1,12,,Yes,Hybrid,2048.0,"Memory Card (Hybrid), upto 2 TB",Android v16,Android,8.0,Snapdragon,Qualcomm
591,realme,Realme P4R 5G (6GB RAM + 256GB),28999,58.0,"Dual Sim, 5G, VoLTE, Wi-Fi",True,False,False,"Dimensity 6300, Octa Core, 2.4 GHz Processor",Dimensity 6300,Octa Core,2.4,"6 GB RAM, 256 GB inbuilt",6.0,256.0,8000 mAh Battery with 45W Fast Charging,8000,45.0,True,"6.81 inches, 720 x 1570 px, 144 Hz Display with Punch Hole",6.81,720,1570,144.0,Punch Hole,50 MP Rear & 8 MP Front Camera,50 MP Rear ,1.0,50,,,,,, 8 MP Front Camera,1,8,,,,,,Android v16,Android,8.0,Dimensity,MediaTek
592,oppo,Oppo Find X9s 5G (12GB RAM + 512GB),94999,,"Dual Sim, 5G, VoLTE, NFC, eSIM, Wi-Fi, IR Blaster",True,True,True,"Dimensity 9500s, Octa Core, 3.73 GHz Processor",Dimensity 9500s,Octa Core,3.73,"12 GB RAM, 512 GB inbuilt",12.0,512.0,7025 mAh Battery with 80W Fast Charging,7025,80.0,True,"6.59 inches, 1216 x 2640 px, 120 Hz Display with Punch Hole",6.59,1216,2640,120.0,Punch Hole,50 MP + 50 MP + 50 MP Triple Rear & 32 MP Front Camera,50 MP + 50 MP + 50 MP Triple Rear ,3.0,50,50,50,,,, 32 MP Front Camera,1,32,,No,Not Supported,,Memory Card Not Supported,Android v16,Android,8.0,Dimensity,MediaTek
593,motorola,Motorola Razr Fold (16GB RAM + 512GB),159999,,"Dual Sim, 5G, VoLTE, NFC, eSIM, Wi-Fi",True,True,False,"Snapdragon 8 Gen5, Octa Core, 3.8 GHz Processor",Snapdragon 8 Gen5,Octa Core,3.8,"16 GB RAM, 512 GB inbuilt",16.0,512.0,6000 mAh Battery with 80W Fast Charging,6000,80.0,True,"8.09 inches, 2232 x 2484 px, 120 Hz Display with Punch Hole",8.09,2232,2484,120.0,Punch Hole,50 MP + 50 MP + 50 MP Triple Rear & 32 MP + 20 MP Dual Front Camera,50 MP + 50 MP + 50 MP Triple Rear ,3.0,50,50,50,,,, 32 MP + 20 MP Dual Front Camera,2,32,20,No,Not Supported,,Memory Card Not Supported,,Android,8.0,Snapdragon,Qualcomm
594,realme,Realme Narzo 100 Lite,16897,50.0,"Dual Sim, 5G, VoLTE, Wi-Fi",True,False,False,"Dimensity 6300, Octa Core, 2.4 GHz Processor",Dimensity 6300,Octa Core,2.4,"4 GB RAM, 64 GB inbuilt",4.0,64.0,7000 mAh Battery with 15W Fast Charging,7000,15.0,True,"6.8 inches, 720 x 1570 px, 144 Hz Display with Water Drop Notch",6.8,720,1570,144.0,Water Drop Notch,13 MP Dual Rear & 5 MP Front Camera,13 MP Dual Rear ,2.0,13,,,,,, 5 MP Front Camera,1,5,,Yes,Hybrid,2048.0,"Memory Card (Hybrid), upto 2 TB",Android v16,Android,8.0,Dimensity,MediaTek
595,oppo,Oppo F33 5G (8GB RAM + 256GB),39999,64.0,"Dual Sim, 5G, VoLTE, Wi-Fi, IR Blaster",True,False,True,"Dimensity 6360 MAX, Octa Core Processor",Dimensity 6360 MAX,Octa Core,,"8 GB RAM, 256 GB inbuilt",8.0,256.0,7000 mAh Battery with 80W Fast Charging,7000,80.0,True,"6.57 inches, 1080 x 2372 px, 120 Hz Display with Punch Hole",6.57,1080,2372,120.0,Punch Hole,50 MP + 2 MP Dual Rear & 16 MP Front Camera,50 MP + 2 MP Dual Rear ,2.0,50,2,,,,, 16 MP Front Camera,1,16,,Yes,Hybrid,,Memory Card (Hybrid),Android v16,Android,8.0,Dimensity,MediaTek
596,realme,Realme C83 5G (6GB RAM + 128GB),20499,53.0,"Dual Sim, 5G, VoLTE, Wi-Fi",True,False,False,"Dimensity 6300, Octa Core, 2.4 GHz Processor",Dimensity 6300,Octa Core,2.4,"6 GB RAM, 128 GB inbuilt",6.0,128.0,7000 mAh Battery with 15W Fast Charging,7000,15.0,True,"6.8 inches, 720 x 1570 px, 144 Hz Display with Punch Hole",6.8,720,1570,144.0,Punch Hole,13 MP Rear & 5 MP Front Camera,13 MP Rear ,1.0,13,,,,,, 5 MP Front Camera,1,5,,Yes,Hybrid,2048.0,"Memory Card (Hybrid), upto 2 TB",Android v16,Android,8.0,Dimensity,MediaTek
597,samsung,Samsung Galaxy S26 Plus (12GB RAM + 512GB),108499,79.0,"Dual Sim, 5G, VoLTE, Vo5G, NFC, eSIM, Wi-Fi",True,True,False,"Exynos 2600, Deca Core, 3.8 GHz Processor",Exynos 2600,Deca Core,3.8,"12 GB RAM, 512 GB inbuilt",12.0,512.0,4900 mAh Battery with 45W Fast Charging,4900,45.0,True,"6.7 inches, 1440 x 3120 px, 120 Hz Display with Punch Hole",6.7,1440,3120,120.0,Punch Hole,50 MP + 12 MP + 10 MP Triple Rear & 12 MP Front Camera,50 MP + 12 MP + 10 MP Triple Rear ,3.0,50,12,10,,,, 12 MP Front Camera,1,12,,,,,,Android v16,Android,10.0,Exynos,Samsung
598,infinix,Infinix Note Edge 5G (8GB RAM + 256GB),30999,67.0,"Dual Sim, 5G, VoLTE, NFC, Wi-Fi, IR Blaster",True,True,True,"Dimensity 7100, Octa Core, 2.4 GHz Processor",Dimensity 7100,Octa Core,2.4,"8 GB RAM, 256 GB inbuilt",8.0,256.0,6500 mAh Battery with 45W Fast Charging,6500,45.0,True,"6.78 inches, 1208 x 2644 px, 120 Hz Display with Punch Hole",6.78,1208,2644,120.0,Punch Hole,50 MP Dual Rear & 13 MP Front Camera,50 MP Dual Rear ,2.0,50,,,,,, 13 MP Front Camera,1,13,,,,,,Android v16,Android,8.0,Dimensity,MediaTek
599,oppo,OPPO Reno 15 5G (12GB RAM + 512GB),55999,,"Dual Sim, 5G, VoLTE, Wi-Fi, IR Blaster",True,False,True,"Snapdragon 7 Gen4, Octa Core, 2.8 GHz Processor",Snapdragon 7 Gen4,Octa Core,2.8,"12 GB RAM, 512 GB inbuilt",12.0,512.0,6500 mAh Battery with 80W Fast Charging,6500,80.0,True,"6.59 inches, 1256 x 2760 px, 120 Hz Display with Punch Hole",6.59,1256,2760,120.0,Punch Hole,50 MP + 50 MP + 8 MP Triple Rear & 50 MP Front Camera,50 MP + 50 MP + 8 MP Triple Rear ,3.0,50,50,8,,,, 50 MP Front Camera,1,50,,No,Not Supported,,Memory Card Not Supported,Android v16,Android,8.0,Snapdragon,Qualcomm
600,realme,Realme 16 Pro Plus 5G (8GB+256GB),52469,,"Dual Sim, 5G, VoLTE, NFC, Wi-Fi, IR Blaster",True,True,True,"Snapdragon 7 Gen4, Octa Core, 2.8 GHz Processor",Snapdragon 7 Gen4,Octa Core,2.8,"8 GB RAM, 256 GB inbuilt",8.0,256.0,7000 mAh Battery with 80W Fast Charging,7000,80.0,True,"6.8 inches, 1280 x 2800 px, 144 Hz Display with Punch Hole",6.8,1280,2800,144.0,Punch Hole,200 MP + 50 MP + 8 MP Triple Rear & 50 MP Front Camera,200 MP + 50 MP + 8 MP Triple Rear ,3.0,200,50,8,,,, 50 MP Front Camera,1,50,,,,,,Android v16,Android,8.0,Snapdragon,Qualcomm
601,realme,Realme 16 Pro Plus 5G (12GB+256GB),56599,,"Dual Sim, 5G, VoLTE, NFC, Wi-Fi, IR Blaster",True,True,True,"Snapdragon 7 Gen4, Octa Core, 2.8 GHz Processor",Snapdragon 7 Gen4,Octa Core,2.8,"12 GB RAM, 256 GB inbuilt",12.0,256.0,7000 mAh Battery with 80W Fast Charging,7000,80.0,True,"6.8 inches, 1280 x 2800 px, 144 Hz Display with Punch Hole",6.8,1280,2800,144.0,Punch Hole,200 MP + 50 MP + 8 MP Triple Rear & 50 MP Front Camera,200 MP + 50 MP + 8 MP Triple Rear ,3.0,200,50,8,,,, 50 MP Front Camera,1,50,,,,,,Android v16,Android,8.0,Snapdragon,Qualcomm
602,realme,Realme Narzo 90x,21499,58.0,"Dual Sim, 5G, VoLTE, Wi-Fi",True,False,False,"Dimensity 6300, Octa Core, 2.4 GHz Processor",Dimensity 6300,Octa Core,2.4,"6 GB RAM, 128 GB inbuilt",6.0,128.0,7000 mAh Battery with 60W Fast Charging,7000,60.0,True,"6.8 inches, 720 x 1570 px, 144 Hz Display with Punch Hole",6.8,720,1570,144.0,Punch Hole,50 MP + 2 MP Dual Rear & 8 MP Front Camera,50 MP + 2 MP Dual Rear ,2.0,50,2,,,,, 8 MP Front Camera,1,8,,Yes,Hybrid,2048.0,"Memory Card (Hybrid), upto 2 TB",Android v15,Android,8.0,Dimensity,MediaTek
603,iqoo,iQOO Z10x,27985,57.0,"Dual Sim, 5G, VoLTE, Wi-Fi, IR Blaster",True,False,True,"Dimensity 7300, Octa Core, 2.5 GHz Processor",Dimensity 7300,Octa Core,2.5,"6 GB RAM, 128 GB inbuilt",6.0,128.0,6500 mAh Battery with 44W Fast Charging,6500,44.0,True,"6.72 inches, 1080 x 2408 px, 120 Hz Display with Punch Hole",6.72,1080,2408,120.0,Punch Hole,50 MP + 2 MP Dual Rear & 8 MP Front Camera,50 MP + 2 MP Dual Rear ,2.0,50,2,,,,, 8 MP Front Camera,1,8,,,,,,Android v15,Android,8.0,Dimensity,MediaTek
604,vivo,Vivo V50e (8GB RAM +256GB),35999,67.0,"Dual Sim, 5G, VoLTE, Wi-Fi",True,False,False,"Dimensity 7300, Octa Core, 2.5 GHz Processor",Dimensity 7300,Octa Core,2.5,"8 GB RAM, 256 GB inbuilt",8.0,256.0,5600 mAh Battery with 90W Fast Charging,5600,90.0,True,"6.77 inches, 1080 x 2392 px, 120 Hz Display with Punch Hole",6.77,1080,2392,120.0,Punch Hole,50 MP + 8 MP Dual Rear & 50 MP Front Camera,50 MP + 8 MP Dual Rear ,2.0,50,8,,,,, 50 MP Front Camera,1,50,,No,Not Supported,,Memory Card Not Supported,Android v15,Android,8.0,Dimensity,MediaTek
605,samsung,Samsung Galaxy A36 5G (12GB RAM + 256GB),41999,67.0,"Dual Sim, 5G, VoLTE, NFC, Wi-Fi",True,True,False,"Snapdragon 6 Gen3, Octa Core, 2.4 GHz Processor",Snapdragon 6 Gen3,Octa Core,2.4,"12 GB RAM, 256 GB inbuilt",12.0,256.0,5000 mAh Battery with 45W Fast Charging,5000,45.0,True,"6.7 inches, 1080 x 2340 px, 120 Hz Display with Punch Hole",6.7,1080,2340,120.0,Punch Hole,50 MP + 8 MP + 5 MP Triple Rear & 12 MP Front Camera,50 MP + 8 MP + 5 MP Triple Rear ,3.0,50,8,5,,,, 12 MP Front Camera,1,12,,,,,,Android v15,Android,8.0,Snapdragon,Qualcomm
606,realme,Realme 14 Pro Plus (12GB RAM + 256GB),34999,70.0,"Dual Sim, 5G, VoLTE, Wi-Fi",True,False,False,"Snapdragon 7s Gen3, Octa Core, 2.5 GHz Processor",Snapdragon 7s Gen3,Octa Core,2.5,"12 GB RAM, 256 GB inbuilt",12.0,256.0,6000 mAh Battery with 80W Fast Charging,6000,80.0,True,"6.83 inches, 1272 x 2800 px, 120 Hz Display with Punch Hole",6.83,1272,2800,120.0,Punch Hole,50 MP + 50 MP + 8 MP Triple Rear & 32 MP Front Camera,50 MP + 50 MP + 8 MP Triple Rear ,3.0,50,50,8,,,, 32 MP Front Camera,1,32,,No,Not Supported,,Memory Card Not Supported,Android v15,Android,8.0,Snapdragon,Qualcomm
607,samsung,Samsung Galaxy Z Flip 6 5G,71699,,"Dual Sim, 5G, VoLTE, Vo5G, NFC, eSIM, Wi-Fi",True,True,False,"Snapdragon 8 Gen3, Octa Core, 3.3 GHz Processor",Snapdragon 8 Gen3,Octa Core,3.3,"12 GB RAM, 256 GB inbuilt",12.0,256.0,4000 mAh Battery with 25W Fast Charging,4000,25.0,True,"6.7 inches, 1080 x 2640 px, 120 Hz Display with Punch Hole",6.7,1080,2640,120.0,Punch Hole,50 MP + 12 MP Dual Rear & 10 MP Front Camera,50 MP + 12 MP Dual Rear ,2.0,50,12,,,,, 10 MP Front Camera,1,10,,No,Not Supported,,Memory Card Not Supported,,Android,8.0,Snapdragon,Qualcomm
608,realme,Realme GT 6 5G (12GB RAM + 256GB),46890,79.0,"Dual Sim, 5G, VoLTE, Vo5G, NFC, Wi-Fi, IR Blaster",True,True,True,"Snapdragon 8s Gen3, Octa Core, 3 GHz Processor",Snapdragon 8s Gen3,Octa Core,3.0,"12 GB RAM, 256 GB inbuilt",12.0,256.0,5500 mAh Battery with 120W Fast Charging,5500,120.0,True,"6.78 inches, 1264 x 2780 px, 120 Hz Display with Punch Hole",6.78,1264,2780,120.0,Punch Hole,50 MP + 50 MP + 8 MP Triple Rear & 32 MP Front Camera,50 MP + 50 MP + 8 MP Triple Rear ,3.0,50,50,8,,,, 32 MP Front Camera,1,32,,No,Not Supported,,Memory Card Not Supported,Android v14,Android,8.0,Snapdragon,Qualcomm
609,vivo,Vivo X Fold 3 Pro,124999,,"Dual Sim, 5G, VoLTE, NFC, Wi-Fi, IR Blaster",True,True,True,"Snapdragon 8 Gen3, Octa Core, 3.3 GHz Processor",Snapdragon 8 Gen3,Octa Core,3.3,"16 GB RAM, 512 GB inbuilt",16.0,512.0,5700 mAh Battery with 100W Fast Charging,5700,100.0,True,"8.03 inches, 2200 x 2480 px, 120 Hz Display with Punch Hole",8.03,2200,2480,120.0,Punch Hole,64 MP + 50 MP + 50 MP Triple Rear & 32 MP + 32 MP Dual Front Camera,64 MP + 50 MP + 50 MP Triple Rear ,3.0,64,50,50,,,, 32 MP + 32 MP Dual Front Camera,2,32,32,No,Not Supported,,Memory Card Not Supported,,Android,8.0,Snapdragon,Qualcomm
610,poco,Poco F6 5G (12GB RAM +256GB),39700,72.0,"Dual Sim, 5G, VoLTE, NFC, Wi-Fi, IR Blaster",True,True,True,"Snapdragon 8s Gen3, Octa Core, 3 GHz Processor",Snapdragon 8s Gen3,Octa Core,3.0,"12 GB RAM, 256 GB inbuilt",12.0,256.0,5000 mAh Battery with 90W Fast Charging,5000,90.0,True,"6.67 inches, 1220 x 2712 px, 120 Hz Display with Punch Hole",6.67,1220,2712,120.0,Punch Hole,50 MP + 8 MP Dual Rear & 20 MP Front Camera,50 MP + 8 MP Dual Rear ,2.0,50,8,,,,, 20 MP Front Camera,1,20,,No,Not Supported,,Memory Card Not Supported,Android v14,Android,8.0,Snapdragon,Qualcomm
611,samsung,Samsung Galaxy M55,28999,62.0,"Dual Sim, 5G, VoLTE, NFC, Wi-Fi",True,True,False,"Snapdragon 7 Gen1, Octa Core, 2.4 GHz Processor",Snapdragon 7 Gen1,Octa Core,2.4,"8 GB RAM, 128 GB inbuilt",8.0,128.0,5000 mAh Battery with 45W Fast Charging,5000,45.0,True,"6.67 inches, 1080 x 2400 px, 120 Hz Display with Punch Hole",6.67,1080,2400,120.0,Punch Hole,50 MP + 8 MP + 2 MP Triple Rear & 50 MP Front Camera,50 MP + 8 MP + 2 MP Triple Rear ,3.0,50,8,2,,,, 50 MP Front Camera,1,50,,Yes,Hybrid,1024.0,"Memory Card (Hybrid), upto 1 TB",Android v14,Android,8.0,Snapdragon,Qualcomm
612,samsung,Samsung Galaxy S24 (8GB RAM + 128GB),49999,74.0,"Dual Sim, 5G, VoLTE, Vo5G, NFC, eSIM, Wi-Fi",True,True,False,"Exynos 2400, Deca Core, 3.2 GHz Processor",Exynos 2400,Deca Core,3.2,"8 GB RAM, 128 GB inbuilt",8.0,128.0,4000 mAh Battery with 25W Fast Charging,4000,25.0,True,"6.2 inches, 1080 x 2340 px, 120 Hz Display with Punch Hole",6.2,1080,2340,120.0,Punch Hole,50 MP + 12 MP + 10 MP Triple Rear & 12 MP Front Camera,50 MP + 12 MP + 10 MP Triple Rear ,3.0,50,12,10,,,, 12 MP Front Camera,1,12,,,,,,Android v14,Android,10.0,Exynos,Samsung
613,vivo,Vivo Y28 5G,24999,54.0,"Dual Sim, 5G, VoLTE, Wi-Fi",True,False,False,"Dimensity 6020, Octa Core, 2.2 GHz Processor",Dimensity 6020,Octa Core,2.2,"4 GB RAM, 128 GB inbuilt",4.0,128.0,5000 mAh Battery with 15W Fast Charging,5000,15.0,True,"6.56 inches, 720 x 1612 px, 90 Hz Display with Water Drop Notch",6.56,720,1612,90.0,Water Drop Notch,50 MP + 2 MP Dual Rear & 8 MP Front Camera,50 MP + 2 MP Dual Rear ,2.0,50,2,,,,, 8 MP Front Camera,1,8,,Yes,Hybrid,1024.0,"Memory Card (Hybrid), upto 1 TB",Android v13,Android,8.0,Dimensity,MediaTek
614,motorola,Motorola Moto G84 5G,22999,62.0,"Dual Sim, 5G, VoLTE, NFC, Wi-Fi",True,True,False,"Snapdragon 695, Octa Core, 2.2 GHz Processor",Snapdragon 695,Octa Core,2.2,"12 GB RAM, 256 GB inbuilt",12.0,256.0,5000 mAh Battery with 30W Fast Charging,5000,30.0,True,"6.55 inches, 1080 x 2400 px, 120 Hz Display with Punch Hole",6.55,1080,2400,120.0,Punch Hole,50 MP + 8 MP Dual Rear & 16 MP Front Camera,50 MP + 8 MP Dual Rear ,2.0,50,8,,,,, 16 MP Front Camera,1,16,,Yes,Hybrid,,Memory Card (Hybrid),Android v13,Android,8.0,Snapdragon,Qualcomm
615,samsung,Samsung Galaxy A14 5G,18499,52.0,"Dual Sim, 5G, VoLTE, Wi-Fi",True,False,False,"Exynos 1330, Octa Core, 2.4 GHz Processor",Exynos 1330,Octa Core,2.4,"4 GB RAM, 64 GB inbuilt",4.0,64.0,5000 mAh Battery with 15W Fast Charging,5000,15.0,True,"6.6 inches, 1080 x 2408 px, 90 Hz Display with Water Drop Notch",6.6,1080,2408,90.0,Water Drop Notch,50 MP + 2 MP + 2 MP Triple Rear & 13 MP Front Camera,50 MP + 2 MP + 2 MP Triple Rear ,3.0,50,2,2,,,, 13 MP Front Camera,1,13,,Yes,Dedicated,1024.0,"Memory Card Supported, upto 1 TB",Android v13,Android,8.0,Exynos,Samsung
616,samsung,Samsung Galaxy Z Fold 4,89449,,"Dual Sim, 5G, VoLTE, NFC, Wi-Fi",True,True,False,"Snapdragon  8+ Gen1, Octa Core, 3.2 GHz Processor",Snapdragon  8+ Gen1,Octa Core,3.2,"12 GB RAM, 256 GB inbuilt",12.0,256.0,4400 mAh Battery with 25W Fast Charging,4400,25.0,True,"7.6 inches, 1812 x 2176 px, 120 Hz Display with Punch Hole",7.6,1812,2176,120.0,Punch Hole,50 MP + 12 MP + 10 MP Triple Rear & 10 MP + 4 MP Dual Front Camera,50 MP + 12 MP + 10 MP Triple Rear ,3.0,50,12,10,,,, 10 MP + 4 MP Dual Front Camera,2,10,4,,,,,Android v12,Android,8.0,Snapdragon,Qualcomm
617,oneplus,OnePlus 10 Pro 5G,42000,74.0,"Dual Sim, 5G, VoLTE, NFC, Wi-Fi",True,True,False,"Snapdragon 8 Gen1, Octa Core, 3 GHz Processor",Snapdragon 8 Gen1,Octa Core,3.0,"8 GB RAM, 128 GB inbuilt",8.0,128.0,5000 mAh Battery with 80W Fast Charging,5000,80.0,True,"6.7 inches, 1440 x 3216 px, 120 Hz Display with Punch Hole",6.7,1440,3216,120.0,Punch Hole,50 MP + 48 MP + 8 MP Triple Rear & 32 MP Front Camera,50 MP + 48 MP + 8 MP Triple Rear ,3.0,50,48,8,,,, 32 MP Front Camera,1,32,,,,,,Android v12,Android,8.0,Snapdragon,Qualcomm
618,google,Google Pixel 11 Pro XL (16GB RAM + 512GB),149999,,"Dual Sim, 5G, VoLTE, Vo5G, NFC, eSIM, Wi-Fi",True,True,False,Tensor G6,Tensor G6,,,"16 GB RAM, 512 GB inbuilt",16.0,512.0,5115 mAh Battery with Fast Charging,5115,,True,"6.8 inches, 1344 x 2992 px, 120 Hz Display with Punch Hole",6.8,1344,2992,120.0,Punch Hole,50 MP + 48 MP + 48 MP Triple Rear & 42 MP Front Camera,50 MP + 48 MP + 48 MP Triple Rear ,3.0,50,48,48,,,, 42 MP Front Camera,1,42,,,,,,Android v17,Android,,Tensor,Google
619,samsung,Samsung Galaxy Z Fold 8 (12GB RAM + 512GB),194999,,"Dual Sim, 5G, VoLTE, Vo5G, NFC, eSIM, Wi-Fi",True,True,False,"Snapdragon 8 Elite Gen 5 for Galaxy, Octa Core, 4.74 GHz Processor",Snapdragon 8 Elite Gen 5 for Galaxy,Octa Core,4.74,"12 GB RAM, 512 GB inbuilt",12.0,512.0,4800 mAh Battery with 45W Fast Charging,4800,45.0,True,"7.6 inches, 1828 x 2448 px, 120 Hz Display with Punch Hole",7.6,1828,2448,120.0,Punch Hole,50 MP + 50 MP Dual Rear & 10 MP + 10 MP Dual Front Camera,50 MP + 50 MP Dual Rear ,2.0,50,50,,,,, 10 MP + 10 MP Dual Front Camera,2,10,10,,,,,Android v17,Android,8.0,Snapdragon,Qualcomm
620,realme,Realme Narzo 100x 5G (6GB RAM + 256GB),26155,61.0,"Dual Sim, 5G, VoLTE, Wi-Fi",True,False,False,"Dimensity 6300, Octa Core, 2.4 GHz Processor",Dimensity 6300,Octa Core,2.4,"6 GB RAM, 256 GB inbuilt",6.0,256.0,8000 mAh Battery with 45W Fast Charging,8000,45.0,True,"6.81 inches, 720 x 1570 px, 144 Hz Display with Punch Hole",6.81,720,1570,144.0,Punch Hole,50 MP Dual Rear & 8 MP Front Camera,50 MP Dual Rear ,2.0,50,,,,,, 8 MP Front Camera,1,8,,Yes,Hybrid,,Memory Card (Hybrid),Android v16,Android,8.0,Dimensity,MediaTek
621,xiaomi,Xiaomi 17T 5G (12GB RAM + 512GB),69999,,"Dual Sim, 5G, VoLTE, NFC, eSIM, Wi-Fi, IR Blaster",True,True,True,"Dimensity 8500 Ultra, Octa Core, 3.4 GHz Processor",Dimensity 8500 Ultra,Octa Core,3.4,"12 GB RAM, 512 GB inbuilt",12.0,512.0,6500 mAh Battery with 67W Fast Charging,6500,67.0,True,"6.59 inches, 1268 x 2756 px, 120 Hz Display with Punch Hole",6.59,1268,2756,120.0,Punch Hole,50 MP + 50 MP + 12 MP Triple Rear & 32 MP Front Camera,50 MP + 50 MP + 12 MP Triple Rear ,3.0,50,50,12,,,, 32 MP Front Camera,1,32,,,,,,Android v16,Android,8.0,Dimensity,MediaTek
622,realme,Realme 16T 5G (8GB RAM + 256GB),34999,66.0,"Dual Sim, 5G, VoLTE, Wi-Fi",True,False,False,"Dimensity 6300, Octa Core, 2.4 GHz Processor",Dimensity 6300,Octa Core,2.4,"8 GB RAM, 256 GB inbuilt",8.0,256.0,8000 mAh Battery with 45W Fast Charging,8000,45.0,True,"6.8 inches, 720 x 1570 px, 144 Hz Display with Punch Hole",6.8,720,1570,144.0,Punch Hole,50 MP + 2 MP Dual Rear & 16 MP Front Camera,50 MP + 2 MP Dual Rear ,2.0,50,2,,,,, 16 MP Front Camera,1,16,,Yes,Hybrid,2048.0,"Memory Card (Hybrid), upto 2 TB",Android v16,Android,8.0,Dimensity,MediaTek
623,ai+,Ai+ Nova Flip,49999,74.0,"Dual Sim, 5G, VoLTE, NFC, Wi-Fi",True,True,False,"Dimensity 7300X, Octa Core, 2.5 GHz Processor",Dimensity 7300X,Octa Core,2.5,"8 GB RAM, 256 GB inbuilt",8.0,256.0,4325 mAh Battery with Fast Charging,4325,,True,"6.9 inches, 2790 x 1188 px Display with Punch Hole",6.9,2790,1188,,Punch Hole,50 MP + 2 MP Dual Rear & 32 MP Front Camera,50 MP + 2 MP Dual Rear ,2.0,50,2,,,,, 32 MP Front Camera,1,32,,No,Not Supported,,Memory Card Not Supported,,Android,8.0,Dimensity,MediaTek
624,iqoo,iQOO Z11x 5G (8GB RAM + 128GB),29000,66.0,"Dual Sim, 5G, VoLTE, Wi-Fi, IR Blaster",True,False,True,"Dimensity 7400 Turbo, Octa Core, 2.6 GHz Processor",Dimensity 7400 Turbo,Octa Core,2.6,"8 GB RAM, 128 GB inbuilt",8.0,128.0,7200 mAh Battery with 44W Fast Charging,7200,44.0,True,"6.76 inches, 1080 x 2344 px, 120 Hz Display with Punch Hole",6.76,1080,2344,120.0,Punch Hole,50 MP + 2 MP Dual Rear & 32 MP Front Camera,50 MP + 2 MP Dual Rear ,2.0,50,2,,,,, 32 MP Front Camera,1,32,,,,,,Android v16,Android,8.0,Dimensity,MediaTek
625,karbonn,Karbonn K9 4G LTE,2499,,"Dual Sim, 4G",False,False,False,"Helio, Single Core, 1 GHz Processor",Helio,Single Core,1.0,"64 MB RAM, 128 MB inbuilt",64.0,128.0,2000 mAh Battery with Fast Charging,2000,,True,"2.4 inches, 128 x 320 px Display",2.4,128,320,,,2 MP Rear Camera,2 MP Rear Camera,1.0,2,,,,,,,1,,,Yes,Hybrid,128.0,"Memory Card (Hybrid), upto 128 GB",,Mocor,1.0,Helio,MediaTek
626,poco,POCO C85 5G (8GB RAM + 128GB),20985,58.0,"Dual Sim, 5G, VoLTE, NFC, Wi-Fi",True,True,False,"Dimensity 6300, Octa Core, 2.4 GHz Processor",Dimensity 6300,Octa Core,2.4,"8 GB RAM, 128 GB inbuilt",8.0,128.0,6000 mAh Battery with 33W Fast Charging,6000,33.0,True,"6.9 inches, 720 x 1600 px, 120 Hz Display with Punch Hole",6.9,720,1600,120.0,Punch Hole,50 MP Dual Rear & 8 MP Front Camera,50 MP Dual Rear ,2.0,50,,,,,, 8 MP Front Camera,1,8,,Yes,Hybrid,1024.0,"Memory Card (Hybrid), upto 1 TB",Android v15,Android,8.0,Dimensity,MediaTek
627,motorola,Motorola Moto A100,1066,,Single Sim,False,False,False,"Unisoc, 1 MHz Processor",Unisoc,,0.001,"4 MB RAM, 36 MB inbuilt",4.0,36.0,800 mAh Battery,800,,False,"1.44 inches, 240 x 320 px Display",1.44,240,320,,,No Rear Camera,No Rear Camera,0.0,,,,,,,,1,,,Yes,Dedicated,,"Memory Card Supported, upto 32 MB",,RTOS,,Unisoc,Unisoc
628,realme,Realme C85 5G,20999,54.0,"Dual Sim, 5G, NFC, Wi-Fi",True,True,False,"Dimensity 6300, Octa Core, 2.4 GHz Processor",Dimensity 6300,Octa Core,2.4,"4 GB RAM, 128 GB inbuilt",4.0,128.0,7000 mAh Battery with 45W Fast Charging,7000,45.0,True,"6.8 inches, 720 x 1570 px, 144 Hz Display with Punch Hole",6.8,720,1570,144.0,Punch Hole,50 MP Rear & 8 MP Front Camera,50 MP Rear ,1.0,50,,,,,, 8 MP Front Camera,1,8,,Yes,Dedicated,,Memory Card Supported,Android v15,Android,8.0,Dimensity,MediaTek
629,itel,itel Muzik 450,1735,,Dual Sim,False,False,False,"Single Core, 1 MHz Processor",,Single Core,0.001,"4 MB RAM, 4 MB inbuilt",4.0,4.0,3000 mAh Battery with Fast Charging,3000,,True,"2.4 inches, 240 x 320 px Display",2.4,240,320,,,0.3 MP Rear Camera,0.3 MP Rear Camera,1.0,0.3,,,,,,,1,,,Yes,Dedicated,32.0,"Memory Card Supported, upto 32 GB",,Mocor,1.0,,
630,samsung,Samsung Galaxy Z Flip 7 5G,94999,,"Dual Sim, 5G, VoLTE, Vo5G, NFC, eSIM, Wi-Fi",True,True,False,"Exynos 2500, Deca Core, 3.3 GHz Processor",Exynos 2500,Deca Core,3.3,"12 GB RAM, 256 GB inbuilt",12.0,256.0,4300 mAh Battery with 25W Fast Charging,4300,25.0,True,"6.9 inches, 1080 x 2520 px, 120 Hz Display with Punch Hole",6.9,1080,2520,120.0,Punch Hole,50 MP + 12 MP Dual Rear & 10 MP Front Camera,50 MP + 12 MP Dual Rear ,2.0,50,12,,,,, 10 MP Front Camera,1,10,,No,Not Supported,,Memory Card Not Supported,,Android,10.0,Exynos,Samsung
631,realme,Realme Narzo 80 Lite 5G,19490,53.0,"Dual Sim, 5G, VoLTE, Wi-Fi",True,False,False,"Dimensity 6300, Octa Core, 2.4 GHz Processor",Dimensity 6300,Octa Core,2.4,"4 GB RAM, 128 GB inbuilt",4.0,128.0,6000 mAh Battery with 15W Fast Charging,6000,15.0,True,"6.67 inches, 720 x 1604 px, 120 Hz Display with Punch Hole",6.67,720,1604,120.0,Punch Hole,32 MP Dual Rear & 8 MP Front Camera,32 MP Dual Rear ,2.0,32,,,,,, 8 MP Front Camera,1,8,,Yes,Hybrid,2048.0,"Memory Card (Hybrid), upto 2 TB",Android v15,Android,8.0,Dimensity,MediaTek
632,samsung,Samsung Galaxy S25 Edge (12GB RAM + 512GB),79499,,"Dual Sim, 5G, VoLTE, Vo5G, NFC, eSIM, Wi-Fi",True,True,False,"Snapdragon 8 Elite, Octa Core, 4.47 GHz Processor",Snapdragon 8 Elite,Octa Core,4.47,"12 GB RAM, 512 GB inbuilt",12.0,512.0,3900 mAh Battery with 25W Fast Charging,3900,25.0,True,"6.7 inches, 1440 x 3120 px, 120 Hz Display with Punch Hole",6.7,1440,3120,120.0,Punch Hole,200 MP + 12 MP Dual Rear & 12 MP Front Camera,200 MP + 12 MP Dual Rear ,2.0,200,12,,,,, 12 MP Front Camera,1,12,,,,,,Android v15,Android,8.0,Snapdragon,Qualcomm
633,oppo,OPPO Reno 12 Pro 5G (12GB RAM + 512GB),47999,75.0,"Dual Sim, 5G, VoLTE, NFC, Wi-Fi, IR Blaster",True,True,True,"Dimensity 7300 Energy, Octa Core, 2.5 GHz Processor",Dimensity 7300 Energy,Octa Core,2.5,"12 GB RAM, 512 GB inbuilt",12.0,512.0,5000 mAh Battery with 80W Fast Charging,5000,80.0,True,"6.7 inches, 1080 x 2412 px, 120 Hz Display with Punch Hole",6.7,1080,2412,120.0,Punch Hole,50 MP + 50 MP + 8 MP Triple Rear & 50 MP Front Camera,50 MP + 50 MP + 8 MP Triple Rear ,3.0,50,50,8,,,, 50 MP Front Camera,1,50,,Yes,Hybrid,,Memory Card (Hybrid),Android v14,Android,8.0,Dimensity,MediaTek
634,oppo,Oppo F25 Pro 5G,28999,66.0,"Dual Sim, 5G, VoLTE, Wi-Fi",True,False,False,"Dimensity 7050, Octa Core, 2.6 GHz Processor",Dimensity 7050,Octa Core,2.6,"8 GB RAM, 128 GB inbuilt",8.0,128.0,5000 mAh Battery with 67W Fast Charging,5000,67.0,True,"6.7 inches, 1080 x 2412 px, 120 Hz Display with Punch Hole",6.7,1080,2412,120.0,Punch Hole,64 MP + 8 MP + 2 MP Triple Rear & 32 MP Front Camera,64 MP + 8 MP + 2 MP Triple Rear ,3.0,64,8,2,,,, 32 MP Front Camera,1,32,,Yes,Hybrid,2048.0,"Memory Card (Hybrid), upto 2 TB",Android v14,Android,8.0,Dimensity,MediaTek
635,xiaomi,Xiaomi 14,74999,,"Dual Sim, 5G, VoLTE, Vo5G, NFC, eSIM, Wi-Fi, IR Blaster",True,True,True,"Snapdragon 8 Gen3, Octa Core, 3.3 GHz Processor",Snapdragon 8 Gen3,Octa Core,3.3,"12 GB RAM, 512 GB inbuilt",12.0,512.0,4610 mAh Battery with 90W Fast Charging,4610,90.0,True,"6.36 inches, 1200 x 2670 px, 120 Hz Display with Punch Hole",6.36,1200,2670,120.0,Punch Hole,50 MP + 50 MP + 50 MP Triple Rear & 32 MP Front Camera,50 MP + 50 MP + 50 MP Triple Rear ,3.0,50,50,50,,,, 32 MP Front Camera,1,32,,No,Not Supported,,Memory Card Not Supported,Android v14,Android,8.0,Snapdragon,Qualcomm
636,oppo,OPPO Reno 11 Pro 5G,37999,72.0,"Dual Sim, 5G, VoLTE, NFC, Wi-Fi, IR Blaster",True,True,True,"Dimensity 8200, Octa Core, 3.1 GHz Processor",Dimensity 8200,Octa Core,3.1,"12 GB RAM, 256 GB inbuilt",12.0,256.0,4600 mAh Battery with 80W Fast Charging,4600,80.0,True,"6.7 inches, 1080 x 2412 px, 120 Hz Display with Punch Hole",6.7,1080,2412,120.0,Punch Hole,50 MP + 32 MP + 8 MP Triple Rear & 32 MP Front Camera,50 MP + 32 MP + 8 MP Triple Rear ,3.0,50,32,8,,,, 32 MP Front Camera,1,32,,,,,,Android v14,Android,8.0,Dimensity,MediaTek
637,oppo,OPPO Reno 11 (8GB RAM + 256GB),33900,71.0,"Dual Sim, 5G, VoLTE, NFC, Wi-Fi, IR Blaster",True,True,True,"Dimensity 7050, Octa Core, 2.6 GHz Processor",Dimensity 7050,Octa Core,2.6,"8 GB RAM, 256 GB inbuilt",8.0,256.0,5000 mAh Battery with 67W Fast Charging,5000,67.0,True,"6.7 inches, 1080 x 2412 px, 120 Hz Display with Punch Hole",6.7,1080,2412,120.0,Punch Hole,50 MP + 32 MP + 8 MP Triple Rear & 32 MP Front Camera,50 MP + 32 MP + 8 MP Triple Rear ,3.0,50,32,8,,,, 32 MP Front Camera,1,32,,Yes,Hybrid,2048.0,"Memory Card (Hybrid), upto 2 TB",Android v14,Android,8.0,Dimensity,MediaTek
638,samsung,Samsung Galaxy A15 5G,26990,57.0,"Dual Sim, 5G, VoLTE, Wi-Fi",True,False,False,"Dimensity 6100 Plus, Octa Core, 2.2 GHz Processor",Dimensity 6100 Plus,Octa Core,2.2,"8 GB RAM, 128 GB inbuilt",8.0,128.0,5000 mAh Battery with 25W Fast Charging,5000,25.0,True,"6.5 inches, 1080 x 2340 px, 90 Hz Display with Water Drop Notch",6.5,1080,2340,90.0,Water Drop Notch,50 MP + 5 MP + 2 MP Triple Rear & 13 MP Front Camera,50 MP + 5 MP + 2 MP Triple Rear ,3.0,50,5,2,,,, 13 MP Front Camera,1,13,,Yes,Hybrid,1024.0,"Memory Card (Hybrid), upto 1 TB",Android v14,Android,8.0,Dimensity,MediaTek
639,oneplus,OnePlus 11R 5G (18GB RAM + 512GB),45999,71.0,"Dual Sim, 5G, VoLTE, NFC, Wi-Fi, IR Blaster",True,True,True,"Snapdragon 8+ Gen1, Octa Core, 3.2 GHz Processor",Snapdragon 8+ Gen1,Octa Core,3.2,"18 GB RAM, 512 GB inbuilt",18.0,512.0,5000 mAh Battery with 100W Fast Charging,5000,100.0,True,"6.74 inches, 1240 x 2772 px, 120 Hz Display with Punch Hole",6.74,1240,2772,120.0,Punch Hole,50 MP + 8 MP + 2 MP Triple Rear & 16 MP Front Camera,50 MP + 8 MP + 2 MP Triple Rear ,3.0,50,8,2,,,, 16 MP Front Camera,1,16,,,,,,Android v13,Android,8.0,Snapdragon,Qualcomm
640,samsung,Samsung Galaxy Z Fold 5,154999,,"Dual Sim, 5G, VoLTE, Vo5G, NFC, Wi-Fi",True,True,False,"Snapdragon 8 Gen 2, Octa Core, 3.36 GHz Processor",Snapdragon 8 Gen 2,Octa Core,3.36,"12 GB RAM, 256 GB inbuilt",12.0,256.0,4400 mAh Battery with 25W Fast Charging,4400,25.0,True,"7.6 inches, 1812 x 2176 px, 120 Hz Display with Punch Hole",7.6,1812,2176,120.0,Punch Hole,50 MP + 12 MP + 10 MP Triple Rear & 10 MP + 4 MP Dual Front Camera,50 MP + 12 MP + 10 MP Triple Rear ,3.0,50,12,10,,,, 10 MP + 4 MP Dual Front Camera,2,10,4,,,,,Android v13,Android,8.0,Snapdragon,Qualcomm
641,nokia,Nokia 110 4G 2023,2599,,"Dual Sim, 4G, VoLTE",False,False,False,,,,,"128 MB RAM, 48 MB inbuilt",128.0,48.0,1450 mAh Battery,1450,,False,"1.8 inches, 120 x 160 px Display",1.8,120,160,,,0.3 MP Rear Camera,0.3 MP Rear Camera,1.0,0.3,,,,,,,1,,,Yes,Dedicated,32.0,"Memory Card Supported, upto 32 GB",,S30+ / Feature OS,,,
642,oppo,Oppo Reno 10 Pro Plus,44999,74.0,"Dual Sim, 5G, VoLTE, NFC, Wi-Fi, IR Blaster",True,True,True,"Snapdragon 8+ Gen1, Octa Core, 3.2 GHz Processor",Snapdragon 8+ Gen1,Octa Core,3.2,"12 GB RAM, 256 GB inbuilt",12.0,256.0,4700 mAh Battery with 100W Fast Charging,4700,100.0,True,"6.74 inches, 1240 x 2772 px, 120 Hz Display with Punch Hole",6.74,1240,2772,120.0,Punch Hole,64 MP + 50 MP + 8 MP Triple Rear & 32 MP Front Camera,64 MP + 50 MP + 8 MP Triple Rear ,3.0,64,50,8,,,, 32 MP Front Camera,1,32,,,,,,Android v13,Android,8.0,Snapdragon,Qualcomm
643,samsung,Samsung Galaxy F54,35999,68.0,"Dual Sim, 5G, VoLTE, NFC, Wi-Fi",True,True,False,"Exynos 1380, Octa Core, 2.4 GHz Processor",Exynos 1380,Octa Core,2.4,"8 GB RAM, 256 GB inbuilt",8.0,256.0,6000 mAh Battery with 25W Fast Charging,6000,25.0,True,"6.7 inches, 1080 x 2408 px, 120 Hz Display with Punch Hole",6.7,1080,2408,120.0,Punch Hole,108 MP + 8 MP + 2 MP Triple Rear & 32 MP Front Camera,108 MP + 8 MP + 2 MP Triple Rear ,3.0,108,8,2,,,, 32 MP Front Camera,1,32,,Yes,Hybrid,1024.0,"Memory Card (Hybrid), upto 1 TB",Android v13,Android,8.0,Exynos,Samsung
644,xiaomi,Xiaomi Redmi Note 12 Pro 5G,25599,62.0,"Dual Sim, 5G, VoLTE, Wi-Fi, IR Blaster",True,False,True,"Dimensity 1080, Octa Core, 2.6 GHz Processor",Dimensity 1080,Octa Core,2.6,"6 GB RAM, 128 GB inbuilt",6.0,128.0,5000 mAh Battery with 67W Fast Charging,5000,67.0,True,"6.67 inches, 1080 x 2400 px, 120 Hz Display with Punch Hole",6.67,1080,2400,120.0,Punch Hole,50 MP + 8 MP + 2 MP Triple Rear & 16 MP Front Camera,50 MP + 8 MP + 2 MP Triple Rear ,3.0,50,8,2,,,, 16 MP Front Camera,1,16,,,,,,Android v12,Android,8.0,Dimensity,MediaTek
645,xiaomi,Xiaomi Redmi K50i 5G,19500,63.0,"Dual Sim, 5G, VoLTE, Wi-Fi, IR Blaster",True,False,True,"Dimensity  8100, Octa Core, 2.85 GHz Processor",Dimensity  8100,Octa Core,2.85,"6 GB RAM, 128 GB inbuilt",6.0,128.0,5080 mAh Battery with 67W Fast Charging,5080,67.0,True,"6.6 inches, 1080 x 2460 px, 144 Hz Display with Punch Hole",6.6,1080,2460,144.0,Punch Hole,64 MP + 8 MP + 2 MP Triple Rear & 16 MP Front Camera,64 MP + 8 MP + 2 MP Triple Rear ,3.0,64,8,2,,,, 16 MP Front Camera,1,16,,,,,,Android v12,Android,8.0,Dimensity,MediaTek
646,samsung,Samsung Galaxy Z Flip 3 5G (8GB RAM + 256GB),43499,67.0,"Dual Sim, 5G, VoLTE, NFC, eSIM, Wi-Fi",True,True,False,"Snapdragon 888, Octa Core, 2.84 GHz Processor",Snapdragon 888,Octa Core,2.84,"8 GB RAM, 256 GB inbuilt",8.0,256.0,3300 mAh Battery with 15W Fast Charging,3300,15.0,True,"6.7 inches, 1080 x 2640 px, 120 Hz Display with Punch Hole",6.7,1080,2640,120.0,Punch Hole,12 MP + 12 MP Dual Rear & 10 MP Front Camera,12 MP + 12 MP Dual Rear ,2.0,12,12,,,,, 10 MP Front Camera,1,10,,No,Not Supported,,Memory Card Not Supported,,Android,8.0,Snapdragon,Qualcomm
647,motorola,Motorola Moto G60,21999,58.0,"Dual Sim, 4G, VoLTE, NFC, Wi-Fi",False,True,False,"Snapdragon  732G, Octa Core, 2.3 GHz Processor",Snapdragon  732G,Octa Core,2.3,"6 GB RAM, 128 GB inbuilt",6.0,128.0,6000 mAh Battery with 20W Fast Charging,6000,20.0,True,"6.78 inches, 1080 x 2460 px, 120 Hz Display with Punch Hole",6.78,1080,2460,120.0,Punch Hole,108 MP + 8 MP + 2 MP Triple Rear & 32 MP Front Camera,108 MP + 8 MP + 2 MP Triple Rear ,3.0,108,8,2,,,, 32 MP Front Camera,1,32,,Yes,Hybrid,1024.0,"Memory Card (Hybrid), upto 1 TB",Android v11,Android,8.0,Snapdragon,Qualcomm
648,oneplus,OnePlus 8T,29264,63.0,"Dual Sim, 5G, VoLTE, NFC, Wi-Fi",True,True,False,"Snapdragon 865, Octa Core, 2.84 GHz Processor",Snapdragon 865,Octa Core,2.84,"8 GB RAM, 128 GB inbuilt",8.0,128.0,4500 mAh Battery with 65W Fast Charging,4500,65.0,True,"6.55 inches, 1080 x 2400 px, 120 Hz Display with Punch Hole",6.55,1080,2400,120.0,Punch Hole,48 MP Quad Rear & 16 MP Front Camera,48 MP Quad Rear ,4.0,48,,,,,, 16 MP Front Camera,1,16,,No,Not Supported,,Memory Card Not Supported,Android v11,Android,8.0,Snapdragon,Qualcomm
649,xiaomi,Xiaomi Mi A2,11990,,"Dual Sim, 4G, VoLTE, Wi-Fi, IR Blaster",False,False,True,"Snapdragon 660, Octa Core, 2.2 GHz Processor",Snapdragon 660,Octa Core,2.2,"4 GB RAM, 64 GB inbuilt",4.0,64.0,3010 mAh Battery with Fast Charging,3010,,True,"5.99 inches, 1080 x 2160 px Display",5.99,1080,2160,,,20 MP + 12 MP Dual Rear & 20 MP Front Camera,20 MP + 12 MP Dual Rear ,2.0,20,12,,,,, 20 MP Front Camera,1,20,,No,Not Supported,,Memory Card Not Supported,Android v8.1 (Oreo),Android,8.0,Snapdragon,Qualcomm
650,peace,Peace i Ultra,10999,,"Dual Sim, 4G, VoLTE, Wi-Fi",False,False,False,Single Core Processor,,Single Core,,"6 GB RAM, 64 GB inbuilt",6.0,64.0,5000 mAh Battery,5000,,False,"6.61 inches, 720 x 1640 px Display with Punch Hole",6.61,720,1640,,Punch Hole,20 MP Rear & 8 MP Front Camera,20 MP Rear ,1.0,20,,,,,, 8 MP Front Camera,1,8,,Yes,Dedicated,,Memory Card Supported,Android 12,Android,1.0,,
651,philips,Philips E2112S,1699,,,,,,,,,,"32 MB RAM, 32 MB inbuilt",32.0,32.0,2500 mAh Battery,2500,,False,2.2 inches Display,2.2,,,,,Main Rear Camera,Main Rear Camera,1.0,,,,,,,,1,,,Yes,Dedicated,32.0,"Memory Card Supported, upto 32 GB",,Mocor,,,
652,realme,Realme 16x 5G (6GB RAM + 256GB),27999,59.0,"Dual Sim, 5G, VoLTE, Wi-Fi",True,False,False,"Dimensity 6300, Octa Core, 2.4 GHz Processor",Dimensity 6300,Octa Core,2.4,"6 GB RAM, 256 GB inbuilt",6.0,256.0,7000 mAh Battery with 45W Fast Charging,7000,45.0,True,"6.81 inches, 1570 x 720 px, 144 Hz Display with Punch Hole",6.81,1570,720,144.0,Punch Hole,50 MP Rear & 8 MP Front Camera,50 MP Rear ,1.0,50,,,,,, 8 MP Front Camera,1,8,,Yes,Hybrid,,Memory Card (Hybrid),Android v16,Android,8.0,Dimensity,MediaTek
653,google,Google Pixel 11 5G (12GB RAM + 512GB),104999,75.0,"Dual Sim, 5G, VoLTE, Vo5G, NFC, eSIM, Wi-Fi",True,True,False,Tensor G6,Tensor G6,,,"12 GB RAM, 512 GB inbuilt",12.0,512.0,4985 mAh Battery with 30W Fast Charging,4985,30.0,True,"6.3 inches, 1080 x 2424 px, 120 Hz Display with Punch Hole",6.3,1080,2424,120.0,Punch Hole,48 MP + 13 MP + 10.8 MP Triple Rear & 10.5 MP Front Camera,48 MP + 13 MP + 10.8 MP Triple Rear ,3.0,48,13,10.8,,,, 10.5 MP Front Camera,1,10.5,,,,,,Android v17,Android,,Tensor,Google
654,samsung,Samsung Galaxy Z Fold 8 Ultra (12GB RAM + 512GB),214999,,"Dual Sim, 5G, VoLTE, Vo5G, NFC, eSIM, Wi-Fi",True,True,False,"Snapdragon 8 Elite Gen 5 For Galaxy, Octa Core, 4.74 GHz Processor",Snapdragon 8 Elite Gen 5 For Galaxy,Octa Core,4.74,"12 GB RAM, 512 GB inbuilt",12.0,512.0,5000 mAh Battery with 45W Fast Charging,5000,45.0,True,"8 inches, 2256 x 2504 px, 120 Hz Display with Punch Hole",8.0,2256,2504,120.0,Punch Hole,200 MP + 50 MP + 10 MP Triple Rear & 10 MP + 10 MP Dual Front Camera,200 MP + 50 MP + 10 MP Triple Rear ,3.0,200,50,10,,,, 10 MP + 10 MP Dual Front Camera,2,10,10,,,,,Android v17,Android,8.0,Snapdragon,Qualcomm
655,philips,Philips E2222,1999,,,,,,,,,,"32 MB RAM, 32 MB inbuilt",32.0,32.0,1700 mAh Battery,1700,,False,"2.44 inches, 160 x 283 px Display",2.44,160,283,,,Digital Camera Rear Camera,Digital Camera Rear Camera,1.0,,,,,,,,1,,,Yes,Dedicated,32.0,"Memory Card Supported, upto 32 GB",,Mocor,,,
656,tecno,Tecno POP X 5G (6GB RAM + 128GB),17999,53.0,"Dual Sim, 5G, VoLTE, Wi-Fi, IR Blaster",True,False,True,"Dimensity 6400, Octa Core, 2.5 GHz Processor",Dimensity 6400,Octa Core,2.5,"6 GB RAM, 128 GB inbuilt",6.0,128.0,6500 mAh Battery with 45W Fast Charging,6500,45.0,True,"6.78 inches, 720 x 1576 px, 120 Hz Display with Punch Hole",6.78,720,1576,120.0,Punch Hole,13 MP Rear & 8 MP Front Camera,13 MP Rear ,1.0,13,,,,,, 8 MP Front Camera,1,8,,Yes,Dedicated,1024.0,"Memory Card Supported, upto 1 TB",Android v16,Android,8.0,Dimensity,MediaTek
657,wobble,Wobble One 5G (8GB RAM + 256GB),28999,66.0,"Dual Sim, 5G, VoLTE, Wi-Fi",True,False,False,"Dimensity 7400, Octa Core, 2.6 GHz Processor",Dimensity 7400,Octa Core,2.6,"8 GB RAM, 256 GB inbuilt",8.0,256.0,5000 mAh Battery with 33W Fast Charging,5000,33.0,True,"6.67 inches, 1080 x 1920 px, 120 Hz Display with Punch Hole",6.67,1080,1920,120.0,Punch Hole,50 MP + 8 MP + 2 MP Triple Rear & 50 MP Front Camera,50 MP + 8 MP + 2 MP Triple Rear ,3.0,50,8,2,,,, 50 MP Front Camera,1,50,,,,,,Android v15,Android,8.0,Dimensity,MediaTek
658,realme,Realme P4 Lite 5G (4GB RAM + 128GB),18999,50.0,"Dual Sim, 5G, VoLTE, Wi-Fi",True,False,False,"Dimensity 6300, Octa Core, 2.4 GHz Processor",Dimensity 6300,Octa Core,2.4,"4 GB RAM, 128 GB inbuilt",4.0,128.0,7000 mAh Battery with 15W Fast Charging,7000,15.0,True,"6.81 inches, 720 x 1570 px, 144 Hz Display with Punch Hole",6.81,720,1570,144.0,Punch Hole,13 MP Rear & 5 MP Front Camera,13 MP Rear ,1.0,13,,,,,, 5 MP Front Camera,1,5,,Yes,Hybrid,,Memory Card (Hybrid),Android v16,Android,8.0,Dimensity,MediaTek
659,oppo,Oppo A6s 5G (6GB RAM + 128GB),24999,54.0,"Dual Sim, 5G, Wi-Fi",True,False,False,"Dimensity 6300, Octa Core, 2.4 GHz Processor",Dimensity 6300,Octa Core,2.4,"6 GB RAM, 128 GB inbuilt",6.0,128.0,6500 mAh Battery with 45W Fast Charging,6500,45.0,True,"6.75 inches, 720 x 1570 px, 120 Hz Display with Punch Hole",6.75,720,1570,120.0,Punch Hole,50 MP Dual Rear & 5 MP Front Camera,50 MP Dual Rear ,2.0,50,,,,,, 5 MP Front Camera,1,5,,Yes,Hybrid,,Memory Card (Hybrid),Android v15,Android,8.0,Dimensity,MediaTek
660,apple,Apple iPhone 17e (512GB),84900,64.0,"Dual Sim, 5G, VoLTE, NFC, eSIM, Wi-Fi",True,True,False,"Apple A19, Hexa Core Processor",Apple A19,Hexa Core,,"8 GB RAM, 512 GB inbuilt",8.0,512.0,4005 mAh Battery with Fast Charging,4005,,True,"6.1 inches, 1170 x 2532 px Display with Small Notch",6.1,1170,2532,,Small Notch,48 MP Rear & 12 MP Front Camera,48 MP Rear ,1.0,48,,,,,, 12 MP Front Camera,1,12,,No,Not Supported,,Memory Card Not Supported,iOS v26.3,iOS,6.0,Apple,Apple
661,coolpad,Coolpad C35c 4G,10499,,"4G, Wi-Fi",False,False,False,"Helio G81, Octa Core, 2 GHz Processor",Helio G81,Octa Core,2.0,"4 GB RAM, 64 GB inbuilt",4.0,64.0,5000 mAh Battery with 10W Fast Charging,5000,10.0,True,"6.56 inches, 720 x 1600 px Display with Water Drop Notch",6.56,720,1600,,Water Drop Notch,13 MP Rear & 5 MP Front Camera,13 MP Rear ,1.0,13,,,,,, 5 MP Front Camera,1,5,,Yes,Dedicated,,Memory Card Supported,Android v16,Android,8.0,Helio,MediaTek
662,nokia,Nokia 110 Power,1806,,Dual Sim,False,False,False,,,,,"4 MB RAM, 4 MB inbuilt",4.0,4.0,1750 mAh Battery,1750,,False,2 inches Display,2.0,,,,,QVGA Rear Camera,QVGA Rear Camera,1.0,,,,,,,,1,,,,,,,S30+,S30+ / Feature OS,,,
663,peace,Peace Honor 20 (4GB RAM + 64GB),6800,,"Dual Sim, 4G, VoLTE, Wi-Fi",False,False,False,"Helio, Single Core, 1.3 MHz Processor",Helio,Single Core,,"4 GB RAM, 64 GB inbuilt",4.0,64.0,2000 mAh Battery,2000,,False,"4.5 inches, 412 x 960 px Display",4.5,412,960,,,8 MP Rear & 5 MP Front Camera,8 MP Rear ,1.0,8,,,,,, 5 MP Front Camera,1,5,,,,,,Android v12,Android,1.0,Helio,MediaTek
664,tecno,Tecno Spark GO 3,12499,,"Dual Sim, 4G, VoLTE, Wi-Fi, IR Blaster",False,False,True,"Unisoc T7250, Octa Core, 1.8 GHz Processor",Unisoc T7250,Octa Core,1.8,"4 GB RAM, 64 GB inbuilt",4.0,64.0,5000 mAh Battery with 15W Fast Charging,5000,15.0,True,"6.74 inches, 720 x 1600 px, 120 Hz Display with Punch Hole",6.74,720,1600,120.0,Punch Hole,13 MP Rear & 8 MP Front Camera,13 MP Rear ,1.0,13,,,,,, 8 MP Front Camera,1,8,,Yes,Dedicated,1024.0,"Memory Card Supported, upto 1 TB",Android v15,Android,8.0,Unisoc,Unisoc
665,realme,Realme 16 Pro 5G (12GB RAM + 256GB),47599,,"Dual Sim, 5G, VoLTE, Wi-Fi",True,False,False,"Dimensity 7300 Max, Octa Core, 2.5 GHz Processor",Dimensity 7300 Max,Octa Core,2.5,"12 GB RAM, 256 GB inbuilt",12.0,256.0,7000 mAh Battery with 80W Fast Charging,7000,80.0,True,"6.78 inches, 1272 x 2772 px, 144 Hz Display with Punch Hole",6.78,1272,2772,144.0,Punch Hole,200 MP + 8 MP Dual Rear & 50 MP Front Camera,200 MP + 8 MP Dual Rear ,2.0,200,8,,,,, 50 MP Front Camera,1,50,,No,Not Supported,,Memory Card Not Supported,Android v16,Android,8.0,Dimensity,MediaTek
666,xiaomi,Xiaomi Redmi 15C 5G (8GB RAM + 128GB),21995,57.0,"Dual Sim, 5G, VoLTE, Wi-Fi",True,False,False,"Dimensity 6300, Octa Core, 2.4 GHz Processor",Dimensity 6300,Octa Core,2.4,"8 GB RAM, 128 GB inbuilt",8.0,128.0,6000 mAh Battery with 33W Fast Charging,6000,33.0,True,"6.9 inches, 720 x 1600 px, 120 Hz Display with Punch Hole",6.9,720,1600,120.0,Punch Hole,50 MP + Auxiliary lens Dual Rear & 8 MP Front Camera,50 MP + Auxiliary lens Dual Rear ,2.0,50,,,,,Auxiliary lens, 8 MP Front Camera,1,8,,Yes,Dedicated,1024.0,"Memory Card Supported, upto 1 TB",Android v15,Android,8.0,Dimensity,MediaTek
667,motorola,Motorola Moto A300,1403,,Dual Sim,False,False,False,1.5 MHz Processor,,,0.002,"4 MB RAM, 32 MB inbuilt",4.0,32.0,1000 mAh Battery,1000,,False,"2 inches, 320 x 240 px Display",2.0,320,240,,,1.3 MP Rear Camera,1.3 MP Rear Camera,1.0,1.3,,,,,,,1,,,Yes,Dedicated,64.0,"Memory Card Supported, upto 64 GB",,RTOS,,,
668,oppo,Oppo F31 5G (8GB RAM + 256GB),36999,66.0,"Dual Sim, 5G, VoLTE, Wi-Fi, IR Blaster",True,False,True,"Dimensity 6300, Octa Core, 2.4 GHz Processor",Dimensity 6300,Octa Core,2.4,"8 GB RAM, 256 GB inbuilt",8.0,256.0,7000 mAh Battery with 80W Fast Charging,7000,80.0,True,"6.57 inches, 1080 x 2412 px, 120 Hz Display with Punch Hole",6.57,1080,2412,120.0,Punch Hole,50 MP + 2 MP Dual Rear & 16 MP Front Camera,50 MP + 2 MP Dual Rear ,2.0,50,2,,,,, 16 MP Front Camera,1,16,,Yes,Hybrid,,Memory Card (Hybrid),Android v15,Android,8.0,Dimensity,MediaTek
669,oppo,Oppo F31 Pro Plus 5G (12GB RAM + 256GB),34999,71.0,"Dual Sim, 5G, VoLTE, Wi-Fi",True,False,False,"Snapdragon 7 Gen3, Octa Core, 2.63 GHz Processor",Snapdragon 7 Gen3,Octa Core,2.63,"12 GB RAM, 256 GB inbuilt",12.0,256.0,7000 mAh Battery with 80W Fast Charging,7000,80.0,True,"6.8 inches, 1280 x 2800 px, 120 Hz Display with Punch Hole",6.8,1280,2800,120.0,Punch Hole,50 MP + 2 MP Dual Rear & 32 MP Front Camera,50 MP + 2 MP Dual Rear ,2.0,50,2,,,,, 32 MP Front Camera,1,32,,,,,,Android v15,Android,8.0,Snapdragon,Qualcomm
670,apple,Apple iPhone 17 Pro (1TB),169490,76.0,"Dual Sim, 5G, VoLTE, NFC, eSIM, Wi-Fi",True,True,False,"Apple A19 Pro, Hexa Core Processor",Apple A19 Pro,Hexa Core,,"12 GB RAM, 1 TB inbuilt",12.0,1.0,3988 mAh Battery with Fast Charging,3988,,True,"6.3 inches, 1206 x 2622 px, 120 Hz Display with Dynamic Island",6.3,1206,2622,120.0,Dynamic Island,48 MP + 48 MP + 48 MP Triple Rear & 18 MP Front Camera,48 MP + 48 MP + 48 MP Triple Rear ,3.0,48,48,48,,,, 18 MP Front Camera,1,18,,No,Not Supported,,Memory Card Not Supported,iOS v26,iOS,6.0,Apple,Apple
671,lava,Lava Bold N1 5G,11999,,"Dual Sim, 5G, VoLTE, Wi-Fi",True,False,False,"Unisoc T765, Octa Core, 2.3 GHz Processor",Unisoc T765,Octa Core,2.3,"4 GB RAM, 64 GB inbuilt",4.0,64.0,5000 mAh Battery with 10W Fast Charging,5000,10.0,True,"6.75 inches, 720 x 1600 px Display with Water Drop Notch",6.75,720,1600,,Water Drop Notch,13 MP Rear & 5 MP Front Camera,13 MP Rear ,1.0,13,,,,,, 5 MP Front Camera,1,5,,Yes,Dedicated,,Memory Card Supported,Android v15,Android,8.0,Unisoc,Unisoc
672,vivo,Vivo X Fold 5 5G,139999,,"Dual Sim, 5G, VoLTE, NFC, Wi-Fi, IR Blaster",True,True,True,"Snapdragon 8 Gen3, Octa Core, 3.3 GHz Processor",Snapdragon 8 Gen3,Octa Core,3.3,"16 GB RAM, 512 GB inbuilt",16.0,512.0,6000 mAh Battery with 80W Fast Charging,6000,80.0,True,"8.03 inches, 2200 x 2480 px, 120 Hz Display with Punch Hole",8.03,2200,2480,120.0,Punch Hole,50 MP + 50 MP + 50 MP Triple Rear & 20 MP + 20 MP Dual Front Camera,50 MP + 50 MP + 50 MP Triple Rear ,3.0,50,50,50,,,, 20 MP + 20 MP Dual Front Camera,2,20,20,,,,,Android v15,Android,8.0,Snapdragon,Qualcomm
673,samsung,Samsung Galaxy F06 5G (6GB RAM + 128GB),15999,,"Dual Sim, 5G, VoLTE, Wi-Fi",True,False,False,"Dimensity 6300, Octa Core, 2.4 GHz Processor",Dimensity 6300,Octa Core,2.4,"6 GB RAM, 128 GB inbuilt",6.0,128.0,5000 mAh Battery with 25W Fast Charging,5000,25.0,True,"6.7 inches, 720 x 1600 px Display with Water Drop Notch",6.7,720,1600,,Water Drop Notch,50 MP + 2 MP Dual Rear & 8 MP Front Camera,50 MP + 2 MP Dual Rear ,2.0,50,2,,,,, 8 MP Front Camera,1,8,,Yes,Hybrid,1024.0,"Memory Card (Hybrid), upto 1 TB",Android v15,Android,8.0,Dimensity,MediaTek
674,vivo,Vivo Y300 5G,26999,61.0,"Dual Sim, 5G, VoLTE, Wi-Fi",True,False,False,"Snapdragon 4 Gen2, Octa Core, 2.2 GHz Processor",Snapdragon 4 Gen2,Octa Core,2.2,"8 GB RAM, 128 GB inbuilt",8.0,128.0,5000 mAh Battery with 80W Fast Charging,5000,80.0,True,"6.67 inches, 1080 x 2400 px, 120 Hz Display with Punch Hole",6.67,1080,2400,120.0,Punch Hole,50 MP + 2 MP Dual Rear & 32 MP Front Camera,50 MP + 2 MP Dual Rear ,2.0,50,2,,,,, 32 MP Front Camera,1,32,,Yes,Hybrid,2048.0,"Memory Card (Hybrid), upto 2 TB",Android v14,Android,8.0,Snapdragon,Qualcomm
675,realme,Realme GT 7 Pro 5G,64999,79.0,"Dual Sim, 5G, VoLTE, NFC, Wi-Fi, IR Blaster",True,True,True,"Snapdragon 8 Elite, Octa Core, 4.32 GHz Processor",Snapdragon 8 Elite,Octa Core,4.32,"12 GB RAM, 256 GB inbuilt",12.0,256.0,5800 mAh Battery with 120W Fast Charging,5800,120.0,True,"6.78 inches, 1264 x 2780 px, 120 Hz Display with Punch Hole",6.78,1264,2780,120.0,Punch Hole,50 MP + 50 MP + 8 MP Triple Rear & 16 MP Front Camera,50 MP + 50 MP + 8 MP Triple Rear ,3.0,50,50,8,,,, 16 MP Front Camera,1,16,,No,Not Supported,,Memory Card Not Supported,Android v15,Android,8.0,Snapdragon,Qualcomm
676,oppo,Oppo F27 Pro Plus 5G (8GB RAM +128GB),29299,64.0,"Dual Sim, 5G, VoLTE, Wi-Fi",True,False,False,"Dimensity 7050, Octa Core, 2.6 GHz Processor",Dimensity 7050,Octa Core,2.6,"8 GB RAM, 128 GB inbuilt",8.0,128.0,5000 mAh Battery with 67W Fast Charging,5000,67.0,True,"6.7 inches, 1080 x 2412 px, 120 Hz Display with Punch Hole",6.7,1080,2412,120.0,Punch Hole,64 MP + 2 MP Dual Rear & 8 MP Front Camera,64 MP + 2 MP Dual Rear ,2.0,64,2,,,,, 8 MP Front Camera,1,8,,,,,,Android v14,Android,8.0,Dimensity,MediaTek
677,samsung,Samsung Galaxy A55 5G (12GB RAM + 256GB),48990,66.0,"Dual Sim, 5G, VoLTE, NFC, eSIM, Wi-Fi",True,True,False,"Exynos 1480, Octa Core, 2.7 GHz Processor",Exynos 1480,Octa Core,2.7,"12 GB RAM, 256 GB inbuilt",12.0,256.0,5000 mAh Battery with 25W Fast Charging,5000,25.0,True,"6.6 inches, 1080 x 2340 px, 120 Hz Display with Punch Hole",6.6,1080,2340,120.0,Punch Hole,50 MP + 12 MP + 5 MP Triple Rear & 32 MP Front Camera,50 MP + 12 MP + 5 MP Triple Rear ,3.0,50,12,5,,,, 32 MP Front Camera,1,32,,Yes,Hybrid,1024.0,"Memory Card (Hybrid), upto 1 TB",Android v14,Android,8.0,Exynos,Samsung
678,honor,Honor 90 5G (12GB RAM +512GB),89999,67.0,"Dual Sim, 5G, VoLTE, NFC, Wi-Fi",True,True,False,"Snapdragon 7 Gen 1 Accelerated Edition, Octa Core, 2.36 GHz Processor",Snapdragon 7 Gen 1 Accelerated Edition,Octa Core,2.36,"12 GB RAM, 512 GB inbuilt",12.0,512.0,5000 mAh Battery with 66W Fast Charging,5000,66.0,True,"6.7 inches, 1200 x 2664 px, 120 Hz Display with Punch Hole",6.7,1200,2664,120.0,Punch Hole,200 MP + 12 MP + 2 MP Triple Rear & 50 MP Front Camera,200 MP + 12 MP + 2 MP Triple Rear ,3.0,200,12,2,,,, 50 MP Front Camera,1,50,,,,,,Android v13,Android,8.0,Snapdragon,Qualcomm
679,samsung,Samsung Galaxy Z Flip 5,62900,76.0,"Single Sim, 5G, VoLTE, Vo5G, NFC, Wi-Fi",True,True,False,"Snapdragon 8 Gen 2, Octa Core, 3.2 GHz Processor",Snapdragon 8 Gen 2,Octa Core,3.2,"8 GB RAM, 256 GB inbuilt",8.0,256.0,3700 mAh Battery with 25W Fast Charging,3700,25.0,True,"6.7 inches, 1080 x 2640 px, 120 Hz Display with Punch Hole",6.7,1080,2640,120.0,Punch Hole,12 MP + 12 MP Dual Rear & 10 MP Front Camera,12 MP + 12 MP Dual Rear ,2.0,12,12,,,,, 10 MP Front Camera,1,10,,No,Not Supported,,Memory Card Not Supported,,Android,8.0,Snapdragon,Qualcomm
680,realme,Realme GT 2 Pro 5G,32499,68.0,"Dual Sim, 5G, VoLTE, NFC, Wi-Fi",True,True,False,"Snapdragon 8 Gen1, Octa Core, 3 GHz Processor",Snapdragon 8 Gen1,Octa Core,3.0,"8 GB RAM, 128 GB inbuilt",8.0,128.0,5000 mAh Battery with 65W Fast Charging,5000,65.0,True,"6.7 inches, 1440 x 3216 px, 120 Hz Display with Punch Hole",6.7,1440,3216,120.0,Punch Hole,50 MP + 50 MP + 2 MP Triple Rear & 32 MP Front Camera,50 MP + 50 MP + 2 MP Triple Rear ,3.0,50,50,2,,,, 32 MP Front Camera,1,32,,,,,,Android v12,Android,8.0,Snapdragon,Qualcomm
681,ringme,Ringme Bold S170 Air Pro,13000,,"Dual Sim, 4G, VoLTE, Wi-Fi",False,False,False,"Helio, Dual Core, 1.7 GHz Processor",Helio,Dual Core,1.7,"6 GB RAM, 64 GB inbuilt",6.0,64.0,5000 mAh Battery,5000,,False,"6.61 inches, 128 x 160 px Display with Punch Hole",6.61,128,160,,Punch Hole,20 MP Rear & 8 MP Front Camera,20 MP Rear ,1.0,20,,,,,, 8 MP Front Camera,1,8,,Yes,Hybrid,128.0,"Memory Card (Hybrid), upto 128 GB",Android 12,Android,2.0,Helio,MediaTek
682,jmax,Jmax Mini GO-C,799,,Dual Sim,False,False,False,Single Core Processor,,Single Core,,"32 MB RAM, 32 MB inbuilt",32.0,32.0,800 mAh Battery,800,,False,"1 inches, 120 x 240 px Display",1.0,120,240,,,No Rear Camera,No Rear Camera,0.0,,,,,,,,1,,,,,,,Symbian v40,Mocor,1.0,,
683,peace,Peace I17 Pro,9999,,"Dual Sim, 4G, VoLTE, Wi-Fi",False,False,False,Helio MT8125,Helio MT8125,,,"6 GB RAM, 64 GB inbuilt",6.0,64.0,5000 mAh Battery,5000,,False,"6.6 inches, 1440 x 720 px Display",6.6,1440,720,,,20 MP Rear & 8 MP Front Camera,20 MP Rear ,1.0,20,,,,,, 8 MP Front Camera,1,8,,Yes,Dedicated,128.0,"Memory Card Supported, upto 128 GB",Android v12,Android,,Helio,MediaTek
684,iqoo,iQOO Z11 Lite 5G (6GB RAM + 256GB),26499,58.0,"Dual Sim, 5G, VoLTE, Wi-Fi",True,False,False,"Dimensity 6300, Octa Core, 2.4 GHz Processor",Dimensity 6300,Octa Core,2.4,"6 GB RAM, 256 GB inbuilt",6.0,256.0,6500 mAh Battery with 44W Fast Charging,6500,44.0,True,"6.74 inches, 720 x 1600 px, 120 Hz Display with Water Drop Notch",6.74,720,1600,120.0,Water Drop Notch,50 MP + 0.08 MP Dual Rear & 5 MP Front Camera,50 MP + 0.08 MP Dual Rear ,2.0,50,0.08,,,,, 5 MP Front Camera,1,5,,Yes,Hybrid,2048.0,"Memory Card (Hybrid), upto 2 TB",Android v16,Android,8.0,Dimensity,MediaTek
685,ringme,Ringme Bold 17 Pro,9899,,"Dual Sim, 4G, VoLTE, Wi-Fi",False,False,False,"Dual Core, 1.7 GHz Processor",,Dual Core,,"4 GB RAM, 64 GB inbuilt",4.0,64.0,4000 mAh Battery,4000,,False,"6.68 inches, 1640 x 720 px Display",6.68,1640,720,,,13 MP Rear Camera,13 MP Rear Camera,1.0,13,,,,,,,1,,,,,,,Android v12,Android,2.0,,
686,samsung,Samsung Galaxy A27 (8GB RAM + 128GB),38999,64.0,"Dual Sim, 5G, VoLTE, NFC, Wi-Fi",True,True,False,"Snapdragon 6 Gen3, Octa Core, 2.4 GHz Processor",Snapdragon 6 Gen3,Octa Core,2.4,"8 GB RAM, 128 GB inbuilt",8.0,128.0,5000 mAh Battery with 25W Fast Charging,5000,25.0,True,"6.7 inches, 1080 x 2340 px, 120 Hz Display with Punch Hole",6.7,1080,2340,120.0,Punch Hole,50 MP + 5 MP + 2 MP Triple Rear & 12 MP Front Camera,50 MP + 5 MP + 2 MP Triple Rear ,3.0,50,5,2,,,, 12 MP Front Camera,1,12,,Yes,Hybrid,2048.0,"Memory Card (Hybrid), upto 2 TB",Android v16,Android,8.0,Snapdragon,Qualcomm
687,ai+,Ai+ Nova 2 Neo,15999,53.0,"Dual Sim, 5G, VoLTE, Wi-Fi",True,False,False,"Dimensity 6300, Octa Core, 2.4 GHz Processor",Dimensity 6300,Octa Core,2.4,"4 GB RAM, 128 GB inbuilt",4.0,128.0,6000 mAh Battery with Fast Charging,6000,,True,"6.75 inches, 720 x 1600 px, 120 Hz Display with Water Drop Notch",6.75,720,1600,120.0,Water Drop Notch,48 MP Rear & 8 MP Front Camera,48 MP Rear ,1.0,48,,,,,, 8 MP Front Camera,1,8,,Yes,Dedicated,2048.0,"Memory Card Supported, upto 2 TB",Android v16,Android,8.0,Dimensity,MediaTek
688,ai+,Ai+ Nova 2 Neo 5G (6GB RAM + 128GB),16999,53.0,"Dual Sim, 5G, VoLTE, Wi-Fi",True,False,False,"Dimensity 6300, Octa Core, 2.4 GHz Processor",Dimensity 6300,Octa Core,2.4,"6 GB RAM, 128 GB inbuilt",6.0,128.0,6000 mAh Battery with Fast Charging,6000,,True,"6.75 inches, 720 x 1600 px, 120 Hz Display with Water Drop Notch",6.75,720,1600,120.0,Water Drop Notch,48 MP Rear & 8 MP Front Camera,48 MP Rear ,1.0,48,,,,,, 8 MP Front Camera,1,8,,Yes,Dedicated,2048.0,"Memory Card Supported, upto 2 TB",Android v16,Android,8.0,Dimensity,MediaTek
689,hmd,HMD Vibe 2 5G (6GB RAM + 128GB),19999,52.0,"Dual Sim, 5G, VoLTE, Wi-Fi",True,False,False,"Unisoc T8200, Octa Core, 2.3 GHz Processor",Unisoc T8200,Octa Core,2.3,"6 GB RAM, 128 GB inbuilt",6.0,128.0,6000 mAh Battery with 18W Fast Charging,6000,18.0,True,"6.75 inches, 720 x 1600 px, 120 Hz Display with Water Drop Notch",6.75,720,1600,120.0,Water Drop Notch,50 MP Dual Rear & 8 MP Front Camera,50 MP Dual Rear ,2.0,50,,,,,, 8 MP Front Camera,1,8,,Yes,Hybrid,1024.0,"Memory Card (Hybrid), upto 1 TB",Android v16,Android,8.0,Unisoc,Unisoc
690,realme,Realme 16T 5G (8GB RAM + 128GB),30999,64.0,"Dual Sim, 5G, VoLTE, Wi-Fi",True,False,False,"Dimensity 6300, Octa Core, 2.4 GHz Processor",Dimensity 6300,Octa Core,2.4,"8 GB RAM, 128 GB inbuilt",8.0,128.0,8000 mAh Battery with 45W Fast Charging,8000,45.0,True,"6.8 inches, 720 x 1570 px, 144 Hz Display with Punch Hole",6.8,720,1570,144.0,Punch Hole,50 MP + 2 MP Dual Rear & 16 MP Front Camera,50 MP + 2 MP Dual Rear ,2.0,50,2,,,,, 16 MP Front Camera,1,16,,Yes,Hybrid,2048.0,"Memory Card (Hybrid), upto 2 TB",Android v16,Android,8.0,Dimensity,MediaTek
691,xiaomi,Xiaomi Redmi A7 Pro 4G,12625,,"Dual Sim, 4G, VoLTE, Wi-Fi",False,False,False,"Unisoc T7250, Octa Core, 1.8 GHz Processor",Unisoc T7250,Octa Core,1.8,"4 GB RAM, 64 GB inbuilt",4.0,64.0,6300 mAh Battery with 15W Fast Charging,6300,15.0,True,"6.9 inches, 1600 x 720 px, 120 Hz Display with Water Drop Notch",6.9,1600,720,120.0,Water Drop Notch,13 MP Rear & 8 MP Front Camera,13 MP Rear ,1.0,13,,,,,, 8 MP Front Camera,1,8,,Yes,Dedicated,2048.0,"Memory Card Supported, upto 2 TB",Android v16,Android,8.0,Unisoc,Unisoc
692,tecno,Tecno Spark 50 5G (6GB RAM + 128GB),22999,55.0,"Dual Sim, 5G, VoLTE, Wi-Fi, IR Blaster",True,False,True,"Dimensity 6400, Octa Core, 2.5 GHz Processor",Dimensity 6400,Octa Core,2.5,"6 GB RAM, 128 GB inbuilt",6.0,128.0,6500 mAh Battery with 45W Fast Charging,6500,45.0,True,"6.78 inches, 720 x 1576 px, 120 Hz Display with Punch Hole",6.78,720,1576,120.0,Punch Hole,50 MP Rear & 8 MP Front Camera,50 MP Rear ,1.0,50,,,,,, 8 MP Front Camera,1,8,,Yes,Dedicated,,Memory Card Supported,Android v16,Android,8.0,Dimensity,MediaTek
693,samsung,Samsung Galaxy A37 5G (12GB RAM + 256 GB),53999,71.0,"Dual Sim, 5G, VoLTE, NFC, Wi-Fi",True,True,False,"Exynos 1480, Octa Core, 2.7 GHz Processor",Exynos 1480,Octa Core,2.7,"12 GB RAM, 256 GB inbuilt",12.0,256.0,5000 mAh Battery with 45W Fast Charging,5000,45.0,True,"6.7 inches, 1080 x 2340 px, 120 Hz Display with Punch Hole",6.7,1080,2340,120.0,Punch Hole,50 MP + 8 MP + 5 MP Triple Rear & 12 MP Front Camera,50 MP + 8 MP + 5 MP Triple Rear ,3.0,50,8,5,,,, 12 MP Front Camera,1,12,,No,Not Supported,,Memory Card Not Supported,Android v16,Android,8.0,Exynos,Samsung
694,ai+,Ai+ Pulse 2 (6GB RAM + 128GB),12899,,"Dual Sim, 4G, VoLTE, Wi-Fi",False,False,False,"Unisoc T7250, Octa Core, 1.8 GHz Processor",Unisoc T7250,Octa Core,1.8,"6 GB RAM, 128 GB inbuilt",6.0,128.0,6000 mAh Battery with 10W Fast Charging,6000,10.0,True,"6.75 inches, 720 x 1600 px, 120 Hz Display with Water Drop Notch",6.75,720,1600,120.0,Water Drop Notch,50 MP Dual Rear & 8 MP Front Camera,50 MP Dual Rear ,2.0,50,,,,,, 8 MP Front Camera,1,8,,Yes,Dedicated,1024.0,"Memory Card Supported, upto 1 TB",Android v16,Android,8.0,Unisoc,Unisoc
695,infinix,Infinix Note Edge 5G (8GB RAM + 128GB),28999,66.0,"Dual Sim, 5G, VoLTE, NFC, Wi-Fi, IR Blaster",True,True,True,"Dimensity 7100, Octa Core, 2.4 GHz Processor",Dimensity 7100,Octa Core,2.4,"8 GB RAM, 128 GB inbuilt",8.0,128.0,6500 mAh Battery with 45W Fast Charging,6500,45.0,True,"6.78 inches, 1208 x 2644 px, 120 Hz Display with Punch Hole",6.78,1208,2644,120.0,Punch Hole,50 MP Dual Rear & 13 MP Front Camera,50 MP Dual Rear ,2.0,50,,,,,, 13 MP Front Camera,1,13,,,,,,Android v16,Android,8.0,Dimensity,MediaTek
696,lava,Lava Play Max,18599,54.0,"Dual Sim, 5G, VoLTE, Wi-Fi",True,False,False,"Dimensity 7300, Octa Core, 2.5 GHz Processor",Dimensity 7300,Octa Core,2.5,"6 GB RAM, 128 GB inbuilt",6.0,128.0,5000 mAh Battery with 33W Fast Charging,5000,33.0,True,"6.72 inches, 1080 x 1920 px, 120 Hz Display with Punch Hole",6.72,1080,1920,120.0,Punch Hole,50 MP Rear & 8 MP Front Camera,50 MP Rear ,1.0,50,,,,,, 8 MP Front Camera,1,8,,Yes,Hybrid,1024.0,"Memory Card (Hybrid), upto 1 TB",Android v15,Android,8.0,Dimensity,MediaTek
697,oneplus,OnePlus 15R (12GB RAM + 512GB),74999,,"Dual Sim, 5G, VoLTE, Vo5G, NFC, Wi-Fi, IR Blaster",True,True,True,"Snapdragon 8 Gen5, Octa Core, 3.84 GHz Processor",Snapdragon 8 Gen5,Octa Core,3.84,"12 GB RAM, 512 GB inbuilt",12.0,512.0,7400 mAh Battery with 80W Fast Charging,7400,80.0,True,"6.83 inches, 1272 x 2800 px, 165 Hz Display with Punch Hole",6.83,1272,2800,165.0,Punch Hole,50 MP + 8 MP Dual Rear & 32 MP Front Camera,50 MP + 8 MP Dual Rear ,2.0,50,8,,,,, 32 MP Front Camera,1,32,,No,Not Supported,,Memory Card Not Supported,Android v16,Android,8.0,Snapdragon,Qualcomm
698,realme,Realme 15x 5G (8GB RAM + 128GB),25999,61.0,"Dual Sim, 5G, VoLTE, Wi-Fi",True,False,False,"Dimensity 6300, Octa Core, 2.4 GHz Processor",Dimensity 6300,Octa Core,2.4,"8 GB RAM, 128 GB inbuilt",8.0,128.0,7000 mAh Battery with 60W Fast Charging,7000,60.0,True,"6.81 inches, 720 x 1570 px, 144 Hz Display with Punch Hole",6.81,720,1570,144.0,Punch Hole,50 MP + 2 MP Dual Rear & 50 MP Front Camera,50 MP + 2 MP Dual Rear ,2.0,50,2,,,,, 50 MP Front Camera,1,50,,Yes,Hybrid,,Memory Card (Hybrid),Android v15,Android,8.0,Dimensity,MediaTek
699,infinix,Infinix Smart 10,11865,,"Dual Sim, 4G, VoLTE, Wi-Fi",False,False,False,"Unisoc T7250, Octa Core, 1.8 GHz Processor",Unisoc T7250,Octa Core,1.8,"4 GB RAM, 64 GB inbuilt",4.0,64.0,5000 mAh Battery with 15W Fast Charging,5000,15.0,True,"6.67 inches, 720 x 1600 px, 120 Hz Display with Punch Hole",6.67,720,1600,120.0,Punch Hole,8 MP Rear & 8 MP Front Camera,8 MP Rear ,1.0,8,,,,,, 8 MP Front Camera,1,8,,Yes,Dedicated,,Memory Card Supported,Android v15,Android,8.0,Unisoc,Unisoc
700,realme,Realme Narzo 80 Lite 4G,13498,,"Dual Sim, 4G, VoLTE, Wi-Fi",False,False,False,"Unisoc T7250, Octa Core, 1.8 GHz Processor",Unisoc T7250,Octa Core,1.8,"4 GB RAM, 128 GB inbuilt",4.0,128.0,6300 mAh Battery with 15W Fast Charging,6300,15.0,True,"6.74 inches, 720 x 1600 px, 90 Hz Display with Punch Hole",6.74,720,1600,90.0,Punch Hole,13 MP Rear & 5 MP Front Camera,13 MP Rear ,1.0,13,,,,,, 5 MP Front Camera,1,5,,Yes,Hybrid,,Memory Card (Hybrid),Android v15,Android,8.0,Unisoc,Unisoc
701,alcatel,Alcatel V3 Ultra,17500,63.0,"Dual Sim, 5G, VoLTE, NFC, eSIM, Wi-Fi",True,True,False,"Dimensity 6300, Octa Core, 2.4 GHz Processor",Dimensity 6300,Octa Core,2.4,"6 GB RAM, 128 GB inbuilt",6.0,128.0,5010 mAh Battery with 33W Fast Charging,5010,33.0,True,"6.78 inches, 1080 x 2460 px, 120 Hz Display with Punch Hole",6.78,1080,2460,120.0,Punch Hole,108 MP + 8 MP + 2 MP Triple Rear & 32 MP Front Camera,108 MP + 8 MP + 2 MP Triple Rear ,3.0,108,8,2,,,, 32 MP Front Camera,1,32,,Yes,Dedicated,2048.0,"Memory Card Supported, upto 2 TB",Android v14,Android,8.0,Dimensity,MediaTek
702,alcatel,Alcatel V3 Pro,17199,59.0,"Dual Sim, 5G, VoLTE, NFC, Wi-Fi",True,True,False,"Dimensity 6300, Octa Core, 2.4 GHz Processor",Dimensity 6300,Octa Core,2.4,"8 GB RAM, 256 GB inbuilt",8.0,256.0,5200 mAh Battery with 18W Fast Charging,5200,18.0,True,"6.67 inches, 720 x 1600 px, 120 Hz Display with Punch Hole",6.67,720,1600,120.0,Punch Hole,50 MP + 5 MP Dual Rear & 8 MP Front Camera,50 MP + 5 MP Dual Rear ,2.0,50,5,,,,, 8 MP Front Camera,1,8,,Yes,Hybrid,2048.0,"Memory Card (Hybrid), upto 2 TB",Android v15,Android,8.0,Dimensity,MediaTek
703,iqoo,iQOO Z10x 5G (8GB RAM + 128GB),29974,58.0,"Dual Sim, 5G, VoLTE, Wi-Fi, IR Blaster",True,False,True,"Dimensity 7300, Octa Core, 2.5 GHz Processor",Dimensity 7300,Octa Core,2.5,"8 GB RAM, 128 GB inbuilt",8.0,128.0,6500 mAh Battery with 44W Fast Charging,6500,44.0,True,"6.72 inches, 1080 x 2408 px, 120 Hz Display with Punch Hole",6.72,1080,2408,120.0,Punch Hole,50 MP + 2 MP Dual Rear & 8 MP Front Camera,50 MP + 2 MP Dual Rear ,2.0,50,2,,,,, 8 MP Front Camera,1,8,,,,,,Android v15,Android,8.0,Dimensity,MediaTek
704,apple,Apple iPhone 16e (256GB),69900,64.0,"Dual Sim, 5G, VoLTE, NFC, eSIM, Wi-Fi",True,True,False,"Bionic A18, Hexa Core, 4.04 GHz Processor",Bionic A18,Hexa Core,4.04,"8 GB RAM, 256 GB inbuilt",8.0,256.0,4005 mAh Battery with Fast Charging,4005,,True,"6.1 inches, 1170 x 2532 px Display with Small Notch",6.1,1170,2532,,Small Notch,48 MP Rear & 12 MP Front Camera,48 MP Rear ,1.0,48,,,,,, 12 MP Front Camera,1,12,,No,Not Supported,,Memory Card Not Supported,iOS v18,iOS,6.0,Bionic,Apple
705,samsung,Samsung Galaxy S25 (12GB RAM + 512GB),92999,79.0,"Dual Sim, 5G, VoLTE, Vo5G, NFC, eSIM, Wi-Fi",True,True,False,"Snapdragon 8 Elite, Octa Core, 4.47 GHz Processor",Snapdragon 8 Elite,Octa Core,4.47,"12 GB RAM, 512 GB inbuilt",12.0,512.0,4000 mAh Battery with 25W Fast Charging,4000,25.0,True,"6.2 inches, 1080 x 2340 px, 120 Hz Display with Punch Hole",6.2,1080,2340,120.0,Punch Hole,50 MP + 12 MP + 10 MP Triple Rear & 12 MP Front Camera,50 MP + 12 MP + 10 MP Triple Rear ,3.0,50,12,10,,,, 12 MP Front Camera,1,12,,,,,,Android v15,Android,8.0,Snapdragon,Qualcomm
706,oppo,OPPO Reno 13 Pro 5G,54999,79.0,"Dual Sim, 5G, VoLTE, NFC, Wi-Fi, IR Blaster",True,True,True,"Dimensity 8350, Octa Core, 3.35 GHz Processor",Dimensity 8350,Octa Core,3.35,"12 GB RAM, 256 GB inbuilt",12.0,256.0,5800 mAh Battery with 80W Fast Charging,5800,80.0,True,"6.83 inches, 1272 x 2800 px, 120 Hz Display with Punch Hole",6.83,1272,2800,120.0,Punch Hole,50 MP + 50 MP + 8 MP Triple Rear & 50 MP Front Camera,50 MP + 50 MP + 8 MP Triple Rear ,3.0,50,50,8,,,, 50 MP Front Camera,1,50,,,,,,Android v15,Android,8.0,Dimensity,MediaTek
707,oppo,OPPO Reno 12 Pro 5G,51999,74.0,"Dual Sim, 5G, VoLTE, NFC, Wi-Fi, IR Blaster",True,True,True,"Dimensity 7300 Energy, Octa Core, 2.5 GHz Processor",Dimensity 7300 Energy,Octa Core,2.5,"12 GB RAM, 256 GB inbuilt",12.0,256.0,5000 mAh Battery with 80W Fast Charging,5000,80.0,True,"6.7 inches, 1080 x 2412 px, 120 Hz Display with Punch Hole",6.7,1080,2412,120.0,Punch Hole,50 MP + 50 MP + 8 MP Triple Rear & 50 MP Front Camera,50 MP + 50 MP + 8 MP Triple Rear ,3.0,50,50,8,,,, 50 MP Front Camera,1,50,,Yes,Hybrid,,Memory Card (Hybrid),Android v14,Android,8.0,Dimensity,MediaTek
708,samsung,Samsung Galaxy F55 5G,28999,64.0,"Dual Sim, 5G, VoLTE, NFC, Wi-Fi",True,True,False,"Snapdragon 7 Gen1, Octa Core, 2.4 GHz Processor",Snapdragon 7 Gen1,Octa Core,2.4,"8 GB RAM, 128 GB inbuilt",8.0,128.0,5000 mAh Battery with 45W Fast Charging,5000,45.0,True,"6.7 inches, 1080 x 2400 px, 120 Hz Display with Punch Hole",6.7,1080,2400,120.0,Punch Hole,50 MP + 8 MP + 2 MP Triple Rear & 50 MP Front Camera,50 MP + 8 MP + 2 MP Triple Rear ,3.0,50,8,2,,,, 50 MP Front Camera,1,50,,Yes,Hybrid,1024.0,"Memory Card (Hybrid), upto 1 TB",Android v14,Android,8.0,Snapdragon,Qualcomm
709,xiaomi,Xiaomi Redmi Note 13 5G (8GB RAM + 256GB),25999,66.0,"Dual Sim, 5G, VoLTE, Vo5G, Wi-Fi, IR Blaster",True,False,True,"Dimensity 6080, Octa Core, 2.4 GHz Processor",Dimensity 6080,Octa Core,2.4,"8 GB RAM, 256 GB inbuilt",8.0,256.0,5000 mAh Battery with 33W Fast Charging,5000,33.0,True,"6.67 inches, 1080 x 2400 px, 120 Hz Display with Punch Hole",6.67,1080,2400,120.0,Punch Hole,108 MP + 8 MP + 2 MP Triple Rear & 16 MP Front Camera,108 MP + 8 MP + 2 MP Triple Rear ,3.0,108,8,2,,,, 16 MP Front Camera,1,16,,Yes,Hybrid,1024.0,"Memory Card (Hybrid), upto 1 TB",Android v13,Android,8.0,Dimensity,MediaTek
710,itel,itel it5330,1499,,Dual Sim,False,False,False,,,,,"32 MB RAM, 32 MB inbuilt",32.0,32.0,1900 mAh Battery,1900,,False,"2.8 inches, 320 x 240 px Display",2.8,320,240,,,0.3 MP Rear Camera,0.3 MP Rear Camera,1.0,0.3,,,,,,,1,,,Yes,Dedicated,32.0,"Memory Card Supported, upto 32 GB",,Mocor,,,
711,oppo,OPPO A79 5G,22999,55.0,"Dual Sim, 5G, VoLTE, Wi-Fi",True,False,False,"Dimensity 6020, Octa Core, 2.2 GHz Processor",Dimensity 6020,Octa Core,2.2,"8 GB RAM, 128 GB inbuilt",8.0,128.0,5000 mAh Battery with 33W Fast Charging,5000,33.0,True,"6.72 inches, 1080 x 2400 px, 90 Hz Display with Punch Hole",6.72,1080,2400,90.0,Punch Hole,50 MP + 2 MP Dual Rear & 8 MP Front Camera,50 MP + 2 MP Dual Rear ,2.0,50,2,,,,, 8 MP Front Camera,1,8,,Yes,Dedicated,1024.0,"Memory Card Supported, upto 1 TB",Android v13,Android,8.0,Dimensity,MediaTek
712,motorola,Motorola Edge 40 Neo,26990,63.0,"Dual Sim, 5G, VoLTE, NFC, Wi-Fi",True,True,False,"Dimensity 7030, Octa Core, 2.5 GHz Processor",Dimensity 7030,Octa Core,2.5,"8 GB RAM, 128 GB inbuilt",8.0,128.0,5000 mAh Battery with 68W Fast Charging,5000,68.0,True,"6.55 inches, 1080 x 2400 px, 144 Hz Display with Punch Hole",6.55,1080,2400,144.0,Punch Hole,50 MP + 13 MP Dual Rear & 32 MP Front Camera,50 MP + 13 MP Dual Rear ,2.0,50,13,,,,, 32 MP Front Camera,1,32,,No,Not Supported,,Memory Card Not Supported,Android v13,Android,8.0,Dimensity,MediaTek
713,samsung,Samsung Galaxy F34 5G,24499,61.0,"Dual Sim, 5G, VoLTE, NFC, Wi-Fi",True,True,False,"Exynos 1280, Octa Core, 2.4 GHz Processor",Exynos 1280,Octa Core,2.4,"6 GB RAM, 128 GB inbuilt",6.0,128.0,6000 mAh Battery with 25W Fast Charging,6000,25.0,True,"6.5 inches, 1080 x 2340 px, 120 Hz Display with Water Drop Notch",6.5,1080,2340,120.0,Water Drop Notch,50 MP + 8 MP + 2 MP Triple Rear & 13 MP Front Camera,50 MP + 8 MP + 2 MP Triple Rear ,3.0,50,8,2,,,, 13 MP Front Camera,1,13,,Yes,Hybrid,1024.0,"Memory Card (Hybrid), upto 1 TB",Android v13,Android,8.0,Exynos,Samsung
714,nokia,Nokia 105 Dual Sim 2023,1065,,Dual Sim,False,False,False,,,,,"4 MB RAM, 4 MB inbuilt",4.0,4.0,1000 mAh Battery,1000,,False,"1.8 inches, 120 x 160 px Display",1.8,120,160,,,No Rear Camera,No Rear Camera,0.0,,,,,,,,1,,,Yes,Dedicated,,Memory Card Supported,,S30+ / Feature OS,,,
715,motorola,Motorola Moto G32 (8GB RAM + 128GB),18999,53.0,"Dual Sim, 4G, VoLTE, Wi-Fi",False,False,False,"Snapdragon 680, Octa Core, 2.4 GHz Processor",Snapdragon 680,Octa Core,2.4,"8 GB RAM, 128 GB inbuilt",8.0,128.0,5000 mAh Battery with 33W Fast Charging,5000,33.0,True,"6.55 inches, 1080 x 2400 px, 90 Hz Display with Punch Hole",6.55,1080,2400,90.0,Punch Hole,50 MP + 8 MP + 2 MP Triple Rear & 16 MP Front Camera,50 MP + 8 MP + 2 MP Triple Rear ,3.0,50,8,2,,,, 16 MP Front Camera,1,16,,Yes,Hybrid,1024.0,"Memory Card (Hybrid), upto 1 TB",Android v12,Android,8.0,Snapdragon,Qualcomm
716,poco,Poco X5 Pro (8GB RAM + 256GB),24999,64.0,"Dual Sim, 5G, VoLTE, Wi-Fi, IR Blaster",True,False,True,"Snapdragon 778G, Octa Core, 2.4 GHz Processor",Snapdragon 778G,Octa Core,2.4,"8 GB RAM, 256 GB inbuilt",8.0,256.0,5000 mAh Battery with 67W Fast Charging,5000,67.0,True,"6.67 inches, 1080 x 2400 px, 120 Hz Display with Punch Hole",6.67,1080,2400,120.0,Punch Hole,108 MP + 8 MP + 2 MP Triple Rear & 16 MP Front Camera,108 MP + 8 MP + 2 MP Triple Rear ,3.0,108,8,2,,,, 16 MP Front Camera,1,16,,No,Not Supported,,Memory Card Not Supported,Android v12,Android,8.0,Snapdragon,Qualcomm
717,samsung,Samsung Galaxy S23 (8GB RAM + 256GB),95999,75.0,"Dual Sim, 5G, VoLTE, Vo5G, NFC, Wi-Fi",True,True,False,"Snapdragon 8 Gen 2, Octa Core, 3.36 GHz Processor",Snapdragon 8 Gen 2,Octa Core,3.36,"8 GB RAM, 256 GB inbuilt",8.0,256.0,3900 mAh Battery with 25W Fast Charging,3900,25.0,True,"6.1 inches, 1080 x 2340 px, 120 Hz Display with Punch Hole",6.1,1080,2340,120.0,Punch Hole,50 MP + 12 MP + 10 MP Triple Rear & 12 MP Front Camera,50 MP + 12 MP + 10 MP Triple Rear ,3.0,50,12,10,,,, 12 MP Front Camera,1,12,,,,,,Android v13,Android,8.0,Snapdragon,Qualcomm
718,itel,itel MagicX Play 4G,3299,,"Dual Sim, 4G, VoLTE, Wi-Fi",False,False,False,,,,,"48 MB RAM, 128 MB inbuilt",48.0,128.0,1900 mAh Battery,1900,,False,"1.8 inches, 128 x 160 px Display",1.8,128,160,,,0.3 MP Rear Camera,0.3 MP Rear Camera,1.0,0.3,,,,,,,1,,,Yes,Dedicated,64.0,"Memory Card Supported, upto 64 GB",Mocor,Mocor,,,
719,vivo,Vivo V25 Pro (12GB RAM + 256GB),39999,68.0,"Dual Sim, 5G, VoLTE, Wi-Fi",True,False,False,"Dimensity 1300, Octa Core, 3 GHz Processor",Dimensity 1300,Octa Core,3.0,"12 GB RAM, 256 GB inbuilt",12.0,256.0,4830 mAh Battery with 66W Fast Charging,4830,66.0,True,"6.56 inches, 1080 x 2376 px, 120 Hz Display with Punch Hole",6.56,1080,2376,120.0,Punch Hole,64 MP + 8 MP + 2 MP Triple Rear & 32 MP Front Camera,64 MP + 8 MP + 2 MP Triple Rear ,3.0,64,8,2,,,, 32 MP Front Camera,1,32,,,,,,Android v12,Android,8.0,Dimensity,MediaTek
720,realme,Realme C35 (4GB RAM + 128GB),10999,,"Dual Sim, 4G, VoLTE, Wi-Fi",False,False,False,"Tiger  T616, Octa Core, 2 GHz Processor",Tiger  T616,Octa Core,2.0,"4 GB RAM, 128 GB inbuilt",4.0,128.0,5000 mAh Battery with 18W Fast Charging,5000,18.0,True,"6.6 inches, 1080 x 2408 px, 90 Hz Display with Water Drop Notch",6.6,1080,2408,90.0,Water Drop Notch,50 MP + 2 MP + 2 MP Triple Rear & 8 MP Front Camera,50 MP + 2 MP + 2 MP Triple Rear ,3.0,50,2,2,,,, 8 MP Front Camera,1,8,,Yes,Dedicated,1024.0,"Memory Card Supported, upto 1 TB",Android v11,Android,8.0,Tiger,Unisoc
721,xiaomi,Xiaomi Redmi Note 11T 5G (8GB RAM + 128GB),19599,57.0,"Dual Sim, 5G, VoLTE, Wi-Fi, IR Blaster",True,False,True,"Dimensity  810 5G, Octa Core, 2.4 GHz Processor",Dimensity  810 5G,Octa Core,2.4,"8 GB RAM, 128 GB inbuilt",8.0,128.0,5000 mAh Battery with 33W Fast Charging,5000,33.0,True,"6.6 inches, 1080 x 2400 px, 90 Hz Display with Punch Hole",6.6,1080,2400,90.0,Punch Hole,50 MP + 8 MP Dual Rear & 16 MP Front Camera,50 MP + 8 MP Dual Rear ,2.0,50,8,,,,, 16 MP Front Camera,1,16,,Yes,Hybrid,1024.0,"Memory Card (Hybrid), upto 1 TB",Android v11,Android,8.0,Dimensity,MediaTek
722,samsung,Samsung Galaxy F22,14999,50.0,"Dual Sim, 4G, VoLTE, Wi-Fi",False,False,False,"Helio G80, Octa Core, 2 GHz Processor",Helio G80,Octa Core,2.0,"4 GB RAM, 64 GB inbuilt",4.0,64.0,6000 mAh Battery,6000,,False,"6.4 inches, 720 x 1600 px, 90 Hz Display with Water Drop Notch",6.4,720,1600,90.0,Water Drop Notch,48 MP Quad Rear & 13 MP Front Camera,48 MP Quad Rear ,4.0,48,,,,,, 13 MP Front Camera,1,13,,Yes,Dedicated,1024.0,"Memory Card Supported, upto 1 TB",Android v11,Android,8.0,Helio,MediaTek
723,oneplus,OnePlus 9R (12GB RAM + 256GB),37999,64.0,"Dual Sim, 5G, VoLTE, NFC, Wi-Fi",True,True,False,"Snapdragon 870, Octa Core, 3.2 GHz Processor",Snapdragon 870,Octa Core,3.2,"12 GB RAM, 256 GB inbuilt",12.0,256.0,4500 mAh Battery with 65W Fast Charging,4500,65.0,True,"6.55 inches, 1080 x 2400 px, 120 Hz Display with Punch Hole",6.55,1080,2400,120.0,Punch Hole,48 MP Quad Rear & 16 MP Front Camera,48 MP Quad Rear ,4.0,48,,,,,, 16 MP Front Camera,1,16,,No,Not Supported,,Memory Card Not Supported,Android v11,Android,8.0,Snapdragon,Qualcomm
724,poco,Poco X3 Pro,18990,57.0,"Dual Sim, 4G, VoLTE, Wi-Fi, IR Blaster",False,False,True,"Snapdragon 860, Octa Core, 2.96 GHz Processor",Snapdragon 860,Octa Core,2.96,"6 GB RAM, 128 GB inbuilt",6.0,128.0,5160 mAh Battery with 33W Fast Charging,5160,33.0,True,"6.67 inches, 1080 x 2400 px, 120 Hz Display with Punch Hole",6.67,1080,2400,120.0,Punch Hole,48 MP Quad Rear & 20 MP Front Camera,48 MP Quad Rear ,4.0,48,,,,,, 20 MP Front Camera,1,20,,Yes,Hybrid,,Memory Card (Hybrid),Android v11,Android,8.0,Snapdragon,Qualcomm
725,apple,Apple iPhone 8 Plus,77060,,"Single Sim, 4G, VoLTE, NFC, Wi-Fi",False,True,False,"Apple A11, Hexa Core, 2.39 GHz Processor",Apple A11,Hexa Core,2.39,"3 GB RAM, 64 GB inbuilt",3.0,64.0,2691 mAh Battery with Fast Charging,2691,,True,"5.5 inches, 1080 x 1920 px Display",5.5,1080,1920,,,12 MP + 12 MP Dual Rear & 7 MP Front Camera,12 MP + 12 MP Dual Rear ,2.0,12,12,,,,, 7 MP Front Camera,1,7,,No,Not Supported,,Memory Card Not Supported,iOS v11,iOS,6.0,Apple,Apple
726,philips,Philips S7221 5G (6GB RAM + 128GB),22499,52.0,"Dual Sim, 5G, Wi-Fi",True,False,False,"Unisoc T765, Octa Core, 2 GHz Processor",Unisoc T765,Octa Core,2.0,"6 GB RAM, 128 GB inbuilt",6.0,128.0,5700 mAh Battery with 18W Fast Charging,5700,18.0,True,"6.67 inches, 720 x 1612 px Display with Punch Hole",6.67,720,1612,,Punch Hole,64 MP + 0.08 MP Dual Rear & 16 MP Front Camera,64 MP + 0.08 MP Dual Rear ,2.0,64,0.08,,,,, 16 MP Front Camera,1,16,,,,,,Android v16,Android,8.0,Unisoc,Unisoc
727,mtr,MTR M17 Max,9600,,"Dual Sim, 4G, Wi-Fi",False,False,False,512 MHz Processor,,,0.512,"3 GB RAM, 32 GB inbuilt",3.0,32.0,5000 mAh Battery,5000,,False,"6.5 inches, 320 x 480 px Display with Punch Hole",6.5,320,480,,Punch Hole,8 MP Rear Camera,8 MP Rear Camera,1.0,8,,,,,,,1,,,,,,,Android v12.0,Android,,,
728,tecno,Tecno Pova 8 Pro 5G (12GB RAM + 512GB),54999,75.0,"Dual Sim, 5G, VoLTE, NFC, Wi-Fi, IR Blaster",True,True,True,"Dimensity 7400 Ultimate, Octa Core, 2.6 GHz Processor",Dimensity 7400 Ultimate,Octa Core,2.6,"12 GB RAM, 512 GB inbuilt",12.0,512.0,6500 mAh Battery with 45W Fast Charging,6500,45.0,True,"6.78 inches, 1208 x 2644 px, 144 Hz Display with Punch Hole",6.78,1208,2644,144.0,Punch Hole,50 MP + 8 MP Dual Rear & 13 MP Front Camera,50 MP + 8 MP Dual Rear ,2.0,50,8,,,,, 13 MP Front Camera,1,13,,,,,,Android v16,Android,8.0,Dimensity,MediaTek
729,oppo,OPPO Reno16c x BABYMONSTER,49999,75.0,"Dual Sim, 5G, VoLTE, Vo5G, Wi-Fi",True,False,False,"Dimensity 7300 Energy, Octa Core, 2.5 GHz Processor",Dimensity 7300 Energy,Octa Core,2.5,"8 GB RAM, 128 GB inbuilt",8.0,128.0,7000 mAh Battery with 80W Fast Charging,7000,80.0,True,"6.57 inches, 2372 x 1080 px, 120 Hz Display with Punch Hole",6.57,2372,1080,120.0,Punch Hole,50 MP + 50 MP + 8 MP Triple Rear & 50 MP Front Camera,50 MP + 50 MP + 8 MP Triple Rear ,3.0,50,50,8,,,, 50 MP Front Camera,1,50,,Yes,Hybrid,,Memory Card (Hybrid),Android v16,Android,8.0,Dimensity,MediaTek
730,ringme,Ringme Bold 17 Pro (6GB RAM + 64GB),12018,,"Dual Sim, 4G, VoLTE, Wi-Fi",False,False,False,"Dual Core, 1.7 GHz Processor",,Dual Core,,"6 GB RAM, 64 GB inbuilt",6.0,64.0,4000 mAh Battery,4000,,False,"6.68 inches, 1640 x 720 px Display",6.68,1640,720,,,13 MP Rear Camera,13 MP Rear Camera,1.0,13,,,,,,,1,,,,,,,Android v12,Android,2.0,,
731,jmax,Jmax 1272,1499,,Dual Sim,False,False,False,Single Core Processor,,Single Core,,"32 MB RAM, 32 MB inbuilt",32.0,32.0,1100 mAh Battery,1100,,False,"2.4 inches, 320 x 480 px Display",2.4,320,480,,,No Rear Camera,No Rear Camera,0.0,,,,,,,,1,,,,,,,Symbian v30,Mocor,1.0,,
732,tecno,Tecno Pova 8 5G (8GB RAM + 128GB),31999,64.0,"Dual Sim, 5G, VoLTE, NFC, Wi-Fi, IR Blaster",True,True,True,"Dimensity 7100, Octa Core, 2.4 GHz Processor",Dimensity 7100,Octa Core,2.4,"8 GB RAM, 128 GB inbuilt",8.0,128.0,8000 mAh Battery with Fast Charging,8000,,True,"6.76 inches, 1080 x 2344 px, 144 Hz Display with Punch Hole",6.76,1080,2344,144.0,Punch Hole,50 MP Dual Rear & 13 MP Front Camera,50 MP Dual Rear ,2.0,50,,,,,, 13 MP Front Camera,1,13,,Yes,Hybrid,1024.0,"Memory Card (Hybrid), upto 1 TB",Android v16,Android,8.0,Dimensity,MediaTek
733,infinix,Infinix Smart 20 (4GB RAM + 128GB),13990,,"Dual Sim, 4G, Wi-Fi, IR Blaster",False,False,True,"Helio G81 Ultimate, Octa Core, 2 GHz Processor",Helio G81 Ultimate,Octa Core,2.0,"4 GB RAM, 128 GB inbuilt",4.0,128.0,5200 mAh Battery with 15W Fast Charging,5200,15.0,True,"6.78 inches, 720 x 1576 px, 120 Hz Display with Punch Hole",6.78,720,1576,120.0,Punch Hole,8 MP Rear & 8 MP Front Camera,8 MP Rear ,1.0,8,,,,,, 8 MP Front Camera,1,8,,Yes,Dedicated,2048.0,"Memory Card Supported, upto 2 TB",Android v16,Android,8.0,Helio,MediaTek
734,lava,Lava Bold N2 5G,13499,,"Dual Sim, 5G, VoLTE, Wi-Fi",True,False,False,"Unisoc T8200, Octa Core Processor",Unisoc T8200,Octa Core,,"4 GB RAM, 64 GB inbuilt",4.0,64.0,6000 mAh Battery with 18W Fast Charging,6000,18.0,True,"6.75 inches, 720 x 1600 px, 120 Hz Display with Water Drop Notch",6.75,720,1600,120.0,Water Drop Notch,13 MP Dual Rear & 5 MP Front Camera,13 MP Dual Rear ,2.0,13,,,,,, 5 MP Front Camera,1,5,,Yes,Dedicated,1024.0,"Memory Card Supported, upto 1 TB",Android v16,Android,8.0,Unisoc,Unisoc
735,poco,POCO C81,11963,,"Dual Sim, 4G, VoLTE, Wi-Fi",False,False,False,"Unisoc T7250, Octa Core, 1.8 GHz Processor",Unisoc T7250,Octa Core,1.8,"4 GB RAM, 64 GB inbuilt",4.0,64.0,6300 mAh Battery with 15W Fast Charging,6300,15.0,True,"6.9 inches, 720 x 1600 px, 120 Hz Display with Water Drop Notch",6.9,720,1600,120.0,Water Drop Notch,13 MP Rear & 8 MP Front Camera,13 MP Rear ,1.0,13,,,,,, 8 MP Front Camera,1,8,,Yes,Dedicated,2048.0,"Memory Card Supported, upto 2 TB",Android v16,Android,8.0,Unisoc,Unisoc
736,poco,POCO C81x,10918,,"Dual Sim, 4G, VoLTE, Wi-Fi",False,False,False,"Unisoc T7250, Octa Core, 1.8 GHz Processor",Unisoc T7250,Octa Core,1.8,"3 GB RAM, 64 GB inbuilt",3.0,64.0,5200 mAh Battery with 15W Fast Charging,5200,15.0,True,"6.88 inches, 720 x 1640 px, 120 Hz Display with Water Drop Notch",6.88,720,1640,120.0,Water Drop Notch,13 MP Rear & 8 MP Front Camera,13 MP Rear ,1.0,13,,,,,, 8 MP Front Camera,1,8,,Yes,Dedicated,2048.0,"Memory Card Supported, upto 2 TB",Android v15,Android,8.0,Unisoc,Unisoc
737,xiaomi,Xiaomi Redmi A7 4G,12445,,"Dual Sim, 4G, VoLTE, Wi-Fi",False,False,False,"Unisoc T7250, Octa Core, 1.8 GHz Processor",Unisoc T7250,Octa Core,1.8,"3 GB RAM, 64 GB inbuilt",3.0,64.0,5200 mAh Battery with 15W Fast Charging,5200,15.0,True,"6.88 inches, 1640 x 720 px, 120 Hz Display with Water Drop Notch",6.88,1640,720,120.0,Water Drop Notch,13 MP Rear & 8 MP Front Camera,13 MP Rear ,1.0,13,,,,,, 8 MP Front Camera,1,8,,Yes,Dedicated,2048.0,"Memory Card Supported, upto 2 TB",Android v15,Android,8.0,Unisoc,Unisoc
738,ai+,Ai+ Nova 2,13627,53.0,"Dual Sim, 5G, VoLTE, Wi-Fi",True,False,False,"Unisoc T8200, Octa Core, 2.3 GHz Processor",Unisoc T8200,Octa Core,2.3,"4 GB RAM, 64 GB inbuilt",4.0,64.0,6000 mAh Battery with 18W Fast Charging,6000,18.0,True,"6.74 inches, 720 x 1600 px, 120 Hz Display with Punch Hole",6.74,720,1600,120.0,Punch Hole,50 MP Rear & 8 MP Front Camera,50 MP Rear ,1.0,50,,,,,, 8 MP Front Camera,1,8,,Yes,Dedicated,1024.0,"Memory Card Supported, upto 1 TB",Android v16,Android,8.0,Unisoc,Unisoc
739,lava,Lava Hero Shakti 2026,956,,Dual Sim,False,False,False,1.5 MHz Processor,,,0.002,"4 MB RAM, 32 GB inbuilt",4.0,32.0,1000 mAh Battery,1000,,False,"1.8 inches, 160 x 128 px Display",1.8,160,128,,,No Rear Camera,No Rear Camera,0.0,,,,,,,,1,,,Yes,Hybrid,,Memory Card (Hybrid),,Mocor,,,
740,realme,Realme 16 5G (12GB RAM + 256GB),40999,71.0,"Dual Sim, 5G, VoLTE, Wi-Fi",True,False,False,"Dimensity 6400 Turbo, Octa Core, 2.5 GHz Processor",Dimensity 6400 Turbo,Octa Core,2.5,"12 GB RAM, 256 GB inbuilt",12.0,256.0,7000 mAh Battery with 60W Fast Charging,7000,60.0,True,"6.57 inches, 1080 x 2372 px, 120 Hz Display with Punch Hole",6.57,1080,2372,120.0,Punch Hole,50 MP + 2 MP Dual Rear & 50 MP Front Camera,50 MP + 2 MP Dual Rear ,2.0,50,2,,,,, 50 MP Front Camera,1,50,,Yes,Hybrid,,Memory Card (Hybrid),Android v16,Android,8.0,Dimensity,MediaTek
741,realme,Realme P4 Lite 5G (6GB RAM + 128GB),21599,50.0,"Dual Sim, 5G, VoLTE, Wi-Fi",True,False,False,"Dimensity 6300, Octa Core, 2.4 GHz Processor",Dimensity 6300,Octa Core,2.4,"6 GB RAM, 128 GB inbuilt",6.0,128.0,7000 mAh Battery with 15W Fast Charging,7000,15.0,True,"6.81 inches, 720 x 1570 px, 144 Hz Display with Punch Hole",6.81,720,1570,144.0,Punch Hole,13 MP Rear & 5 MP Front Camera,13 MP Rear ,1.0,13,,,,,, 5 MP Front Camera,1,5,,Yes,Hybrid,,Memory Card (Hybrid),Android v16,Android,8.0,Dimensity,MediaTek
742,realme,Realme P4 Lite 4G (4GB RAM + 128GB),13999,,"Dual Sim, 4G, Wi-Fi",False,False,False,"Unisoc T7250, Octa Core, 1.8 GHz Processor",Unisoc T7250,Octa Core,1.8,"4 GB RAM, 128 GB inbuilt",4.0,128.0,6300 mAh Battery with 15W Fast Charging,6300,15.0,True,"6.74 inches, 720 x 1600 px Display",6.74,720,1600,,,13 MP Rear & 5 MP Front Camera,13 MP Rear ,1.0,13,,,,,, 5 MP Front Camera,1,5,,Yes,Dedicated,,Memory Card Supported,Android v15,Android,8.0,Unisoc,Unisoc
743,iqoo,iQOO Z10 Lite 5G (4GB RAM + 64GB),16999,50.0,"Dual Sim, 5G, VoLTE, Wi-Fi",True,False,False,"Dimensity 6300, Octa Core, 2.4 GHz Processor",Dimensity 6300,Octa Core,2.4,"4 GB RAM, 64 GB inbuilt",4.0,64.0,6000 mAh Battery with 15W Fast Charging,6000,15.0,True,"6.74 inches, 720 x 1600 px, 90 Hz Display",6.74,720,1600,90.0,,50 MP + 2 MP Dual Rear & 5 MP Front Camera,50 MP + 2 MP Dual Rear ,2.0,50,2,,,,, 5 MP Front Camera,1,5,,,,,,Android v15,Android,8.0,Dimensity,MediaTek
744,mtr,MTR M16 Pro,6400,,"Dual Sim, 4G, Wi-Fi",False,False,False,"Helio, 512 MHz Processor",Helio,,0.512,"3 GB RAM, 32 MB inbuilt",3.0,32.0,2000 mAh Battery,2000,,False,"4 inches, 480 x 640 px Display with Punch Hole",4.0,480,640,,Punch Hole,5 MP Rear Camera,5 MP Rear Camera,1.0,5,,,,,,,1,,,,,,,Android v13.0,Android,,Helio,MediaTek
745,vivo,Vivo Y19s 5G (4GB RAM + 128GB),20799,50.0,"Dual Sim, 5G, VoLTE, Wi-Fi",True,False,False,"Dimensity 6300, Octa Core, 2.4 GHz Processor",Dimensity 6300,Octa Core,2.4,"4 GB RAM, 128 GB inbuilt",4.0,128.0,6000 mAh Battery with 15W Fast Charging,6000,15.0,True,"6.74 inches, 720 x 1600 px, 90 Hz Display with Water Drop Notch",6.74,720,1600,90.0,Water Drop Notch,13 MP + 0.08 MP Dual Rear & 5 MP Front Camera,13 MP + 0.08 MP Dual Rear ,2.0,13,0.08,,,,, 5 MP Front Camera,1,5,,Yes,Dedicated,,Memory Card Supported,Android v15,Android,8.0,Dimensity,MediaTek
746,iqoo,iQOO Z10R (12GB RAM + 256GB),32999,67.0,"Dual Sim, 5G, VoLTE, Vo5G, Wi-Fi",True,False,False,"Dimensity 7400, Octa Core, 2.6 GHz Processor",Dimensity 7400,Octa Core,2.6,"12 GB RAM, 256 GB inbuilt",12.0,256.0,5700 mAh Battery with 44W Fast Charging,5700,44.0,True,"6.77 inches, 1080 x 2392 px, 120 Hz Display with Punch Hole",6.77,1080,2392,120.0,Punch Hole,50 MP + 2 MP Dual Rear & 32 MP Front Camera,50 MP + 2 MP Dual Rear ,2.0,50,2,,,,, 32 MP Front Camera,1,32,,No,Not Supported,,Memory Card Not Supported,Android v15,Android,8.0,Dimensity,MediaTek
747,realme,Realme C71,12599,,"Dual Sim, 4G, Wi-Fi",False,False,False,"Unisoc UMS9230E, Octa Core, 1.8 GHz Processor",Unisoc UMS9230E,Octa Core,1.8,"4 GB RAM, 64 GB inbuilt",4.0,64.0,6300 mAh Battery with 15W Fast Charging,6300,15.0,True,"6.75 inches, 720 x 1600 px, 90 Hz Display with Water Drop Notch",6.75,720,1600,90.0,Water Drop Notch,13 MP Rear & 5 MP Front Camera,13 MP Rear ,1.0,13,,,,,, 5 MP Front Camera,1,5,,Yes,Dedicated,,Memory Card Supported,Android v15,Android,8.0,Unisoc,Unisoc
748,iqoo,iQOO Z10 Lite 5G (6GB RAM + 128GB),23999,52.0,"Dual Sim, 5G, VoLTE, Wi-Fi",True,False,False,"Dimensity 6300, Octa Core, 2.4 GHz Processor",Dimensity 6300,Octa Core,2.4,"6 GB RAM, 128 GB inbuilt",6.0,128.0,6000 mAh Battery with 15W Fast Charging,6000,15.0,True,"6.74 inches, 720 x 1600 px, 90 Hz Display",6.74,720,1600,90.0,,50 MP + 2 MP Dual Rear & 5 MP Front Camera,50 MP + 2 MP Dual Rear ,2.0,50,2,,,,, 5 MP Front Camera,1,5,,,,,,Android v15,Android,8.0,Dimensity,MediaTek
749,alcatel,Alcatel V3 Classic,13990,55.0,"Dual Sim, 5G, VoLTE, NFC, Wi-Fi",True,True,False,"Dimensity 6300, Octa Core, 2.4 GHz Processor",Dimensity 6300,Octa Core,2.4,"4 GB RAM, 128 GB inbuilt",4.0,128.0,5200 mAh Battery with 18W Fast Charging,5200,18.0,True,"6.67 inches, 720 x 1600 px, 120 Hz Display with Punch Hole",6.67,720,1600,120.0,Punch Hole,50 MP + 0.08 MP Dual Rear & 8 MP Front Camera,50 MP + 0.08 MP Dual Rear ,2.0,50,0.08,,,,, 8 MP Front Camera,1,8,,Yes,Hybrid,2048.0,"Memory Card (Hybrid), upto 2 TB",Android v15,Android,8.0,Dimensity,MediaTek
750,oppo,Oppo A5 Pro 5G,29490,58.0,"Dual Sim, 5G, VoLTE, Wi-Fi",True,False,False,"Dimensity 6300, Octa Core, 2.4 GHz Processor",Dimensity 6300,Octa Core,2.4,"8 GB RAM, 128 GB inbuilt",8.0,128.0,5800 mAh Battery with 45W Fast Charging,5800,45.0,True,"6.67 inches, 720 x 1604 px, 120 Hz Display with Punch Hole",6.67,720,1604,120.0,Punch Hole,50 MP + 2 MP Dual Rear & 8 MP Front Camera,50 MP + 2 MP Dual Rear ,2.0,50,2,,,,, 8 MP Front Camera,1,8,,,,,,Android v15,Android,8.0,Dimensity,MediaTek
751,samsung,Samsung Galaxy M06 (6GB RAM + 128GB),18999,,"Dual Sim, 5G, VoLTE, Wi-Fi",True,False,False,"Dimensity 6300, Octa Core, 2.4 GHz Processor",Dimensity 6300,Octa Core,2.4,"6 GB RAM, 128 GB inbuilt",6.0,128.0,5000 mAh Battery with 25W Fast Charging,5000,25.0,True,"6.74 inches, 720 x 1600 px, 90 Hz Display with Water Drop Notch",6.74,720,1600,90.0,Water Drop Notch,50 MP + 2 MP Dual Rear & 8 MP Front Camera,50 MP + 2 MP Dual Rear ,2.0,50,2,,,,, 8 MP Front Camera,1,8,,Yes,Hybrid,1536.0,"Memory Card (Hybrid), upto 1.5 TB",Android v15,Android,8.0,Dimensity,MediaTek
752,oppo,OPPO Reno 13 5G (8GB+256GB),43999,72.0,"Dual Sim, 5G, VoLTE, NFC, Wi-Fi, IR Blaster",True,True,True,"Dimensity 8350, Octa Core, 3.35 GHz Processor",Dimensity 8350,Octa Core,3.35,"8 GB RAM, 256 GB inbuilt",8.0,256.0,5600 mAh Battery with 80W Fast Charging,5600,80.0,True,"6.59 inches, 1256 x 2760 px, 120 Hz Display with Punch Hole",6.59,1256,2760,120.0,Punch Hole,50 MP + 8 MP + 2 MP Triple Rear & 50 MP Front Camera,50 MP + 8 MP + 2 MP Triple Rear ,3.0,50,8,2,,,, 50 MP Front Camera,1,50,,,,,,Android v15,Android,8.0,Dimensity,MediaTek
753,realme,Realme GT 7 Pro (16GB RAM + 512GB),65999,,"Dual Sim, 5G, VoLTE, NFC, Wi-Fi, IR Blaster",True,True,True,"Snapdragon 8 Elite, Octa Core, 4.32 GHz Processor",Snapdragon 8 Elite,Octa Core,4.32,"16 GB RAM, 512 GB inbuilt",16.0,512.0,5800 mAh Battery with 120W Fast Charging,5800,120.0,True,"6.78 inches, 1264 x 2780 px, 120 Hz Display with Punch Hole",6.78,1264,2780,120.0,Punch Hole,50 MP + 50 MP + 8 MP Triple Rear & 16 MP Front Camera,50 MP + 50 MP + 8 MP Triple Rear ,3.0,50,50,8,,,, 16 MP Front Camera,1,16,,No,Not Supported,,Memory Card Not Supported,Android v15,Android,8.0,Snapdragon,Qualcomm
754,nokia,Nokia 6310 (2024),3499,,Dual Sim,False,False,False,Unisoc 6531F,Unisoc 6531F,,,"8 MB RAM, 16 MB inbuilt",8.0,16.0,1450 mAh Battery,1450,,False,"2.8 inches, 240 x 320 px Display",2.8,240,320,,,0.3 MP Rear Camera,0.3 MP Rear Camera,1.0,0.3,,,,,,,1,,,Yes,Dedicated,32.0,"Memory Card Supported, upto 32 GB",S30+,S30+ / Feature OS,,Unisoc,Unisoc
755,oppo,OPPO A3x 4G,17900,,"Dual Sim, 4G, VoLTE, Wi-Fi",False,False,False,"Snapdragon 6s Gen1 4G, Octa Core Processor",Snapdragon 6s Gen1 4G,Octa Core,,"4 GB RAM, 64 GB inbuilt",4.0,64.0,5100 mAh Battery with 45W Fast Charging,5100,45.0,True,"6.67 inches, 720 x 1604 px, 90 Hz Display with Punch Hole",6.67,720,1604,90.0,Punch Hole,8 MP Dual Rear & 5 MP Front Camera,8 MP Dual Rear ,2.0,8,,,,,, 5 MP Front Camera,1,5,,Yes,Hybrid,,Memory Card (Hybrid),Android v14,Android,8.0,Snapdragon,Qualcomm
756,oppo,OPPO F27 5G,26499,61.0,"Dual Sim, 5G, VoLTE, Wi-Fi",True,False,False,"Dimensity 6300, Octa Core, 2.4 GHz Processor",Dimensity 6300,Octa Core,2.4,"8 GB RAM, 128 GB inbuilt",8.0,128.0,5000 mAh Battery with 45W Fast Charging,5000,45.0,True,"6.67 inches, 1080 x 2412 px, 120 Hz Display with Punch Hole",6.67,1080,2412,120.0,Punch Hole,50 MP + 2 MP Dual Rear & 32 MP Front Camera,50 MP + 2 MP Dual Rear ,2.0,50,2,,,,, 32 MP Front Camera,1,32,,Yes,Hybrid,2048.0,"Memory Card (Hybrid), upto 2 TB",Android v14,Android,8.0,Dimensity,MediaTek
757,samsung,Samsung Galaxy M35 5G (8GB RAM + 128GB),30999,61.0,"Dual Sim, 5G, VoLTE, NFC, Wi-Fi",True,True,False,"Exynos 1380, Octa Core, 2.4 GHz Processor",Exynos 1380,Octa Core,2.4,"8 GB RAM, 128 GB inbuilt",8.0,128.0,6000 mAh Battery with 25W Fast Charging,6000,25.0,True,"6.6 inches, 1080 x 2340 px, 120 Hz Display with Punch Hole",6.6,1080,2340,120.0,Punch Hole,50 MP + 8 MP + 2 MP Triple Rear & 13 MP Front Camera,50 MP + 8 MP + 2 MP Triple Rear ,3.0,50,8,2,,,, 13 MP Front Camera,1,13,,Yes,Hybrid,1024.0,"Memory Card (Hybrid), upto 1 TB",Android v14,Android,8.0,Exynos,Samsung
758,vivo,Vivo Y58 5G,29999,59.0,"Dual Sim, 5G, VoLTE, Wi-Fi",True,False,False,"Snapdragon 4 Gen2, Octa Core, 2.2 GHz Processor",Snapdragon 4 Gen2,Octa Core,2.2,"8 GB RAM, 128 GB inbuilt",8.0,128.0,6000 mAh Battery with 44W Fast Charging,6000,44.0,True,"6.72 inches, 1080 x 2408 px, 120 Hz Display with Punch Hole",6.72,1080,2408,120.0,Punch Hole,50 MP + 2 MP Dual Rear & 8 MP Front Camera,50 MP + 2 MP Dual Rear ,2.0,50,2,,,,, 8 MP Front Camera,1,8,,Yes,Hybrid,1024.0,"Memory Card (Hybrid), upto 1 TB",Android v14,Android,8.0,Snapdragon,Qualcomm
759,samsung,Samsung Galaxy M55 (8GB RAM + 256GB),31999,66.0,"Dual Sim, 5G, VoLTE, NFC, Wi-Fi",True,True,False,"Snapdragon 7 Gen1, Octa Core, 2.4 GHz Processor",Snapdragon 7 Gen1,Octa Core,2.4,"8 GB RAM, 256 GB inbuilt",8.0,256.0,5000 mAh Battery with 45W Fast Charging,5000,45.0,True,"6.67 inches, 1080 x 2400 px, 120 Hz Display with Punch Hole",6.67,1080,2400,120.0,Punch Hole,50 MP + 8 MP + 2 MP Triple Rear & 50 MP Front Camera,50 MP + 8 MP + 2 MP Triple Rear ,3.0,50,8,2,,,, 50 MP Front Camera,1,50,,Yes,Hybrid,1024.0,"Memory Card (Hybrid), upto 1 TB",Android v14,Android,8.0,Snapdragon,Qualcomm
760,itel,itel Power 450,1699,,Dual Sim,False,False,False,,,,,,,,2500 mAh Battery,2500,,False,"2.4 inches, 240 x 320 px Display",2.4,240,320,,,0.3 MP Rear Camera,0.3 MP Rear Camera,1.0,0.3,,,,,,,1,,,Yes,Dedicated,32.0,"Memory Card Supported, upto 32 GB",Nucleus,Mocor,,,
761,xiaomi,Xiaomi Redmi Note 13 Pro 5G (8GB RAM + 256GB),30999,67.0,"Dual Sim, 5G, VoLTE, Wi-Fi, IR Blaster",True,False,True,"Snapdragon 7s Gen 2, Octa Core, 2.4 GHz Processor",Snapdragon 7s Gen 2,Octa Core,2.4,"8 GB RAM, 256 GB inbuilt",8.0,256.0,5100 mAh Battery with 67W Fast Charging,5100,67.0,True,"6.67 inches, 1220 x 2712 px, 120 Hz Display with Punch Hole",6.67,1220,2712,120.0,Punch Hole,200 MP + 8 MP + 2 MP Triple Rear & 16 MP Front Camera,200 MP + 8 MP + 2 MP Triple Rear ,3.0,200,8,2,,,, 16 MP Front Camera,1,16,,,,,,Android v13,Android,8.0,Snapdragon,Qualcomm
762,nokia,Nokia 105 Classic 2023,1029,,Single Sim,False,False,False,,,,,"4 MB RAM, 4 MB inbuilt",4.0,4.0,800 mAh Battery,800,,False,"1.77 inches, 128 x 160 px Display",1.77,128,160,,,No Rear Camera,No Rear Camera,0.0,,,,,,,,1,,,,,,,S30+,S30+ / Feature OS,,,
763,samsung,Samsung Galaxy S23 FE 5G (8GB RAM + 256GB),84999,70.0,"Dual Sim, 5G, VoLTE, Vo5G, NFC, Wi-Fi",True,True,False,"Exynos 2200, Octa Core, 2.8 GHz Processor",Exynos 2200,Octa Core,2.8,"8 GB RAM, 256 GB inbuilt",8.0,256.0,4500 mAh Battery with 25W Fast Charging,4500,25.0,True,"6.4 inches, 1080 x 2340 px, 120 Hz Display with Punch Hole",6.4,1080,2340,120.0,Punch Hole,50 MP + 12 MP + 8 MP Triple Rear & 10 MP Front Camera,50 MP + 12 MP + 8 MP Triple Rear ,3.0,50,12,8,,,, 10 MP Front Camera,1,10,,No,Not Supported,,Memory Card Not Supported,Android v13,Android,8.0,Exynos,Samsung
764,motorola,Motorola Edge 40 Neo (12GB RAM + 256GB),29499,66.0,"Dual Sim, 5G, VoLTE, NFC, Wi-Fi",True,True,False,"Dimensity 7030, Octa Core, 2.5 GHz Processor",Dimensity 7030,Octa Core,2.5,"12 GB RAM, 256 GB inbuilt",12.0,256.0,5000 mAh Battery with 68W Fast Charging,5000,68.0,True,"6.55 inches, 1080 x 2400 px, 144 Hz Display with Punch Hole",6.55,1080,2400,144.0,Punch Hole,50 MP + 13 MP Dual Rear & 32 MP Front Camera,50 MP + 13 MP Dual Rear ,2.0,50,13,,,,, 32 MP Front Camera,1,32,,,,,,Android v13,Android,8.0,Dimensity,MediaTek
765,apple,Apple iPhone 15 Pro Max (1TB),199900,74.0,"Dual Sim, 5G, VoLTE, NFC, Wi-Fi",True,True,False,"Bionic A17 Pro, Hexa Core, 3.78 GHz Processor",Bionic A17 Pro,Hexa Core,3.78,"8 GB RAM, 1 TB inbuilt",8.0,1.0,4441 mAh Battery with Fast Charging,4441,,True,"6.7 inches, 1290 x 2796 px, 120 Hz Display with Dynamic Island",6.7,1290,2796,120.0,Dynamic Island,48 MP + 12 MP + 12 MP Triple Rear & 12 MP Front Camera,48 MP + 12 MP + 12 MP Triple Rear ,3.0,48,12,12,,,, 12 MP Front Camera,1,12,,No,Not Supported,,Memory Card Not Supported,iOS v17,iOS,6.0,Bionic,Apple
766,jio,Jio Bharat K1 Karbonn,1249,,"Single Sim, 4G, VoLTE",False,False,False,ASR,ASR,,,"512 MB RAM, 4 GB inbuilt",512.0,4.0,1000 mAh Battery,1000,,False,"1.77 inches, 240 x 320 px Display",1.77,240,320,,,0.3 MP Rear Camera,0.3 MP Rear Camera,1.0,0.3,,,,,,,1,,,Yes,Dedicated,128.0,"Memory Card Supported, upto 128 GB",,Mocor,,ASR,ASR
767,samsung,Samsung Galaxy A54 5G,41999,70.0,"Dual Sim, 5G, VoLTE, NFC, Wi-Fi",True,True,False,"Exynos 1380, Octa Core, 2.4 GHz Processor",Exynos 1380,Octa Core,2.4,"8 GB RAM, 128 GB inbuilt",8.0,128.0,5000 mAh Battery with 25W Fast Charging,5000,25.0,True,"6.4 inches, 1080 x 2340 px, 120 Hz Display with Punch Hole",6.4,1080,2340,120.0,Punch Hole,50 MP + 12 MP + 5 MP Triple Rear & 32 MP Front Camera,50 MP + 12 MP + 5 MP Triple Rear ,3.0,50,12,5,,,, 32 MP Front Camera,1,32,,Yes,Hybrid,1024.0,"Memory Card (Hybrid), upto 1 TB",Android v13,Android,8.0,Exynos,Samsung
768,samsung,Samsung Galaxy A34 5G (8GB RAM + 256GB),39499,67.0,"Dual Sim, 5G, VoLTE, NFC, Wi-Fi",True,True,False,"Dimensity 1080, Octa Core, 2.6 GHz Processor",Dimensity 1080,Octa Core,2.6,"8 GB RAM, 256 GB inbuilt",8.0,256.0,5000 mAh Battery with 25W Fast Charging,5000,25.0,True,"6.6 inches, 1080 x 2340 px, 120 Hz Display with Water Drop Notch",6.6,1080,2340,120.0,Water Drop Notch,48 MP + 8 MP + 5 MP Triple Rear & 13 MP Front Camera,48 MP + 8 MP + 5 MP Triple Rear ,3.0,48,8,5,,,, 13 MP Front Camera,1,13,,Yes,Hybrid,1024.0,"Memory Card (Hybrid), upto 1 TB",Android v13,Android,8.0,Dimensity,MediaTek
769,oneplus,OnePlus 11 (16GB RAM + 256GB),61999,76.0,"Dual Sim, 5G, VoLTE, NFC, Wi-Fi",True,True,False,"Snapdragon 8 Gen2, Octa Core, 3.2 GHz Processor",Snapdragon 8 Gen2,Octa Core,3.2,"16 GB RAM, 256 GB inbuilt",16.0,256.0,5000 mAh Battery with 100W Fast Charging,5000,100.0,True,"6.7 inches, 1440 x 3216 px, 120 Hz Display with Punch Hole",6.7,1440,3216,120.0,Punch Hole,50 MP + 48 MP + 32 MP Triple Rear & 16 MP Front Camera,50 MP + 48 MP + 32 MP Triple Rear ,3.0,50,48,32,,,, 16 MP Front Camera,1,16,,No,Not Supported,,Memory Card Not Supported,Android v13,Android,8.0,Snapdragon,Qualcomm
770,samsung,Samsung Galaxy A14 5G (6GB RAM + 128GB),20999,53.0,"Dual Sim, 5G, VoLTE, Wi-Fi",True,False,False,"Exynos 1330, Octa Core, 2.4 GHz Processor",Exynos 1330,Octa Core,2.4,"6 GB RAM, 128 GB inbuilt",6.0,128.0,5000 mAh Battery with 15W Fast Charging,5000,15.0,True,"6.6 inches, 1080 x 2408 px, 90 Hz Display with Water Drop Notch",6.6,1080,2408,90.0,Water Drop Notch,50 MP + 2 MP + 2 MP Triple Rear & 13 MP Front Camera,50 MP + 2 MP + 2 MP Triple Rear ,3.0,50,2,2,,,, 13 MP Front Camera,1,13,,Yes,Dedicated,1024.0,"Memory Card Supported, upto 1 TB",Android v13,Android,8.0,Exynos,Samsung
771,google,Google Pixel 7 5G,30999,66.0,"Dual Sim, 5G, VoLTE, NFC, Wi-Fi",True,True,False,"Tensor G2, Octa Core, 2.85 GHz Processor",Tensor G2,Octa Core,2.85,"8 GB RAM, 128 GB inbuilt",8.0,128.0,4355 mAh Battery with 30W Fast Charging,4355,30.0,True,"6.3 inches, 1080 x 2400 px, 90 Hz Display with Punch Hole",6.3,1080,2400,90.0,Punch Hole,50 MP + 12 MP Dual Rear & 10.8 MP Front Camera,50 MP + 12 MP Dual Rear ,2.0,50,12,,,,, 10.8 MP Front Camera,1,10.8,,,,,,Android v13,Android,8.0,Tensor,Google
772,oppo,OPPO A17,14999,,"Dual Sim, 4G, VoLTE, Wi-Fi",False,False,False,"Helio G35, Octa Core, 2.3 GHz Processor",Helio G35,Octa Core,2.3,"4 GB RAM, 64 GB inbuilt",4.0,64.0,5000 mAh Battery with Fast Charging,5000,,True,"6.56 inches, 720 x 1612 px Display with Water Drop Notch",6.56,720,1612,,Water Drop Notch,50 MP + 2 MP Dual Rear & 5 MP Front Camera,50 MP + 2 MP Dual Rear ,2.0,50,2,,,,, 5 MP Front Camera,1,5,,Yes,Dedicated,1024.0,"Memory Card Supported, upto 1 TB",Android v12,Android,8.0,Helio,MediaTek
773,motorola,Motorola Moto G32,14999,,"Dual Sim, 4G, VoLTE, Wi-Fi",False,False,False,"Snapdragon 680, Octa Core, 2.4 GHz Processor",Snapdragon 680,Octa Core,2.4,"4 GB RAM, 64 GB inbuilt",4.0,64.0,5000 mAh Battery with 33W Fast Charging,5000,33.0,True,"6.55 inches, 1080 x 2400 px, 90 Hz Display with Punch Hole",6.55,1080,2400,90.0,Punch Hole,50 MP + 8 MP + 2 MP Triple Rear & 16 MP Front Camera,50 MP + 8 MP + 2 MP Triple Rear ,3.0,50,8,2,,,, 16 MP Front Camera,1,16,,Yes,Hybrid,1024.0,"Memory Card (Hybrid), upto 1 TB",Android v12,Android,8.0,Snapdragon,Qualcomm
774,poco,Poco M4 5G,14999,53.0,"Dual Sim, 5G, VoLTE, Wi-Fi, IR Blaster",True,False,True,"Dimensity 700 5G, Octa Core, 2.2 GHz Processor",Dimensity 700 5G,Octa Core,2.2,"4 GB RAM, 64 GB inbuilt",4.0,64.0,5000 mAh Battery with 18W Fast Charging,5000,18.0,True,"6.58 inches, 1080 x 2400 px, 90 Hz Display with Water Drop Notch",6.58,1080,2400,90.0,Water Drop Notch,50 MP + 2 MP Dual Rear & 8 MP Front Camera,50 MP + 2 MP Dual Rear ,2.0,50,2,,,,, 8 MP Front Camera,1,8,,Yes,Dedicated,512.0,"Memory Card Supported, upto 512 GB",Android v12,Android,8.0,Dimensity,MediaTek
775,iqoo,iQOO 9 Pro 5G (12GB RAM + 256GB),49999,72.0,"Dual Sim, 5G, VoLTE, NFC, Wi-Fi",True,True,False,"Snapdragon 8 Gen1, Octa Core, 3 GHz Processor",Snapdragon 8 Gen1,Octa Core,3.0,"12 GB RAM, 256 GB inbuilt",12.0,256.0,4700 mAh Battery with 120W Fast Charging,4700,120.0,True,"6.78 inches, 1440 x 3200 px, 120 Hz Display with Punch Hole",6.78,1440,3200,120.0,Punch Hole,50 MP + 50 MP + 16 MP Triple Rear & 16 MP Front Camera,50 MP + 50 MP + 16 MP Triple Rear ,3.0,50,50,16,,,, 16 MP Front Camera,1,16,,,,,,Android v12,Android,8.0,Snapdragon,Qualcomm
776,oppo,OPPO Reno7 5G,39999,64.0,"Dual Sim, 5G, VoLTE, NFC, Wi-Fi",True,True,False,"Dimensity 900, Octa Core, 2 GHz Processor",Dimensity 900,Octa Core,2.0,"8 GB RAM, 256 GB inbuilt",8.0,256.0,4500 mAh Battery with 65W Fast Charging,4500,65.0,True,"6.43 inches, 1080 x 2400 px, 90 Hz Display with Punch Hole",6.43,1080,2400,90.0,Punch Hole,64 MP + 8 MP + 2 MP Triple Rear & 32 MP Front Camera,64 MP + 8 MP + 2 MP Triple Rear ,3.0,64,8,2,,,, 32 MP Front Camera,1,32,,Yes,Dedicated,1024.0,"Memory Card Supported, upto 1 TB",Android v11,Android,8.0,Dimensity,MediaTek
777,infinix,Infinix Hot 11,9999,,"Dual Sim, 4G, VoLTE, Wi-Fi",False,False,False,"Helio G70, Octa Core, 2 GHz Processor",Helio G70,Octa Core,2.0,"4 GB RAM, 64 GB inbuilt",4.0,64.0,5200 mAh Battery,5200,,False,"6.6 inches, 1080 x 2408 px Display with Water Drop Notch",6.6,1080,2408,,Water Drop Notch,13 MP Dual Rear & 8 MP Front Camera,13 MP Dual Rear ,2.0,13,,,,,, 8 MP Front Camera,1,8,,Yes,Dedicated,256.0,"Memory Card Supported, upto 256 GB",Android v11,Android,8.0,Helio,MediaTek
778,realme,Realme 2 (3GB RAM + 32GB),9990,,"Dual Sim, 4G, VoLTE, Wi-Fi",False,False,False,"Snapdragon 450, Octa Core, 1.8 GHz Processor",Snapdragon 450,Octa Core,1.8,"3 GB RAM, 32 GB inbuilt",3.0,32.0,4230 mAh Battery,4230,,False,"6.2 inches, 720 x 1520 px Display with Small Notch",6.2,720,1520,,Small Notch,13 MP + 2 MP Dual Rear & 8 MP Front Camera,13 MP + 2 MP Dual Rear ,2.0,13,2,,,,, 8 MP Front Camera,1,8,,Yes,Dedicated,256.0,"Memory Card Supported, upto 256 GB",Android v8.1 (Oreo),Android,8.0,Snapdragon,Qualcomm
779,xiaomi,Xiaomi Redmi Y2,10499,,"Dual Sim, 4G, VoLTE, Wi-Fi, IR Blaster",False,False,True,"Snapdragon 625, Octa Core, 2 GHz Processor",Snapdragon 625,Octa Core,2.0,"3 GB RAM, 32 GB inbuilt",3.0,32.0,3080 mAh Battery,3080,,False,"5.99 inches, 720 x 1440 px Display",5.99,720,1440,,,12 MP + 5 MP Dual Rear & 16 MP Front Camera,12 MP + 5 MP Dual Rear ,2.0,12,5,,,,, 16 MP Front Camera,1,16,,Yes,Dedicated,128.0,"Memory Card Supported, upto 128 GB",Android v8.1 (Oreo),Android,8.0,Snapdragon,Qualcomm
780,lava,Lava Bold N2 5G (4GB RAM + 128GB),14499,,"Dual Sim, 5G, VoLTE, Wi-Fi",True,False,False,"Unisoc T8200, Octa Core Processor",Unisoc T8200,Octa Core,,"4 GB RAM, 128 GB inbuilt",4.0,128.0,6000 mAh Battery with 18W Fast Charging,6000,18.0,True,"6.75 inches, 720 x 1600 px, 120 Hz Display with Water Drop Notch",6.75,720,1600,120.0,Water Drop Notch,13 MP Dual Rear & 5 MP Front Camera,13 MP Dual Rear ,2.0,13,,,,,, 5 MP Front Camera,1,5,,Yes,Dedicated,1024.0,"Memory Card Supported, upto 1 TB",Android v16,Android,8.0,Unisoc,Unisoc
781,jmax,Jmax Hero Plus,999,,Dual Sim,False,False,False,"Single Core, 1.3 MHz Processor",,Single Core,0.001,"32 MB RAM, 32 MB inbuilt",32.0,32.0,3000 mAh Battery,3000,,False,1.8 inches Display,1.8,,,,,1 MP Rear Camera,1 MP Rear Camera,1.0,1,,,,,,,1,,,,,,,,Mocor,1.0,,
782,iqoo,iQOO Z11 5G (12GB RAM + 256GB),49999,75.0,"Dual Sim, 5G, VoLTE, Wi-Fi, IR Blaster",True,False,True,"Dimensity 7500 Turbo, Octa Core, 2.6 GHz Processor",Dimensity 7500 Turbo,Octa Core,2.6,"12 GB RAM, 256 GB inbuilt",12.0,256.0,7050 mAh Battery with 44W Fast Charging,7050,44.0,True,"6.83 inches, 1260 x 2800 px, 144 Hz Display with Punch Hole",6.83,1260,2800,144.0,Punch Hole,50 MP + 8 MP Dual Rear & 32 MP Front Camera,50 MP + 8 MP Dual Rear ,2.0,50,8,,,,, 32 MP Front Camera,1,32,,No,Not Supported,,Memory Card Not Supported,Android v16,Android,8.0,Dimensity,MediaTek
783,ringme,Ringme Bold 16 Pro,9899,,"Dual Sim, 4G, VoLTE, Wi-Fi",False,False,False,Dual Core Processor,,Dual Core,,"4 GB RAM, 64 GB inbuilt",4.0,64.0,3900 mAh Battery,3900,,False,"6.61 inches, 128 x 160 px Display",6.61,128,160,,,13 MP Rear Camera,13 MP Rear Camera,1.0,13,,,,,,,1,,,Yes,Hybrid,128.0,"Memory Card (Hybrid), upto 128 GB",,Android,2.0,,
784,itel,itel Zeno 100 Lite,8599,,"Dual Sim, 4G, Wi-Fi, IR Blaster",False,False,True,Octa Core Processor,,Octa Core,,"2 GB RAM, 64 GB inbuilt",2.0,64.0,5000 mAh Battery with Fast Charging,5000,,True,"6.6 inches, 720 x 1612 px, 90 Hz Display with Water Drop Notch",6.6,720,1612,90.0,Water Drop Notch,8 MP Rear & 5 MP Front Camera,8 MP Rear ,1.0,8,,,,,, 5 MP Front Camera,1,5,,Yes,Dedicated,,Memory Card Supported,Android v15,Android,8.0,,
785,ai+,Ai+ Nova 2 5G (4GB RAM + 128GB),14499,53.0,"Dual Sim, 5G, VoLTE, Wi-Fi",True,False,False,"Unisoc T8200, Octa Core, 2.3 GHz Processor",Unisoc T8200,Octa Core,2.3,"4 GB RAM, 128 GB inbuilt",4.0,128.0,6000 mAh Battery with 18W Fast Charging,6000,18.0,True,"6.74 inches, 720 x 1600 px, 120 Hz Display with Punch Hole",6.74,720,1600,120.0,Punch Hole,50 MP Rear & 8 MP Front Camera,50 MP Rear ,1.0,50,,,,,, 8 MP Front Camera,1,8,,Yes,Dedicated,1024.0,"Memory Card Supported, upto 1 TB",Android v16,Android,8.0,Unisoc,Unisoc
786,peace,Peace Nova 17 Pro 4G (6GB RAM + 64GB),8988,,"Dual Sim, 4G, VoLTE, Wi-Fi",False,False,False,"MTK6739, Single Core Processor",MTK6739,Single Core,,"6 GB RAM, 64 GB inbuilt",6.0,64.0,5000 mAh Battery,5000,,False,"6.56 inches, 1640 x 720 px Display",6.56,1640,720,,,20 MP Rear & 8 MP Front Camera,20 MP Rear ,1.0,20,,,,,, 8 MP Front Camera,1,8,,Yes,Hybrid,128.0,"Memory Card (Hybrid), upto 128 GB",,Android,1.0,MTK6739,MediaTek
787,ringme,Ringme Bold 16 Pro (6GB RAM + 64GB),12018,,"Dual Sim, 4G, VoLTE, Wi-Fi",False,False,False,Dual Core Processor,,Dual Core,,"6 GB RAM, 64 GB inbuilt",6.0,64.0,3900 mAh Battery,3900,,False,"6.61 inches, 128 x 160 px Display",6.61,128,160,,,13 MP Rear Camera,13 MP Rear Camera,1.0,13,,,,,,,1,,,Yes,Hybrid,128.0,"Memory Card (Hybrid), upto 128 GB",,Android,2.0,,
788,realme,Realme Narzo 100 Lite 5G (4GB RAM + 128GB),17880,50.0,"Dual Sim, 5G, VoLTE, Wi-Fi",True,False,False,"Dimensity 6300, Octa Core, 2.4 GHz Processor",Dimensity 6300,Octa Core,2.4,"4 GB RAM, 128 GB inbuilt",4.0,128.0,7000 mAh Battery with 15W Fast Charging,7000,15.0,True,"6.8 inches, 720 x 1570 px, 144 Hz Display with Water Drop Notch",6.8,720,1570,144.0,Water Drop Notch,13 MP Dual Rear & 5 MP Front Camera,13 MP Dual Rear ,2.0,13,,,,,, 5 MP Front Camera,1,5,,Yes,Hybrid,2048.0,"Memory Card (Hybrid), upto 2 TB",Android v16,Android,8.0,Dimensity,MediaTek
789,oppo,Oppo F33 5G (8GB RAM + 128GB),36998,64.0,"Dual Sim, 5G, VoLTE, Wi-Fi, IR Blaster",True,False,True,"Dimensity 6360 MAX, Octa Core Processor",Dimensity 6360 MAX,Octa Core,,"8 GB RAM, 128 GB inbuilt",8.0,128.0,7000 mAh Battery with 80W Fast Charging,7000,80.0,True,"6.57 inches, 1080 x 2372 px, 120 Hz Display with Punch Hole",6.57,1080,2372,120.0,Punch Hole,50 MP + 2 MP Dual Rear & 16 MP Front Camera,50 MP + 2 MP Dual Rear ,2.0,50,2,,,,, 16 MP Front Camera,1,16,,Yes,Hybrid,,Memory Card (Hybrid),Android v16,Android,8.0,Dimensity,MediaTek
790,wobble,Wobble One,27999,66.0,"Dual Sim, 5G, VoLTE, Wi-Fi",True,False,False,"Dimensity 7400, Octa Core, 2.6 GHz Processor",Dimensity 7400,Octa Core,2.6,"8 GB RAM, 128 GB inbuilt",8.0,128.0,5000 mAh Battery with 33W Fast Charging,5000,33.0,True,"6.67 inches, 1080 x 1920 px, 120 Hz Display with Punch Hole",6.67,1080,1920,120.0,Punch Hole,50 MP + 8 MP + 2 MP Triple Rear & 50 MP Front Camera,50 MP + 8 MP + 2 MP Triple Rear ,3.0,50,8,2,,,, 50 MP Front Camera,1,50,,,,,,Android v15,Android,8.0,Dimensity,MediaTek
791,lava,Lava Bold N2,9999,,"Dual Sim, 4G, VoLTE, Wi-Fi",False,False,False,"UNISOC 9863a, Octa Core Processor",UNISOC 9863a,Octa Core,,"4 GB RAM, 64 GB inbuilt",4.0,64.0,5000 mAh Battery with 10W Fast Charging,5000,10.0,True,"6.75 inches, 720 x 1600 px, 90 Hz Display with Water Drop Notch",6.75,720,1600,90.0,Water Drop Notch,13 MP Dual Rear & 5 MP Front Camera,13 MP Dual Rear ,2.0,13,,,,,, 5 MP Front Camera,1,5,,Yes,Dedicated,256.0,"Memory Card Supported, upto 256 GB",Android 15 Go,Android,8.0,UNISOC,
792,realme,Realme Narzo 90x (4GB+128GB),19499,57.0,"Dual Sim, 5G, VoLTE, Wi-Fi",True,False,False,"Dimensity 6300, Octa Core, 2.4 GHz Processor",Dimensity 6300,Octa Core,2.4,"4 GB RAM, 128 GB inbuilt",4.0,128.0,7000 mAh Battery with 60W Fast Charging,7000,60.0,True,"6.8 inches, 720 x 1570 px, 144 Hz Display with Punch Hole",6.8,720,1570,144.0,Punch Hole,50 MP + 2 MP Dual Rear & 8 MP Front Camera,50 MP + 2 MP Dual Rear ,2.0,50,2,,,,, 8 MP Front Camera,1,8,,Yes,Hybrid,2048.0,"Memory Card (Hybrid), upto 2 TB",Android v15,Android,8.0,Dimensity,MediaTek
793,lava,Lava Shark 5G (4GB RAM + 128GB),14999,,"Dual Sim, 5G, VoLTE, Wi-Fi",True,False,False,"Unisoc T765, Octa Core Processor",Unisoc T765,Octa Core,,"4 GB RAM, 128 GB inbuilt",4.0,128.0,5000 mAh Battery with Fast Charging,5000,,True,"6.75 inches, 720 x 1600 px, 90 Hz Display with Punch Hole",6.75,720,1600,90.0,Punch Hole,13 MP Rear & 5 MP Front Camera,13 MP Rear ,1.0,13,,,,,, 5 MP Front Camera,1,5,,Yes,Dedicated,1024.0,"Memory Card Supported, upto 1 TB",Android v15,Android,8.0,Unisoc,Unisoc
794,samsung,Samsung Galaxy M17 5G (8GB RAM + 128GB),26499,57.0,"Dual Sim, 5G, VoLTE, NFC, Wi-Fi",True,True,False,"Exynos 1330, Octa Core, 2.4 GHz Processor",Exynos 1330,Octa Core,2.4,"8 GB RAM, 128 GB inbuilt",8.0,128.0,5000 mAh Battery with 25W Fast Charging,5000,25.0,True,"6.7 inches, 1080 x 2340 px, 90 Hz Display with Water Drop Notch",6.7,1080,2340,90.0,Water Drop Notch,50 MP + 5 MP + 2 MP Triple Rear & 13 MP Front Camera,50 MP + 5 MP + 2 MP Triple Rear ,3.0,50,5,2,,,, 13 MP Front Camera,1,13,,Yes,Hybrid,2048.0,"Memory Card (Hybrid), upto 2 TB",Android v15,Android,8.0,Exynos,Samsung
795,google,Google Pixel 10 Pro Fold,162999,,"Dual Sim, 5G, VoLTE, NFC, eSIM, Wi-Fi",True,True,False,"Tensor G5, Octa Core, 3.78 GHz Processor",Tensor G5,Octa Core,3.78,"16 GB RAM, 256 GB inbuilt",16.0,256.0,5015 mAh Battery with 30W Fast Charging,5015,30.0,True,"8 inches, 2076 x 2152 px, 120 Hz Display with Punch Hole",8.0,2076,2152,120.0,Punch Hole,48 MP + 10.8 MP + 10.5 MP Triple Rear & 10 MP + 10 MP Dual Front Camera,48 MP + 10.8 MP + 10.5 MP Triple Rear ,3.0,48,10.8,10.5,,,, 10 MP + 10 MP Dual Front Camera,2,10,10,,,,,Android v16,Android,8.0,Tensor,Google
796,realme,Realme 15x 5G (8GB RAM + 256GB),27999,62.0,"Dual Sim, 5G, VoLTE, Wi-Fi",True,False,False,"Dimensity 6300, Octa Core, 2.4 GHz Processor",Dimensity 6300,Octa Core,2.4,"8 GB RAM, 256 GB inbuilt",8.0,256.0,7000 mAh Battery with 60W Fast Charging,7000,60.0,True,"6.81 inches, 720 x 1570 px, 144 Hz Display with Punch Hole",6.81,720,1570,144.0,Punch Hole,50 MP + 2 MP Dual Rear & 50 MP Front Camera,50 MP + 2 MP Dual Rear ,2.0,50,2,,,,, 50 MP Front Camera,1,50,,Yes,Hybrid,,Memory Card (Hybrid),Android v15,Android,8.0,Dimensity,MediaTek
797,realme,Realme 15 5G (8GB RAM + 256GB),31999,66.0,"Dual Sim, 5G, VoLTE, Wi-Fi",True,False,False,"Dimensity 7300 Plus, Octa Core Processor",Dimensity 7300 Plus,Octa Core,,"8 GB RAM, 256 GB inbuilt",8.0,256.0,7000 mAh Battery with 80W Fast Charging,7000,80.0,True,"6.8 inches, 1280 x 2800 px, 144 Hz Display with Punch Hole",6.8,1280,2800,144.0,Punch Hole,50 MP + 8 MP Dual Rear & 50 MP Front Camera,50 MP + 8 MP Dual Rear ,2.0,50,8,,,,, 50 MP Front Camera,1,50,,,,,,Android v15,Android,8.0,Dimensity,MediaTek
798,realme,Realme 15 5G (12GB RAM + 256GB),33499,67.0,"Dual Sim, 5G, VoLTE, Wi-Fi",True,False,False,"Dimensity 7300 Plus, Octa Core Processor",Dimensity 7300 Plus,Octa Core,,"12 GB RAM, 256 GB inbuilt",12.0,256.0,7000 mAh Battery with 80W Fast Charging,7000,80.0,True,"6.8 inches, 1280 x 2800 px, 144 Hz Display with Punch Hole",6.8,1280,2800,144.0,Punch Hole,50 MP + 8 MP Dual Rear & 50 MP Front Camera,50 MP + 8 MP Dual Rear ,2.0,50,8,,,,, 50 MP Front Camera,1,50,,,,,,Android v15,Android,8.0,Dimensity,MediaTek
799,samsung,Samsung Galaxy Z Fold 7 (12GB RAM + 512GB),186999,,"Dual Sim, 5G, VoLTE, Vo5G, NFC, eSIM, Wi-Fi",True,True,False,"Snapdragon 8 Elite for Galaxy, Octa Core, 4.47 GHz Processor",Snapdragon 8 Elite for Galaxy,Octa Core,4.47,"12 GB RAM, 512 GB inbuilt",12.0,512.0,4400 mAh Battery with 25W Fast Charging,4400,25.0,True,"8 inches, 1968 x 2184 px, 120 Hz Display with Punch Hole",8.0,1968,2184,120.0,Punch Hole,200 MP + 12 MP + 10 MP Triple Rear & 10 MP + 10 MP Dual Front Camera,200 MP + 12 MP + 10 MP Triple Rear ,3.0,200,12,10,,,, 10 MP + 10 MP Dual Front Camera,2,10,10,,,,,Android v16,Android,8.0,Snapdragon,Qualcomm
800,snexian,Snexian Rock Fold Mini,1774,,Dual Sim,False,False,False,1.77 MHz Processor,,,0.002,"32 MB RAM, 32 MB inbuilt",32.0,32.0,2500 mAh Battery,2500,,False,"2.8 inches, 320 x 420 px Display",2.8,320,420,,,0.3 MP Rear Camera,0.3 MP Rear Camera,1.0,0.3,,,,,,,1,,,Yes,Dedicated,16.0,"Memory Card Supported, upto 16 GB",,Mocor,,,
801,acer,Acer Super ZX 5G  (8GB RAM + 128GB),19499,53.0,"Dual Sim, 5G, VoLTE, Wi-Fi",True,False,False,"Dimensity 6300, Octa Core, 2.4 GHz Processor",Dimensity 6300,Octa Core,2.4,"8 GB RAM, 128 GB inbuilt",8.0,128.0,5000 mAh Battery with 33W Fast Charging,5000,33.0,True,"6.8 inches, 1080 x 2400 px, 120 Hz Display with Punch Hole",6.8,1080,2400,120.0,Punch Hole,64 MP + 2 MP + 2 MP Triple Rear & 13 MP Front Camera,64 MP + 2 MP + 2 MP Triple Rear ,3.0,64,2,2,,,, 13 MP Front Camera,1,13,,,,,,Android v15,Android,8.0,Dimensity,MediaTek
802,realme,Realme 14T 5G,28990,61.0,"Dual Sim, 5G, VoLTE, Wi-Fi",True,False,False,"Dimensity 6300, Octa Core, 2.4 GHz Processor",Dimensity 6300,Octa Core,2.4,"8 GB RAM, 128 GB inbuilt",8.0,128.0,6000 mAh Battery with 45W Fast Charging,6000,45.0,True,"6.67 inches, 1080 x 2400 px, 120 Hz Display with Punch Hole",6.67,1080,2400,120.0,Punch Hole,50 MP + 2 MP Dual Rear & 16 MP Front Camera,50 MP + 2 MP Dual Rear ,2.0,50,2,,,,, 16 MP Front Camera,1,16,,Yes,Hybrid,2048.0,"Memory Card (Hybrid), upto 2 TB",Android v15,Android,8.0,Dimensity,MediaTek
803,hmd,HMD 150 Music (2025),2249,,Dual Sim,False,False,False,Unisoc 6531F,Unisoc 6531F,,,"8 MB RAM, 8 MB inbuilt",8.0,8.0,2500 mAh Battery,2500,,False,"2.4 inches, 240 x 320 px Display",2.4,240,320,,,QVGA Rear Camera,QVGA Rear Camera,1.0,,,,,,,,1,,,Yes,Dedicated,32.0,"Memory Card Supported, upto 32 GB",,S30+ / Feature OS,,Unisoc,Unisoc
804,oppo,OPPO Reno 13 Pro 5G (12GB RAM + 512GB),60999,,"Dual Sim, 5G, VoLTE, NFC, Wi-Fi, IR Blaster",True,True,True,"Dimensity 8350, Octa Core, 3.35 GHz Processor",Dimensity 8350,Octa Core,3.35,"12 GB RAM, 512 GB inbuilt",12.0,512.0,5800 mAh Battery with 80W Fast Charging,5800,80.0,True,"6.83 inches, 1272 x 2800 px, 120 Hz Display with Punch Hole",6.83,1272,2800,120.0,Punch Hole,50 MP + 50 MP + 8 MP Triple Rear & 50 MP Front Camera,50 MP + 50 MP + 8 MP Triple Rear ,3.0,50,50,8,,,, 50 MP Front Camera,1,50,,,,,,Android v15,Android,8.0,Dimensity,MediaTek
805,amaq,Amaq Q1 4G,3300,,"Dual Sim, 4G",False,False,False,,ARM Cortex-A78AE v8.2,Hexa Core,2.5,512 MB RAM,512.0,,3500 mAh Battery,3500,,False,2.8 inches Display,2.8,,,,,0.6 MP Rear Camera,0.6 MP Rear Camera,1.0,0.6,,,,,,,1,,,Yes,Dedicated,32.0,"Memory Card Supported, upto 32 GB",,Mocor,6.0,ARM,ARM
806,oppo,Oppo Find X8 5G,79999,,"Dual Sim, 5G, VoLTE, NFC, Wi-Fi, IR Blaster",True,True,True,"Dimensity 9400, Octa Core, 3.63 GHz Processor",Dimensity 9400,Octa Core,3.63,"12 GB RAM, 256 GB inbuilt",12.0,256.0,5630 mAh Battery with 80W Fast Charging,5630,80.0,True,"6.59 inches, 1256 x 2760 px, 120 Hz Display with Punch Hole",6.59,1256,2760,120.0,Punch Hole,50 MP + 50 MP + 50 MP Triple Rear & 32 MP Front Camera,50 MP + 50 MP + 50 MP Triple Rear ,3.0,50,50,50,,,, 32 MP Front Camera,1,32,,,,,,Android v15,Android,8.0,Dimensity,MediaTek
807,micromax,Micromax X1i Smart Plus,998,,Dual Sim,False,False,False,"Single Core, 1.2 MHz Processor",,Single Core,0.001,"32 MB RAM, 32 MB inbuilt",32.0,32.0,1750 mAh Battery,1750,,False,"2.4 inches, 320 x 240 px Display",2.4,320,240,,,0.08 MP Rear Camera,0.08 MP Rear Camera,1.0,0.08,,,,,,,1,,,Yes,Dedicated,,Memory Card Supported,,Mocor,1.0,,
808,micromax,Micromax X1i Flip,1199,,Dual Sim,False,False,False,"Single Core, 1.2 MHz Processor",,Single Core,0.001,"32 MB RAM, 32 MB inbuilt",32.0,32.0,1200 mAh Battery,1200,,False,"2.4 inches, 320 x 240 px Display",2.4,320,240,,,0.08 MP Rear Camera,0.08 MP Rear Camera,1.0,0.08,,,,,,,1,,,Yes,Dedicated,,Memory Card Supported,Nucleus OS,Mocor,1.0,,
809,karbonn,Karbonn Jio Bharat A1,1949,,"Single Sim, 4G, VoLTE",False,False,False,1 MHz Processor,,,0.001,"50 MB RAM, 50 MB inbuilt",50.0,50.0,2000 mAh Battery,2000,,False,"2.4 inches, 240 x 320 px Display",2.4,240,320,,,0.03 MP Rear Camera,0.03 MP Rear Camera,1.0,0.03,,,,,,,1,,,Yes,Dedicated,,Memory Card Supported,,Mocor,,,
810,samsung,Samsung Galaxy A55 5G (8GB RAM + 256GB),44999,64.0,"Dual Sim, 5G, VoLTE, NFC, eSIM, Wi-Fi",True,True,False,"Exynos 1480, Octa Core, 2.7 GHz Processor",Exynos 1480,Octa Core,2.7,"8 GB RAM, 256 GB inbuilt",8.0,256.0,5000 mAh Battery with 25W Fast Charging,5000,25.0,True,"6.6 inches, 1080 x 2340 px, 120 Hz Display with Punch Hole",6.6,1080,2340,120.0,Punch Hole,50 MP + 12 MP + 5 MP Triple Rear & 32 MP Front Camera,50 MP + 12 MP + 5 MP Triple Rear ,3.0,50,12,5,,,, 32 MP Front Camera,1,32,,Yes,Hybrid,1024.0,"Memory Card (Hybrid), upto 1 TB",Android v14,Android,8.0,Exynos,Samsung
811,realme,Realme 12 Plus 5G,20999,61.0,"Dual Sim, 5G, VoLTE, Wi-Fi",True,False,False,"Dimensity 7050, Octa Core, 2.6 GHz Processor",Dimensity 7050,Octa Core,2.6,"8 GB RAM, 128 GB inbuilt",8.0,128.0,5000 mAh Battery with 67W Fast Charging,5000,67.0,True,"6.67 inches, 1080 x 2400 px, 120 Hz Display with Punch Hole",6.67,1080,2400,120.0,Punch Hole,50 MP + 8 MP + 2 MP Triple Rear & 16 MP Front Camera,50 MP + 8 MP + 2 MP Triple Rear ,3.0,50,8,2,,,, 16 MP Front Camera,1,16,,Yes,Hybrid,2048.0,"Memory Card (Hybrid), upto 2 TB",Android v14,Android,8.0,Dimensity,MediaTek
812,realme,Realme 12 Pro 5G (8GB RAM + 256GB),31990,61.0,"Dual Sim, 5G, VoLTE, Wi-Fi",True,False,False,"Snapdragon 6 Gen1, Octa Core, 2.2 GHz Processor",Snapdragon 6 Gen1,Octa Core,2.2,"8 GB RAM, 256 GB inbuilt",8.0,256.0,5000 mAh Battery with 67W Fast Charging,5000,67.0,True,"6.7 inches, 1080 x 2412 px, 120 Hz Display with Punch Hole",6.7,1080,2412,120.0,Punch Hole,50 MP + 32 MP + 8 MP Triple Rear & 16 MP Front Camera,50 MP + 32 MP + 8 MP Triple Rear ,3.0,50,32,8,,,, 16 MP Front Camera,1,16,,,,,,Android v14,Android,8.0,Snapdragon,Qualcomm
813,samsung,Samsung Galaxy S21 FE (Snapdragon + 8GB RAM + 128GB),69999,70.0,"Dual Sim, 5G, VoLTE, NFC, Wi-Fi",True,True,False,"Snapdragon 888, Octa Core, 2.84 GHz Processor",Snapdragon 888,Octa Core,2.84,"8 GB RAM, 128 GB inbuilt",8.0,128.0,4500 mAh Battery with 25W Fast Charging,4500,25.0,True,"6.4 inches, 1080 x 2340 px, 120 Hz Display with Punch Hole",6.4,1080,2340,120.0,Punch Hole,12 MP + 12 MP + 8 MP Triple Rear & 32 MP Front Camera,12 MP + 12 MP + 8 MP Triple Rear ,3.0,12,12,8,,,, 32 MP Front Camera,1,32,,No,Not Supported,,Memory Card Not Supported,Android v13,Android,8.0,Snapdragon,Qualcomm
814,jio,Jio Bharat B1 4G,2599,,"Single Sim, 4G, VoLTE",False,False,False,,,,,"512 MB RAM, 4 GB inbuilt",512.0,4.0,2000 mAh Battery,2000,,False,"2.4 inches, 240 x 320 px Display",2.4,240,320,,,0.3 MP Rear Camera,0.3 MP Rear Camera,1.0,0.3,,,,,,,1,,,Yes,Dedicated,128.0,"Memory Card Supported, upto 128 GB",,Mocor,,,
815,lava,Lava Yuva 2,8399,,"Dual Sim, 4G, VoLTE, Wi-Fi",False,False,False,"Unisoc T606, Octa Core, 2 GHz Processor",Unisoc T606,Octa Core,2.0,"3 GB RAM, 64 GB inbuilt",3.0,64.0,5000 mAh Battery with 10W Fast Charging,5000,10.0,True,"6.5 inches, 1600 x 720 px, 90 Hz Display with Water Drop Notch",6.5,1600,720,90.0,Water Drop Notch,13 MP Dual Rear & 5 MP Front Camera,13 MP Dual Rear ,2.0,13,,,,,, 5 MP Front Camera,1,5,,Yes,Hybrid,512.0,"Memory Card (Hybrid), upto 512 GB",Android v12,Android,8.0,Unisoc,Unisoc
816,oppo,OPPO Reno 10 Pro,41900,68.0,"Dual Sim, 5G, VoLTE, NFC, Wi-Fi, IR Blaster",True,True,True,"Snapdragon 778G, Octa Core, 2.4 GHz Processor",Snapdragon 778G,Octa Core,2.4,"12 GB RAM, 256 GB inbuilt",12.0,256.0,4600 mAh Battery with 80W Fast Charging,4600,80.0,True,"6.7 inches, 1080 x 2412 px, 120 Hz Display with Punch Hole",6.7,1080,2412,120.0,Punch Hole,50 MP + 32 MP + 8 MP Triple Rear & 32 MP Front Camera,50 MP + 32 MP + 8 MP Triple Rear ,3.0,50,32,8,,,, 32 MP Front Camera,1,32,,,,,,Android v13,Android,8.0,Snapdragon,Qualcomm
817,samsung,Samsung Galaxy M34 5G,29999,62.0,"Dual Sim, 5G, VoLTE, NFC, Wi-Fi",True,True,False,"Exynos 1280 , Octa Core, 2.4 GHz Processor",Exynos 1280 ,Octa Core,2.4,"6 GB RAM, 128 GB inbuilt",6.0,128.0,6000 mAh Battery with 25W Fast Charging,6000,25.0,True,"6.5 inches, 1080 x 2340 px, 120 Hz Display with Water Drop Notch",6.5,1080,2340,120.0,Water Drop Notch,50 MP + 8 MP + 2 MP Triple Rear & 13 MP Front Camera,50 MP + 8 MP + 2 MP Triple Rear ,3.0,50,8,2,,,, 13 MP Front Camera,1,13,,Yes,Hybrid,1024.0,"Memory Card (Hybrid), upto 1 TB",Android v13,Android,8.0,Exynos,Samsung
818,xiaomi,Xiaomi Redmi Note 12 4G,18999,55.0,"Dual Sim, 4G, VoLTE, Wi-Fi, IR Blaster",False,False,True,"Snapdragon 685, Octa Core, 2.8 GHz Processor",Snapdragon 685,Octa Core,2.8,"6 GB RAM, 64 GB inbuilt",6.0,64.0,5000 mAh Battery with 33W Fast Charging,5000,33.0,True,"6.67 inches, 1080 x 2400 px, 120 Hz Display with Punch Hole",6.67,1080,2400,120.0,Punch Hole,50 MP + 8 MP + 2 MP Triple Rear & 13 MP Front Camera,50 MP + 8 MP + 2 MP Triple Rear ,3.0,50,8,2,,,, 13 MP Front Camera,1,13,,Yes,Hybrid,1024.0,"Memory Card (Hybrid), upto 1 TB",Android v13,Android,8.0,Snapdragon,Qualcomm
819,samsung,Samsung Galaxy F14 5G (6GB RAM + 128GB),18490,52.0,"Dual Sim, 5G, VoLTE, Wi-Fi",True,False,False,"Exynos 1330, Octa Core Processor",Exynos 1330,Octa Core,,"6 GB RAM, 128 GB inbuilt",6.0,128.0,6000 mAh Battery with 25W Fast Charging,6000,25.0,True,"6.6 inches, 2408 x 1080 px Display with Water Drop Notch",6.6,2408,1080,,Water Drop Notch,50 MP + 2 MP Dual Rear & 13 MP Front Camera,50 MP + 2 MP Dual Rear ,2.0,50,2,,,,, 13 MP Front Camera,1,13,,Yes,Dedicated,1024.0,"Memory Card Supported, upto 1 TB",Android v13,Android,8.0,Exynos,Samsung
820,poco,Poco X5 Pro,24499,63.0,"Dual Sim, 5G, VoLTE, Wi-Fi, IR Blaster",True,False,True,"Snapdragon 778G, Octa Core, 2.4 GHz Processor",Snapdragon 778G,Octa Core,2.4,"6 GB RAM, 128 GB inbuilt",6.0,128.0,5000 mAh Battery with 67W Fast Charging,5000,67.0,True,"6.67 inches, 1080 x 2400 px, 120 Hz Display with Punch Hole",6.67,1080,2400,120.0,Punch Hole,108 MP + 8 MP + 2 MP Triple Rear & 16 MP Front Camera,108 MP + 8 MP + 2 MP Triple Rear ,3.0,108,8,2,,,, 16 MP Front Camera,1,16,,No,Not Supported,,Memory Card Not Supported,Android v12,Android,8.0,Snapdragon,Qualcomm
821,xiaomi,Xiaomi Redmi Note 12 Pro Plus,33999,68.0,"Dual Sim, 5G, VoLTE, Wi-Fi, IR Blaster",True,False,True,"Dimensity 1080, Octa Core, 2.6 GHz Processor",Dimensity 1080,Octa Core,2.6,"8 GB RAM, 256 GB inbuilt",8.0,256.0,4980 mAh Battery with 120W Fast Charging,4980,120.0,True,"6.67 inches, 1080 x 2400 px, 120 Hz Display with Punch Hole",6.67,1080,2400,120.0,Punch Hole,200 MP + 8 MP + 2 MP Triple Rear & 16 MP Front Camera,200 MP + 8 MP + 2 MP Triple Rear ,3.0,200,8,2,,,, 16 MP Front Camera,1,16,,No,Not Supported,,Memory Card Not Supported,Android v12,Android,8.0,Dimensity,MediaTek
822,samsung,Samsung Galaxy Z Flip 4 5G,54991,74.0,"Dual Sim, 5G, VoLTE, NFC, eSIM, Wi-Fi",True,True,False,"Snapdragon  8+ Gen1, Octa Core, 3.2 GHz Processor",Snapdragon  8+ Gen1,Octa Core,3.2,"8 GB RAM, 128 GB inbuilt",8.0,128.0,3700 mAh Battery with 25W Fast Charging,3700,25.0,True,"6.7 inches, 1080 x 2640 px, 120 Hz Display with Punch Hole",6.7,1080,2640,120.0,Punch Hole,12 MP + 12 MP Dual Rear & 10 MP Front Camera,12 MP + 12 MP Dual Rear ,2.0,12,12,,,,, 10 MP Front Camera,1,10,,No,Not Supported,,Memory Card Not Supported,,Android,8.0,Snapdragon,Qualcomm
823,oppo,OPPO Reno 8 Pro 5G,33900,66.0,"Dual Sim, 5G, VoLTE, NFC, Wi-Fi",True,True,False,"Dimensity 8100-Max, Octa Core, 2.85 GHz Processor",Dimensity 8100-Max,Octa Core,2.85,"12 GB RAM, 256 GB inbuilt",12.0,256.0,4500 mAh Battery with 80W Fast Charging,4500,80.0,True,"6.7 inches, 1080 x 2412 px, 120 Hz Display with Punch Hole",6.7,1080,2412,120.0,Punch Hole,50 MP + 8 MP + 2 MP Triple Rear & 32 MP Front Camera,50 MP + 8 MP + 2 MP Triple Rear ,3.0,50,8,2,,,, 32 MP Front Camera,1,32,,,,,,Android v12,Android,8.0,Dimensity,MediaTek
824,poco,Poco X4 Pro 5G,18499,58.0,"Dual Sim, 5G, VoLTE, Wi-Fi, IR Blaster",True,False,True,"Snapdragon 695 , Octa Core, 2.2 GHz Processor",Snapdragon 695 ,Octa Core,2.2,"6 GB RAM, 64 GB inbuilt",6.0,64.0,5000 mAh Battery with 67W Fast Charging,5000,67.0,True,"6.67 inches, 1080 x 2400 px, 120 Hz Display with Punch Hole",6.67,1080,2400,120.0,Punch Hole,64 MP + 8 MP + 2 MP Triple Rear & 16 MP Front Camera,64 MP + 8 MP + 2 MP Triple Rear ,3.0,64,8,2,,,, 16 MP Front Camera,1,16,,Yes,Hybrid,1024.0,"Memory Card (Hybrid), upto 1 TB",Android v11,Android,8.0,Snapdragon,Qualcomm
825,poco,Poco X4 Pro 5G (6GB RAM + 128GB),20499,61.0,"Dual Sim, 5G, VoLTE, Wi-Fi, IR Blaster",True,False,True,"Snapdragon 695 , Octa Core, 2.2 GHz Processor",Snapdragon 695 ,Octa Core,2.2,"6 GB RAM, 128 GB inbuilt",6.0,128.0,5000 mAh Battery with 67W Fast Charging,5000,67.0,True,"6.67 inches, 1080 x 2400 px, 120 Hz Display with Punch Hole",6.67,1080,2400,120.0,Punch Hole,64 MP + 8 MP + 2 MP Triple Rear & 16 MP Front Camera,64 MP + 8 MP + 2 MP Triple Rear ,3.0,64,8,2,,,, 16 MP Front Camera,1,16,,Yes,Hybrid,1024.0,"Memory Card (Hybrid), upto 1 TB",Android v11,Android,8.0,Snapdragon,Qualcomm
826,iqoo,iQOO 9 SE 5G (12GB RAM + 256GB),34899,66.0,"Dual Sim, 5G, VoLTE, NFC, Wi-Fi",True,True,False,"Snapdragon  888 , Octa Core, 2.84 GHz Processor",Snapdragon  888 ,Octa Core,2.84,"12 GB RAM, 256 GB inbuilt",12.0,256.0,4500 mAh Battery with 66W Fast Charging,4500,66.0,True,"6.62 inches, 1080 x 2400 px, 120 Hz Display with Punch Hole",6.62,1080,2400,120.0,Punch Hole,48 MP + 13 MP + 2 MP Triple Rear & 16 MP Front Camera,48 MP + 13 MP + 2 MP Triple Rear ,3.0,48,13,2,,,, 16 MP Front Camera,1,16,,,,,,Android v12,Android,8.0,Snapdragon,Qualcomm
827,realme,Realme 9 Pro Plus 5G,25999,59.0,"Dual Sim, 5G, VoLTE, Wi-Fi",True,False,False,"Dimensity  920 5G, Octa Core, 2.5 GHz Processor",Dimensity  920 5G,Octa Core,2.5,"6 GB RAM, 128 GB inbuilt",6.0,128.0,4500 mAh Battery with 60W Fast Charging,4500,60.0,True,"6.4 inches, 1080 x 2400 px, 90 Hz Display with Punch Hole",6.4,1080,2400,90.0,Punch Hole,50 MP + 8 MP + 2 MP Triple Rear & 16 MP Front Camera,50 MP + 8 MP + 2 MP Triple Rear ,3.0,50,8,2,,,, 16 MP Front Camera,1,16,,No,Not Supported,,Memory Card Not Supported,Android v12,Android,8.0,Dimensity,MediaTek
828,motorola,Motorola Moto G71 5G,19890,55.0,"Dual Sim, 5G, VoLTE, NFC, Wi-Fi",True,True,False,"Snapdragon 695, Octa Core, 2.2 GHz Processor",Snapdragon 695,Octa Core,2.2,"6 GB RAM, 128 GB inbuilt",6.0,128.0,5000 mAh Battery with 33W Fast Charging,5000,33.0,True,"6.4 inches, 1080 x 2400 px Display with Punch Hole",6.4,1080,2400,,Punch Hole,50 MP + 8 MP + 2 MP Triple Rear & 16 MP Front Camera,50 MP + 8 MP + 2 MP Triple Rear ,3.0,50,8,2,,,, 16 MP Front Camera,1,16,,No,Not Supported,,Memory Card Not Supported,Android v11,Android,8.0,Snapdragon,Qualcomm
829,karbonn,Karbonn KX 29,1499,,Dual Sim,False,False,False,,,,,"32 MB RAM, 32 MB inbuilt",32.0,32.0,2700 mAh Battery,2700,,False,"2.4 inches, 240 x 320 px Display",2.4,240,320,,,0.3 MP Rear Camera,0.3 MP Rear Camera,1.0,0.3,,,,,,,1,,,Yes,Dedicated,32.0,"Memory Card Supported, upto 32 GB",,Mocor,,,
830,motorola,Motorola Moto E40,10999,,"Dual Sim, 4G, VoLTE, Wi-Fi",False,False,False,"Tiger T700, Octa Core, 1.8 GHz Processor",Tiger T700,Octa Core,1.8,"4 GB RAM, 64 GB inbuilt",4.0,64.0,5000 mAh Battery,5000,,False,"6.5 inches, 720 x 1600 px, 90 Hz Display with Punch Hole",6.5,720,1600,90.0,Punch Hole,48 MP + 2 MP + 2 MP Triple Rear & 8 MP Front Camera,48 MP + 2 MP + 2 MP Triple Rear ,3.0,48,2,2,,,, 8 MP Front Camera,1,8,,Yes,Dedicated,1024.0,"Memory Card Supported, upto 1 TB",Android v11,Android,8.0,Tiger,Unisoc
831,motorola,Motorola Edge 20 Fusion 5G,24999,62.0,"Dual Sim, 5G, VoLTE, NFC, Wi-Fi",True,True,False,"Dimensity 800U, Octa Core, 2.4 GHz Processor",Dimensity 800U,Octa Core,2.4,"6 GB RAM, 128 GB inbuilt",6.0,128.0,5000 mAh Battery with 30W Fast Charging,5000,30.0,True,"6.67 inches, 1080 x 2400 px, 90 Hz Display with Punch Hole",6.67,1080,2400,90.0,Punch Hole,108 MP + 8 MP + 2 MP Triple Rear & 32 MP Front Camera,108 MP + 8 MP + 2 MP Triple Rear ,3.0,108,8,2,,,, 32 MP Front Camera,1,32,,Yes,Hybrid,1024.0,"Memory Card (Hybrid), upto 1 TB",Android v11,Android,8.0,Dimensity,MediaTek
832,xiaomi,Xiaomi Mi 11X 5G (8GB RAM + 128GB),29999,59.0,"Dual Sim, 5G, VoLTE, Wi-Fi, IR Blaster",True,False,True,"Snapdragon 870, Octa Core, 3.2 GHz Processor",Snapdragon 870,Octa Core,3.2,"8 GB RAM, 128 GB inbuilt",8.0,128.0,4520 mAh Battery with 33W Fast Charging,4520,33.0,True,"6.67 inches, 1080 x 2400 px, 120 Hz Display with Punch Hole",6.67,1080,2400,120.0,Punch Hole,48 MP + 8 MP + 5 MP Triple Rear & 20 MP Front Camera,48 MP + 8 MP + 5 MP Triple Rear ,3.0,48,8,5,,,, 20 MP Front Camera,1,20,,,,,,Android v11,Android,8.0,Snapdragon,Qualcomm
833,oneplus,OnePlus 9,32999,63.0,"Dual Sim, 5G, VoLTE, NFC, Wi-Fi",True,True,False,"Snapdragon 888, Octa Core, 2.84 GHz Processor",Snapdragon 888,Octa Core,2.84,"8 GB RAM, 128 GB inbuilt",8.0,128.0,4500 mAh Battery with Fast Charging,4500,,True,"6.55 inches, 1080 x 2400 px, 120 Hz Display with Punch Hole",6.55,1080,2400,120.0,Punch Hole,50 MP + 48 MP + 2 MP Triple Rear & 16 MP Front Camera,50 MP + 48 MP + 2 MP Triple Rear ,3.0,50,48,2,,,, 16 MP Front Camera,1,16,,No,Not Supported,,Memory Card Not Supported,Android v11,Android,8.0,Snapdragon,Qualcomm
834,oneplus,OnePlus 9 Pro (12GB RAM + 256GB),54999,77.0,"Dual Sim, 5G, VoLTE, NFC, Wi-Fi",True,True,False,"Snapdragon 888, Octa Core, 2.84 GHz Processor",Snapdragon 888,Octa Core,2.84,"12 GB RAM, 256 GB inbuilt",12.0,256.0,4500 mAh Battery with 65W Fast Charging,4500,65.0,True,"6.7 inches, 1440 x 3216 px, 120 Hz Display with Punch Hole",6.7,1440,3216,120.0,Punch Hole,48 MP Quad Rear & 16 MP Front Camera,48 MP Quad Rear ,4.0,48,,,,,, 16 MP Front Camera,1,16,,No,Not Supported,,Memory Card Not Supported,Android v11,Android,8.0,Snapdragon,Qualcomm
835,samsung,Samsung Galaxy Note 20,86000,70.0,"Dual Sim, 4G, VoLTE, NFC, Wi-Fi",False,True,False,"Exynos  990, Octa Core, 2.73 GHz Processor",Exynos  990,Octa Core,2.73,"8 GB RAM, 256 GB inbuilt",8.0,256.0,4300 mAh Battery with 25W Fast Charging,4300,25.0,True,"6.7 inches, 1080 x 2400 px Display with Punch Hole",6.7,1080,2400,,Punch Hole,64 MP + 12 MP + 12 MP Triple Rear & 10 MP Front Camera,64 MP + 12 MP + 12 MP Triple Rear ,3.0,64,12,12,,,, 10 MP Front Camera,1,10,,,,,,Android v10,Android,8.0,Exynos,Samsung
836,realme,Realme X3 SuperZoom Edition (12GB RAM + 256GB),24700,54.0,"Dual Sim, 4G, VoLTE, Wi-Fi",False,False,False,"Snapdragon 855+, Octa Core, 2.96 GHz Processor",Snapdragon 855+,Octa Core,2.96,"12 GB RAM, 256 GB inbuilt",12.0,256.0,4200 mAh Battery with 30W Fast Charging,4200,30.0,True,"6.57 inches, 1080 x 2400 px, 120 Hz Display with Dual Punch Hole",6.57,1080,2400,120.0,Dual Punch Hole,64 MP Quad Rear & 32 MP + 8 MP Dual Front Camera,64 MP Quad Rear ,4.0,64,,,,,, 32 MP + 8 MP Dual Front Camera,2,32,8,No,Not Supported,,Memory Card Not Supported,Android v10,Android,8.0,Snapdragon,Qualcomm
837,oneplus,OnePlus 8 Pro (12GB RAM + 256GB),49999,71.0,"Dual Sim, 5G, VoLTE, NFC, Wi-Fi",True,True,False,"Snapdragon 865, Octa Core, 2.84 GHz Processor",Snapdragon 865,Octa Core,2.84,"12 GB RAM, 256 GB inbuilt",12.0,256.0,4510 mAh Battery with Fast Charging,4510,,True,"6.78 inches, 1440 x 3168 px, 120 Hz Display with Punch Hole",6.78,1440,3168,120.0,Punch Hole,48 MP Quad Rear & 16 MP Front Camera,48 MP Quad Rear ,4.0,48,,,,,, 16 MP Front Camera,1,16,,No,Not Supported,,Memory Card Not Supported,Android v10.0,Android,8.0,Snapdragon,Qualcomm
838,micromax,Micromax X809,800,,Dual Sim,False,False,False,1 MHz Processor,,,0.001,"32 MB RAM, 32 MB inbuilt",32.0,32.0,1000 mAh Battery,1000,,False,"2.4 inches, 240 x 320 px Display",2.4,240,320,,,1 MP Rear Camera,1 MP Rear Camera,1.0,1,,,,,,,1,,,,,,,,Mocor,,,
839,realme,Realme X,17999,,"Dual Sim, 4G, VoLTE, Wi-Fi",False,False,False,"Snapdragon 710, Octa Core, 2.2 GHz Processor",Snapdragon 710,Octa Core,2.2,"4 GB RAM, 128 GB inbuilt",4.0,128.0,3765 mAh Battery with 20W Fast Charging,3765,20.0,True,"6.53 inches, 1080 x 2340 px Display",6.53,1080,2340,,,48 MP + 5 MP Dual Rear & 16 MP Front Camera,48 MP + 5 MP Dual Rear ,2.0,48,5,,,,, 16 MP Front Camera,1,16,,No,Not Supported,,Memory Card Not Supported,Android v9.0 (Pie),Android,8.0,Snapdragon,Qualcomm
840,tecno,Tecno Spark Go 3 Pro (4GB RAM + 128GB),16999,,"Dual Sim, 4G, Wi-Fi, IR Blaster",False,False,True,"Helio G81, Octa Core, 2 GHz Processor",Helio G81,Octa Core,2.0,"4 GB RAM, 128 GB inbuilt",4.0,128.0,5200 mAh Battery with 15W Fast Charging,5200,15.0,True,"6.78 inches, 720 x 1526 px, 120 Hz Display with Punch Hole",6.78,720,1526,120.0,Punch Hole,13 MP Rear & 8 MP Front Camera,13 MP Rear ,1.0,13,,,,,, 8 MP Front Camera,1,8,,Yes,Dedicated,,Memory Card Supported,Android v16,Android,8.0,Helio,MediaTek
841,philips,Philips E2104S,1599,,Dual Sim,False,False,False,,,,,"32 MB RAM, 32 MB inbuilt",32.0,32.0,1000 mAh Battery,1000,,False,2 inches Display,2.0,,,,,Digital Video Rear Camera,Digital Video Rear Camera,1.0,,,,,,,,1,,,Yes,Dedicated,32.0,"Memory Card Supported, upto 32 GB",,Mocor,,,
842,lava,Lava Gem 2025,1759,,Dual Sim,False,False,False,100 MHz Processor,,,0.1,"4 MB RAM, 4 GB inbuilt",4.0,4.0,2575 mAh Battery,2575,,False,"2.8 inches, 320 x 240 px Display",2.8,320,240,,,VGA Rear Camera,VGA Rear Camera,1.0,,,,,,,,1,,,,,,,,Mocor,,,
843,peace,Peace Honor 40 Mini,7999,,"Dual Sim, 4G, VoLTE, Wi-Fi",False,False,False,Single Core Processor,,Single Core,,"4 GB RAM, 32 GB inbuilt",4.0,32.0,2000 mAh Battery,2000,,False,"4.5 inches, 412 x 960 px Display",4.5,412,960,,,8 MP Rear & 5 MP Front Camera,8 MP Rear ,1.0,8,,,,,, 5 MP Front Camera,1,5,,,,,,Android,Android,1.0,,
844,ringme,Ringme Mini 25c,950,,Dual Sim,False,False,False,1 MHz Processor,,,0.001,"32 MB RAM, 32 MB inbuilt",32.0,32.0,600 mAh Battery with Fast Charging,600,,True,"0.66 inches, 240 x 320 px Display",0.66,240,320,,,No Rear Camera,No Rear Camera,0.0,,,,,,,,1,,,Yes,Hybrid,32768.0,"Memory Card (Hybrid), upto 32 TB",,Mocor,,,
845,ringme,Ringme Mini 26c,950,,Dual Sim,False,False,False,1 MHz Processor,,,0.001,"32 MB RAM, 32 MB inbuilt",32.0,32.0,600 mAh Battery with Fast Charging,600,,True,"0.66 inches, 240 x 320 px Display",0.66,240,320,,,No Rear Camera,No Rear Camera,0.0,,,,,,,,1,,,Yes,Hybrid,32768.0,"Memory Card (Hybrid), upto 32 TB",,Mocor,,,
846,ringme,Ringme Bold 26 Ultra,9999,,"Dual Sim, 4G, VoLTE, Wi-Fi",False,False,False,Dual Core Processor,,Dual Core,,"4 GB RAM, 64 GB inbuilt",4.0,64.0,5000 mAh Battery,5000,,False,"6.79 inches, 1640 x 720 px Display with Punch Hole",6.79,1640,720,,Punch Hole,13 MP Rear Camera,13 MP Rear Camera,1.0,13,,,,,,,1,,,,,,,Android v12,Android,2.0,,
847,samsung,Samsung Galaxy Z Flip 8 5G (12GB RAM + 512GB),134999,,"Dual Sim, 5G, VoLTE, Vo5G, NFC, eSIM, Wi-Fi",True,True,False,"Exynos 2600, Deca Core, 3.8 GHz Processor",Exynos 2600,Deca Core,3.8,"12 GB RAM, 512 GB inbuilt",12.0,512.0,4300 mAh Battery with 25W Fast Charging,4300,25.0,True,"6.9 inches, 1080 x 2520 px, 120 Hz Display with Punch Hole",6.9,1080,2520,120.0,Punch Hole,50 MP + 12 MP Dual Rear & 10 MP Front Camera,50 MP + 12 MP Dual Rear ,2.0,50,12,,,,, 10 MP Front Camera,1,10,,No,Not Supported,,Memory Card Not Supported,,Android,10.0,Exynos,Samsung
848,oppo,Oppo A6c 4G (4GB RAM + 128GB),33999,,"Dual Sim, 4G, Wi-Fi",False,False,False,"Unisoc T7250, Octa Core, 1.8 GHz Processor",Unisoc T7250,Octa Core,1.8,"4 GB RAM, 128 GB inbuilt",4.0,128.0,7000 mAh Battery with 15W Fast Charging,7000,15.0,True,"6.75 inches, 720 x 1570 px, 120 Hz Display with Water Drop Notch",6.75,720,1570,120.0,Water Drop Notch,13 MP Rear & 5 MP Front Camera,13 MP Rear ,1.0,13,,,,,, 5 MP Front Camera,1,5,,Yes,Hybrid,,Memory Card (Hybrid),Android v15,Android,8.0,Unisoc,Unisoc
849,realme,Realme Narzo 100 Lite 5G (6GB RAM + 128GB),21438,52.0,"Dual Sim, 5G, VoLTE, Wi-Fi",True,False,False,"Dimensity 6300, Octa Core, 2.4 GHz Processor",Dimensity 6300,Octa Core,2.4,"6 GB RAM, 128 GB inbuilt",6.0,128.0,7000 mAh Battery with 15W Fast Charging,7000,15.0,True,"6.8 inches, 720 x 1570 px, 144 Hz Display with Water Drop Notch",6.8,720,1570,144.0,Water Drop Notch,13 MP Dual Rear & 5 MP Front Camera,13 MP Dual Rear ,2.0,13,,,,,, 5 MP Front Camera,1,5,,Yes,Hybrid,2048.0,"Memory Card (Hybrid), upto 2 TB",Android v16,Android,8.0,Dimensity,MediaTek
850,realme,Realme P4 Lite 4G,13399,,"Dual Sim, 4G, Wi-Fi",False,False,False,"Unisoc T7250, Octa Core, 1.8 GHz Processor",Unisoc T7250,Octa Core,1.8,"4 GB RAM, 64 GB inbuilt",4.0,64.0,6300 mAh Battery with 15W Fast Charging,6300,15.0,True,"6.74 inches, 720 x 1600 px Display",6.74,720,1600,,,13 MP Rear & 5 MP Front Camera,13 MP Rear ,1.0,13,,,,,, 5 MP Front Camera,1,5,,Yes,Dedicated,,Memory Card Supported,Android v15,Android,8.0,Unisoc,Unisoc
851,hmd,HMD 100 (Single Sim),899,,Single Sim,False,False,False,Unisoc 6533G,Unisoc 6533G,,,"8 MB RAM, 4 MB inbuilt",8.0,4.0,800 mAh Battery with 2.75W Fast Charging,800,2.75,True,"1.77 inches, 160 x 128 px Display",1.77,160,128,,,No Rear Camera,No Rear Camera,0.0,,,,,,,,1,,,,,,,S30+,S30+ / Feature OS,,Unisoc,Unisoc
852,hmd,HMD 102,1269,,Dual Sim,False,False,False,,,,,"4 MB RAM, 4 MB inbuilt",4.0,4.0,1000 mAh Battery with 2.7W Fast Charging,1000,2.7,True,"1.77 inches, 160 x 128 px Display",1.77,160,128,,,QVGA Rear Camera,QVGA Rear Camera,1.0,,,,,,,,1,,,Yes,Dedicated,32.0,"Memory Card Supported, upto 32 GB",S30+,S30+ / Feature OS,,,
853,poco,Poco M8 5G (8GB RAM + 128GB),26999,61.0,"Dual Sim, 5G, VoLTE, Wi-Fi, IR Blaster",True,False,True,"Snapdragon 6 Gen3, Octa Core Processor",Snapdragon 6 Gen3,Octa Core,,"8 GB RAM, 128 GB inbuilt",8.0,128.0,5520 mAh Battery with 45W Fast Charging,5520,45.0,True,"6.77 inches, 1080 x 2392 px, 120 Hz Display with Punch Hole",6.77,1080,2392,120.0,Punch Hole,50 MP + 2 MP Dual Rear & 20 MP Front Camera,50 MP + 2 MP Dual Rear ,2.0,50,2,,,,, 20 MP Front Camera,1,20,,Yes,Hybrid,1024.0,"Memory Card (Hybrid), upto 1 TB",Android v15,Android,8.0,Snapdragon,Qualcomm
854,hmd,HMD 101,1069,,Dual Sim,False,False,False,Unisoc 6533G,Unisoc 6533G,,,"4 MB RAM, 4 MB inbuilt",4.0,4.0,1000 mAh Battery with 2.75W Fast Charging,1000,2.75,True,"1.77 inches, 160 x 128 px Display",1.77,160,128,,,No Rear Camera,No Rear Camera,0.0,,,,,,,,1,,,Yes,Dedicated,32.0,"Memory Card Supported, upto 32 GB",S30+,S30+ / Feature OS,,Unisoc,Unisoc
855,peace,Peace Nova 17 Pro 4G,9997,,"Dual Sim, 4G, VoLTE, Wi-Fi",False,False,False,"MTK6739, Single Core Processor",MTK6739,Single Core,,"4 GB RAM, 64 GB inbuilt",4.0,64.0,5000 mAh Battery,5000,,False,"6.56 inches, 1640 x 720 px Display",6.56,1640,720,,,20 MP Rear & 8 MP Front Camera,20 MP Rear ,1.0,20,,,,,, 8 MP Front Camera,1,8,,Yes,Hybrid,128.0,"Memory Card (Hybrid), upto 128 GB",,Android,1.0,MTK6739,MediaTek
856,peace,Peace Honor 20,6800,,"Dual Sim, 4G, VoLTE, Wi-Fi",False,False,False,"Helio, Single Core, 1.3 MHz Processor",Helio,Single Core,,"3 GB RAM, 32 GB inbuilt",3.0,32.0,2000 mAh Battery,2000,,False,"4.5 inches, 412 x 960 px Display",4.5,412,960,,,8 MP Rear & 5 MP Front Camera,8 MP Rear ,1.0,8,,,,,, 5 MP Front Camera,1,5,,,,,,Android v12,Android,1.0,Helio,MediaTek
857,vivo,Vivo Y19s 5G (4GB RAM + 64GB),19979,,"Dual Sim, 5G, VoLTE, Wi-Fi",True,False,False,"Dimensity 6300, Octa Core, 2.4 GHz Processor",Dimensity 6300,Octa Core,2.4,"4 GB RAM, 64 GB inbuilt",4.0,64.0,6000 mAh Battery with 15W Fast Charging,6000,15.0,True,"6.74 inches, 720 x 1600 px, 90 Hz Display with Water Drop Notch",6.74,720,1600,90.0,Water Drop Notch,13 MP + 0.08 MP Dual Rear & 5 MP Front Camera,13 MP + 0.08 MP Dual Rear ,2.0,13,0.08,,,,, 5 MP Front Camera,1,5,,Yes,Dedicated,,Memory Card Supported,Android v15,Android,8.0,Dimensity,MediaTek
858,peace,Peace Mini 5,3999,,"Dual Sim, 4G, Wi-Fi",False,False,False,"Helio, Single Core, 1.3 MHz Processor",Helio,Single Core,,"3 GB RAM, 32 GB inbuilt",3.0,32.0,2000 mAh Battery,2000,,False,"3.75 inches, 412 x 960 px Display",3.75,412,960,,,8 MP Rear Camera,8 MP Rear Camera,1.0,8,,,,,,,1,,,,,,,Android v12,Android,1.0,Helio,MediaTek
859,philips,Philips E2101C,1028,,,,,,,,,,"32 MB RAM, 32 MB inbuilt",32.0,32.0,1000 mAh Battery,1000,,False,1.77 inches Display,1.77,,,,,No Rear Camera,No Rear Camera,0.0,,,,,,,,1,,,Yes,Dedicated,32.0,"Memory Card Supported, upto 32 GB",,Mocor,,,
860,hmd,HMD Touch 4G,4049,,"Dual Sim, 4G, Wi-Fi",False,False,False,Unisoc T127,Unisoc T127,,,"128 MB RAM, 64 MB inbuilt",128.0,64.0,1950 mAh Battery,1950,,False,"3.2 inches, 240 x 320 px Display",3.2,240,320,,,2 MP Rear & 0.3 MP Front Camera,2 MP Rear ,1.0,2,,,,,, 0.3 MP Front Camera,1,0.3,,Yes,Dedicated,,"Memory Card Supported, upto 128 MB",RTOS Touch,RTOS,,Unisoc,Unisoc
861,itel,itel it5027 Slim,1129,,Dual Sim,False,False,False,208 MHz Processor,,,0.208,"4 MB RAM, 4 MB inbuilt",4.0,4.0,1200 mAh Battery,1200,,False,"2.4 inches, 240 x 320 px Display",2.4,240,320,,,0.3 MP Rear Camera,0.3 MP Rear Camera,1.0,0.3,,,,,,,1,,,Yes,Dedicated,32.0,"Memory Card Supported, upto 32 GB",,Mocor,,,
862,jmax,Jmax Boost,599,,Dual Sim,False,False,False,"Spreadtrum, 1.4 MHz Processor",Spreadtrum,,0.001,"32 MB RAM, 32 MB inbuilt",32.0,32.0,1150 mAh Battery,1150,,False,"1.4 inches, 120 x 240 px Display",1.4,120,240,,,0.3 MP Rear Camera,0.3 MP Rear Camera,1.0,0.3,,,,,,,1,,,Yes,Hybrid,16.0,"Memory Card (Hybrid), upto 16 GB",,Mocor,,Spreadtrum,Unisoc
863,apple,Apple iPhone Air (1TB),159900,67.0,"Dual Sim, 5G, VoLTE, NFC, eSIM, Wi-Fi",True,True,False,"Apple A19 Pro, Hexa Core Processor",Apple A19 Pro,Hexa Core,,"8 GB RAM, 1 TB inbuilt",8.0,1.0,3149 mAh Battery with Fast Charging,3149,,True,"6.5 inches, 1260 x 2736 px Display with Dynamic Island",6.5,1260,2736,,Dynamic Island,48 MP Rear & 18 MP Front Camera,48 MP Rear ,1.0,48,,,,,, 18 MP Front Camera,1,18,,No,Not Supported,,Memory Card Not Supported,iOS v26,iOS,6.0,Apple,Apple
864,apple,Apple iPhone Air (512GB),139900,66.0,"Dual Sim, 5G, VoLTE, NFC, eSIM, Wi-Fi",True,True,False,"Apple A19 Pro, Hexa Core Processor",Apple A19 Pro,Hexa Core,,"8 GB RAM, 512 GB inbuilt",8.0,512.0,3149 mAh Battery with Fast Charging,3149,,True,"6.5 inches, 1260 x 2736 px Display with Dynamic Island",6.5,1260,2736,,Dynamic Island,48 MP Rear & 18 MP Front Camera,48 MP Rear ,1.0,48,,,,,, 18 MP Front Camera,1,18,,No,Not Supported,,Memory Card Not Supported,iOS v26,iOS,6.0,Apple,Apple
865,lava,Lava A2 Smart,1132,,Dual Sim,False,False,False,"Single Core, 1.5 MHz Processor",,Single Core,0.002,"4 MB RAM, 32 MB inbuilt",4.0,32.0,1200 mAh Battery,1200,,False,"2.4 inches, 120 x 240 px Display",2.4,120,240,,,Digital Rear Camera,Digital Rear Camera,1.0,,,,,,,,1,,,Yes,Dedicated,32.0,"Memory Card Supported, upto 32 GB",,RTOS,1.0,,
866,realme,Realme Narzo 80 Lite (6GB RAM + 128GB),21999,53.0,"Dual Sim, 5G, VoLTE, Wi-Fi",True,False,False,"Dimensity 6300, Octa Core, 2.4 GHz Processor",Dimensity 6300,Octa Core,2.4,"6 GB RAM, 128 GB inbuilt",6.0,128.0,6000 mAh Battery with 15W Fast Charging,6000,15.0,True,"6.67 inches, 720 x 1604 px, 120 Hz Display with Punch Hole",6.67,720,1604,120.0,Punch Hole,32 MP Dual Rear & 8 MP Front Camera,32 MP Dual Rear ,2.0,32,,,,,, 8 MP Front Camera,1,8,,Yes,Hybrid,2048.0,"Memory Card (Hybrid), upto 2 TB",Android v15,Android,8.0,Dimensity,MediaTek
867,motorola,Motorola Moto A200,1251,,Dual Sim,False,False,False,,,,,"56 MB RAM, 36 MB inbuilt",56.0,36.0,800 mAh Battery,800,,False,"1.77 inches, 128 x 160 px Display",1.77,128,160,,,No Rear Camera,No Rear Camera,0.0,,,,,,,,1,,,Yes,Dedicated,64.0,"Memory Card Supported, upto 64 GB",,RTOS,,,
868,samsung,Samsung Galaxy M06 (4GB RAM + 64GB),14399,,"Dual Sim, 5G, VoLTE, Wi-Fi",True,False,False,"Dimensity 6300, Octa Core, 2.4 GHz Processor",Dimensity 6300,Octa Core,2.4,"4 GB RAM, 64 GB inbuilt",4.0,64.0,5000 mAh Battery with 25W Fast Charging,5000,25.0,True,"6.74 inches, 720 x 1600 px, 90 Hz Display with Water Drop Notch",6.74,720,1600,90.0,Water Drop Notch,50 MP + 2 MP Dual Rear & 8 MP Front Camera,50 MP + 2 MP Dual Rear ,2.0,50,2,,,,, 8 MP Front Camera,1,8,,Yes,Hybrid,1536.0,"Memory Card (Hybrid), upto 1.5 TB",Android v15,Android,8.0,Dimensity,MediaTek
869,samsung,Samsung Galaxy F06 5G (4GB RAM + 64GB),14935,,"Dual Sim, 5G, VoLTE, Wi-Fi",True,False,False,"Dimensity 6300, Octa Core, 2.4 GHz Processor",Dimensity 6300,Octa Core,2.4,"4 GB RAM, 64 GB inbuilt",4.0,64.0,5000 mAh Battery with 25W Fast Charging,5000,25.0,True,"6.7 inches, 720 x 1600 px Display with Water Drop Notch",6.7,720,1600,,Water Drop Notch,50 MP + 2 MP Dual Rear & 8 MP Front Camera,50 MP + 2 MP Dual Rear ,2.0,50,2,,,,, 8 MP Front Camera,1,8,,Yes,Hybrid,1024.0,"Memory Card (Hybrid), upto 1 TB",Android v15,Android,8.0,Dimensity,MediaTek
870,hmd,HMD 130 Music (2025),1749,,Dual Sim,False,False,False,Unisoc 6531F,Unisoc 6531F,,,"8 MB RAM, 8 MB inbuilt",8.0,8.0,2500 mAh Battery,2500,,False,"2.4 inches, 240 x 320 px Display",2.4,240,320,,,No Rear Camera,No Rear Camera,0.0,,,,,,,,1,,,Yes,Dedicated,32.0,"Memory Card Supported, upto 32 GB",S30+,S30+ / Feature OS,,Unisoc,Unisoc
871,jio,Jio Bharat V3,1499,,"Single Sim, 4G, VoLTE",False,False,False,,,,,"512 MB RAM, 4 GB inbuilt",512.0,4.0,1000 mAh Battery,1000,,False,"1.77 inches, 240 x 320 px Display",1.77,240,320,,,0.3 MP Rear Camera,0.3 MP Rear Camera,1.0,0.3,,,,,,,1,,,Yes,Dedicated,128.0,"Memory Card Supported, upto 128 GB",,Mocor,,,
872,hmd,HMD 110,1249,,Dual Sim,False,False,False,,,,,"4 MB RAM, 4 MB inbuilt",4.0,4.0,1000 mAh Battery,1000,,False,"2 inches, 120 x 160 px Display",2.0,120,160,,,,,,,,,,,,,1,,,Yes,Dedicated,32.0,"Memory Card Supported, upto 32 GB",RTOS,S30+ / Feature OS,,,
873,poco,Poco F6 5G (12GB RAM + 512GB),42900,74.0,"Dual Sim, 5G, VoLTE, NFC, Wi-Fi, IR Blaster",True,True,True,"Snapdragon 8s Gen3, Octa Core, 3 GHz Processor",Snapdragon 8s Gen3,Octa Core,3.0,"12 GB RAM, 512 GB inbuilt",12.0,512.0,5000 mAh Battery with 90W Fast Charging,5000,90.0,True,"6.67 inches, 1220 x 2712 px, 120 Hz Display with Punch Hole",6.67,1220,2712,120.0,Punch Hole,50 MP + 8 MP Dual Rear & 20 MP Front Camera,50 MP + 8 MP Dual Rear ,2.0,50,8,,,,, 20 MP Front Camera,1,20,,No,Not Supported,,Memory Card Not Supported,Android v14,Android,8.0,Snapdragon,Qualcomm
874,motorola,Motorola Moto A50V,1799,,Dual Sim,False,False,False,,,,,"4 MB RAM, 4 MB inbuilt",4.0,4.0,1750 mAh Battery,1750,,False,"1.8 inches, 160 x 128 px Display",1.8,160,128,,,0.3 MP Rear Camera,0.3 MP Rear Camera,1.0,0.3,,,,,,,1,,,Yes,Dedicated,32.0,"Memory Card Supported, upto 32 GB",,RTOS,,,
875,vivo,Vivo Y18,14999,,"Dual Sim, 4G, VoLTE, Wi-Fi",False,False,False,"Helio G85, Octa Core, 2 GHz Processor",Helio G85,Octa Core,2.0,"4 GB RAM, 64 GB inbuilt",4.0,64.0,5000 mAh Battery with 15W Fast Charging,5000,15.0,True,"6.56 inches, 720 x 1612 px, 90 Hz Display with Water Drop Notch",6.56,720,1612,90.0,Water Drop Notch,50 MP + 0.08 MP Dual Rear & 8 MP Front Camera,50 MP + 0.08 MP Dual Rear ,2.0,50,0.08,,,,, 8 MP Front Camera,1,8,,Yes,Dedicated,,Memory Card Supported,Android v14,Android,8.0,Helio,MediaTek
876,realme,Realme Narzo 70x 5G,21990,54.0,"Dual Sim, 5G, VoLTE, Wi-Fi",True,False,False,"Dimensity 6100 Plus, Octa Core, 2.2 GHz Processor",Dimensity 6100 Plus,Octa Core,2.2,"4 GB RAM, 128 GB inbuilt",4.0,128.0,5000 mAh Battery with 45W Fast Charging,5000,45.0,True,"6.72 inches, 1080 x 2400 px, 120 Hz Display with Punch Hole",6.72,1080,2400,120.0,Punch Hole,50 MP + 2 MP Dual Rear & 8 MP Front Camera,50 MP + 2 MP Dual Rear ,2.0,50,2,,,,, 8 MP Front Camera,1,8,,Yes,Hybrid,2048.0,"Memory Card (Hybrid), upto 2 TB",Android v14,Android,8.0,Dimensity,MediaTek
877,itel,Itel it5262,1579,,Dual Sim,False,False,False,,,,,"4 MB RAM, 4 MB inbuilt",4.0,4.0,2000 mAh Battery,2000,,False,"2.4 inches, 240 x 320 px Display",2.4,240,320,,,0.3 MP Rear Camera,0.3 MP Rear Camera,1.0,0.3,,,,,,,1,,,Yes,Dedicated,32.0,"Memory Card Supported, upto 32 GB",,Mocor,,,
878,realme,Realme C51 (4GB RAM + 128 GB),15990,,"Dual Sim, 4G, VoLTE, Wi-Fi",False,False,False,"Unisoc T612, Octa Core, 1.8 GHz Processor",Unisoc T612,Octa Core,1.8,"4 GB RAM, 128 GB inbuilt",4.0,128.0,5000 mAh Battery with 33W Fast Charging,5000,33.0,True,"6.74 inches, 720 x 1600 px, 90 Hz Display with Water Drop Notch",6.74,720,1600,90.0,Water Drop Notch,50 MP + 0.08 MP Dual Rear & 5 MP Front Camera,50 MP + 0.08 MP Dual Rear ,2.0,50,0.08,,,,, 5 MP Front Camera,1,5,,Yes,Dedicated,2048.0,"Memory Card Supported, upto 2 TB",Android v13,Android,8.0,Unisoc,Unisoc
879,lava,Lava A7 Torch,1780,,Dual Sim,False,False,False,,,,,"32 MB RAM, 32 MB inbuilt",32.0,32.0,2575 mAh Battery,2575,,False,"2.4 inches, 320 x 240 px Display",2.4,320,240,,,0.3 MP Rear Camera,0.3 MP Rear Camera,1.0,0.3,,,,,,,1,,,Yes,Dedicated,32.0,"Memory Card Supported, upto 32 GB",,Mocor,,,
880,realme,Realme 11,25990,58.0,"Dual Sim, 5G, VoLTE, Wi-Fi",True,False,False,"Dimensity 6100 Plus, Octa Core, 2.2 GHz Processor",Dimensity 6100 Plus,Octa Core,2.2,"8 GB RAM, 128 GB inbuilt",8.0,128.0,5000 mAh Battery with 67W Fast Charging,5000,67.0,True,"6.72 inches, 1080 x 2400 px, 120 Hz Display with Punch Hole",6.72,1080,2400,120.0,Punch Hole,108 MP + 2 MP Dual Rear & 16 MP Front Camera,108 MP + 2 MP Dual Rear ,2.0,108,2,,,,, 16 MP Front Camera,1,16,,Yes,Dedicated,1024.0,"Memory Card Supported, upto 1 TB",Android v13,Android,8.0,Dimensity,MediaTek
881,nokia,Nokia 130 Music 2023,1949,,Dual Sim,False,False,False,,,,,"4 MB RAM, 4 MB inbuilt",4.0,4.0,1450 mAh Battery,1450,,False,"2.4 inches, 240 x 320 px Display",2.4,240,320,,,No Rear Camera,No Rear Camera,0.0,,,,,,,,1,,,Yes,Dedicated,32.0,"Memory Card Supported, upto 32 GB",S30+,S30+ / Feature OS,,,
882,samsung,Samsung Galaxy Z Flip 5 (8GB RAM + 512GB),67800,77.0,"Single Sim, 5G, VoLTE, Vo5G, NFC, Wi-Fi",True,True,False,"Snapdragon 8 Gen 2, Octa Core, 3.2 GHz Processor",Snapdragon 8 Gen 2,Octa Core,3.2,"8 GB RAM, 512 GB inbuilt",8.0,512.0,3700 mAh Battery with 25W Fast Charging,3700,25.0,True,"6.7 inches, 1080 x 2640 px, 120 Hz Display with Punch Hole",6.7,1080,2640,120.0,Punch Hole,12 MP + 12 MP Dual Rear & 10 MP Front Camera,12 MP + 12 MP Dual Rear ,2.0,12,12,,,,, 10 MP Front Camera,1,10,,No,Not Supported,,Memory Card Not Supported,,Android,8.0,Snapdragon,Qualcomm
883,lava,Lava A3 Vibe,1299,,Dual Sim,False,False,False,1 MHz Processor,,,0.001,"32 MB RAM, 32 MB inbuilt",32.0,32.0,1750 mAh Battery,1750,,False,"1.77 inches, 128 x 160 px Display",1.77,128,160,,,0.3 MP Rear Camera,0.3 MP Rear Camera,1.0,0.3,,,,,,,1,,,Yes,Dedicated,32.0,"Memory Card Supported, upto 32 GB",,Mocor,,,
884,samsung,Samsung Galaxy S21 FE (Snapdragon),74999,66.0,"Dual Sim, 5G, VoLTE, NFC, Wi-Fi",True,True,False,"Snapdragon 888, Octa Core, 2.84 GHz Processor",Snapdragon 888,Octa Core,2.84,"8 GB RAM, 256 GB inbuilt",8.0,256.0,4500 mAh Battery with 25W Fast Charging,4500,25.0,True,"6.4 inches, 1080 x 2340 px, 120 Hz Display with Punch Hole",6.4,1080,2340,120.0,Punch Hole,12 MP + 12 MP + 8 MP Triple Rear & 32 MP Front Camera,12 MP + 12 MP + 8 MP Triple Rear ,3.0,12,12,8,,,, 32 MP Front Camera,1,32,,No,Not Supported,,Memory Card Not Supported,Android v13,Android,8.0,Snapdragon,Qualcomm
885,motorola,Motorola Razr 40 Ultra,69990,74.0,"Dual Sim, 5G, VoLTE, NFC, Wi-Fi",True,True,False,"Snapdragon  8+ Gen1, Octa Core, 3.2 GHz Processor",Snapdragon  8+ Gen1,Octa Core,3.2,"8 GB RAM, 256 GB inbuilt",8.0,256.0,3800 mAh Battery with 30W Fast Charging,3800,30.0,True,"6.9 inches, 1080 x 2640 px, 165 Hz Display with Punch Hole",6.9,1080,2640,165.0,Punch Hole,13 MP + 12 MP Dual Rear & 32 MP Front Camera,13 MP + 12 MP Dual Rear ,2.0,13,12,,,,, 32 MP Front Camera,1,32,,No,Not Supported,,Memory Card Not Supported,,Android,8.0,Snapdragon,Qualcomm
886,poco,Poco F5,34999,64.0,"Dual Sim, 5G, VoLTE, Wi-Fi, IR Blaster",True,False,True,"Snapdragon 7+ Gen2, Octa Core, 2.91 GHz Processor",Snapdragon 7+ Gen2,Octa Core,2.91,"8 GB RAM, 256 GB inbuilt",8.0,256.0,5000 mAh Battery with 67W Fast Charging,5000,67.0,True,"6.67 inches, 1080 x 2400 px, 120 Hz Display with Punch Hole",6.67,1080,2400,120.0,Punch Hole,64 MP + 8 MP + 2 MP Triple Rear & 16 MP Front Camera,64 MP + 8 MP + 2 MP Triple Rear ,3.0,64,8,2,,,, 16 MP Front Camera,1,16,,,,,,Android v13,Android,8.0,Snapdragon,Qualcomm
887,tecno,Tecno Spark 10C,13899,,"Dual Sim, 4G, VoLTE, Wi-Fi",False,False,False,"Unisoc T606, Octa Core, 2 GHz Processor",Unisoc T606,Octa Core,2.0,"8 GB RAM, 128 GB inbuilt",8.0,128.0,5000 mAh Battery with 18W Fast Charging,5000,18.0,True,"6.6 inches, 720 x 1612 px, 90 Hz Display with Water Drop Notch",6.6,720,1612,90.0,Water Drop Notch,16 MP Dual Rear & 8 MP Front Camera,16 MP Dual Rear ,2.0,16,,,,,, 8 MP Front Camera,1,8,,Yes,Dedicated,,Memory Card Supported,Android v12,Android,8.0,Unisoc,Unisoc
888,samsung,Samsung Galaxy A34 5G (8GB RAM + 128GB),35499,66.0,"Dual Sim, 5G, VoLTE, NFC, Wi-Fi",True,True,False,"Dimensity 1080, Octa Core, 2.6 GHz Processor",Dimensity 1080,Octa Core,2.6,"8 GB RAM, 128 GB inbuilt",8.0,128.0,5000 mAh Battery with 25W Fast Charging,5000,25.0,True,"6.6 inches, 1080 x 2340 px, 120 Hz Display with Water Drop Notch",6.6,1080,2340,120.0,Water Drop Notch,48 MP + 8 MP + 5 MP Triple Rear & 13 MP Front Camera,48 MP + 8 MP + 5 MP Triple Rear ,3.0,48,8,5,,,, 13 MP Front Camera,1,13,,Yes,Hybrid,1024.0,"Memory Card (Hybrid), upto 1 TB",Android v13,Android,8.0,Dimensity,MediaTek
889,poco,POCO X5 5G,21999,61.0,"Dual Sim, 5G, VoLTE, Wi-Fi, IR Blaster",True,False,True,"Snapdragon 695, Octa Core, 2.2 GHz Processor",Snapdragon 695,Octa Core,2.2,"6 GB RAM, 128 GB inbuilt",6.0,128.0,5000 mAh Battery with 33W Fast Charging,5000,33.0,True,"6.67 inches, 1080 x 2400 px, 120 Hz Display with Punch Hole",6.67,1080,2400,120.0,Punch Hole,48 MP + 8 MP + 2 MP Triple Rear & 13 MP Front Camera,48 MP + 8 MP + 2 MP Triple Rear ,3.0,48,8,2,,,, 13 MP Front Camera,1,13,,Yes,Hybrid,1024.0,"Memory Card (Hybrid), upto 1 TB",Android v12,Android,8.0,Snapdragon,Qualcomm
890,motorola,Motorola Moto E13 (4GB RAM + 64GB),10999,,"Dual Sim, 4G, VoLTE, Wi-Fi",False,False,False,"Tiger T606, Octa Core, 1.6 GHz Processor",Tiger T606,Octa Core,1.6,"4 GB RAM, 64 GB inbuilt",4.0,64.0,5000 mAh Battery with 10W Fast Charging,5000,10.0,True,"6.5 inches, 720 x 1600 px Display with Water Drop Notch",6.5,720,1600,,Water Drop Notch,13 MP Rear & 5 MP Front Camera,13 MP Rear ,1.0,13,,,,,, 5 MP Front Camera,1,5,,Yes,Dedicated,1024.0,"Memory Card Supported, upto 1 TB",Android v13,Android,8.0,Tiger,Unisoc
891,samsung,Samsung Galaxy F04,16999,,"Dual Sim, 4G, VoLTE, Wi-Fi",False,False,False,"Helio P35, Octa Core, 2.3 GHz Processor",Helio P35,Octa Core,2.3,"4 GB RAM, 64 GB inbuilt",4.0,64.0,5000 mAh Battery with 15W Fast Charging,5000,15.0,True,"6.5 inches, 720 x 1600 px Display with Water Drop Notch",6.5,720,1600,,Water Drop Notch,13 MP + 2 MP Dual Rear & 5 MP Front Camera,13 MP + 2 MP Dual Rear ,2.0,13,2,,,,, 5 MP Front Camera,1,5,,Yes,Dedicated,1024.0,"Memory Card Supported, upto 1 TB",Android v12,Android,8.0,Helio,MediaTek
892,samsung,Samsung Galaxy A23 5G,28990,55.0,"Dual Sim, 5G, VoLTE, Wi-Fi",True,False,False,"Snapdragon 695, Octa Core, 2.2 GHz Processor",Snapdragon 695,Octa Core,2.2,"6 GB RAM, 128 GB inbuilt",6.0,128.0,5000 mAh Battery with 25W Fast Charging,5000,25.0,True,"6.6 inches, 1080 x 2408 px, 120 Hz Display with Water Drop Notch",6.6,1080,2408,120.0,Water Drop Notch,50 MP Quad Rear & 8 MP Front Camera,50 MP Quad Rear ,4.0,50,,,,,, 8 MP Front Camera,1,8,,Yes,Dedicated,1024.0,"Memory Card Supported, upto 1 TB",Android v12,Android,8.0,Snapdragon,Qualcomm
893,lava,Lava Gem Power,1759,,Dual Sim,False,False,False,,,,,"512 MB RAM, 512 MB inbuilt",512.0,512.0,2575 mAh Battery,2575,,False,"2.8 inches, 320 x 240 px Display",2.8,320,240,,,1.3 MP Rear Camera,1.3 MP Rear Camera,1.0,1.3,,,,,,,1,,,Yes,Dedicated,32.0,"Memory Card Supported, upto 32 GB",,Mocor,,,
894,oneplus,OnePlus 10T (12GB RAM + 256GB),54999,68.0,"Dual Sim, 5G, VoLTE, NFC, Wi-Fi",True,True,False,"Snapdragon 8+ Gen1, Octa Core, 3.2 GHz Processor",Snapdragon 8+ Gen1,Octa Core,3.2,"12 GB RAM, 256 GB inbuilt",12.0,256.0,4800 mAh Battery with 150W Fast Charging,4800,150.0,True,"6.7 inches, 1080 x 2412 px, 120 Hz Display with Punch Hole",6.7,1080,2412,120.0,Punch Hole,50 MP + 8 MP + 2 MP Triple Rear & 16 MP Front Camera,50 MP + 8 MP + 2 MP Triple Rear ,3.0,50,8,2,,,, 16 MP Front Camera,1,16,,,,,,Android v12,Android,8.0,Snapdragon,Qualcomm
895,motorola,Motorola Edge 30 5G (8GB RAM + 128GB),34999,64.0,"Dual Sim, 5G, VoLTE, NFC, Wi-Fi",True,True,False,"Snapdragon 778G+, Octa Core, 2.5 GHz Processor",Snapdragon 778G+,Octa Core,2.5,"8 GB RAM, 128 GB inbuilt",8.0,128.0,4020 mAh Battery with 33W Fast Charging,4020,33.0,True,"6.5 inches, 1080 x 2400 px, 144 Hz Display with Punch Hole",6.5,1080,2400,144.0,Punch Hole,50 MP + 50 MP + 2 MP Triple Rear & 32 MP Front Camera,50 MP + 50 MP + 2 MP Triple Rear ,3.0,50,50,2,,,, 32 MP Front Camera,1,32,,,,,,Android v12,Android,8.0,Snapdragon,Qualcomm
896,samsung,Samsung Galaxy A23,23500,,"Dual Sim, 4G, VoLTE, Wi-Fi",False,False,False,"Snapdragon  680, Octa Core, 2.4 GHz Processor",Snapdragon  680,Octa Core,2.4,"6 GB RAM, 128 GB inbuilt",6.0,128.0,5000 mAh Battery with 25W Fast Charging,5000,25.0,True,"6.6 inches, 1080 x 2408 px Display with Water Drop Notch",6.6,1080,2408,,Water Drop Notch,50 MP Quad Rear & 8 MP Front Camera,50 MP Quad Rear ,4.0,50,,,,,, 8 MP Front Camera,1,8,,Yes,Dedicated,1024.0,"Memory Card Supported, upto 1 TB",Android v12,Android,8.0,Snapdragon,Qualcomm
897,realme,Realme 9 5G,16999,53.0,"Dual Sim, 5G, VoLTE, Wi-Fi",True,False,False,"Dimensity  810 5G, Octa Core, 2.4 GHz Processor",Dimensity  810 5G,Octa Core,2.4,"4 GB RAM, 64 GB inbuilt",4.0,64.0,5000 mAh Battery with 18W Fast Charging,5000,18.0,True,"6.5 inches, 1080 x 2400 px, 90 Hz Display with Punch Hole",6.5,1080,2400,90.0,Punch Hole,48 MP + 2 MP + 2 MP Triple Rear & 16 MP Front Camera,48 MP + 2 MP + 2 MP Triple Rear ,3.0,48,2,2,,,, 16 MP Front Camera,1,16,,Yes,Dedicated,1024.0,"Memory Card Supported, upto 1 TB",Android v11,Android,8.0,Dimensity,MediaTek
898,realme,Realme 9 5G SE (8GB RAM + 128GB),21990,57.0,"Dual Sim, 5G, VoLTE, Wi-Fi",True,False,False,"Snapdragon  778G, Octa Core, 2.4 GHz Processor",Snapdragon  778G,Octa Core,2.4,"8 GB RAM, 128 GB inbuilt",8.0,128.0,5000 mAh Battery with 30W Fast Charging,5000,30.0,True,"6.6 inches, 1080 x 2412 px, 144 Hz Display with Punch Hole",6.6,1080,2412,144.0,Punch Hole,48 MP + 2 MP + 2 MP Triple Rear & 16 MP Front Camera,48 MP + 2 MP + 2 MP Triple Rear ,3.0,48,2,2,,,, 16 MP Front Camera,1,16,,Yes,Dedicated,1024.0,"Memory Card Supported, upto 1 TB",Android v11,Android,8.0,Snapdragon,Qualcomm
899,samsung,Samsung Galaxy S22 Plus 5G (8GB RAM + 256GB),105999,76.0,"Dual Sim, 5G, VoLTE, Vo5G, NFC, Wi-Fi",True,True,False,"Snapdragon  8 Gen1, Octa Core, 3 GHz Processor",Snapdragon  8 Gen1,Octa Core,3.0,"8 GB RAM, 256 GB inbuilt",8.0,256.0,4500 mAh Battery with 45W Fast Charging,4500,45.0,True,"6.6 inches, 1080 x 2340 px, 120 Hz Display with Punch Hole",6.6,1080,2340,120.0,Punch Hole,50 MP + 12 MP + 10 MP Triple Rear & 10 MP Front Camera,50 MP + 12 MP + 10 MP Triple Rear ,3.0,50,12,10,,,, 10 MP Front Camera,1,10,,,,,,Android v12,Android,8.0,Snapdragon,Qualcomm
900,poco,POCO M4 Pro 4G (8GB RAM + 128GB),19990,54.0,"Dual Sim, 4G, VoLTE, Wi-Fi, IR Blaster",False,False,True,"Helio G96, Octa Core, 2.05 GHz Processor",Helio G96,Octa Core,2.05,"8 GB RAM, 128 GB inbuilt",8.0,128.0,5000 mAh Battery with 33W Fast Charging,5000,33.0,True,"6.43 inches, 1080 x 2400 px, 90 Hz Display with Punch Hole",6.43,1080,2400,90.0,Punch Hole,64 MP + 8 MP + 2 MP Triple Rear & 16 MP Front Camera,64 MP + 8 MP + 2 MP Triple Rear ,3.0,64,8,2,,,, 16 MP Front Camera,1,16,,Yes,Dedicated,1024.0,"Memory Card Supported, upto 1 TB",Android v11,Android,8.0,Helio,MediaTek
901,micromax,Micromax X818,1499,,Dual Sim,False,False,False,1 MHz Processor,,,0.001,"32 MB RAM, 32 MB inbuilt",32.0,32.0,1450 mAh Battery,1450,,False,"2.8 inches, 240 x 320 px Display",2.8,240,320,,,0.3 MP Rear Camera,0.3 MP Rear Camera,1.0,0.3,,,,,,,1,,,,,,,,Mocor,,,
902,iqoo,iQOO 9 5G (12GB RAM + 256GB),50650,68.0,"Dual Sim, 5G, VoLTE, Wi-Fi",True,False,False,"Snapdragon  888+, Octa Core, 2.9 GHz Processor",Snapdragon  888+,Octa Core,2.9,"12 GB RAM, 256 GB inbuilt",12.0,256.0,4350 mAh Battery with 120W Fast Charging,4350,120.0,True,"6.56 inches, 1080 x 2376 px, 120 Hz Display with Punch Hole",6.56,1080,2376,120.0,Punch Hole,48 MP + 13 MP + 13 MP Triple Rear & 16 MP Front Camera,48 MP + 13 MP + 13 MP Triple Rear ,3.0,48,13,13,,,, 16 MP Front Camera,1,16,,,,,,Android v12,Android,8.0,Snapdragon,Qualcomm
903,micromax,Micromax X778,1362,,Dual Sim,False,False,False,1 MHz Processor,,,0.001,"32 MB RAM, 32 MB inbuilt",32.0,32.0,2700 mAh Battery,2700,,False,"2.4 inches, 240 x 320 px Display",2.4,240,320,,,0.3 MP Rear Camera,0.3 MP Rear Camera,1.0,0.3,,,,,,,1,,,,,,,,Mocor,,,
904,motorola,Motorola Moto G31,14290,,"Dual Sim, 4G, VoLTE, Wi-Fi",False,False,False,"Helio  G85, Octa Core, 2 GHz Processor",Helio  G85,Octa Core,2.0,"4 GB RAM, 64 GB inbuilt",4.0,64.0,5000 mAh Battery with 20W Fast Charging,5000,20.0,True,"6.47 inches, 1080 x 2400 px Display with Punch Hole",6.47,1080,2400,,Punch Hole,50 MP + 8 MP + 2 MP Triple Rear & 13 MP Front Camera,50 MP + 8 MP + 2 MP Triple Rear ,3.0,50,8,2,,,, 13 MP Front Camera,1,13,,Yes,Hybrid,1024.0,"Memory Card (Hybrid), upto 1 TB",Android v11,Android,8.0,Helio,MediaTek
905,motorola,Motorola Moto G31 (6GB RAM+ 128GB),16999,50.0,"Dual Sim, 4G, VoLTE, Wi-Fi",False,False,False,"Helio  G85, Octa Core, 2 GHz Processor",Helio  G85,Octa Core,2.0,"6 GB RAM, 128 GB inbuilt",6.0,128.0,5000 mAh Battery with 20W Fast Charging,5000,20.0,True,"6.47 inches, 1080 x 2400 px Display with Punch Hole",6.47,1080,2400,,Punch Hole,50 MP + 8 MP + 2 MP Triple Rear & 13 MP Front Camera,50 MP + 8 MP + 2 MP Triple Rear ,3.0,50,8,2,,,, 13 MP Front Camera,1,13,,Yes,Hybrid,1024.0,"Memory Card (Hybrid), upto 1 TB",Android v11,Android,8.0,Helio,MediaTek
906,xiaomi,Xiaomi Mi 11 Lite NE 5G (8GB RAM + 128GB),26499,61.0,"Dual Sim, 5G, VoLTE, NFC, Wi-Fi, IR Blaster",True,True,True,"Snapdragon  778G , Octa Core, 2.4 GHz Processor",Snapdragon  778G ,Octa Core,2.4,"8 GB RAM, 128 GB inbuilt",8.0,128.0,4250 mAh Battery with 33W Fast Charging,4250,33.0,True,"6.55 inches, 1080 x 2400 px, 90 Hz Display with Punch Hole",6.55,1080,2400,90.0,Punch Hole,64 MP + 8 MP + 5 MP Triple Rear & 20 MP Front Camera,64 MP + 8 MP + 5 MP Triple Rear ,3.0,64,8,5,,,, 20 MP Front Camera,1,20,,Yes,Hybrid,,Memory Card (Hybrid),Android v11,Android,8.0,Snapdragon,Qualcomm
907,motorola,Motorola Edge 20 5G,25490,64.0,"Dual Sim, 5G, VoLTE, NFC, Wi-Fi",True,True,False,"Snapdragon  778G , Octa Core, 2.4 GHz Processor",Snapdragon  778G ,Octa Core,2.4,"8 GB RAM, 128 GB inbuilt",8.0,128.0,4000 mAh Battery with 30W Fast Charging,4000,30.0,True,"6.7 inches, 1080 x 2460 px, 144 Hz Display with Punch Hole",6.7,1080,2460,144.0,Punch Hole,108 MP + 16 MP + 8 MP Triple Rear & 32 MP Front Camera,108 MP + 16 MP + 8 MP Triple Rear ,3.0,108,16,8,,,, 32 MP Front Camera,1,32,,,,,,Android v11,Android,8.0,Snapdragon,Qualcomm
908,poco,POCO M3 Pro 5G (6GB RAM + 128GB),17690,54.0,"Dual Sim, 5G, VoLTE, Wi-Fi, IR Blaster",True,False,True,"Dimensity 700 5G, Octa Core, 2.2 GHz Processor",Dimensity 700 5G,Octa Core,2.2,"6 GB RAM, 128 GB inbuilt",6.0,128.0,5000 mAh Battery with 18W Fast Charging,5000,18.0,True,"6.5 inches, 1080 x 2400 px, 90 Hz Display with Punch Hole",6.5,1080,2400,90.0,Punch Hole,48 MP + 2 MP + 2 MP Triple Rear & 8 MP Front Camera,48 MP + 2 MP + 2 MP Triple Rear ,3.0,48,2,2,,,, 8 MP Front Camera,1,8,,Yes,Hybrid,1024.0,"Memory Card (Hybrid), upto 1 TB",Android v11,Android,8.0,Dimensity,MediaTek
909,xiaomi,Xiaomi Mi 11 Lite,19990,55.0,"Dual Sim, 4G, VoLTE, Wi-Fi, IR Blaster",False,False,True,"Snapdragon 732G, Octa Core, 2.3 GHz Processor",Snapdragon 732G,Octa Core,2.3,"6 GB RAM, 128 GB inbuilt",6.0,128.0,4250 mAh Battery with 33W Fast Charging,4250,33.0,True,"6.55 inches, 1080 x 2400 px, 90 Hz Display with Punch Hole",6.55,1080,2400,90.0,Punch Hole,64 MP + 8 MP + 5 MP Triple Rear & 16 MP Front Camera,64 MP + 8 MP + 5 MP Triple Rear ,3.0,64,8,5,,,, 16 MP Front Camera,1,16,,Yes,Hybrid,512.0,"Memory Card (Hybrid), upto 512 GB",Android v11,Android,8.0,Snapdragon,Qualcomm
910,motorola,Motorola Moto G40 Fusion,16590,53.0,"Dual Sim, 4G, VoLTE, Wi-Fi",False,False,False,"Snapdragon  732G, Octa Core, 2.3 GHz Processor",Snapdragon  732G,Octa Core,2.3,"4 GB RAM, 64 GB inbuilt",4.0,64.0,6000 mAh Battery with 20W Fast Charging,6000,20.0,True,"6.78 inches, 1080 x 2460 px, 120 Hz Display with Punch Hole",6.78,1080,2460,120.0,Punch Hole,64 MP + 8 MP + 2 MP Triple Rear & 16 MP Front Camera,64 MP + 8 MP + 2 MP Triple Rear ,3.0,64,8,2,,,, 16 MP Front Camera,1,16,,Yes,Hybrid,256.0,"Memory Card (Hybrid), upto 256 GB",Android v11,Android,8.0,Snapdragon,Qualcomm
911,realme,Realme 7i (4GB RAM + 128GB),14999,50.0,"Dual Sim, 4G, VoLTE, Wi-Fi",False,False,False,"Snapdragon 662, Octa Core, 2 GHz Processor",Snapdragon 662,Octa Core,2.0,"4 GB RAM, 128 GB inbuilt",4.0,128.0,5000 mAh Battery with 18W Fast Charging,5000,18.0,True,"6.5 inches, 720 x 1600 px, 90 Hz Display with Punch Hole",6.5,720,1600,90.0,Punch Hole,64 MP Quad Rear & 16 MP Front Camera,64 MP Quad Rear ,4.0,64,,,,,, 16 MP Front Camera,1,16,,Yes,Dedicated,256.0,"Memory Card Supported, upto 256 GB",Android v10,Android,8.0,Snapdragon,Qualcomm
912,nokia,Nokia 5310 Dual Sim,3689,,Dual Sim,False,False,False,,,,,"8 MB RAM, 16 MB inbuilt",8.0,16.0,1200 mAh Battery,1200,,False,"2.4 inches, 240 x 320 px Display",2.4,240,320,,,0.3 MP Rear Camera,0.3 MP Rear Camera,1.0,0.3,,,,,,,1,,,Yes,Dedicated,32.0,"Memory Card Supported, upto 32 GB",,S30+ / Feature OS,,,
913,oneplus,OnePlus 7T (8GB RAM + 256GB),29999,61.0,"Dual Sim, 4G, VoLTE, NFC, Wi-Fi",False,True,False,"Snapdragon  855+, Octa Core, 2.96 GHz Processor",Snapdragon  855+,Octa Core,2.96,"8 GB RAM, 256 GB inbuilt",8.0,256.0,3800 mAh Battery with 30W Fast Charging,3800,30.0,True,"6.55 inches, 1080 x 2400 px Display with Water Drop Notch",6.55,1080,2400,,Water Drop Notch,48 MP + 16 MP + 12 MP Triple Rear & 16 MP Front Camera,48 MP + 16 MP + 12 MP Triple Rear ,3.0,48,16,12,,,, 16 MP Front Camera,1,16,,No,Not Supported,,Memory Card Not Supported,Android v10.0,Android,8.0,Snapdragon,Qualcomm
914,vivo,Vivo S1 (6GB RAM + 128GB),22999,,"Dual Sim, 4G, VoLTE, Wi-Fi",False,False,False,"Helio  P65 , Octa Core, 2 GHz Processor",Helio  P65 ,Octa Core,2.0,"6 GB RAM, 128 GB inbuilt",6.0,128.0,4500 mAh Battery with 18W Fast Charging,4500,18.0,True,"6.38 inches, 1080 x 2340 px Display with Water Drop Notch",6.38,1080,2340,,Water Drop Notch,16 MP + 8 MP + 2 MP Triple Rear & 32 MP Front Camera,16 MP + 8 MP + 2 MP Triple Rear ,3.0,16,8,2,,,, 32 MP Front Camera,1,32,,Yes,Dedicated,256.0,"Memory Card Supported, upto 256 GB",Android v9.0 (Pie),Android,8.0,Helio,MediaTek
915,realme,Realme 5 (4GB RAM + 64GB),11999,,"Dual Sim, 4G, VoLTE, Wi-Fi",False,False,False,"Snapdragon  665, Octa Core, 2 GHz Processor",Snapdragon  665,Octa Core,2.0,"4 GB RAM, 64 GB inbuilt",4.0,64.0,5000 mAh Battery,5000,,False,"6.5 inches, 720 x 1600 px Display with Water Drop Notch",6.5,720,1600,,Water Drop Notch,12 MP Quad Rear & 13 MP Front Camera,12 MP Quad Rear ,4.0,12,,,,,, 13 MP Front Camera,1,13,,Yes,Dedicated,256.0,"Memory Card Supported, upto 256 GB",Android v9.0 (Pie),Android,8.0,Snapdragon,Qualcomm
916,oneplus,OnePlus 7,31999,55.0,"Dual Sim, 4G, VoLTE, NFC, Wi-Fi",False,True,False,"Snapdragon 855, Octa Core, 2.84 GHz Processor",Snapdragon 855,Octa Core,2.84,"6 GB RAM, 128 GB inbuilt",6.0,128.0,3700 mAh Battery with 20W Fast Charging,3700,20.0,True,"6.41 inches, 1080 x 2340 px Display with Water Drop Notch",6.41,1080,2340,,Water Drop Notch,48 MP + 5 MP Dual Rear & 16 MP Front Camera,48 MP + 5 MP Dual Rear ,2.0,48,5,,,,, 16 MP Front Camera,1,16,,No,Not Supported,,Memory Card Not Supported,Android v9.0 (Pie),Android,8.0,Snapdragon,Qualcomm
917,realme,Realme 3 Pro,15999,,"Dual Sim, 4G, VoLTE, Wi-Fi",False,False,False,"Qualcomm Snapdragon 710 AIE, Octa Core, 2.2 GHz Processor",Qualcomm Snapdragon 710 AIE,Octa Core,2.2,"4 GB RAM, 64 GB inbuilt",4.0,64.0,4045 mAh Battery with Fast Charging,4045,,True,"6.3 inches, 1080 x 2340 px Display with Water Drop Notch",6.3,1080,2340,,Water Drop Notch,16 MP + 5 MP Dual Rear & 25 MP Front Camera,16 MP + 5 MP Dual Rear ,2.0,16,5,,,,, 25 MP Front Camera,1,25,,Yes,Dedicated,256.0,"Memory Card Supported, upto 256 GB",Android v9.0 (Pie),Android,8.0,Qualcomm,Qualcomm
918,apple,Apple iPhone 8 (256GB),77000,,"Single Sim, 4G, VoLTE, NFC, Wi-Fi",False,True,False,"Apple A11, Hexa Core, 2.39 GHz Processor",Apple A11,Hexa Core,2.39,"2 GB RAM, 256 GB inbuilt",2.0,256.0,1821 mAh Battery with Fast Charging,1821,,True,"4.7 inches, 750 x 1334 px Display",4.7,750,1334,,,12 MP Rear & 7 MP Front Camera,12 MP Rear ,1.0,12,,,,,, 7 MP Front Camera,1,7,,No,Not Supported,,Memory Card Not Supported,iOS v11,iOS,6.0,Apple,Apple
919,coolpad,Coolpad Cool 20s 5G,14999,,"Dual Sim, 5G, Wi-Fi",True,False,False,"Dimensity 700, Octa Core, 2.2 GHz Processor",Dimensity 700,Octa Core,2.2,"6 GB RAM, 128 GB inbuilt",6.0,128.0,4500 mAh Battery with 18W Fast Charging,4500,18.0,True,"6.58 inches, 1080 x 2408 px Display",6.58,1080,2408,,,50 MP + 2 MP Dual Rear & 8 MP Front Camera,50 MP + 2 MP Dual Rear ,2.0,50,2,,,,, 8 MP Front Camera,1,8,,Yes,Dedicated,,Memory Card Supported,Android v13,Android,8.0,Dimensity,MediaTek
920,peace,Peace Nova 13,9999,,"Dual Sim, 4G, VoLTE, Wi-Fi",False,False,False,"Helio, Single Core, 1.7 GHz Processor",Helio,Single Core,1.7,"4 GB RAM, 64 GB inbuilt",4.0,64.0,5000 mAh Battery,5000,,False,"6.85 inches, 1640 x 720 px Display with Punch Hole",6.85,1640,720,,Punch Hole,20 MP Rear Camera,20 MP Rear Camera,1.0,20,,,,,,,1,,,Yes,Dedicated,128.0,"Memory Card Supported, upto 128 GB",Android 14,Android,1.0,Helio,MediaTek
921,coolpad,Coolpad CP12 Neo Plus,9000,,"Dual Sim, 4G, Wi-Fi",False,False,False,"Unisoc SC9863A1, Octa Core, 1.6 GHz Processor",Unisoc SC9863A1,Octa Core,1.6,"3 GB RAM, 64 GB inbuilt",3.0,64.0,5000 mAh Battery with 10W Fast Charging,5000,10.0,True,"6.56 inches, 720 x 1612 px, 120 Hz Display with Water Drop Notch",6.56,720,1612,120.0,Water Drop Notch,13 MP Rear & 5 MP Front Camera,13 MP Rear ,1.0,13,,,,,, 5 MP Front Camera,1,5,,Yes,Dedicated,,Memory Card Supported,Android v15,Android,8.0,Unisoc,Unisoc
922,ringme,Ringme Bold 17 Mini,6999,,"Dual Sim, 4G, VoLTE, Wi-Fi",False,False,False,"Helio, Quad Core, 1.8 GHz Processor",Helio,Quad Core,1.8,"3 GB RAM, 32 GB inbuilt",3.0,32.0,2000 mAh Battery,2000,,False,"3.75 inches, 412 x 960 px Display",3.75,412,960,,,8 MP Rear Camera,8 MP Rear Camera,1.0,8,,,,,,,1,,,,,,,Android v10,Android,4.0,Helio,MediaTek
923,itel,Itel Zeno 100 Pro,9199,,"Dual Sim, 4G, Wi-Fi, IR Blaster",False,False,True,"Unisoc T7100, Octa Core Processor",Unisoc T7100,Octa Core,,"3 GB RAM, 64 GB inbuilt",3.0,64.0,5000 mAh Battery with 10W Fast Charging,5000,10.0,True,"6.6 inches, 720 x 1612 px, 90 Hz Display with Water Drop Notch",6.6,720,1612,90.0,Water Drop Notch,8 MP Rear & 5 MP Front Camera,8 MP Rear ,1.0,8,,,,,, 5 MP Front Camera,1,5,,Yes,Dedicated,,Memory Card Supported,Android 15 Go Edition,Android,8.0,Unisoc,Unisoc
924,ai+,Ai+ Pulse 2 (4GB RAM + 128GB),11499,,"Dual Sim, 4G, VoLTE, Wi-Fi",False,False,False,"Unisoc T7250, Octa Core, 1.8 GHz Processor",Unisoc T7250,Octa Core,1.8,"4 GB RAM, 128 GB inbuilt",4.0,128.0,6000 mAh Battery with 10W Fast Charging,6000,10.0,True,"6.75 inches, 720 x 1600 px, 120 Hz Display with Water Drop Notch",6.75,720,1600,120.0,Water Drop Notch,50 MP Dual Rear & 8 MP Front Camera,50 MP Dual Rear ,2.0,50,,,,,, 8 MP Front Camera,1,8,,Yes,Dedicated,1024.0,"Memory Card Supported, upto 1 TB",Android v16,Android,8.0,Unisoc,Unisoc
925,coolpad,Coolpad Cool 30i,12000,,"Dual Sim, 4G, VoLTE, Wi-Fi",False,False,False,"Helio G37, Octa Core, 2.3 GHz Processor",Helio G37,Octa Core,2.3,"6 GB RAM, 256 GB inbuilt",6.0,256.0,4500 mAh Battery,4500,,False,"6.56 inches, 720 x 1600 px Display with Water Drop Notch",6.56,720,1600,,Water Drop Notch,50 MP Dual Rear & 8 MP Front Camera,50 MP Dual Rear ,2.0,50,,,,,, 8 MP Front Camera,1,8,,Yes,Hybrid,,Memory Card (Hybrid),Android v13,Android,8.0,Helio,MediaTek
926,hmd,HMD Vibe 2 5G (4GB RAM + 128GB),17999,50.0,"Dual Sim, 5G, VoLTE, Wi-Fi",True,False,False,"Unisoc T8200, Octa Core, 2.3 GHz Processor",Unisoc T8200,Octa Core,2.3,"4 GB RAM, 128 GB inbuilt",4.0,128.0,6000 mAh Battery with 18W Fast Charging,6000,18.0,True,"6.75 inches, 720 x 1600 px, 120 Hz Display with Water Drop Notch",6.75,720,1600,120.0,Water Drop Notch,50 MP Dual Rear & 8 MP Front Camera,50 MP Dual Rear ,2.0,50,,,,,, 8 MP Front Camera,1,8,,Yes,Hybrid,1024.0,"Memory Card (Hybrid), upto 1 TB",Android v16,Android,8.0,Unisoc,Unisoc
927,gamma,Gamma K2 Mini 2,949,,Dual Sim,False,False,False,1 MHz Processor,,,0.001,"32 MB RAM, 32 MB inbuilt",32.0,32.0,1000 mAh Battery,1000,,False,"0.66 inches, 128 x 160 px Display",0.66,128,160,,,No Rear Camera,No Rear Camera,0.0,,,,,,,,1,,,,,,,v40 proprietary,Mocor,,,
928,itel,Itel Zeno 200,10399,,"Dual Sim, 4G, Wi-Fi, IR Blaster",False,False,True,"Unisoc T7100, Octa Core, 1.8 GHz Processor",Unisoc T7100,Octa Core,1.8,"4 GB RAM, 128 GB inbuilt",4.0,128.0,5000 mAh Battery with Fast Charging,5000,,True,"6.75 inches, 720 x 1600 px, 120 Hz Display with Water Drop Notch",6.75,720,1600,120.0,Water Drop Notch,13 MP Rear & Main Front Camera,13 MP Rear ,1.0,13,,,,,, Main Front Camera,1,Main Front Camera,,Yes,Dedicated,,Memory Card Supported,Android v15,Android,8.0,Unisoc,Unisoc
929,jmax,Jmax X4 4G,2499,,Dual Sim,False,False,False,225 MHz Processor,,,0.225,"32 MB RAM, 32 MB inbuilt",32.0,32.0,3000 mAh Battery,3000,,False,"2.8 inches, 320 x 480 px Display",2.8,320,480,,,0.3 MP Rear Camera,0.3 MP Rear Camera,1.0,0.3,,,,,,,1,,,Yes,Dedicated,,Memory Card Supported,,Mocor,,,
930,lava,Lava Bold N2 Lite,9299,,"Dual Sim, 4G, VoLTE, Wi-Fi",False,False,False,"Unisoc SC9863A, Octa Core Processor",Unisoc SC9863A,Octa Core,,"3 GB RAM, 64 GB inbuilt",3.0,64.0,5000 mAh Battery with 10W Fast Charging,5000,10.0,True,"6.75 inches, 720 x 1600 px, 90 Hz Display with Water Drop Notch",6.75,720,1600,90.0,Water Drop Notch,13 MP Dual Rear & 5 MP Front Camera,13 MP Dual Rear ,2.0,13,,,,,, 5 MP Front Camera,1,5,,Yes,Dedicated,512.0,"Memory Card Supported, upto 512 GB",Android 15 Go Edition,Android,8.0,Unisoc,Unisoc
931,snexian,Snexian Rock X Flip,1299,,Dual Sim,False,False,False,"Unisoc, Single Core, 1 MHz Processor",Unisoc,Single Core,,"32 MB RAM, 32 MB inbuilt",32.0,32.0,1500 mAh Battery,1500,,False,"1.8 inches, 120 x 240 px Display",1.8,120,240,,,0.3 MP Rear Camera,0.3 MP Rear Camera,1.0,0.3,,,,,,,1,,,,,,,Symbian v0,Mocor,1.0,Unisoc,Unisoc
932,mtr,MTR M10,900,,Dual Sim,False,False,False,256 MHz Processor,,,0.256,"32 MB RAM, 32 MB inbuilt",32.0,32.0,700 mAh Battery,700,,False,"0.66 inches, 120 x 240 px Display",0.66,120,240,,,No Rear Camera,No Rear Camera,0.0,,,,,,,,1,,,,,,,,Mocor,,,
933,snexian,Snexian Guru Two,899,,Dual Sim,False,False,False,,,,,"32 MB RAM, 32 MB inbuilt",32.0,32.0,2500 mAh Battery,2500,,False,"2.4 inches, 320 x 240 px Display",2.4,320,240,,,0.3 MP Rear Camera,0.3 MP Rear Camera,1.0,0.3,,,,,,,1,,,Yes,Dedicated,16.0,"Memory Card Supported, upto 16 GB",Symbian v30,Mocor,,,
934,lava,Lava A1 Tejas,1154,,Dual Sim,False,False,False,,,,,"4 MB RAM, 4 MB inbuilt",4.0,4.0,1000 mAh Battery with Fast Charging,1000,,True,"2 inches, 160 x 128 px Display",2.0,160,128,,,Main Rear Camera,Main Rear Camera,1.0,,,,,,,,1,,,Yes,Dedicated,32.0,"Memory Card Supported, upto 32 GB",,Mocor,,,
935,ikall,iKall I2 New,2182,,"Dual Sim, 4G",False,False,False,1.4 MHz Processor,,,0.001,"32 MB RAM, 32 MB inbuilt",32.0,32.0,2500 mAh Battery,2500,,False,"2.8 inches, 240 x 320 px Display",2.8,240,320,,,1 MP Rear Camera,1 MP Rear Camera,1.0,1,,,,,,,1,,,Yes,Dedicated,8.0,"Memory Card Supported, upto 8 GB",,Mocor,,,
936,itel,itel it2165c,1025,,Dual Sim,False,False,False,"Single Core, 308 MHz Processor",,Single Core,0.308,"32 MB RAM, 32 MB inbuilt",32.0,32.0,1200 mAh Battery,1200,,False,"2 inches, 120 x 240 px Display",2.0,120,240,,,No Rear Camera,No Rear Camera,0.0,,,,,,,,1,,,Yes,Dedicated,32.0,"Memory Card Supported, upto 32 GB",,Mocor,1.0,,
937,hmd,HMD 100,999,,Dual Sim,False,False,False,Unisoc 6533G,Unisoc 6533G,,,"8 MB RAM, 4 MB inbuilt",8.0,4.0,800 mAh Battery with 2.75W Fast Charging,800,2.75,True,"1.77 inches, 160 x 128 px Display",1.77,160,128,,,No Rear Camera,No Rear Camera,0.0,,,,,,,,1,,,,,,,S30+,S30+ / Feature OS,,Unisoc,Unisoc
938,gamma,Gamma K2 Tiny,999,,Dual Sim,False,False,False,1 MHz Processor,,,0.001,"32 MB RAM, 32 MB inbuilt",32.0,32.0,1000 mAh Battery,1000,,False,"0.66 inches, 120 x 360 px Display",0.66,120,360,,,No Rear Camera,No Rear Camera,0.0,,,,,,,,1,,,,,,,,Mocor,,,
939,peace,Peace Nova 11 4G,8749,,"Dual Sim, 4G, Wi-Fi",False,False,False,Helio 6739,Helio 6739,,,"4 GB RAM, 64 GB inbuilt",4.0,64.0,2000 mAh Battery,2000,,False,6.56 inches Display,6.56,,,,,20 MP Rear & 5 MP Front Camera,20 MP Rear ,1.0,20,,,,,, 5 MP Front Camera,1,5,,Yes,Dedicated,128.0,"Memory Card Supported, upto 128 GB",,Android,,Helio,MediaTek
940,lava,Lava A1 Josh Bol,1044,,Dual Sim,False,False,False,,,,,"4 MB RAM, 4 MB inbuilt",4.0,4.0,1000 mAh Battery with Fast Charging,1000,,True,"2 inches, 160 x 128 px Display",2.0,160,128,,,,,,,,,,,,,1,,,Yes,Dedicated,32.0,"Memory Card Supported, upto 32 GB",,Mocor,,,
941,philips,Philips E2104,1086,,Dual Sim,False,False,False,,,,,"32 MB RAM, 32 MB inbuilt",32.0,32.0,1420 mAh Battery,1420,,False,2 inches Display,2.0,,,,,Digital Video Rear Camera,Digital Video Rear Camera,1.0,,,,,,,,1,,,Yes,Dedicated,32.0,"Memory Card Supported, upto 32 GB",,Mocor,,,
942,itel,itel It9120,2200,,Dual Sim,False,False,False,1 GHz Processor,,,1.0,"64 MB RAM, 128 MB inbuilt",64.0,128.0,1200 mAh Battery,1200,,False,"2.4 inches, 640 x 480 px Display",2.4,640,480,,,0.3 MP Rear Camera,0.3 MP Rear Camera,1.0,0.3,,,,,,,1,,,Yes,Dedicated,,Memory Card Supported,,Mocor,,,
943,itel,itel it2181,1199,,Dual Sim,False,False,False,"Single Core, 1 MHz Processor",,Single Core,0.001,"4 MB RAM, 4 MB inbuilt",4.0,4.0,1200 mAh Battery with Fast Charging,1200,,True,"2 inches, 240 x 320 px Display",2.0,240,320,,,0.3 MP Rear Camera,0.3 MP Rear Camera,1.0,0.3,,,,,,,1,,,Yes,Dedicated,32.0,"Memory Card Supported, upto 32 GB",,Mocor,1.0,,
944,lava,Lava A1 Music,1033,,Dual Sim,False,False,False,,,,,"32 MB RAM, 32 MB inbuilt",32.0,32.0,1000 mAh Battery,1000,,False,"2 inches, 240 x 320 px Display",2.0,240,320,,,0.3 MP Rear Camera,0.3 MP Rear Camera,1.0,0.3,,,,,,,1,,,Yes,Dedicated,32.0,"Memory Card Supported, upto 32 GB",,Mocor,,,
945,samsung,Samsung Galaxy Z Flip 7 FE (8GB RAM + 256GB),95999,,"Dual Sim, 5G, VoLTE, Vo5G, NFC, eSIM, Wi-Fi",True,True,False,"Exynos 2400, Octa Core, 3.2 GHz Processor",Exynos 2400,Octa Core,3.2,"8 GB RAM, 256 GB inbuilt",8.0,256.0,4000 mAh Battery with 25W Fast Charging,4000,25.0,True,"6.7 inches, 1080 x 2640 px, 120 Hz Display with Punch Hole",6.7,1080,2640,120.0,Punch Hole,50 MP + 12 MP Dual Rear & 10 MP Front Camera,50 MP + 12 MP Dual Rear ,2.0,50,12,,,,, 10 MP Front Camera,1,10,,No,Not Supported,,Memory Card Not Supported,,Android,8.0,Exynos,Samsung
946,philips,Philips E2221,1799,,,,,,,,,,"32 MB RAM, 32 MB inbuilt",32.0,32.0,2500 mAh Battery,2500,,False,2.44 inches Display,2.44,,,,,Digital Camera Rear Camera,Digital Camera Rear Camera,1.0,,,,,,,,1,,,Yes,Dedicated,32.0,"Memory Card Supported, upto 32 GB",,Mocor,,,
947,snexian,Snexian Rock 7600,999,,Dual Sim,False,False,False,1.41 MHz Processor,,,0.001,"512 MB RAM, 256 MB inbuilt",512.0,256.0,1000 mAh Battery,1000,,False,"1.8 inches, 120 x 240 px Display",1.8,120,240,,,0.3 MP Rear Camera,0.3 MP Rear Camera,1.0,0.3,,,,,,,1,,,,,,,,Mocor,,,
948,philips,Philips E2112,1168,,,,,,,,,,"32 MB RAM, 32 MB inbuilt",32.0,32.0,2500 mAh Battery,2500,,False,1.77 inches Display,1.77,,,,,Main Rear Camera,Main Rear Camera,1.0,,,,,,,,1,,,Yes,Dedicated,32.0,"Memory Card Supported, upto 32 GB",,Mocor,,,
949,alcatel,Alcatel V3 Ultra (8GB RAM + 128GB),20590,64.0,"Dual Sim, 5G, VoLTE, NFC, eSIM, Wi-Fi",True,True,False,"Dimensity 6300, Octa Core, 2.4 GHz Processor",Dimensity 6300,Octa Core,2.4,"8 GB RAM, 128 GB inbuilt",8.0,128.0,5010 mAh Battery with 33W Fast Charging,5010,33.0,True,"6.78 inches, 1080 x 2460 px, 120 Hz Display with Punch Hole",6.78,1080,2460,120.0,Punch Hole,108 MP + 8 MP + 2 MP Triple Rear & 32 MP Front Camera,108 MP + 8 MP + 2 MP Triple Rear ,3.0,108,8,2,,,, 32 MP Front Camera,1,32,,Yes,Dedicated,2048.0,"Memory Card Supported, upto 2 TB",Android v14,Android,8.0,Dimensity,MediaTek
950,lava,Lava Shark 5G,13999,,"Dual Sim, 5G, VoLTE, Wi-Fi",True,False,False,"Unisoc T765, Octa Core Processor",Unisoc T765,Octa Core,,"4 GB RAM, 64 GB inbuilt",4.0,64.0,5000 mAh Battery with Fast Charging,5000,,True,"6.75 inches, 720 x 1600 px, 90 Hz Display with Punch Hole",6.75,720,1600,90.0,Punch Hole,13 MP Rear & 5 MP Front Camera,13 MP Rear ,1.0,13,,,,,, 5 MP Front Camera,1,5,,Yes,Dedicated,1024.0,"Memory Card Supported, upto 1 TB",Android v15,Android,8.0,Unisoc,Unisoc
951,realme,Realme C75 5G (6GB RAM + 128GB),21990,53.0,"Dual Sim, 5G, VoLTE, Wi-Fi",True,False,False,"Dimensity 6300, Octa Core, 2.4 GHz Processor",Dimensity 6300,Octa Core,2.4,"6 GB RAM, 128 GB inbuilt",6.0,128.0,6000 mAh Battery with 45W Fast Charging,6000,45.0,True,"6.67 inches, 720 x 1604 px, 120 Hz Display with Punch Hole",6.67,720,1604,120.0,Punch Hole,32 MP Rear & 8 MP Front Camera,32 MP Rear ,1.0,32,,,,,, 8 MP Front Camera,1,8,,Yes,Hybrid,,Memory Card (Hybrid),Android v15,Android,8.0,Dimensity,MediaTek
952,gfive,GFive K-116 C,749,,"Dual Sim, 3G",False,False,False,"Spreadtrum, Single Core, 1.4 GHz Processor",Spreadtrum,Single Core,1.4,"32 MB RAM, 32 MB inbuilt",32.0,32.0,1000 mAh Battery,1000,,False,"1.44 inches, 320 x 480 px Display",1.44,320,480,,,0.3 MP Rear Camera,0.3 MP Rear Camera,1.0,0.3,,,,,,,1,,,Yes,Hybrid,,Memory Card (Hybrid),Symbian v30,Mocor,1.0,Spreadtrum,Unisoc
953,lava,Lava A5 2025,1650,,Dual Sim,False,False,False,,,,,"32 MB RAM, 24 MB inbuilt",32.0,24.0,1200 mAh Battery,1200,,False,"2.4 inches, 240 x 320 px Display",2.4,240,320,,,0.3 MP Rear Camera,0.3 MP Rear Camera,1.0,0.3,,,,,,,1,,,Yes,Dedicated,32.0,"Memory Card Supported, upto 32 GB",,Mocor,,,
954,lava,Lava A7 Torch Plus,1649,,Dual Sim,False,False,False,,,,,"32 MB RAM, 32 MB inbuilt",32.0,32.0,2575 mAh Battery,2575,,False,"2.4 inches, 320 x 240 px Display",2.4,320,240,,,0.3 MP Rear Camera,0.3 MP Rear Camera,1.0,0.3,,,,,,,1,,,Yes,Dedicated,32.0,"Memory Card Supported, upto 32 GB",,Mocor,,,
955,lava,Lava A3 Torch,1341,,Dual Sim,False,False,False,1 MHz Processor,,,0.001,"4 MB RAM, 3 MB inbuilt",4.0,3.0,1750 mAh Battery,1750,,False,"1.8 inches, 128 x 160 px Display",1.8,128,160,,,0.3 MP Rear Camera,0.3 MP Rear Camera,1.0,0.3,,,,,,,1,,,Yes,Dedicated,32.0,"Memory Card Supported, upto 32 GB",,Mocor,,,
956,google,Google Pixel 9 Pro Fold,135900,,"Dual Sim, 5G, VoLTE, NFC, Wi-Fi",True,True,False,"Tensor G4, Octa Core, 3.1 GHz Processor",Tensor G4,Octa Core,3.1,"16 GB RAM, 256 GB inbuilt",16.0,256.0,4650 mAh Battery with Fast Charging,4650,,True,"8.03 inches, 2152 x 2076 px, 120 Hz Display with Punch Hole",8.03,2152,2076,120.0,Punch Hole,48 MP + 10.8 MP + 10.5 MP Triple Rear & 10 MP + 10 MP Dual Front Camera,48 MP + 10.8 MP + 10.5 MP Triple Rear ,3.0,48,10.8,10.5,,,, 10 MP + 10 MP Dual Front Camera,2,10,10,,,,,Android v14,Android,8.0,Tensor,Google
957,itel,itel Ace 3 Shine,898,,Dual Sim,False,False,False,"Single Core, 208 MHz Processor",,Single Core,0.208,"4 MB RAM, 4 MB inbuilt",4.0,4.0,1000 mAh Battery,1000,,False,"1.8 inches, 160 x 128 px Display",1.8,160,128,,,No Rear Camera,No Rear Camera,0.0,,,,,,,,1,,,Yes,Dedicated,,Memory Card Supported,,Mocor,1.0,,
958,samsung,Samsung Galaxy Z Flip 6 (512GB),83000,,"Dual Sim, 5G, VoLTE, Vo5G, NFC, eSIM, Wi-Fi",True,True,False,"Snapdragon 8 Gen3, Octa Core, 3.3 GHz Processor",Snapdragon 8 Gen3,Octa Core,3.3,"12 GB RAM, 512 GB inbuilt",12.0,512.0,4000 mAh Battery with 25W Fast Charging,4000,25.0,True,"6.7 inches, 1080 x 2640 px, 120 Hz Display with Punch Hole",6.7,1080,2640,120.0,Punch Hole,50 MP + 12 MP Dual Rear & 10 MP Front Camera,50 MP + 12 MP Dual Rear ,2.0,50,12,,,,, 10 MP Front Camera,1,10,,No,Not Supported,,Memory Card Not Supported,,Android,8.0,Snapdragon,Qualcomm
959,ringme,Ringme R1 Plus Jumbo,1680,,Quad Sim,False,False,False,256 MHz Processor,,,0.256,"32 MB RAM, 32 MB inbuilt",32.0,32.0,4000 mAh Battery,4000,,False,"2.4 inches, 128 x 160 px Display",2.4,128,160,,,1 MP Rear Camera,1 MP Rear Camera,1.0,1,,,,,,,1,,,Yes,Dedicated,,Memory Card Supported,,Mocor,,,
960,hmd,HMD 105,1019,,Dual Sim,False,False,False,,,,,"4 MB RAM, 4 MB inbuilt",4.0,4.0,1000 mAh Battery,1000,,False,"1.8 inches, 120 x 160 px Display",1.8,120,160,,,No Rear Camera,No Rear Camera,0.0,,,,,,,,1,,,Yes,Dedicated,,Memory Card Supported,,S30+ / Feature OS,,,
961,lava,Lava Hero Shakti,956,,Dual Sim,False,False,False,,,,,,,,800 mAh Battery,800,,False,"1.8 inches, 128 x 160 px Display",1.8,128,160,,,No Rear Camera,No Rear Camera,0.0,,,,,,,,1,,,Yes,Dedicated,32.0,"Memory Card Supported, upto 32 GB",,Mocor,,,
962,motorola,Motorola Moto A10V,1499,,Dual Sim,False,False,False,,,,,"4 MB RAM, 4 MB inbuilt",4.0,4.0,800 mAh Battery,800,,False,"1.8 inches, 160 x 128 px Display",1.8,160,128,,,No Rear Camera,No Rear Camera,0.0,,,,,,,,1,,,Yes,Dedicated,32.0,"Memory Card Supported, upto 32 GB",,RTOS,,,
963,poco,Poco C61,12990,,"Dual Sim, 4G, VoLTE, Wi-Fi",False,False,False,"Helio G36, Octa Core, 2.2 GHz Processor",Helio G36,Octa Core,2.2,"4 GB RAM, 64 GB inbuilt",4.0,64.0,5000 mAh Battery with 18W Fast Charging,5000,18.0,True,"6.71 inches, 720 x 1650 px, 90 Hz Display with Water Drop Notch",6.71,720,1650,90.0,Water Drop Notch,8 MP + 0.08 MP Dual Rear & 5 MP Front Camera,8 MP + 0.08 MP Dual Rear ,2.0,8,0.08,,,,, 5 MP Front Camera,1,5,,Yes,Dedicated,1024.0,"Memory Card Supported, upto 1 TB",Android v14,Android,8.0,Helio,MediaTek
964,samsung,Samsung Galaxy S24 (8GB RAM + 512GB),69999,76.0,"Dual Sim, 5G, VoLTE, Vo5G, NFC, eSIM, Wi-Fi",True,True,False,"Exynos 2400, Deca Core, 3.2 GHz Processor",Exynos 2400,Deca Core,3.2,"8 GB RAM, 512 GB inbuilt",8.0,512.0,4000 mAh Battery with 25W Fast Charging,4000,25.0,True,"6.2 inches, 1080 x 2340 px, 120 Hz Display with Punch Hole",6.2,1080,2340,120.0,Punch Hole,50 MP + 12 MP + 10 MP Triple Rear & 12 MP Front Camera,50 MP + 12 MP + 10 MP Triple Rear ,3.0,50,12,10,,,, 12 MP Front Camera,1,12,,,,,,Android v14,Android,10.0,Exynos,Samsung
965,poco,Poco C65,14490,,"Dual Sim, 4G, VoLTE, Wi-Fi",False,False,False,"Helio G85, Octa Core, 2 GHz Processor",Helio G85,Octa Core,2.0,"4 GB RAM, 128 GB inbuilt",4.0,128.0,5000 mAh Battery with 18W Fast Charging,5000,18.0,True,"6.74 inches, 720 x 1600 px, 90 Hz Display with Water Drop Notch",6.74,720,1600,90.0,Water Drop Notch,50 MP + 2 MP Triple Rear & 8 MP Front Camera,50 MP + 2 MP Triple Rear ,3.0,50,2,,,,, 8 MP Front Camera,1,8,,Yes,Dedicated,1024.0,"Memory Card Supported, upto 1 TB",Android v13,Android,8.0,Helio,MediaTek
966,nokia,Nokia 105 Classic 2023 (Dual Sim),1259,,Dual Sim,False,False,False,,,,,"4 MB RAM, 4 MB inbuilt",4.0,4.0,800 mAh Battery,800,,False,"1.77 inches, 128 x 160 px Display",1.77,128,160,,,No Rear Camera,No Rear Camera,0.0,,,,,,,,1,,,,,,,S30+,S30+ / Feature OS,,,
967,mtr,MTR Speed,1700,,"Dual Sim, 4G, VoLTE",False,False,False,1.4 MHz Processor,,,0.001,"32 MB RAM, 32 MB inbuilt",32.0,32.0,3000 mAh Battery,3000,,False,"2.4 inches, 120 x 240 px Display",2.4,120,240,,,0.3 MP Rear Camera,0.3 MP Rear Camera,1.0,0.3,,,,,,,1,,,Yes,Dedicated,,Memory Card Supported,,Mocor,,,
968,nokia,Nokia 150 2023,2799,,Dual Sim,False,False,False,,,,,"4 MB RAM, 4 MB inbuilt",4.0,4.0,1450 mAh Battery,1450,,False,"2.4 inches, 240 x 320 px Display",2.4,240,320,,,,,,,,,,,,,1,,,Yes,Dedicated,32.0,"Memory Card Supported, upto 32 GB",S30+,S30+ / Feature OS,,,
969,oppo,OPPO A58 4G,20900,,"Dual Sim, 4G, VoLTE, Wi-Fi, IR Blaster",False,False,True,"Helio G85, Octa Core, 2 GHz Processor",Helio G85,Octa Core,2.0,"6 GB RAM, 128 GB inbuilt",6.0,128.0,5000 mAh Battery with 33W Fast Charging,5000,33.0,True,"6.72 inches, 1080 x 2400 px Display with Water Drop Notch",6.72,1080,2400,,Water Drop Notch,50 MP + 2 MP Dual Rear & 8 MP Front Camera,50 MP + 2 MP Dual Rear ,2.0,50,2,,,,, 8 MP Front Camera,1,8,,Yes,Dedicated,1024.0,"Memory Card Supported, upto 1 TB",Android v13,Android,8.0,Helio,MediaTek
970,samsung,Samsung Galaxy F34 5G (8GB RAM + 128GB),25999,62.0,"Dual Sim, 5G, VoLTE, NFC, Wi-Fi",True,True,False,"Exynos 1280, Octa Core, 2.4 GHz Processor",Exynos 1280,Octa Core,2.4,"8 GB RAM, 128 GB inbuilt",8.0,128.0,6000 mAh Battery with 25W Fast Charging,6000,25.0,True,"6.5 inches, 1080 x 2340 px, 120 Hz Display with Water Drop Notch",6.5,1080,2340,120.0,Water Drop Notch,50 MP + 8 MP + 2 MP Triple Rear & 13 MP Front Camera,50 MP + 8 MP + 2 MP Triple Rear ,3.0,50,8,2,,,, 13 MP Front Camera,1,13,,Yes,Hybrid,1024.0,"Memory Card (Hybrid), upto 1 TB",Android v13,Android,8.0,Exynos,Samsung
971,samsung,Samsung Galaxy Z Fold 5 (12GB RAM + 512GB),164999,,"Dual Sim, 5G, VoLTE, Vo5G, NFC, Wi-Fi",True,True,False,"Snapdragon 8 Gen 2, Octa Core, 3.36 GHz Processor",Snapdragon 8 Gen 2,Octa Core,3.36,"12 GB RAM, 512 GB inbuilt",12.0,512.0,4400 mAh Battery with 25W Fast Charging,4400,25.0,True,"7.6 inches, 1812 x 2176 px, 120 Hz Display with Punch Hole",7.6,1812,2176,120.0,Punch Hole,50 MP + 12 MP + 10 MP Triple Rear & 10 MP + 4 MP Dual Front Camera,50 MP + 12 MP + 10 MP Triple Rear ,3.0,50,12,10,,,, 10 MP + 4 MP Dual Front Camera,2,10,4,,,,,Android v13,Android,8.0,Snapdragon,Qualcomm
972,nokia,Nokia 105 2023,1249,,Single Sim,False,False,False,,,,,"4 MB RAM, 4 MB inbuilt",4.0,4.0,1000 mAh Battery,1000,,False,"1.8 inches, 120 x 160 px Display",1.8,120,160,,,No Rear Camera,No Rear Camera,0.0,,,,,,,,1,,,Yes,Dedicated,,Memory Card Supported,,S30+ / Feature OS,,,
973,poco,POCO X5 5G (8GB RAM + 256GB),27900,62.0,"Dual Sim, 5G, VoLTE, Wi-Fi, IR Blaster",True,False,True,"Snapdragon 695, Octa Core, 2.2 GHz Processor",Snapdragon 695,Octa Core,2.2,"8 GB RAM, 256 GB inbuilt",8.0,256.0,5000 mAh Battery with 33W Fast Charging,5000,33.0,True,"6.67 inches, 1080 x 2400 px, 120 Hz Display with Punch Hole",6.67,1080,2400,120.0,Punch Hole,48 MP + 8 MP + 2 MP Triple Rear & 13 MP Front Camera,48 MP + 8 MP + 2 MP Triple Rear ,3.0,48,8,2,,,, 13 MP Front Camera,1,13,,Yes,Hybrid,1024.0,"Memory Card (Hybrid), upto 1 TB",Android v12,Android,8.0,Snapdragon,Qualcomm
974,motorola,Motorola Moto A10e,1275,,Dual Sim,False,False,False,,,,,"4 MB RAM, 32 MB inbuilt",4.0,32.0,800 mAh Battery,800,,False,"1.8 inches, 128 x 160 px Display",1.8,128,160,,,No Rear Camera,No Rear Camera,0.0,,,,,,,,1,,,Yes,Dedicated,32.0,"Memory Card Supported, upto 32 GB",,RTOS,,,
975,motorola,Motorola Moto G73,21999,57.0,"Dual Sim, 5G, VoLTE, NFC, Wi-Fi",True,True,False,"Dimensity 930, Octa Core, 2.2 GHz Processor",Dimensity 930,Octa Core,2.2,"8 GB RAM, 128 GB inbuilt",8.0,128.0,5000 mAh Battery with 30W Fast Charging,5000,30.0,True,"6.5 inches, 1080 x 2400 px, 120 Hz Display with Punch Hole",6.5,1080,2400,120.0,Punch Hole,50 MP + 8 MP Dual Rear & 16 MP Front Camera,50 MP + 8 MP Dual Rear ,2.0,50,8,,,,, 16 MP Front Camera,1,16,,Yes,Hybrid,1024.0,"Memory Card (Hybrid), upto 1 TB",Android v13,Android,8.0,Dimensity,MediaTek
976,motorola,Motorola Moto G72 4G,21999,57.0,"Dual Sim, 4G, VoLTE, Wi-Fi",False,False,False,"Helio  G99, Octa Core, 2.2 GHz Processor",Helio  G99,Octa Core,2.2,"6 GB RAM, 128 GB inbuilt",6.0,128.0,5000 mAh Battery with 33W Fast Charging,5000,33.0,True,"6.55 inches, 1080 x 2400 px, 120 Hz Display with Punch Hole",6.55,1080,2400,120.0,Punch Hole,108 MP + 8 MP + 2 MP Triple Rear & 16 MP Front Camera,108 MP + 8 MP + 2 MP Triple Rear ,3.0,108,8,2,,,, 16 MP Front Camera,1,16,,Yes,Hybrid,,Memory Card (Hybrid),Android v12,Android,8.0,Helio,MediaTek
977,realme,Realme C30s (4GB RAM + 64GB),11990,,"Dual Sim, 4G, VoLTE, Wi-Fi",False,False,False,"Unisoc SC9863A, Octa Core, 1.6 GHz Processor",Unisoc SC9863A,Octa Core,1.6,"4 GB RAM, 64 GB inbuilt",4.0,64.0,5000 mAh Battery with 10W Fast Charging,5000,10.0,True,"6.5 inches, 720 x 1600 px Display with Water Drop Notch",6.5,720,1600,,Water Drop Notch,8 MP Rear & 5 MP Front Camera,8 MP Rear ,1.0,8,,,,,, 5 MP Front Camera,1,5,,Yes,Dedicated,1024.0,"Memory Card Supported, upto 1 TB",Android v12,Android,8.0,Unisoc,Unisoc
978,oppo,OPPO A77 (4GB RAM + 128 GB),18900,,"Dual Sim, 4G, VoLTE, Wi-Fi",False,False,False,"Helio G35, Octa Core, 2.3 GHz Processor",Helio G35,Octa Core,2.3,"4 GB RAM, 128 GB inbuilt",4.0,128.0,5000 mAh Battery with 33W Fast Charging,5000,33.0,True,"6.56 inches, 720 x 1600 px Display with Water Drop Notch",6.56,720,1600,,Water Drop Notch,50 MP Dual Rear & 8 MP Front Camera,50 MP Dual Rear ,2.0,50,,,,,, 8 MP Front Camera,1,8,,Yes,Dedicated,,Memory Card Supported,Android v12,Android,8.0,Helio,MediaTek
979,motorola,Motorola Moto G62 (8GB RAM + 128GB),24999,58.0,"Dual Sim, 5G, VoLTE, Wi-Fi",True,False,False,"Snapdragon  695, Octa Core, 2.2 GHz Processor",Snapdragon  695,Octa Core,2.2,"8 GB RAM, 128 GB inbuilt",8.0,128.0,5000 mAh Battery with Fast Charging,5000,,True,"6.55 inches, 1080 x 2400 px, 120 Hz Display with Punch Hole",6.55,1080,2400,120.0,Punch Hole,50 MP + 8 MP + 2 MP Triple Rear & 16 MP Front Camera,50 MP + 8 MP + 2 MP Triple Rear ,3.0,50,8,2,,,, 16 MP Front Camera,1,16,,Yes,Hybrid,1024.0,"Memory Card (Hybrid), upto 1 TB",Android v12,Android,8.0,Snapdragon,Qualcomm
980,motorola,Motorola Moto G62 5G,21999,57.0,"Dual Sim, 5G, VoLTE, Wi-Fi",True,False,False,"Snapdragon  695, Octa Core, 2.2 GHz Processor",Snapdragon  695,Octa Core,2.2,"6 GB RAM, 128 GB inbuilt",6.0,128.0,5000 mAh Battery with Fast Charging,5000,,True,"6.55 inches, 1080 x 2400 px, 120 Hz Display with Punch Hole",6.55,1080,2400,120.0,Punch Hole,50 MP + 8 MP + 2 MP Triple Rear & 16 MP Front Camera,50 MP + 8 MP + 2 MP Triple Rear ,3.0,50,8,2,,,, 16 MP Front Camera,1,16,,Yes,Hybrid,1024.0,"Memory Card (Hybrid), upto 1 TB",Android v12,Android,8.0,Snapdragon,Qualcomm
981,samsung,Samsung Galaxy M13 5G (4GB RAM + 64GB),16999,50.0,"Dual Sim, 5G, VoLTE, Wi-Fi",True,False,False,"Dimensity 700, Octa Core, 2.2 GHz Processor",Dimensity 700,Octa Core,2.2,"4 GB RAM, 64 GB inbuilt",4.0,64.0,5000 mAh Battery with 15W Fast Charging,5000,15.0,True,"6.5 inches, 720 x 1600 px, 90 Hz Display with Water Drop Notch",6.5,720,1600,90.0,Water Drop Notch,50 MP + 2 MP Dual Rear & 5 MP Front Camera,50 MP + 2 MP Dual Rear ,2.0,50,2,,,,, 5 MP Front Camera,1,5,,Yes,Dedicated,1024.0,"Memory Card Supported, upto 1 TB",Android v12,Android,8.0,Dimensity,MediaTek
982,motorola,Motorola Moto G42,15900,52.0,"Dual Sim, 4G, VoLTE, NFC, Wi-Fi",False,True,False,"Snapdragon 680, Octa Core, 2.4 GHz Processor",Snapdragon 680,Octa Core,2.4,"4 GB RAM, 64 GB inbuilt",4.0,64.0,5000 mAh Battery with 20W Fast Charging,5000,20.0,True,"6.47 inches, 1080 x 2400 px Display with Punch Hole",6.47,1080,2400,,Punch Hole,50 MP + 8 MP + 2 MP Triple Rear & 16 MP Front Camera,50 MP + 8 MP + 2 MP Triple Rear ,3.0,50,8,2,,,, 16 MP Front Camera,1,16,,Yes,Dedicated,1024.0,"Memory Card Supported, upto 1 TB",Android v12,Android,8.0,Snapdragon,Qualcomm
983,realme,Realme Narzo 50 5G,26999,55.0,"Dual Sim, 5G, VoLTE, Wi-Fi",True,False,False,"Dimensity 810 5G, Octa Core, 2.4 GHz Processor",Dimensity 810 5G,Octa Core,2.4,"6 GB RAM, 128 GB inbuilt",6.0,128.0,5000 mAh Battery with 33W Fast Charging,5000,33.0,True,"6.6 inches, 1080 x 2400 px, 90 Hz Display with Punch Hole",6.6,1080,2400,90.0,Punch Hole,48 MP + 2 MP + 2 MP Triple Rear & 16 MP Front Camera,48 MP + 2 MP + 2 MP Triple Rear ,3.0,48,2,2,,,, 16 MP Front Camera,1,16,,Yes,Dedicated,1024.0,"Memory Card Supported, upto 1 TB",Android v11,Android,8.0,Dimensity,MediaTek
984,motorola,Motorola Edge 30 5G,30999,63.0,"Dual Sim, 5G, VoLTE, NFC, Wi-Fi",True,True,False,"Snapdragon 778G+, Octa Core, 2.5 GHz Processor",Snapdragon 778G+,Octa Core,2.5,"6 GB RAM, 128 GB inbuilt",6.0,128.0,4020 mAh Battery with 33W Fast Charging,4020,33.0,True,"6.5 inches, 1080 x 2400 px, 144 Hz Display with Punch Hole",6.5,1080,2400,144.0,Punch Hole,50 MP + 50 MP + 2 MP Triple Rear & 32 MP Front Camera,50 MP + 50 MP + 2 MP Triple Rear ,3.0,50,50,2,,,, 32 MP Front Camera,1,32,,,,,,Android v12,Android,8.0,Snapdragon,Qualcomm
985,samsung,Samsung Galaxy M33 5G (8GB RAM + 128GB),29999,55.0,"Dual Sim, 5G, VoLTE, NFC, Wi-Fi",True,True,False,"Exynos  1280, Octa Core, 2.4 GHz Processor",Exynos  1280,Octa Core,2.4,"8 GB RAM, 128 GB inbuilt",8.0,128.0,6000 mAh Battery with 25W Fast Charging,6000,25.0,True,"6.6 inches, 1080 x 2400 px, 120 Hz Display with Water Drop Notch",6.6,1080,2400,120.0,Water Drop Notch,50 MP Quad Rear & 8 MP Front Camera,50 MP Quad Rear ,4.0,50,,,,,, 8 MP Front Camera,1,8,,Yes,Dedicated,1024.0,"Memory Card Supported, upto 1 TB",Android v12,Android,8.0,Exynos,Samsung
986,realme,Realme 9 4G (8GB RAM + 128GB),22999,61.0,"Dual Sim, 4G, VoLTE, Wi-Fi",False,False,False,"Snapdragon 680, Octa Core, 2.4 GHz Processor",Snapdragon 680,Octa Core,2.4,"8 GB RAM, 128 GB inbuilt",8.0,128.0,5000 mAh Battery with 33W Fast Charging,5000,33.0,True,"6.4 inches, 1080 x 2400 px, 90 Hz Display with Punch Hole",6.4,1080,2400,90.0,Punch Hole,108 MP + 8 MP + 2 MP Triple Rear & 16 MP Front Camera,108 MP + 8 MP + 2 MP Triple Rear ,3.0,108,8,2,,,, 16 MP Front Camera,1,16,,Yes,Dedicated,256.0,"Memory Card Supported, upto 256 GB",Android v12,Android,8.0,Snapdragon,Qualcomm
987,kechaoda,Kechaoda K115 Pro,1090,,Dual Sim,False,False,False,,,,,"32 MB RAM, 32 MB inbuilt",32.0,32.0,850 mAh Battery,850,,False,"1.44 inches, 320 x 240 px Display",1.44,320,240,,,0.3 MP Rear Camera,0.3 MP Rear Camera,1.0,0.3,,,,,,,1,,,,,,,,Mocor,,,
988,samsung,Samsung Galaxy S22 Plus 5G,101999,75.0,"Dual Sim, 5G, VoLTE, Vo5G, NFC, Wi-Fi",True,True,False,"Snapdragon  8 Gen1, Octa Core, 3 GHz Processor",Snapdragon  8 Gen1,Octa Core,3.0,"8 GB RAM, 128 GB inbuilt",8.0,128.0,4500 mAh Battery with 45W Fast Charging,4500,45.0,True,"6.6 inches, 1080 x 2340 px, 120 Hz Display with Punch Hole",6.6,1080,2340,120.0,Punch Hole,50 MP + 12 MP + 10 MP Triple Rear & 10 MP Front Camera,50 MP + 12 MP + 10 MP Triple Rear ,3.0,50,12,10,,,, 10 MP Front Camera,1,10,,,,,,Android v12,Android,8.0,Snapdragon,Qualcomm
989,realme,Realme 9 Pro Plus 5G (8GB RAM + 256GB),28900,61.0,"Dual Sim, 5G, VoLTE, Wi-Fi",True,False,False,"Dimensity  920 5G, Octa Core, 2.5 GHz Processor",Dimensity  920 5G,Octa Core,2.5,"8 GB RAM, 256 GB inbuilt",8.0,256.0,4500 mAh Battery with 60W Fast Charging,4500,60.0,True,"6.4 inches, 1080 x 2400 px, 90 Hz Display with Punch Hole",6.4,1080,2400,90.0,Punch Hole,50 MP + 8 MP + 2 MP Triple Rear & 16 MP Front Camera,50 MP + 8 MP + 2 MP Triple Rear ,3.0,50,8,2,,,, 16 MP Front Camera,1,16,,No,Not Supported,,Memory Card Not Supported,Android v12,Android,8.0,Dimensity,MediaTek
990,xiaomi,Xiaomi Mi 11T Pro 5G,38905,71.0,"Dual Sim, 5G, VoLTE, NFC, Wi-Fi, IR Blaster",True,True,True,"Snapdragon  888 , Octa Core, 2.84 GHz Processor",Snapdragon  888 ,Octa Core,2.84,"8 GB RAM, 128 GB inbuilt",8.0,128.0,5000 mAh Battery with 120W Fast Charging,5000,120.0,True,"6.67 inches, 1080 x 2400 px, 120 Hz Display with Punch Hole",6.67,1080,2400,120.0,Punch Hole,108 MP + 8 MP + 5 MP Triple Rear & 16 MP Front Camera,108 MP + 8 MP + 5 MP Triple Rear ,3.0,108,8,5,,,, 16 MP Front Camera,1,16,,,,,,Android v11,Android,8.0,Snapdragon,Qualcomm
991,motorola,Motorola Moto G51 5G,16400,53.0,"Dual Sim, 5G, VoLTE, NFC, Wi-Fi",True,True,False,"Snapdragon  480+, Octa Core, 2.2 GHz Processor",Snapdragon  480+,Octa Core,2.2,"4 GB RAM, 64 GB inbuilt",4.0,64.0,5000 mAh Battery,5000,,False,"6.8 inches, 1080 x 2400 px, 120 Hz Display with Punch Hole",6.8,1080,2400,120.0,Punch Hole,50 MP + 8 MP + 2 MP Triple Rear & 13 MP Front Camera,50 MP + 8 MP + 2 MP Triple Rear ,3.0,50,8,2,,,, 13 MP Front Camera,1,13,,Yes,Hybrid,512.0,"Memory Card (Hybrid), upto 512 GB",Android v11,Android,8.0,Snapdragon,Qualcomm
992,jmax,Jmax Super 2,669,,"Dual Sim, 3G",False,False,False,1.2 MHz Processor,,,0.001,"32 MB RAM, 32 MB inbuilt",32.0,32.0,1100 mAh Battery,1100,,False,"1.8 inches, 320 x 480 px Display",1.8,320,480,,,0.3 MP Rear Camera,0.3 MP Rear Camera,1.0,0.3,,,,,,,1,,,,,,,,Mocor,,,
993,realme,Realme C21Y,10990,,"Dual Sim, 4G, VoLTE, Wi-Fi",False,False,False,"Unisoc T610, Octa Core, 1.8 GHz Processor",Unisoc T610,Octa Core,1.8,"3 GB RAM, 32 GB inbuilt",3.0,32.0,5000 mAh Battery,5000,,False,"6.5 inches, 720 x 1600 px Display with Water Drop Notch",6.5,720,1600,,Water Drop Notch,13 MP + 2 MP + 2 MP Triple Rear & 5 MP Front Camera,13 MP + 2 MP + 2 MP Triple Rear ,3.0,13,2,2,,,, 5 MP Front Camera,1,5,,Yes,Dedicated,256.0,"Memory Card Supported, upto 256 GB",Android v11,Android,8.0,Unisoc,Unisoc
994,poco,POCO M3 Pro 5G,18990,52.0,"Dual Sim, 5G, VoLTE, Wi-Fi, IR Blaster",True,False,True,"Dimensity 700 5G, Octa Core, 2.2 GHz Processor",Dimensity 700 5G,Octa Core,2.2,"4 GB RAM, 64 GB inbuilt",4.0,64.0,5000 mAh Battery with 18W Fast Charging,5000,18.0,True,"6.5 inches, 1080 x 2400 px, 90 Hz Display with Punch Hole",6.5,1080,2400,90.0,Punch Hole,48 MP + 2 MP + 2 MP Triple Rear & 8 MP Front Camera,48 MP + 2 MP + 2 MP Triple Rear ,3.0,48,2,2,,,, 8 MP Front Camera,1,8,,Yes,Hybrid,1024.0,"Memory Card (Hybrid), upto 1 TB",Android v11,Android,8.0,Dimensity,MediaTek
995,realme,Realme X7 Max (12GB RAM + 256GB),32999,64.0,"Dual Sim, 5G, VoLTE, NFC, Wi-Fi",True,True,False,"Dimensity 1200, Octa Core, 3 GHz Processor",Dimensity 1200,Octa Core,3.0,"12 GB RAM, 256 GB inbuilt",12.0,256.0,4500 mAh Battery with 50W Fast Charging,4500,50.0,True,"6.43 inches, 1080 x 2400 px, 120 Hz Display with Punch Hole",6.43,1080,2400,120.0,Punch Hole,64 MP + 8 MP + 2 MP Triple Rear & 16 MP Front Camera,64 MP + 8 MP + 2 MP Triple Rear ,3.0,64,8,2,,,, 16 MP Front Camera,1,16,,,,,,Android v11,Android,8.0,Dimensity,MediaTek
996,oneplus,OnePlus 9 (12GB RAM + 256GB),39999,67.0,"Dual Sim, 5G, VoLTE, NFC, Wi-Fi",True,True,False,"Snapdragon 888, Octa Core, 2.84 GHz Processor",Snapdragon 888,Octa Core,2.84,"12 GB RAM, 256 GB inbuilt",12.0,256.0,4500 mAh Battery with Fast Charging,4500,,True,"6.55 inches, 1080 x 2400 px, 120 Hz Display with Punch Hole",6.55,1080,2400,120.0,Punch Hole,50 MP + 48 MP + 2 MP Triple Rear & 16 MP Front Camera,50 MP + 48 MP + 2 MP Triple Rear ,3.0,50,48,2,,,, 16 MP Front Camera,1,16,,No,Not Supported,,Memory Card Not Supported,Android v11,Android,8.0,Snapdragon,Qualcomm
997,motorola,Motorola Moto G10 Power,12999,,"Dual Sim, 4G, VoLTE, Wi-Fi",False,False,False,"Snapdragon 460, Octa Core, 1.8 GHz Processor",Snapdragon 460,Octa Core,1.8,"4 GB RAM, 64 GB inbuilt",4.0,64.0,6000 mAh Battery with 20W Fast Charging,6000,20.0,True,"6.51 inches, 1600 x 720 px Display with Water Drop Notch",6.51,1600,720,,Water Drop Notch,48 MP Quad Rear & 8 MP Front Camera,48 MP Quad Rear ,4.0,48,,,,,, 8 MP Front Camera,1,8,,Yes,Hybrid,1024.0,"Memory Card (Hybrid), upto 1 TB",Android v11,Android,8.0,Snapdragon,Qualcomm
998,realme,Realme C15 (4GB RAM + 64GB),12999,,"Dual Sim, 4G, VoLTE, Wi-Fi",False,False,False,"Helio  G35, Octa Core, 2.3 GHz Processor",Helio  G35,Octa Core,2.3,"4 GB RAM, 64 GB inbuilt",4.0,64.0,6000 mAh Battery with 18W Fast Charging,6000,18.0,True,"6.52 inches, 720 x 1600 px Display with Water Drop Notch",6.52,720,1600,,Water Drop Notch,13 MP Quad Rear & 8 MP Front Camera,13 MP Quad Rear ,4.0,13,,,,,, 8 MP Front Camera,1,8,,Yes,Dedicated,256.0,"Memory Card Supported, upto 256 GB",Android v10,Android,8.0,Helio,MediaTek
999,motorola,Motorola Razr 2019,149999,55.0,"Single Sim, 4G, VoLTE, NFC, eSIM, Wi-Fi",False,True,False,"Snapdragon 710, Octa Core, 2.2 GHz Processor",Snapdragon 710,Octa Core,2.2,"6 GB RAM, 128 GB inbuilt",6.0,128.0,2510 mAh Battery with 18W Fast Charging,2510,18.0,True,"6.2 inches, 876 x 2142 px Display with Large Notch",6.2,876,2142,,Large Notch,16 MP Rear & 5 MP Front Camera,16 MP Rear ,1.0,16,,,,,, 5 MP Front Camera,1,5,,No,Not Supported,,Memory Card Not Supported,,Android,8.0,Snapdragon,Qualcomm
1000,poco,Poco X2 (6GB RAM + 128GB),18990,54.0,"Dual Sim, 4G, VoLTE, Wi-Fi, IR Blaster",False,False,True,"Snapdragon  730G, Octa Core, 2.2 GHz Processor",Snapdragon  730G,Octa Core,2.2,"6 GB RAM, 128 GB inbuilt",6.0,128.0,4500 mAh Battery with 27W Fast Charging,4500,27.0,True,"6.67 inches, 1080 x 2400 px, 120 Hz Display with Dual Punch Hole",6.67,1080,2400,120.0,Dual Punch Hole,64 MP Quad Rear & 20 MP + 2 MP Dual Front Camera,64 MP Quad Rear ,4.0,64,,,,,, 20 MP + 2 MP Dual Front Camera,2,20,2,Yes,Hybrid,512.0,"Memory Card (Hybrid), upto 512 GB",Android v10,Android,8.0,Snapdragon,Qualcomm
1001,nokia,Nokia 105 (2019),1349,,Single Sim,False,False,False,,,,,"4 MB RAM, 4 MB inbuilt",4.0,4.0,800 mAh Battery,800,,False,"1.77 inches, 120 x 160 px Display",1.77,120,160,,,No Rear Camera,No Rear Camera,0.0,,,,,,,,1,,,,,,,,S30+ / Feature OS,,,
1002,oneplus,OnePlus 7 Pro (12GB RAM + 256GB),40599,61.0,"Dual Sim, 4G, VoLTE, NFC, Wi-Fi",False,True,False,"Snapdragon 855, Octa Core, 2.84 GHz Processor",Snapdragon 855,Octa Core,2.84,"12 GB RAM, 256 GB inbuilt",12.0,256.0,4000 mAh Battery with 30W Fast Charging,4000,30.0,True,"6.67 inches, 1440 x 3120 px Display",6.67,1440,3120,,,48 MP + 16 MP + 8 MP Triple Rear & 16 MP Front Camera,48 MP + 16 MP + 8 MP Triple Rear ,3.0,48,16,8,,,, 16 MP Front Camera,1,16,,No,Not Supported,,Memory Card Not Supported,Android v9.0 (Pie),Android,8.0,Snapdragon,Qualcomm
1003,oneplus,OnePlus 7 (8GB RAM + 256GB),33999,57.0,"Dual Sim, 4G, VoLTE, NFC, Wi-Fi",False,True,False,"Snapdragon 855, Octa Core, 2.84 GHz Processor",Snapdragon 855,Octa Core,2.84,"8 GB RAM, 256 GB inbuilt",8.0,256.0,3700 mAh Battery with 20W Fast Charging,3700,20.0,True,"6.41 inches, 1080 x 2340 px Display with Water Drop Notch",6.41,1080,2340,,Water Drop Notch,48 MP + 5 MP Dual Rear & 16 MP Front Camera,48 MP + 5 MP Dual Rear ,2.0,48,5,,,,, 16 MP Front Camera,1,16,,No,Not Supported,,Memory Card Not Supported,Android v9.0 (Pie),Android,8.0,Snapdragon,Qualcomm
1004,samsung,Samsung Galaxy M30 (6GB RAM + 128GB),16999,,"Dual Sim, 4G, VoLTE, Wi-Fi",False,False,False,"Exynos  7904, Octa Core, 1.8 GHz Processor",Exynos  7904,Octa Core,1.8,"6 GB RAM, 128 GB inbuilt",6.0,128.0,5000 mAh Battery with Fast Charging,5000,,True,"6.4 inches, 1080 x 2340 px Display with Water Drop Notch",6.4,1080,2340,,Water Drop Notch,13 MP + 5 MP + 5 MP Triple Rear & 16 MP Front Camera,13 MP + 5 MP + 5 MP Triple Rear ,3.0,13,5,5,,,, 16 MP Front Camera,1,16,,Yes,Dedicated,1024.0,"Memory Card Supported, upto 1 TB",Android v8.1 (Oreo),Android,8.0,Exynos,Samsung
1005,realme,Realme 3 (3GB RAM + 32GB),10999,,"Dual Sim, 4G, VoLTE, Wi-Fi",False,False,False,"Helio P70, Octa Core, 2.1 GHz Processor",Helio P70,Octa Core,2.1,"3 GB RAM, 32 GB inbuilt",3.0,32.0,4230 mAh Battery,4230,,False,"6.22 inches, 1520 x 720 px Display with Water Drop Notch",6.22,1520,720,,Water Drop Notch,13 MP + 2 MP Dual Rear & 13 MP Front Camera,13 MP + 2 MP Dual Rear ,2.0,13,2,,,,, 13 MP Front Camera,1,13,,Yes,Dedicated,256.0,"Memory Card Supported, upto 256 GB",Android v9.0 (Pie),Android,8.0,Helio,MediaTek
1006,lava,Lava A1,1045,,Dual Sim,False,False,False,1 MHz Processor,,,0.001,"24 MB RAM, 24 MB inbuilt",24.0,24.0,800 mAh Battery,800,,False,"1.77 inches, 240 x 320 px Display",1.77,240,320,,,0.3 MP Rear Camera,0.3 MP Rear Camera,1.0,0.3,,,,,,,1,,,Yes,Dedicated,32.0,"Memory Card Supported, upto 32 GB",,Mocor,,,
1007,apple,Apple iPhone 8 Plus (256GB),84900,52.0,"Single Sim, 4G, VoLTE, NFC, Wi-Fi",False,True,False,"Apple A11, Hexa Core, 2.39 GHz Processor",Apple A11,Hexa Core,2.39,"3 GB RAM, 256 GB inbuilt",3.0,256.0,2691 mAh Battery with Fast Charging,2691,,True,"5.5 inches, 1080 x 1920 px Display",5.5,1080,1920,,,12 MP + 12 MP Dual Rear & 7 MP Front Camera,12 MP + 12 MP Dual Rear ,2.0,12,12,,,,, 7 MP Front Camera,1,7,,No,Not Supported,,Memory Card Not Supported,iOS v11,iOS,6.0,Apple,Apple
1008,micromax,Micromax X412,832,,Dual Sim,False,False,False,,,,,"32 MB RAM, 32 MB inbuilt",32.0,32.0,800 mAh Battery,800,,False,"1.8 inches, 128 x 160 px Display",1.8,128,160,,,0.3 MP Rear Camera,0.3 MP Rear Camera,1.0,0.3,,,,,,,1,,,Yes,Dedicated,8.0,"Memory Card Supported, upto 8 GB",,Mocor,,,
1009,micromax,Micromax X072,975,,Dual Sim,False,False,False,,,,,,,,1750 mAh Battery,1750,,False,"1.8 inches, 128 x 160 px Display",1.8,128,160,,,0.8 MP Rear Camera,0.8 MP Rear Camera,1.0,0.8,,,,,,,1,,,Yes,Dedicated,8.0,"Memory Card Supported, upto 8 GB",,Mocor,,,
1010,lava,Lava ARC One,1483,,Dual Sim,False,False,False,,,,,,,,1000 mAh Battery,1000,,False,"2.4 inches, 320 x 240 px Display",2.4,320,240,,,0.3 MP Rear Camera,0.3 MP Rear Camera,1.0,0.3,,,,,,,1,,,Yes,Dedicated,8.0,"Memory Card Supported, upto 8 GB",,Mocor,,,
1011,karbonn,Karbonn K9,1496,,Dual Sim,False,False,False,,,,,"0.03 GB RAM, 128 GB inbuilt",0.03,128.0,1800 mAh Battery,1800,,False,"2.4 inches, 240 x 320 px Display",2.4,240,320,,,1.3 MP Rear Camera,1.3 MP Rear Camera,1.0,1.3,,,,,,,1,,,Yes,Dedicated,16.0,"Memory Card Supported, upto 16 GB",,Mocor,,,
1012,jmax,Jmax 6310,1299,,Dual Sim,False,False,False,Single Core Processor,,Single Core,,"32 MB RAM, 32 MB inbuilt",32.0,32.0,1800 mAh Battery,1800,,False,"2.8 inches, 240 x 320 px Display",2.8,240,320,,,0.3 MP Rear Camera,0.3 MP Rear Camera,1.0,0.3,,,,,,,1,,,,,,,,Mocor,1.0,,
1013,ringme,Ringme Royal V2,2299,,Dual Sim,False,False,False,"Single Core, 1.3 MHz Processor",,Single Core,0.001,"32 MB RAM, 32 MB inbuilt",32.0,32.0,1000 mAh Battery,1000,,False,"1.8 inches, 128 x 160 px Display",1.8,128,160,,,VGA Rear Camera,VGA Rear Camera,1.0,,,,,,,,1,,,,,,,,Mocor,1.0,,
1014,gamma,Gamma K2 Mini 1,949,,Dual Sim,False,False,False,1 MHz Processor,,,0.001,"32 MB RAM, 32 MB inbuilt",32.0,32.0,1000 mAh Battery with Fast Charging,1000,,True,"0.66 inches, 128 x 160 px Display",0.66,128,160,,,No Rear Camera,No Rear Camera,0.0,,,,,,,,1,,,,,,,Symbian v1.5,Mocor,,,
1015,foneme,Foneme FM-1 Power 30C,1299,,Dual Sim,False,False,False,"Single Core, 1.77 MHz Processor",,Single Core,0.002,"8 MB RAM, 16 MB inbuilt",8.0,16.0,3000 mAh Battery,3000,,False,"2.4 inches, 128 x 160 px Display",2.4,128,160,,,0.3 MP Rear Camera,0.3 MP Rear Camera,1.0,0.3,,,,,,,1,,,,,,,Symbian v60,Mocor,1.0,,
1016,foneme,Foneme Fm-2 Guru 4G,1499,,"Dual Sim, 4G, VoLTE",False,False,False,"Single Core, 1.77 MHz Processor",,Single Core,0.002,"32 MB RAM, 32 MB inbuilt",32.0,32.0,3000 mAh Battery,3000,,False,"2.4 inches, 128 x 160 px Display",2.4,128,160,,,0.3 MP Rear Camera,0.3 MP Rear Camera,1.0,0.3,,,,,,,1,,,Yes,Hybrid,8.0,"Memory Card (Hybrid), upto 8 GB",Symbian v4.11,Mocor,1.0,,
1017,gamma,Gamma G27,1117,,Dual Sim,False,False,False,1 MHz Processor,,,0.001,"32 MB RAM, 32 MB inbuilt",32.0,32.0,1000 mAh Battery,1000,,False,"0.66 inches, 120 x 160 px Display",0.66,120,160,,,No Rear Camera,No Rear Camera,0.0,,,,,,,,1,,,,,,,,Mocor,,,
1018,foneme,Foneme Power 10,849,,Dual Sim,False,False,False,,,,,"32 MB RAM, 32 MB inbuilt",32.0,32.0,3000 mAh Battery,3000,,False,"1.8 inches, 176 x 220 px Display",1.8,176,220,,,0.3 MP Rear Camera,0.3 MP Rear Camera,1.0,0.3,,,,,,,1,,,,,,,,Mocor,,,
1019,snexian,Snexian Rock Z Flip,2099,,Dual Sim,False,False,False,Single Core Processor,,Single Core,,"32 MB RAM, 32 MB inbuilt",32.0,32.0,2000 mAh Battery,2000,,False,"2.4 inches, 320 x 240 px Display",2.4,320,240,,,0.3 MP Rear Camera,0.3 MP Rear Camera,1.0,0.3,,,,,,,1,,,,,,,Symbian v0,Mocor,1.0,,
1020,snexian,Snexian Guru 218C,749,,Dual Sim,False,False,False,1.41 MHz Processor,,,0.001,"16 MB RAM, 128 MB inbuilt",16.0,128.0,1000 mAh Battery,1000,,False,"1.8 inches, 120 x 240 px Display",1.8,120,240,,,0.3 MP Rear Camera,0.3 MP Rear Camera,1.0,0.3,,,,,,,1,,,,,,,Symbian v30,Mocor,,,
1021,gamma,Gamma G26,999,,Dual Sim,False,False,False,1 MHz Processor,,,0.001,"32 MB RAM, 32 MB inbuilt",32.0,32.0,1000 mAh Battery,1000,,False,"0.66 inches, 128 x 160 px Display",0.66,128,160,,,No Rear Camera,No Rear Camera,0.0,,,,,,,,1,,,,,,,,Mocor,,,
