brand_name,model,prices,rating,has_5g,has_nfc,has_ir_blaster,processor_manufacturer,processor_brand,processor_model,cpu_core_type,num_core,cpu_clock_speed_ghz,ram_capacity,internal_memory,battrey_capacity,fast_charging_watt,fast_charging_supported,display_size_inches,display_resolution_width_px,display_resolution_height_px,display_refresh_rate_hz,display_notch_type,rear_camera_count,rear_cam_1,front_camers_count,front_camera_primary,memory_card_supported,memory_card_slot_type,memory_card_max_gb,os
motorola,Motorola Edge 70 Fusion,27589,70.0,True,True,False,Qualcomm,Snapdragon,Snapdragon 7s Gen4,Octa Core,8.0,2.7,8.0,128.0,7000,68.0,True,6.8,1272,2772,144.0,Punch Hole,3.0,50,1,32,,,,Android
xiaomi,Xiaomi Redmi Note 17 Pro Max,49999,,True,True,True,Qualcomm,Snapdragon,Snapdragon 6 Gen5,Octa Core,8.0,2.6,8.0,256.0,10000,100.0,True,6.83,1280,2772,120.0,Punch Hole,2.0,50,1,32,,,,Android
realme,Realme P3 5G,15999,61.0,True,True,False,Qualcomm,Snapdragon,Snapdragon 6 Gen4,Octa Core,8.0,2.3,6.0,128.0,6000,45.0,True,6.67,1080,2400,120.0,Punch Hole,2.0,50,1,16,,,,Android
apple,Apple iPhone 18 Pro,164900,,True,True,False,Apple,Apple,Apple A20 Pro,Hexa Core,6.0,,12.0,256.0,4056,,True,6.3,1206,2622,120.0,Dynamic Island,3.0,48,1,18,No,Not Supported,,iOS
realme,Realme P3 Pro 5G (12GB RAM +256GB),23999,66.0,True,False,False,Qualcomm,Snapdragon,Snapdragon 7s Gen3,Octa Core,8.0,2.5,12.0,256.0,6000,80.0,True,6.83,1272,2800,120.0,Punch Hole,2.0,50,1,16,,,,Android
xiaomi,Xiaomi Redmi Note 17 Pro,36999,71.0,True,True,True,Qualcomm,Snapdragon,Snapdragon 6s Gen4,Octa Core,8.0,2.4,6.0,128.0,9000,67.0,True,6.83,1280,2772,120.0,Punch Hole,2.0,50,1,16,,,,Android
apple,Apple iPhone 17,82900,76.0,True,True,False,Apple,Apple,Apple A19,Hexa Core,6.0,,8.0,256.0,3692,,True,6.3,1206,2622,120.0,Small Notch,2.0,48,1,18,No,Not Supported,,iOS
xiaomi,Xiaomi Redmi 17 5G,23999,61.0,True,True,True,Qualcomm,Snapdragon,Snapdragon 4 Gen5,Octa Core,8.0,2.4,6.0,128.0,7900,45.0,True,6.9,720,1600,120.0,Punch Hole,2.0,50,1,8,Yes,Hybrid,2048.0,Android
oneplus,OnePlus Nord 5 5G,31999,75.0,True,True,True,Qualcomm,Snapdragon,Snapdragon 8s Gen3,Octa Core,8.0,3.0,8.0,256.0,6800,80.0,True,6.83,1272,2800,144.0,Punch Hole,2.0,50,1,50,,,,Android
vivo,Vivo T5 5G,34999,71.0,True,False,True,MediaTek,Dimensity,Dimensity 7500 Turbo,Octa Core,8.0,2.6,6.0,128.0,7050,44.0,True,6.83,1260,2800,144.0,Punch Hole,2.0,50,1,32,No,Not Supported,,Android
vivo,Vivo T4 5G,24999,66.0,True,False,True,Qualcomm,Snapdragon,Snapdragon 7s Gen3,Octa Core,8.0,2.5,8.0,128.0,7300,90.0,True,6.77,1080,2392,120.0,Punch Hole,2.0,50,1,32,No,Not Supported,,Android
samsung,Samsung Galaxy F16 5G (6GB RAM + 128GB),13999,55.0,True,True,False,MediaTek,Dimensity,Dimensity 6300,Octa Core,8.0,2.4,6.0,128.0,5000,25.0,True,6.7,1080,2340,90.0,Punch Hole,3.0,50,1,13,Yes,Hybrid,1536.0,Android
vivo,Vivo T4 Ultra (12GB RAM+ 256GB),37999,75.0,True,True,False,MediaTek,Dimensity,Dimensity 9300 Plus,Octa Core,8.0,3.25,12.0,256.0,5500,90.0,True,6.67,1260,2800,120.0,Punch Hole,3.0,50,1,32,No,Not Supported,,Android
apple,Apple iPhone 18 Pro Max,179900,,True,True,False,Apple,Apple,Apple A20 Pro,Hexa Core,6.0,,12.0,256.0,5391,,True,6.9,1320,2868,120.0,Dynamic Island,3.0,48,1,18,No,Not Supported,,iOS
motorola,Motorola Moto G34 5G (8GB RAM + 128GB),14999,55.0,True,False,False,Qualcomm,Snapdragon,Snapdragon 695,Octa Core,8.0,2.2,8.0,128.0,5000,18.0,True,6.5,720,1600,120.0,Punch Hole,2.0,50,1,16,Yes,Hybrid,1024.0,Android
realme,Realme P1 5G,13999,58.0,True,False,False,MediaTek,Dimensity,Dimensity 7050,Octa Core,8.0,2.6,6.0,128.0,5000,45.0,True,6.67,1080,2400,120.0,Punch Hole,2.0,50,1,16,Yes,Hybrid,2048.0,Android
oppo,Oppo K13 Turbo (8GB RAM + 256GB),33299,70.0,True,False,True,MediaTek,Dimensity,Dimensity 8450,Octa Core,8.0,3.25,8.0,256.0,7000,80.0,True,6.8,1280,2800,120.0,Punch Hole,2.0,50,1,16,No,Not Supported,,Android
samsung,Samsung Galaxy S25 Ultra,99999,,True,True,False,Qualcomm,Snapdragon,Snapdragon 8 Elite for Galaxy,Octa Core,8.0,4.47,12.0,256.0,5000,45.0,True,6.9,1440,3120,120.0,Punch Hole,4.0,200,1,12,No,Not Supported,,Android
xiaomi,Xiaomi Redmi 13 5G,12499,58.0,True,False,True,Qualcomm,Snapdragon,Snapdragon 4 Gen 2 AE,Octa Core,8.0,2.3,6.0,128.0,5030,33.0,True,6.79,1080,2460,120.0,Punch Hole,2.0,108,1,13,Yes,Hybrid,1024.0,Android
motorola,Motorola Edge 60 Fusion,24999,67.0,True,False,False,MediaTek,Dimensity,Dimensity 7400,Octa Core,8.0,2.5,8.0,256.0,5500,68.0,True,6.7,1220,2712,120.0,Punch Hole,2.0,50,1,32,Yes,Hybrid,1024.0,Android
realme,Realme P3x 5G (8GB RAM + 128GB),13999,57.0,True,False,False,MediaTek,Dimensity,Dimensity 6400,Octa Core,8.0,2.5,8.0,128.0,6000,45.0,True,6.72,1080,2400,120.0,Punch Hole,2.0,50,1,8,Yes,Hybrid,,Android
oppo,Oppo K13 (8GB RAM + 256GB),23999,63.0,True,False,True,Qualcomm,Snapdragon,Snapdragon 6 Gen4,Octa Core,8.0,2.3,8.0,256.0,7000,80.0,True,6.67,1080,2400,120.0,Punch Hole,2.0,50,1,16,,,,Android
apple,Apple iPhone Duo,299900,,True,True,False,Apple,Apple,Apple A20 Pro,Hexa Core,6.0,,12.0,256.0,5800,,True,7.6,1878,2670,120.0,,2.0,48,2,12,No,Not Supported,,Not Specified
motorola,Motorola Edge 70 Pro,39649,,True,True,False,MediaTek,Dimensity,Dimensity 8500 Extreme,Octa Core,8.0,3.4,8.0,256.0,6500,90.0,True,6.8,1272,2772,144.0,Punch Hole,2.0,50,1,50,,,,Android
realme,Realme P3 5G (8GB RAM + 128GB),16999,63.0,True,True,False,Qualcomm,Snapdragon,Snapdragon 6 Gen4,Octa Core,8.0,2.3,8.0,128.0,6000,45.0,True,6.67,1080,2400,120.0,Punch Hole,2.0,50,1,16,,,,Android
motorola,Motorola Edge 60 Pro,29999,76.0,True,True,False,MediaTek,Dimensity,Dimensity 8350 Extreme,Octa Core,8.0,3.35,8.0,256.0,6000,90.0,True,6.7,1220,2712,120.0,Punch Hole,3.0,50,1,50,,,,Android
realme,Realme P4 Pro 5G,28999,71.0,True,False,True,Qualcomm,Snapdragon,Snapdragon 7 Gen 4,Octa Core,8.0,,8.0,128.0,7000,80.0,True,6.8,1280,2800,144.0,Punch Hole,2.0,50,1,50,,,,Android
samsung,Samsung Galaxy A17 5G,19499,58.0,True,True,False,Samsung,Exynos,Exynos 1330,Octa Core,8.0,2.4,6.0,128.0,5000,25.0,True,6.7,1080,2340,90.0,Water Drop Notch,3.0,50,1,13,Yes,Hybrid,2048.0,Android
samsung,Samsung Galaxy S25 FE,57990,75.0,True,True,False,Samsung,Exynos,Exynos 2400,Deca Core,10.0,3.2,8.0,128.0,4900,45.0,True,6.7,1080,2340,120.0,Punch Hole,3.0,50,1,12,No,Not Supported,,Android
motorola,Motorola Edge 60 Stylus,20560,67.0,True,True,False,Qualcomm,Snapdragon,Snapdragon 7s Gen2,Octa Core,8.0,2.4,8.0,256.0,5000,68.0,True,6.7,1220,2712,120.0,Punch Hole,2.0,50,1,32,Yes,Dedicated,1024.0,Android
poco,Poco X8 Power 5G,35999,75.0,True,True,True,Qualcomm,Snapdragon,Snapdragon 6 Gen5,Octa Core,8.0,2.4,8.0,128.0,10000,100.0,True,6.83,1280,2772,120.0,Punch Hole,2.0,50,1,32,,,,Android
oneplus,OnePlus Nord 6,46999,,True,True,True,Qualcomm,Snapdragon,Snapdragon 8s Gen4,Octa Core,8.0,3.2,8.0,256.0,9000,80.0,True,6.78,1272,2772,165.0,Punch Hole,2.0,50,1,32,No,Not Supported,,Android
samsung,Samsung Galaxy A36 5G,28000,64.0,True,True,False,Qualcomm,Snapdragon,Snapdragon 6 Gen3,Octa Core,8.0,2.4,8.0,128.0,5000,45.0,True,6.7,1080,2340,120.0,Punch Hole,3.0,50,1,12,,,,Android
oppo,OPPO K14 Lite,16999,,False,False,False,Unisoc,Unisoc,Unisoc T7250,Octa Core,8.0,,4.0,64.0,7000,15.0,True,6.75,720,1570,120.0,Water Drop Notch,2.0,13,1,5,Yes,Hybrid,,Android
xiaomi,Xiaomi Redmi Note 14,16499,63.0,True,False,True,MediaTek,Dimensity,Dimensity 7025 Ultra,Octa Core,8.0,2.5,6.0,128.0,5110,45.0,True,6.67,1080,2400,120.0,Punch Hole,3.0,50,1,20,Yes,Hybrid,1024.0,Android
realme,Realme GT 7T (12GB RAM + 256GB),34499,77.0,True,True,True,MediaTek,Dimensity,Dimensity 8400-MAX,Octa Core,8.0,3.25,12.0,256.0,7000,120.0,True,6.8,1280,2800,120.0,Punch Hole,2.0,50,1,32,No,Not Supported,,Android
samsung,Samsung Galaxy S26 Ultra 5G,130999,,True,True,False,Qualcomm,Snapdragon,Snapdragon 8 Elite Gen 5 for Galaxy,Octa Core,8.0,4.74,12.0,256.0,5000,60.0,True,6.9,1440,3120,120.0,Punch Hole,4.0,200,1,12,No,Not Supported,,Android
vivo,Vivo V70 5G,59999,,True,True,True,Qualcomm,Snapdragon,Snapdragon 7 Gen4,Octa Core,8.0,2.8,8.0,256.0,6500,90.0,True,6.59,1260,2750,120.0,Punch Hole,3.0,50,1,50,No,Not Supported,,Android
vivo,Vivo T5x 5G,27249,66.0,True,False,True,MediaTek,Dimensity,Dimensity 7400 Turbo,Octa Core,8.0,2.6,6.0,128.0,7200,44.0,True,6.76,1080,2344,120.0,Punch Hole,2.0,50,1,32,No,Not Supported,,Android
vivo,Vivo X200 FE (16GB RAM + 512GB),59999,,True,True,True,MediaTek,Dimensity,Dimensity 9300 Plus,Octa Core,8.0,3.25,16.0,512.0,6500,90.0,True,6.31,1216,2640,120.0,Punch Hole,3.0,50,1,50,No,Not Supported,,Android
poco,Poco X7 5G,17999,64.0,True,True,True,MediaTek,Dimensity,Dimensity 7300 Ultra,Octa Core,8.0,2.5,8.0,128.0,5500,45.0,True,6.67,1220,2712,120.0,Punch Hole,3.0,50,1,20,,,,Android
realme,Realme C63 5G,10999,53.0,True,False,False,MediaTek,Dimensity,Dimensity 6300,Octa Core,8.0,2.4,4.0,128.0,5000,10.0,True,6.67,720,1604,120.0,Punch Hole,2.0,32,1,8,Yes,Hybrid,2048.0,Android
motorola,Motorola Edge 70 5G,32175,75.0,True,True,False,Qualcomm,Snapdragon,Snapdragon 7 Gen4,Octa Core,8.0,2.8,8.0,256.0,5000,68.0,True,6.7,1220,2712,120.0,Punch Hole,2.0,50,1,50,,,,Android
vivo,Vivo V70 FE,38990,77.0,True,True,True,MediaTek,Dimensity,Dimensity 7360 Turbo,Octa Core,8.0,2.5,8.0,128.0,7000,90.0,True,6.83,1260,2800,120.0,Punch Hole,2.0,200,1,50,No,Not Supported,,Android
nothing,Nothing Phone 2a (8GB RAM + 256GB),24999,70.0,True,True,False,MediaTek,Dimensity,Dimensity 7200 Pro,Octa Core,8.0,2.8,8.0,256.0,5000,45.0,True,6.7,1084,2412,120.0,Punch Hole,2.0,50,1,32,,,,Android
samsung,Samsung Galaxy F05,6499,,False,False,False,MediaTek,Helio,Helio G85,Octa Core,8.0,2.0,4.0,64.0,5000,25.0,True,6.74,720,1600,,Water Drop Notch,2.0,50,1,8,Yes,Dedicated,1024.0,Android
samsung,Samsung Galaxy S25 5G,65929,77.0,True,True,False,Qualcomm,Snapdragon,Snapdragon 8 Elite,Octa Core,8.0,4.47,12.0,256.0,4000,25.0,True,6.2,1080,2340,120.0,Punch Hole,3.0,50,1,12,,,,Android
vivo,Vivo T4R 5G,22999,66.0,True,False,False,MediaTek,Dimensity,Dimensity 7400,Octa Core,8.0,2.6,8.0,128.0,5700,44.0,True,6.77,1080,2392,120.0,Punch Hole,2.0,50,1,32,No,Not Supported,,Android
oppo,OPPO Reno 14 5G,44999,76.0,True,False,True,MediaTek,Dimensity,Dimensity 8350,Octa Core,8.0,3.35,8.0,256.0,6000,80.0,True,6.59,1256,2760,120.0,Punch Hole,3.0,50,1,50,,,,Android
oppo,OPPO K13x 5G (6GB RAM +128GB),16999,54.0,True,False,False,MediaTek,Dimensity,Dimensity 6300,Octa Core,8.0,2.4,6.0,128.0,6000,45.0,True,6.67,720,1604,120.0,Punch Hole,2.0,50,1,8,Yes,Hybrid,2048.0,Android
samsung,Samsung Galaxy S24 FE 5G,39999,70.0,True,True,False,Samsung,Exynos,Exynos 2400e,Deca Core,10.0,3.11,8.0,128.0,4700,25.0,True,6.7,1080,2340,120.0,Punch Hole,3.0,50,1,10,No,Not Supported,,Android
vivo,Vivo S2 5G,37990,67.0,True,False,False,MediaTek,Dimensity,Dimensity 7360 Turbo,Octa Core,8.0,2.5,8.0,128.0,7050,44.0,True,6.83,1260,2800,120.0,Punch Hole,2.0,50,1,32,No,Not Supported,,Android
samsung,Samsung Galaxy S26 FE,69999,,True,True,False,Samsung,Exynos,Exynos 2500,Deca Core,10.0,3.3,8.0,128.0,4900,45.0,True,6.7,1080,2340,120.0,Punch Hole,3.0,50,1,12,No,Not Supported,,Android
apple,Apple iPhone 17 Pro Max,143990,,True,True,False,Apple,Apple,Apple A19 Pro,Hexa Core,6.0,,12.0,256.0,4832,,True,6.9,1320,2868,120.0,Dynamic Island,3.0,48,1,18,No,Not Supported,,iOS
apple,Apple iPhone 15,59900,66.0,True,True,False,Apple,Bionic,Bionic A16,Hexa Core,6.0,3.46,6.0,128.0,3349,,True,6.1,1179,2556,,Dynamic Island,2.0,48,1,12,No,Not Supported,,iOS
realme,Realme 14 Pro Plus (8GB RAM + 256GB),25999,67.0,True,False,False,Qualcomm,Snapdragon,Snapdragon 7s Gen3,Octa Core,8.0,2.5,8.0,256.0,6000,80.0,True,6.83,1272,2800,120.0,Punch Hole,3.0,50,1,32,No,Not Supported,,Android
vivo,Vivo X300 FE,84999,,True,True,True,Qualcomm,Snapdragon,Snapdragon 8 Gen5,Octa Core,8.0,3.8,12.0,256.0,6500,90.0,True,6.31,1216,2640,120.0,Punch Hole,3.0,50,1,50,No,Not Supported,,Android
motorola,Motorola Edge 50 Fusion (12GB RAM + 256GB),22790,68.0,True,True,False,Qualcomm,Snapdragon,Snapdragon 7s Gen2,Octa Core,8.0,2.4,12.0,256.0,5000,68.0,True,6.67,1080,2400,144.0,Punch Hole,2.0,50,1,32,No,Not Supported,,Android
motorola,Motorola Signature,59899,,True,True,False,Qualcomm,Snapdragon,Snapdragon 8 Gen5,Octa Core,8.0,3.8,12.0,256.0,5200,90.0,True,6.8,1264,2780,165.0,Punch Hole,3.0,50,1,50,,,,Android
apple,Apple iPhone 17 Pro,130490,74.0,True,True,False,Apple,Apple,Apple A19 Pro,Hexa Core,6.0,,12.0,256.0,3988,,True,6.3,1206,2622,120.0,Dynamic Island,3.0,48,1,18,No,Not Supported,,iOS
oppo,Oppo F31 Pro 5G,25999,66.0,True,False,False,MediaTek,Dimensity,Dimensity 7300 Energy,Octa Core,8.0,2.5,8.0,128.0,7000,80.0,True,6.57,1080,2372,120.0,Punch Hole,2.0,50,1,32,,,,Android
poco,Poco M7 Plus 5G (4GB RAM + 128GB),15499,58.0,True,False,True,Qualcomm,Snapdragon,Snapdragon 6s Gen3,Octa Core,8.0,2.3,4.0,128.0,7000,33.0,True,6.9,1080,2340,144.0,Punch Hole,1.0,50,1,8,Yes,Hybrid,2048.0,Android
xiaomi,Xiaomi Redmi Note 17 Pro (8GB RAM + 256GB),39999,72.0,True,True,True,Qualcomm,Snapdragon,Snapdragon 6s Gen4,Octa Core,8.0,2.4,6.0,256.0,9000,67.0,True,6.83,1280,2772,120.0,Punch Hole,2.0,50,1,16,,,,Android
samsung,Samsung Galaxy M47 5G,26988,67.0,True,True,False,Qualcomm,Snapdragon,Snapdragon 6 Gen3,Octa Core,8.0,2.4,6.0,128.0,6000,45.0,True,6.7,1080,2340,120.0,Punch Hole,3.0,50,1,12,Yes,Hybrid,1024.0,Android
realme,Realme 15 Pro 5G (12GB RAM + 256GB),33499,76.0,True,False,False,Qualcomm,Snapdragon,Snapdragon 7 Gen4,Octa Core,8.0,2.8,12.0,256.0,7000,80.0,True,6.8,1280,2800,144.0,Punch Hole,2.0,50,1,50,,,,Android
poco,Poco X7 5G (8GB RAM + 256GB),19999,66.0,True,True,True,MediaTek,Dimensity,Dimensity 7300 Ultra,Octa Core,8.0,2.5,8.0,256.0,5500,45.0,True,6.67,1220,2712,120.0,Punch Hole,3.0,50,1,20,,,,Android
nothing,Nothing Phone 3a Pro,27999,66.0,True,True,False,Qualcomm,Snapdragon,Snapdragon 7s Gen 3,Octa Core,8.0,2.5,8.0,128.0,5000,50.0,True,6.77,1080,2392,120.0,Punch Hole,3.0,50,1,50,No,Not Supported,,Android
xiaomi,Xiaomi Redmi Note 17 Pro Max 5G (12GB RAM + 256GB),55999,,True,True,True,Qualcomm,Snapdragon,Snapdragon 6 Gen5,Octa Core,8.0,2.6,12.0,256.0,10000,100.0,True,6.83,1280,2772,120.0,Punch Hole,2.0,50,1,32,,,,Android
motorola,Motorola Moto G35 5G,12499,57.0,True,False,False,Unisoc,Unisoc,Unisoc T760,Octa Core,8.0,2.2,4.0,128.0,5000,18.0,True,6.72,1080,2400,120.0,Punch Hole,2.0,50,1,16,Yes,Hybrid,1024.0,Android
realme,Realme P4s 5G,34999,71.0,True,False,True,MediaTek,Dimensity,Dimensity 7400,Octa Core,8.0,2.6,8.0,128.0,8000,80.0,True,6.78,1272,2772,144.0,Punch Hole,2.0,50,1,16,No,Not Supported,,Android
realme,Realme P4x 5G,21939,62.0,True,False,False,MediaTek,Dimensity,Dimensity 7400 Ultra,Octa Core,8.0,2.6,6.0,128.0,7000,45.0,True,6.72,1080,2400,144.0,Punch Hole,2.0,50,1,8,,,,Android
oppo,OPPO Reno 16 5G,66999,79.0,True,False,True,Qualcomm,Snapdragon,Snapdragon 7 Gen4,Octa Core,8.0,2.8,8.0,256.0,6700,80.0,True,6.32,1216,2640,120.0,Punch Hole,3.0,50,1,50,No,Not Supported,,Android
xiaomi,Xiaomi Redmi 14C 5G (6GB RAM + 128GB),11999,54.0,True,False,False,Qualcomm,Snapdragon,Snapdragon 4 Gen2,Octa Core,8.0,2.2,6.0,128.0,5160,18.0,True,6.88,720,1640,120.0,Water Drop Notch,2.0,50,1,8,Yes,Dedicated,1024.0,Android
infinix,Infinix Note 40X 5G (12GB RAM +256GB),15999,62.0,True,True,False,MediaTek,Dimensity,Dimensity 6300,Octa Core,8.0,2.4,12.0,256.0,5000,18.0,True,6.78,1080,2406,120.0,Punch Hole,3.0,108,1,8,Yes,Dedicated,1024.0,Android
apple,Apple iPhone Duo (2TB),449900,,True,True,False,Apple,Apple,Apple A20 Pro,Hexa Core,6.0,,12.0,2.0,5800,,True,7.6,1878,2670,120.0,,2.0,48,2,12,No,Not Supported,,Not Specified
xiaomi,Xiaomi Redmi Note 14 Pro 5G,21999,62.0,True,False,True,MediaTek,Dimensity,Dimensity 7300 Ultra,Octa Core,8.0,2.5,8.0,128.0,5500,45.0,True,6.67,1220,2712,120.0,Punch Hole,3.0,50,1,20,,,,Android
boltt,Boltt Ace 5G (8GB RAM + 128GB),14999,55.0,True,False,False,Unisoc,Unisoc,Unisoc T8200,Octa Core,8.0,2.3,8.0,128.0,6000,18.0,True,6.79,720,1640,120.0,Punch Hole,2.0,64,1,8,Yes,Hybrid,1024.0,Android
oppo,OPPO Reno 14 Pro 5G,48979,,True,True,True,MediaTek,Dimensity,Dimensity 8450,Octa Core,8.0,3.25,12.0,256.0,6200,80.0,True,6.83,1272,2800,120.0,Punch Hole,3.0,50,1,50,,,,Android
oneplus,OnePlus Nord CE 6 5G,37999,74.0,True,False,True,Qualcomm,Snapdragon,Snapdragon 7s Gen4,Octa Core,8.0,2.7,8.0,128.0,8000,80.0,True,6.78,1272,2772,144.0,Punch Hole,2.0,50,1,32,,,,Android
samsung,Samsung Galaxy S26 5G,79999,,True,True,False,Samsung,Exynos,Exynos 2600,Deca Core,10.0,3.8,12.0,256.0,4300,25.0,True,6.3,1080,2340,120.0,Punch Hole,3.0,50,1,12,,,,Android
iqoo,iQOO 15,76999,,True,True,True,Qualcomm,Snapdragon,Snapdragon 8 Elite Gen 5,Octa Core,8.0,4.6,12.0,256.0,7000,100.0,True,6.85,1440,3168,144.0,Punch Hole,3.0,50,1,32,,,,Android
infinix,Infinix Note 50X 5G,13499,55.0,True,False,True,MediaTek,Dimensity,Dimensity 7300 Ultimate,Octa Core,8.0,2.5,6.0,128.0,5500,45.0,True,6.67,720,1600,120.0,Punch Hole,2.0,50,1,8,Yes,Hybrid,,Android
realme,Realme P3 Pro 5G (8GB RAM +256GB),21999,64.0,True,False,False,Qualcomm,Snapdragon,Snapdragon 7s Gen3,Octa Core,8.0,2.5,8.0,256.0,6000,80.0,True,6.83,1272,2800,120.0,Punch Hole,2.0,50,1,16,,,,Android
google,Google Pixel 11,81999,74.0,True,True,False,Google,Tensor,Tensor G6,,,,12.0,256.0,4985,30.0,True,6.3,1080,2424,120.0,Punch Hole,3.0,48,1,10.5,,,,Android
xiaomi,Xiaomi Redmi Note 17 5G,27999,61.0,True,False,True,Qualcomm,Snapdragon,Snapdragon 4 Gen4,Octa Core,8.0,2.3,6.0,128.0,8000,45.0,True,6.99,1080,2396,120.0,Punch Hole,1.0,50,1,8,,,,Android
apple,Apple iPhone 16 (256GB),79900,70.0,True,True,False,Apple,Bionic,Bionic A18,Hexa Core,6.0,4.04,8.0,256.0,3561,,True,6.1,1179,2556,,Dynamic Island,2.0,48,1,12,No,Not Supported,,iOS
realme,Realme P1 Pro 5G (8GB RAM + 256GB),16999,59.0,True,False,False,Qualcomm,Snapdragon,Snapdragon 6 Gen1,Octa Core,8.0,2.2,8.0,256.0,5000,45.0,True,6.7,1080,2400,120.0,Punch Hole,2.0,50,1,16,,,,Android
motorola,Motorola Edge 70 Fusion 5G (12GB RAM + 256 GB),35199,72.0,True,True,False,Qualcomm,Snapdragon,Snapdragon 7s Gen4,Octa Core,8.0,2.7,12.0,256.0,7000,68.0,True,6.8,1272,2772,144.0,Punch Hole,3.0,50,1,32,,,,Android
samsung,Samsung Galaxy S26 FE (8GB RAM + 256GB),79999,,True,True,False,Samsung,Exynos,Exynos 2500,Deca Core,10.0,3.3,8.0,256.0,4900,45.0,True,6.7,1080,2340,120.0,Punch Hole,3.0,50,1,12,No,Not Supported,,Android
oppo,Oppo Find X9 5G,74999,,True,True,True,MediaTek,Dimensity,Dimensity 9500,Octa Core,8.0,4.21,12.0,256.0,7025,80.0,True,6.59,1256,2760,120.0,Punch Hole,3.0,50,1,32,,,,Android
vivo,Vivo T5 Pro,37310,72.0,True,False,True,Qualcomm,Snapdragon,Snapdragon 7s Gen4,Octa Core,8.0,2.7,8.0,128.0,9020,90.0,True,6.83,1260,2800,144.0,Punch Hole,2.0,50,1,32,No,Not Supported,,Android
vivo,Vivo V60 5G,45697,77.0,True,True,True,Qualcomm,Snapdragon,Snapdragon 7 Gen4,Octa Core,8.0,2.8,8.0,128.0,6500,90.0,True,6.77,1080,2392,120.0,Punch Hole,3.0,50,1,50,No,Not Supported,,Android
realme,Realme P2 Pro 5G,17999,63.0,True,False,False,Qualcomm,Snapdragon,Snapdragon 7s Gen 2,Octa Core,8.0,2.4,8.0,128.0,5200,80.0,True,6.7,1080,2412,120.0,Punch Hole,2.0,50,1,32,,,,Android
motorola,Motorola Moto G37 Power 5G (4GB RAM + 64GB),15449,55.0,True,False,False,MediaTek,Dimensity,Dimensity 6400,Octa Core,8.0,2.5,4.0,64.0,7000,30.0,True,6.67,1604,720,120.0,Punch Hole,1.0,50,1,8,Yes,Hybrid,1024.0,Android
samsung,Samsung Galaxy S24 5G (Snapdragon),49999,72.0,True,True,False,Qualcomm,Snapdragon,Snapdragon 8 Gen3,Octa Core,8.0,3.3,8.0,256.0,4000,25.0,True,6.2,1080,2340,120.0,Punch Hole,3.0,50,1,12,,,,Android
motorola,Motorola Moto G37 Power (8GB RAM + 128GB),19900,58.0,True,False,False,MediaTek,Dimensity,Dimensity 6400,Octa Core,8.0,2.5,8.0,128.0,7000,30.0,True,6.67,1604,720,120.0,Punch Hole,1.0,50,1,8,Yes,Hybrid,1024.0,Android
xiaomi,Xiaomi Redmi Note 15 Pro 5G,31999,72.0,True,False,True,MediaTek,Dimensity,Dimensity 7400 Ultra,Octa Core,8.0,2.6,8.0,128.0,6580,45.0,True,6.83,1280,2772,120.0,Punch Hole,2.0,200,1,20,,,,Android
oneplus,OnePlus 15,85999,,True,True,True,Qualcomm,Snapdragon,Snapdragon 8 Elite Gen 5,Octa Core,8.0,4.6,12.0,256.0,7300,120.0,True,6.78,1272,2772,165.0,Punch Hole,3.0,50,1,32,No,Not Supported,,Android
oppo,OPPO K13,21999,62.0,True,False,True,Qualcomm,Snapdragon,Snapdragon 6 Gen4,Octa Core,8.0,2.3,8.0,128.0,7000,80.0,True,6.67,1080,2400,120.0,Punch Hole,2.0,50,1,16,,,,Android
poco,Poco M7 5G,12499,53.0,True,False,False,Qualcomm,Snapdragon,Snapdragon 4 Gen2,Octa Core,8.0,2.2,6.0,128.0,5160,18.0,True,6.88,720,1640,120.0,Water Drop Notch,1.0,50,1,8,Yes,Dedicated,1024.0,Android
poco,Poco F7 5G,35999,76.0,True,True,True,Qualcomm,Snapdragon,Snapdragon 8s Gen4,Octa Core,8.0,3.2,12.0,256.0,7550,90.0,True,6.83,1280,2772,120.0,Punch Hole,2.0,50,1,20,No,Not Supported,,Android
oppo,Oppo Reno 15 Pro Mini,59999,,True,False,True,MediaTek,Dimensity,Dimensity 8450,Octa Core,8.0,3.25,12.0,256.0,6200,80.0,True,6.32,1216,2640,120.0,Punch Hole,3.0,200,1,50,,,,Android
motorola,Motorola Moto G67 Power 5G,23400,62.0,True,False,False,Qualcomm,Snapdragon,Snapdragon 7s Gen2,Octa Core,8.0,2.4,8.0,128.0,7000,30.0,True,6.7,1080,2400,120.0,Punch Hole,2.0,50,1,32,,,,Android
samsung,Samsung Galaxy F70 Pro 5G,26349,66.0,True,False,False,Qualcomm,Snapdragon,Snapdragon 6 Gen3,Octa Core,8.0,2.4,6.0,128.0,6000,45.0,True,6.7,1080,2340,120.0,Punch Hole,3.0,50,1,12,Yes,Hybrid,2048.0,Android
samsung,Samsung Galaxy F16 5G,12499,54.0,True,True,False,MediaTek,Dimensity,Dimensity 6300,Octa Core,8.0,2.4,4.0,128.0,5000,25.0,True,6.7,1080,2340,90.0,Punch Hole,3.0,50,1,13,Yes,Hybrid,1536.0,Android
iqoo,iQOO Z11 5G,34999,71.0,True,False,True,MediaTek,Dimensity,Dimensity 7500 Turbo,Octa Core,8.0,2.6,6.0,128.0,7050,44.0,True,6.83,1260,2800,144.0,Punch Hole,2.0,50,1,32,No,Not Supported,,Android
samsung,Samsung Galaxy A56 5G,36999,63.0,True,True,False,Samsung,Exynos,Exynos 1580,Octa Core,8.0,2.9,8.0,128.0,5000,45.0,True,6.7,1080,2340,120.0,Punch Hole,3.0,50,1,12,,,,Android
vivo,Vivo X300 Ultra,159999,,True,True,True,Qualcomm,Snapdragon,Snapdragon 8 Elite Gen 5,Octa Core,8.0,4.6,16.0,512.0,6600,100.0,True,6.82,1440,3168,144.0,Punch Hole,3.0,200,1,50,No,Not Supported,,Android
iqoo,iQOO 15R,53999,,True,True,True,Qualcomm,Snapdragon,Snapdragon 8 Gen5,Octa Core,8.0,3.8,8.0,256.0,7600,100.0,True,6.59,1260,2750,144.0,Punch Hole,2.0,50,1,32,,,,Android
realme,Realme C63 5G (6GB RAM + 128GB),10999,53.0,True,False,False,MediaTek,Dimensity,Dimensity 6300,Octa Core,8.0,2.4,6.0,128.0,5000,10.0,True,6.67,720,1604,120.0,Punch Hole,2.0,32,1,8,Yes,Hybrid,2048.0,Android
oneplus,OnePlus N6,24999,59.0,True,True,False,MediaTek,Dimensity,Dimensity 6360 Apex,Octa Core,8.0,,4.0,128.0,8000,45.0,True,6.8,720,1570,120.0,Punch Hole,2.0,50,1,8,Yes,Dedicated,2048.0,Android
moto,Moto G96 5G,22990,63.0,True,False,False,Qualcomm,Snapdragon,Snapdragon 7s Gen2,Octa Core,8.0,2.4,8.0,128.0,5500,33.0,True,6.67,1080,2400,144.0,Punch Hole,2.0,50,1,32,No,Not Supported,,Android
apple,Apple iPhone 13,45690,55.0,True,True,False,Apple,Bionic,Bionic A15,Hexa Core,6.0,3.22,4.0,128.0,3240,,True,6.1,1170,2532,,Small Notch,2.0,12,1,12,No,Not Supported,,iOS
google,Google Pixel 10 5G,67479,75.0,True,True,False,Google,Tensor,Tensor G5,Octa Core,8.0,3.78,12.0,256.0,4970,30.0,True,6.3,1080,2424,120.0,Punch Hole,3.0,48,1,10.5,,,,Android
realme,Realme 12X (6GB RAM +128GB),12499,55.0,True,False,False,MediaTek,Dimensity,Dimensity 6100 Plus,Octa Core,8.0,2.2,6.0,128.0,5000,45.0,True,6.72,1080,2400,120.0,Punch Hole,2.0,50,1,8,Yes,Dedicated,2048.0,Android
poco,Poco X8 5G,29999,66.0,True,True,True,Qualcomm,Snapdragon,Snapdragon 6s Gen4,Octa Core,8.0,2.4,6.0,128.0,9000,67.0,True,6.83,1280,2772,120.0,Punch Hole,2.0,50,1,16,,,,Android
samsung,Samsung Galaxy F16 5G (8GB RAM + 128GB),15499,55.0,True,True,False,MediaTek,Dimensity,Dimensity 6300,Octa Core,8.0,2.4,8.0,128.0,5000,25.0,True,6.7,1080,2340,90.0,Punch Hole,3.0,50,1,13,Yes,Hybrid,1536.0,Android
samsung,Samsung Galaxy A07 5G,16800,57.0,True,False,False,MediaTek,Dimensity,Dimensity 6300,Octa Core,8.0,2.4,4.0,128.0,6000,25.0,True,6.74,720,1600,120.0,Water Drop Notch,2.0,50,1,8,Yes,Dedicated,2048.0,Android
moto,Moto G57 Power,20999,57.0,True,False,False,Qualcomm,Snapdragon,Snapdragon 6s Gen4,Octa Core,8.0,2.4,8.0,128.0,7000,33.0,True,6.72,1080,2400,120.0,Punch Hole,2.0,50,1,8,,,,Android
nothing,Nothing Phone 4a,35799,71.0,True,False,False,Qualcomm,Snapdragon,Snapdragon 7s Gen4,Octa Core,8.0,2.7,8.0,128.0,5400,50.0,True,6.78,1224,2720,120.0,Punch Hole,3.0,50,1,32,,,,Android
realme,Realme P4 Power 5G,30499,72.0,True,False,True,MediaTek,Dimensity,Dimensity 7400 Ultra,Octa Core,8.0,2.6,8.0,128.0,10001,80.0,True,6.8,1280,2800,144.0,Punch Hole,2.0,50,1,16,No,Not Supported,,Android
oneplus,OnePlus Nord 4 5G (8GB RAM + 256GB),29999,70.0,True,True,True,Qualcomm,Snapdragon,Snapdragon 7+ Gen3,Octa Core,8.0,2.8,8.0,256.0,5500,100.0,True,6.74,1240,2772,120.0,Punch Hole,2.0,50,1,16,,,,Android
oneplus,OnePlus Nord CE 5 5G,34800,71.0,True,False,True,MediaTek,Dimensity,Dimensity 8350 Apex,Octa Core,8.0,3.35,8.0,128.0,7100,80.0,True,6.77,1080,2392,120.0,Punch Hole,2.0,50,1,16,Yes,Hybrid,1024.0,Android
motorola,Motorola Edge 70 Fusion 5G (8GB RAM + 256 GB),34399,71.0,True,True,False,Qualcomm,Snapdragon,Snapdragon 7s Gen4,Octa Core,8.0,2.7,8.0,256.0,7000,68.0,True,6.8,1272,2772,144.0,Punch Hole,3.0,50,1,32,,,,Android
vivo,Vivo T4 5G (12GB RAM + 256GB),28999,68.0,True,False,True,Qualcomm,Snapdragon,Snapdragon 7s Gen3,Octa Core,8.0,2.5,12.0,256.0,7300,90.0,True,6.77,1080,2392,120.0,Punch Hole,2.0,50,1,32,No,Not Supported,,Android
oppo,OPPO A6x 5G,18999,50.0,True,False,False,MediaTek,Dimensity,Dimensity 6300,Octa Core,8.0,2.4,4.0,64.0,6500,45.0,True,6.75,720,1570,120.0,Punch Hole,1.0,13,1,5,Yes,Hybrid,,Android
samsung,Samsung Galaxy S25 Edge,60800,,True,True,False,Qualcomm,Snapdragon,Snapdragon 8 Elite,Octa Core,8.0,4.47,12.0,256.0,3900,25.0,True,6.7,1440,3120,120.0,Punch Hole,2.0,200,1,12,,,,Android
oneplus,OnePlus 13s 5G,54999,,True,True,True,Qualcomm,Snapdragon,Snapdragon 8 Elite,Octa Core,8.0,4.32,12.0,256.0,5850,80.0,True,6.32,1216,2640,120.0,Punch Hole,2.0,50,1,32,No,Not Supported,,Android
boltt,Boltt Ace 5G,13999,53.0,True,False,False,Unisoc,Unisoc,Unisoc T8200,Octa Core,8.0,2.3,4.0,64.0,6000,18.0,True,6.79,720,1640,120.0,Punch Hole,2.0,64,1,8,Yes,Hybrid,1024.0,Android
google,Google Pixel 10A,52260,76.0,True,True,False,Google,Tensor,Tensor G4,Octa Core,8.0,3.1,8.0,256.0,5100,30.0,True,6.3,1080,2424,120.0,Punch Hole,2.0,48,1,13,No,Not Supported,,Android
nothing,Nothing Phone 3 (16GB RAM + 512GB),89999,,True,True,False,Qualcomm,Snapdragon,Snapdragon 8s Gen4,Octa Core,8.0,3.2,16.0,512.0,5500,65.0,True,6.67,1260,2800,120.0,Punch Hole,3.0,50,1,50,,,,Android
motorola,Motorola Edge 50 5G,22990,70.0,True,True,False,Qualcomm,Snapdragon,Snapdragon 7 Gen1 AE,Octa Core,8.0,2.5,8.0,256.0,5000,68.0,True,6.67,1220,2712,120.0,,3.0,50,1,32,,,,Android
iqoo,iQOO Z11xA 5G,28999,64.0,True,False,False,MediaTek,Dimensity,Dimensity 7400 Turbo,Octa Core,8.0,2.6,8.0,128.0,7200,44.0,True,6.76,1080,2344,120.0,Punch Hole,2.0,50,1,32,,,,Android
poco,Poco X8 Power (8GB RAM + 256GB),38999,77.0,True,True,True,Qualcomm,Snapdragon,Snapdragon 6 Gen5,Octa Core,8.0,2.4,8.0,256.0,10000,100.0,True,6.83,1280,2772,120.0,Punch Hole,2.0,50,1,32,,,,Android
iqoo,iQOO Neo 10 (8GB RAM + 256GB),43999,,True,True,True,Qualcomm,Snapdragon,Snapdragon 8s Gen4,Octa Core,8.0,3.2,8.0,256.0,7000,120.0,True,6.78,1260,2800,144.0,Punch Hole,2.0,50,1,32,,,,Android
apple,Apple iPhone 16 Pro Max,134900,,True,True,False,Apple,Bionic,Bionic A18 Pro,Hexa Core,6.0,4.05,8.0,256.0,4685,,True,6.9,1320,2868,120.0,Dynamic Island,3.0,48,1,12,No,Not Supported,,iOS
samsung,Samsung Galaxy S24 Ultra,103999,,True,True,False,Qualcomm,Snapdragon,Snapdragon 8 Gen3,Octa Core,8.0,3.3,12.0,256.0,5000,45.0,True,6.8,1440,3120,120.0,Punch Hole,4.0,200,1,12,No,Not Supported,,Android
vivo,Vivo X300 (12GB RAM + 512GB),81999,,True,True,True,MediaTek,Dimensity,Dimensity 9500,Octa Core,8.0,4.21,12.0,512.0,6040,90.0,True,6.31,1216,2640,120.0,Punch Hole,3.0,200,1,50,No,Not Supported,,Android
xiaomi,Xiaomi Redmi Note 15 Pro Plus,39999,79.0,True,True,True,Qualcomm,Snapdragon,Snapdragon 7s Gen4,Octa Core,8.0,2.7,8.0,256.0,6500,100.0,True,6.83,1280,2772,120.0,Punch Hole,2.0,200,1,32,No,Not Supported,,Android
lava,Lava Virat V1 Pro 5G,15999,52.0,True,False,False,Unisoc,Unisoc,Unisoc T8200,Octa Core,8.0,2.6,6.0,128.0,6000,18.0,True,6.75,720,1600,120.0,Water Drop Notch,2.0,50,1,8,Yes,Hybrid,1024.0,Android
xiaomi,Xiaomi Redmi Turbo 5,41999,76.0,True,True,True,MediaTek,Dimensity,Dimensity 8500 Ultra,Octa Core,8.0,3.4,8.0,256.0,7540,100.0,True,6.59,1268,2756,120.0,Punch Hole,2.0,50,1,20,,,,Android
vivo,Vivo Y11 5G,17999,,True,False,True,MediaTek,Dimensity,Dimensity 6300,Octa Core,8.0,2.4,4.0,64.0,6500,15.0,True,6.74,720,1600,120.0,Water Drop Notch,2.0,13,1,5,Yes,Hybrid,2048.0,Android
nothing,Nothing Phone (4a) Pro,45950,75.0,True,True,False,Qualcomm,Snapdragon,Snapdragon 7 Gen 4,Octa Core,8.0,2.8,8.0,128.0,5400,50.0,True,6.83,1260,2800,144.0,Punch Hole,3.0,50,1,32,No,Not Supported,,Android
xiaomi,Xiaomi Redmi 17 5G (8GB RAM + 128GB),26999,62.0,True,True,True,Qualcomm,Snapdragon,Snapdragon 4 Gen5,Octa Core,8.0,2.4,8.0,128.0,7900,45.0,True,6.9,720,1600,120.0,Punch Hole,2.0,50,1,8,Yes,Hybrid,2048.0,Android
oppo,OPPO K14x 5G,18999,54.0,True,False,False,MediaTek,Dimensity,Dimensity 6300,Octa Core,8.0,2.4,4.0,128.0,6500,45.0,True,6.75,720,1570,120.0,Punch Hole,2.0,50,1,5,Yes,Hybrid,,Android
apple,Apple iPhone 15 Plus,69900,67.0,True,True,False,Apple,Bionic,Bionic A16,Hexa Core,6.0,3.46,6.0,128.0,4383,,True,6.7,1290,2796,,Dynamic Island,2.0,48,1,12,No,Not Supported,,iOS
oppo,OPPO K14,23999,62.0,True,True,True,MediaTek,Dimensity,Dimensity 6300,Octa Core,8.0,2.4,6.0,128.0,7000,45.0,True,6.75,720,1570,120.0,Punch Hole,2.0,50,1,8,Yes,Hybrid,,Android
boltt,Boltt Evo,10999,,False,False,False,Unisoc,Unisoc,Unisoc T7250,Octa Core,8.0,1.8,4.0,64.0,6000,18.0,True,6.79,720,1640,120.0,Punch Hole,2.0,50,1,8,Yes,Hybrid,1024.0,Android
oneplus,OnePlus 15R 5G,59999,,True,True,True,Qualcomm,Snapdragon,Snapdragon 8 Gen5,Octa Core,8.0,3.84,12.0,256.0,7400,80.0,True,6.83,1272,2800,165.0,Punch Hole,2.0,50,1,32,No,Not Supported,,Android
motorola,Motorola Edge 70 Pro Plus 5G,48990,,True,True,False,MediaTek,Dimensity,Dimensity 8500 Extreme,Octa Core,8.0,3.4,12.0,256.0,6500,90.0,True,6.78,1272,2772,144.0,Punch Hole,3.0,50,1,50,,,,Android
realme,Realme P3 Pro 5G,20999,63.0,True,False,False,Qualcomm,Snapdragon,Snapdragon 7s Gen3,Octa Core,8.0,2.5,8.0,128.0,6000,80.0,True,6.83,1272,2800,120.0,Punch Hole,2.0,50,1,16,,,,Android
oppo,Oppo K13 Turbo Pro,29999,71.0,True,False,True,Qualcomm,Snapdragon,Snapdragon 8s Gen4,Octa Core,8.0,3.2,8.0,256.0,7000,80.0,True,6.8,1280,2800,120.0,Punch Hole,2.0,50,1,16,No,Not Supported,,Android
realme,Realme P3 Ultra (8GB RAM + 256GB),28999,67.0,True,False,True,MediaTek,Dimensity,Dimensity 8350 Ultra,Octa Core,8.0,3.35,8.0,256.0,6000,80.0,True,6.83,1272,2800,120.0,Punch Hole,2.0,50,1,16,No,Not Supported,,Android
apple,Apple iPhone Duo (1TB),374900,,True,True,False,Apple,Apple,Apple A20 Pro,Hexa Core,6.0,,12.0,1.0,5800,,True,7.6,1878,2670,120.0,,2.0,48,2,12,No,Not Supported,,Not Specified
vivo,Vivo X200T,59999,,True,True,True,MediaTek,Dimensity,Dimensity 9400 Plus,Octa Core,8.0,3.63,12.0,256.0,6200,90.0,True,6.67,1260,2800,120.0,Punch Hole,3.0,50,1,32,No,Not Supported,,Android
poco,Poco M7 Plus 5G (8GB RAM + 128GB),17999,59.0,True,False,True,Qualcomm,Snapdragon,Snapdragon 6s Gen3,Octa Core,8.0,2.3,8.0,128.0,7000,33.0,True,6.9,1080,2340,144.0,Punch Hole,1.0,50,1,8,Yes,Hybrid,2048.0,Android
nokia,Nokia 300 Charge,2599,,False,False,False,Unisoc,Unisoc,Unisoc SC6531E,,,,4.0,4.0,3700,10.0,True,2.4,320,240,,,1.0,,1,,Yes,Dedicated,32.0,Other
samsung,Samsung Galaxy A57 5G,56999,74.0,True,True,False,Samsung,Exynos,Exynos 1680,Octa Core,8.0,2.9,8.0,256.0,5000,45.0,True,6.7,1080,2340,120.0,Punch Hole,3.0,50,1,12,No,Not Supported,,Android
realme,Realme P4R 5G,19997,57.0,True,False,False,MediaTek,Dimensity,Dimensity 6300,Octa Core,8.0,2.4,4.0,128.0,8000,45.0,True,6.81,720,1570,144.0,Punch Hole,1.0,50,1,8,,,,Android
realme,Realme GT 7T (12GB RAM + 512GB),37499,79.0,True,True,True,MediaTek,Dimensity,Dimensity 8400-MAX,Octa Core,8.0,3.25,12.0,512.0,7000,120.0,True,6.8,1280,2800,120.0,Punch Hole,2.0,50,1,32,No,Not Supported,,Android
oppo,OPPO Reno 15 Pro 5G,67999,,True,True,True,MediaTek,Dimensity,Dimensity 8450,Octa Core,8.0,3.25,12.0,256.0,6500,80.0,True,6.78,1272,2772,120.0,Punch Hole,3.0,200,1,50,No,Not Supported,,Android
samsung,Samsung Galaxy A16 5G (6GB RAM + 128GB),15999,57.0,True,True,False,MediaTek,Dimensity,Dimensity 6300,Octa Core,8.0,2.4,6.0,128.0,5000,25.0,True,6.7,1080,2340,90.0,Water Drop Notch,3.0,50,1,13,Yes,Hybrid,1536.0,Android
vivo,Vivo V70 FE 5G (8GB RAM + 256GB),42850,79.0,True,True,True,MediaTek,Dimensity,Dimensity 7360 Turbo,Octa Core,8.0,2.5,8.0,256.0,7000,90.0,True,6.83,1260,2800,120.0,Punch Hole,2.0,200,1,50,No,Not Supported,,Android
realme,Realme GT 8 Pro,72999,,True,True,True,Qualcomm,Snapdragon,Snapdragon 8 Elite Gen 5,Octa Core,8.0,4.6,12.0,256.0,7000,120.0,True,6.79,1440,3136,144.0,Punch Hole,3.0,200,1,32,No,Not Supported,,Android
poco,Poco M8x 5G,19876,61.0,True,False,True,Qualcomm,Snapdragon,Snapdragon 4 Gen5,Octa Core,8.0,2.4,4.0,128.0,7900,45.0,True,6.9,720,1600,120.0,Punch Hole,2.0,50,1,8,Yes,Dedicated,1024.0,Android
xiaomi,Xiaomi Redmi A7 Pro 5G,14999,54.0,True,False,False,Unisoc,Unisoc,Unisoc T8300,Octa Core,8.0,2.2,4.0,64.0,6300,15.0,True,6.9,720,1600,120.0,Water Drop Notch,2.0,32,1,8,Yes,Hybrid,2048.0,Android
oneplus,OnePlus Nord 6 5G (12GB RAM +256GB),52999,,True,True,True,Qualcomm,Snapdragon,Snapdragon 8s Gen4,Octa Core,8.0,3.2,12.0,256.0,9000,80.0,True,6.78,1272,2772,165.0,Punch Hole,2.0,50,1,32,No,Not Supported,,Android
oneplus,OnePlus Nord 5 (12GB RAM + 256GB),34999,76.0,True,True,True,Qualcomm,Snapdragon,Snapdragon 8s Gen3,Octa Core,8.0,3.0,12.0,256.0,6800,80.0,True,6.83,1272,2800,144.0,Punch Hole,2.0,50,1,50,,,,Android
samsung,Samsung Galaxy A06 5G (6GB RAM + 128GB),14499,53.0,True,False,False,MediaTek,Dimensity,Dimensity 6300,Octa Core,8.0,2.4,6.0,128.0,5000,25.0,True,6.7,720,1600,90.0,Water Drop Notch,2.0,50,1,8,Yes,Dedicated,1024.0,Android
samsung,Samsung Galaxy Z Fold 8 5G,174999,,True,True,False,Qualcomm,Snapdragon,Snapdragon 8 Elite Gen 5 for Galaxy,Octa Core,8.0,4.74,12.0,256.0,4800,45.0,True,7.6,1828,2448,120.0,Punch Hole,2.0,50,2,10,,,,Android
poco,Poco X8 Pro 5G,39690,76.0,True,False,True,MediaTek,Dimensity,Dimensity 8500 Ultra,Octa Core,8.0,3.4,8.0,256.0,6500,100.0,True,6.59,2756,1268,120.0,Punch Hole,2.0,50,1,20,,,,Android
xiaomi,Xiaomi Redmi Note 15 5G,28999,70.0,True,True,True,Qualcomm,Snapdragon,Snapdragon 6 Gen3,Octa Core,8.0,2.4,8.0,128.0,5520,45.0,True,6.77,1080,2392,120.0,Punch Hole,2.0,108,1,20,Yes,Hybrid,1024.0,Android
oppo,Oppo F31 Pro 5G (12GB RAM + 256GB),29999,68.0,True,False,False,MediaTek,Dimensity,Dimensity 7300 Energy,Octa Core,8.0,2.5,12.0,256.0,7000,80.0,True,6.57,1080,2372,120.0,Punch Hole,2.0,50,1,32,,,,Android
xiaomi,Xiaomi Redmi 15 5G,21499,61.0,True,False,True,Qualcomm,Snapdragon,Snapdragon 6s Gen3,Octa Core,8.0,2.3,6.0,128.0,7000,33.0,True,6.9,1080,2340,144.0,Punch Hole,2.0,50,1,8,Yes,Hybrid,1024.0,Android
vivo,Vivo T4R 5G (8GB RAM + 256GB),24999,66.0,True,False,False,MediaTek,Dimensity,Dimensity 7400,Octa Core,8.0,2.6,8.0,256.0,5700,44.0,True,6.77,1080,2392,120.0,Punch Hole,2.0,50,1,32,No,Not Supported,,Android
apple,Apple iPhone 18 Pro (512GB),189900,,True,True,False,Apple,Apple,Apple A20 Pro,Hexa Core,6.0,,12.0,512.0,4056,,True,6.3,1206,2622,120.0,Dynamic Island,3.0,48,1,18,No,Not Supported,,iOS
oneplus,OnePlus 15 5G (16GB RAM + 512GB),93999,,True,True,True,Qualcomm,Snapdragon,Snapdragon 8 Elite Gen 5,Octa Core,8.0,4.6,16.0,512.0,7300,120.0,True,6.78,1272,2772,165.0,Punch Hole,3.0,50,1,32,No,Not Supported,,Android
motorola,Motorola Edge 60 Pro (12GB RAM + 256GB),35328,77.0,True,True,False,MediaTek,Dimensity,Dimensity 8350 Extreme,Octa Core,8.0,3.35,12.0,256.0,6000,90.0,True,6.7,1220,2712,120.0,Punch Hole,3.0,50,1,50,,,,Android
google,Google Pixel 8A,37490,66.0,True,True,False,Google,Tensor,Tensor G3,Nine Core,9.0,3.0,8.0,128.0,4492,,True,6.1,1080,2400,120.0,Punch Hole,2.0,64,1,13,No,Not Supported,,Android
motorola,Motorola Edge 70 Pro 5G (12GB RAM + 256GB),42840,,True,True,False,MediaTek,Dimensity,Dimensity 8500 Extreme,Octa Core,8.0,3.4,12.0,256.0,6500,90.0,True,6.8,1272,2772,144.0,Punch Hole,2.0,50,1,50,,,,Android
vivo,Vivo Y31 5G,18999,58.0,True,False,False,Qualcomm,Snapdragon,Snapdragon 4 Gen2,Octa Core,8.0,2.2,4.0,128.0,6500,44.0,True,6.68,720,1608,120.0,Water Drop Notch,1.0,50,1,8,Yes,Hybrid,,Android
tecno,Tecno Pova Slim 5G,20999,58.0,True,False,True,MediaTek,Dimensity,Dimensity 6400,Octa Core,8.0,2.5,8.0,128.0,5160,45.0,True,6.78,1224,2720,144.0,Punch Hole,2.0,50,1,13,,,,Android
realme,Realme P4 Pro 5G (8GB RAM + 256GB),30999,72.0,True,False,True,Qualcomm,Snapdragon,Snapdragon 7 Gen 4,Octa Core,8.0,,8.0,256.0,7000,80.0,True,6.8,1280,2800,144.0,Punch Hole,2.0,50,1,50,,,,Android
boltt,Boltt Evo (6GB RAM + 128GB),12499,50.0,False,False,False,Unisoc,Unisoc,Unisoc T7250,Octa Core,8.0,1.8,6.0,128.0,6000,18.0,True,6.79,720,1640,120.0,Punch Hole,2.0,50,1,8,Yes,Hybrid,1024.0,Android
realme,Realme GT 7T,32999,76.0,True,True,True,MediaTek,Dimensity,Dimensity 8400-MAX,Octa Core,8.0,3.25,8.0,256.0,7000,120.0,True,6.8,1280,2800,120.0,Punch Hole,2.0,50,1,32,No,Not Supported,,Android
poco,Poco M7 5G (8GB RAM + 128GB),13499,53.0,True,False,False,Qualcomm,Snapdragon,Snapdragon 4 Gen2,Octa Core,8.0,2.2,8.0,128.0,5160,18.0,True,6.88,720,1640,120.0,Water Drop Notch,1.0,50,1,8,Yes,Dedicated,1024.0,Android
poco,Poco X8 Pro Max,48999,,True,False,True,MediaTek,Dimensity,Dimensity 9500s,Octa Core,8.0,3.73,12.0,256.0,9000,100.0,True,6.83,1280,2772,120.0,Punch Hole,2.0,50,1,20,,,,Android
vivo,Vivo V40 5G,34999,70.0,True,False,False,Qualcomm,Snapdragon,Snapdragon 7 Gen3,Octa Core,8.0,2.63,8.0,128.0,5500,80.0,True,6.78,1260,2800,120.0,Punch Hole,2.0,50,1,50,No,Not Supported,,Android
vivo,Vivo Y21 5G,22499,58.0,True,True,True,MediaTek,Dimensity,Dimensity 6300,Octa Core,8.0,2.4,4.0,128.0,6500,44.0,True,6.74,720,1600,120.0,Water Drop Notch,2.0,50,1,5,Yes,Dedicated,,Android
apple,Apple iPhone 18 Pro Max (1TB),254900,,True,True,False,Apple,Apple,Apple A20 Pro,Hexa Core,6.0,,12.0,1.0,5391,,True,6.9,1320,2868,120.0,Dynamic Island,3.0,48,1,18,No,Not Supported,,iOS
samsung,Samsung Galaxy Z Flip 3,41499,67.0,True,True,False,Qualcomm,Snapdragon,Snapdragon 888,Octa Core,8.0,2.84,8.0,128.0,3300,15.0,True,6.7,1080,2640,120.0,Punch Hole,2.0,12,1,10,No,Not Supported,,Not Specified
oppo,OPPO Reno 16C,49999,75.0,True,False,False,MediaTek,Dimensity,Dimensity 7300 Energy,Octa Core,8.0,2.5,8.0,128.0,7000,80.0,True,6.57,2372,1080,120.0,Punch Hole,3.0,50,1,50,Yes,Hybrid,,Android
samsung,Samsung Galaxy Z Fold 8 Ultra,194999,,True,True,False,Qualcomm,Snapdragon,Snapdragon 8 Elite Gen 5 For Galaxy,Octa Core,8.0,4.74,12.0,256.0,5000,45.0,True,8.0,2256,2504,120.0,Punch Hole,3.0,200,2,10,,,,Android
oppo,OPPO Reno 15 5G,47999,79.0,True,False,True,Qualcomm,Snapdragon,Snapdragon 7 Gen4,Octa Core,8.0,2.8,8.0,256.0,6500,80.0,True,6.59,1256,2760,120.0,Punch Hole,3.0,50,1,50,No,Not Supported,,Android
samsung,Samsung Galaxy F36 5G,22445,62.0,True,True,False,Samsung,Exynos,Exynos 1380,Octa Core,8.0,2.4,6.0,128.0,5000,25.0,True,6.7,1080,2340,120.0,Water Drop Notch,3.0,50,1,13,Yes,Hybrid,2048.0,Android
realme,Realme 14x 5G,14999,55.0,True,False,False,MediaTek,Dimensity,Dimensity 6300,Octa Core,8.0,2.4,6.0,128.0,6000,45.0,True,6.67,720,1604,120.0,Punch Hole,2.0,50,1,8,Yes,Hybrid,,Android
infinix,Infinix Note 60 Pro 5G,33899,74.0,True,True,True,Qualcomm,Snapdragon,Snapdragon 7s Gen4,Octa Core,8.0,2.4,8.0,128.0,6500,90.0,True,6.78,1208,2644,144.0,Punch Hole,2.0,50,1,13,Yes,Dedicated,1024.0,Android
realme,Realme 16 Pro 5G,37999,77.0,True,False,False,MediaTek,Dimensity,Dimensity 7300 Max,Octa Core,8.0,2.5,8.0,128.0,7000,80.0,True,6.78,1272,2772,144.0,Punch Hole,2.0,200,1,50,No,Not Supported,,Android
google,Google Pixel 8 Pro,49999,74.0,True,True,False,Google,Tensor,Tensor G3,Nine Core,9.0,3.0,12.0,128.0,5050,30.0,True,6.7,1344,2992,120.0,Punch Hole,3.0,50,1,10.5,,,,Android
motorola,Motorola Edge 60 Fusion 5G (12GB RAM + 256GB),28990,68.0,True,False,False,MediaTek,Dimensity,Dimensity 7400,Octa Core,8.0,2.5,12.0,256.0,5500,68.0,True,6.7,1220,2712,120.0,Punch Hole,2.0,50,1,32,Yes,Hybrid,1024.0,Android
oneplus,OnePlus Nord CE 6 Lite,27988,63.0,True,False,True,MediaTek,Dimensity,Dimensity 7400 Apex,Octa Core,8.0,2.6,6.0,128.0,7000,45.0,True,6.72,1080,2400,144.0,Punch Hole,2.0,50,1,8,Yes,Hybrid,2048.0,Android
nokia,Nokia 210 4G (2026),2999,,False,False,False,,,,,,,64.0,128.0,1450,,False,2.4,240,320,,,1.0,0.3,1,0.3,Yes,Dedicated,,Other
vivo,Vivo T5x 5G (8GB RAM + 256GB),32849,67.0,True,False,True,MediaTek,Dimensity,Dimensity 7400 Turbo,Octa Core,8.0,2.6,8.0,256.0,7200,44.0,True,6.76,1080,2344,120.0,Punch Hole,2.0,50,1,32,No,Not Supported,,Android
poco,Poco C85x,13976,53.0,True,False,False,Unisoc,Unisoc,Unisoc T8300,Octa Core,8.0,2.2,4.0,64.0,6300,15.0,True,6.9,720,1600,120.0,Punch Hole,1.0,32,1,8,Yes,Dedicated,2048.0,Android
motorola,Motorola Signature (16GB RAM + 1TB),69999,,True,True,False,Qualcomm,Snapdragon,Snapdragon 8 Gen5,Octa Core,8.0,3.8,16.0,1.0,5200,90.0,True,6.8,1264,2780,165.0,Punch Hole,3.0,50,1,50,,,,Android
samsung,Samsung Galaxy S25 FE (8GB RAM + 256GB),65999,76.0,True,True,False,Samsung,Exynos,Exynos 2400,Deca Core,10.0,3.2,8.0,256.0,4900,45.0,True,6.7,1080,2340,120.0,Punch Hole,3.0,50,1,12,No,Not Supported,,Android
samsung,Samsung Galaxy F17 5G,17999,57.0,True,True,False,Samsung,Exynos,Exynos 1330,Octa Core,8.0,2.4,4.0,128.0,5000,25.0,True,6.7,1080,2340,90.0,Water Drop Notch,3.0,50,1,13,Yes,Hybrid,2048.0,Android
samsung,Samsung Galaxy A27 5G,32950,63.0,True,True,False,Qualcomm,Snapdragon,Snapdragon 6 Gen3,Octa Core,8.0,2.4,6.0,128.0,5000,25.0,True,6.7,1080,2340,120.0,Punch Hole,3.0,50,1,12,Yes,Hybrid,2048.0,Android
oppo,Oppo A6 5G,22999,58.0,True,True,False,MediaTek,Dimensity,Dimensity 6300,Octa Core,8.0,2.4,4.0,128.0,7000,45.0,True,6.75,720,1570,120.0,Punch Hole,2.0,50,1,8,Yes,Dedicated,,Android
samsung,Samsung Galaxy M36 5G,21999,58.0,True,False,False,Samsung,Exynos,Exynos 1380,Octa Core,8.0,2.4,6.0,128.0,5000,25.0,True,6.7,1080,2340,120.0,Punch Hole,3.0,50,1,13,Yes,Hybrid,,Android
nothing,Nothing Phone 3 5G,51999,,True,True,False,Qualcomm,Snapdragon,Snapdragon 8s Gen4,Octa Core,8.0,3.2,12.0,256.0,5500,65.0,True,6.67,1260,2800,120.0,Punch Hole,3.0,50,1,50,,,,Android
vivo,Vivo T5 5G (8GB RAM + 256GB),44999,74.0,True,False,True,MediaTek,Dimensity,Dimensity 7500 Turbo,Octa Core,8.0,2.6,8.0,256.0,7050,44.0,True,6.83,1260,2800,144.0,Punch Hole,2.0,50,1,32,No,Not Supported,,Android
samsung,Samsung Galaxy M17 5G,18458,54.0,True,True,False,Samsung,Exynos,Exynos 1330,Octa Core,8.0,2.4,4.0,128.0,5000,25.0,True,6.7,1080,2340,90.0,Water Drop Notch,3.0,50,1,13,Yes,Hybrid,2048.0,Android
google,Google Pixel 11 Pro,119999,,True,True,False,Google,Tensor,Tensor G6,,,,12.0,256.0,4850,,True,6.3,1280,2856,120.0,Punch Hole,3.0,50,1,42,,,,Android
vivo,Vivo T5x 5G (8GB RAM + 128GB),29203,67.0,True,False,True,MediaTek,Dimensity,Dimensity 7400 Turbo,Octa Core,8.0,2.6,8.0,128.0,7200,44.0,True,6.76,1080,2344,120.0,Punch Hole,2.0,50,1,32,No,Not Supported,,Android
realme,Realme GT 8 Pro (16GB RAM + 512GB),78999,,True,True,True,Qualcomm,Snapdragon,Snapdragon 8 Elite Gen 5,Octa Core,8.0,4.6,16.0,512.0,7000,120.0,True,6.79,1440,3136,144.0,Punch Hole,3.0,200,1,32,No,Not Supported,,Android
boltt,Boltt Ace 5G (6GB RAM + 128GB),13999,54.0,True,False,False,Unisoc,Unisoc,Unisoc T8200,Octa Core,8.0,2.3,6.0,128.0,6000,18.0,True,6.79,720,1640,120.0,Punch Hole,2.0,64,1,8,Yes,Hybrid,1024.0,Android
apple,Apple iPhone 18 Pro Max (512GB),204900,,True,True,False,Apple,Apple,Apple A20 Pro,Hexa Core,6.0,,12.0,512.0,5391,,True,6.9,1320,2868,120.0,Dynamic Island,3.0,48,1,18,No,Not Supported,,iOS
google,Google Pixel 8 5G,37490,66.0,True,True,False,Google,Tensor,Tensor G3,Nine Core,9.0,3.0,8.0,128.0,4575,30.0,True,6.2,1080,2400,120.0,Punch Hole,2.0,50,1,10.5,,,,Android
infinix,Infinix Hot 70 Pro 5G,24999,62.0,True,True,True,MediaTek,Dimensity,Dimensity 7100,Octa Core,8.0,2.4,6.0,128.0,6000,45.0,True,6.76,1080,2344,144.0,Punch Hole,2.0,50,1,8,Yes,Dedicated,,Android
apple,Apple iPhone 18 Pro Max (2TB),329900,,True,True,False,Apple,Apple,Apple A20 Pro,Hexa Core,6.0,,12.0,2.0,5391,,True,6.9,1320,2868,120.0,Dynamic Island,3.0,48,1,18,No,Not Supported,,iOS
vivo,Vivo V70 5G (12GB RAM + 256GB),64999,,True,True,True,Qualcomm,Snapdragon,Snapdragon 7 Gen4,Octa Core,8.0,2.8,12.0,256.0,6500,90.0,True,6.59,1260,2750,120.0,Punch Hole,3.0,50,1,50,No,Not Supported,,Android
samsung,Samsung Galaxy F70e 5G (6GB RAM + 128GB),18589,55.0,True,False,False,MediaTek,Dimensity,Dimensity 6300,Octa Core,8.0,2.4,6.0,128.0,6000,25.0,True,6.7,720,1600,120.0,Water Drop Notch,2.0,50,1,8,Yes,Hybrid,2048.0,Android
vivo,Vivo T4 Lite 5G,18899,52.0,True,False,False,MediaTek,Dimensity,Dimensity 6300,Octa Core,8.0,2.4,4.0,128.0,6000,15.0,True,6.74,720,1600,90.0,Water Drop Notch,2.0,50,1,5,Yes,Dedicated,2048.0,Android
motorola,Motorola Moto G37 Power 5G,16989,55.0,True,False,False,MediaTek,Dimensity,Dimensity 6400,Octa Core,8.0,2.5,4.0,128.0,7000,30.0,True,6.67,1604,720,120.0,Punch Hole,1.0,50,1,8,Yes,Hybrid,1024.0,Android
vivo,Vivo V70 Elite,66999,,True,True,True,Qualcomm,Snapdragon,Snapdragon 8s Gen3,Octa Core,8.0,3.0,8.0,256.0,6500,90.0,True,6.59,1260,2750,120.0,Punch Hole,3.0,50,1,50,No,Not Supported,,Android
iqoo,iQOO 15 (16GB RAM + 512GB),93999,,True,True,True,Qualcomm,Snapdragon,Snapdragon 8 Elite Gen 5,Octa Core,8.0,4.6,16.0,512.0,7000,100.0,True,6.85,1440,3168,144.0,Punch Hole,3.0,50,1,32,,,,Android
vivo,Vivo Y400 5G,31991,64.0,True,False,False,Qualcomm,Snapdragon,Snapdragon 4 Gen2,Octa Core,8.0,2.2,8.0,128.0,6000,90.0,True,6.67,1080,2400,120.0,Punch Hole,2.0,50,1,32,,,,Android
vivo,Vivo Y400 Pro 5G (8GB RAM + 256GB),26999,64.0,True,False,True,MediaTek,Dimensity,Dimensity 7300,Octa Core,8.0,2.5,8.0,256.0,5500,90.0,True,6.77,1080,2392,120.0,Punch Hole,2.0,50,1,32,,,,Android
xiaomi,Xiaomi Redmi Note 14 (8GB RAM + 256GB),24999,66.0,True,False,True,MediaTek,Dimensity,Dimensity 7025 Ultra,Octa Core,8.0,2.5,8.0,256.0,5110,45.0,True,6.67,1080,2400,120.0,Punch Hole,3.0,50,1,20,Yes,Hybrid,1024.0,Android
oppo,OPPO F33 Pro 5G,39999,67.0,True,False,True,MediaTek,Dimensity,Dimensity 6360 MAX,Octa Core,8.0,2.4,8.0,128.0,7000,80.0,True,6.57,1080,2372,120.0,Punch Hole,2.0,50,1,50,Yes,Hybrid,,Android
oppo,Oppo K13 Turbo,32499,68.0,True,False,True,MediaTek,Dimensity,Dimensity 8450,Octa Core,8.0,3.25,8.0,128.0,7000,80.0,True,6.8,1280,2800,120.0,Punch Hole,2.0,50,1,16,No,Not Supported,,Android
motorola,Motorola Edge 60 Pro (16GB RAM + 512GB),40999,,True,True,False,MediaTek,Dimensity,Dimensity 8350 Extreme,Octa Core,8.0,3.35,16.0,512.0,6000,90.0,True,6.7,1220,2712,120.0,Punch Hole,3.0,50,1,50,,,,Android
infinix,Infinix GT 30 Pro,31999,75.0,True,True,True,MediaTek,Dimensity,Dimensity 8350 Ultimate,Octa Core,8.0,3.35,8.0,256.0,5500,45.0,True,6.78,1224,2720,144.0,Punch Hole,2.0,108,1,13,,,,Android
lava,Lava Blaze 2 4G,7989,,False,False,False,Unisoc,Tiger,Tiger  T616 ,Octa Core,8.0,2.0,6.0,128.0,5000,18.0,True,6.5,720,1600,90.0,Water Drop Notch,2.0,13,1,8,Yes,Dedicated,1024.0,Android
oneplus,OnePlus Nord CE 6 5G (8GB RAM + 256GB),41999,75.0,True,False,True,Qualcomm,Snapdragon,Snapdragon 7s Gen4,Octa Core,8.0,2.7,8.0,256.0,8000,80.0,True,6.78,1272,2772,144.0,Punch Hole,2.0,50,1,32,,,,Android
samsung,Samsung Galaxy A37 5G,38999,66.0,True,True,False,Samsung,Exynos,Exynos 1480,Octa Core,8.0,2.7,8.0,128.0,5000,45.0,True,6.7,1080,2340,120.0,Punch Hole,3.0,50,1,12,No,Not Supported,,Android
oppo,Oppo K13 Turbo Pro (12GB+256GB),31999,72.0,True,False,True,Qualcomm,Snapdragon,Snapdragon 8s Gen4,Octa Core,8.0,3.2,12.0,256.0,7000,80.0,True,6.8,1280,2800,120.0,Punch Hole,2.0,50,1,16,No,Not Supported,,Android
xiaomi,Xiaomi Redmi Note 14 Pro Plus,28989,71.0,True,False,True,Qualcomm,Snapdragon,Snapdragon 7s Gen3,Octa Core,8.0,2.5,8.0,128.0,6200,90.0,True,6.67,1220,2712,120.0,Punch Hole,3.0,50,1,20,No,Not Supported,,Android
realme,Realme GT 2 Pro 5G (12GB RAM + 256GB),27400,70.0,True,True,False,Qualcomm,Snapdragon,Snapdragon 8 Gen1,Octa Core,8.0,3.0,12.0,256.0,5000,65.0,True,6.7,1440,3216,120.0,Punch Hole,3.0,50,1,32,,,,Android
oneplus,OnePlus N6 5G (6GB RAM + 128GB),26999,61.0,True,True,False,MediaTek,Dimensity,Dimensity 6360 Apex,Octa Core,8.0,,6.0,128.0,8000,45.0,True,6.8,720,1570,120.0,Punch Hole,2.0,50,1,8,Yes,Dedicated,2048.0,Android
motorola,Motorola Moto G67 Power 5G (12GB RAM + 256GB),26895,64.0,True,False,False,Qualcomm,Snapdragon,Snapdragon 7s Gen2,Octa Core,8.0,2.4,12.0,256.0,7000,30.0,True,6.7,1080,2400,120.0,Punch Hole,2.0,50,1,32,,,,Android
vivo,Vivo T5 Lite 5G,20499,55.0,True,False,False,MediaTek,Dimensity,Dimensity 6300,Octa Core,8.0,2.4,4.0,128.0,6500,44.0,True,6.74,720,1600,120.0,Water Drop Notch,2.0,50,1,5,Yes,Hybrid,2048.0,Android
motorola,Motorola Edge 70 Max,53789,,True,True,False,Qualcomm,Snapdragon,Snapdragon 8 Gen5,Octa Core,8.0,3.8,8.0,256.0,7100,90.0,True,6.8,1440,3168,144.0,Punch Hole,2.0,50,1,32,,,,Android
poco,Poco M8 Power,24380,63.0,True,False,True,Qualcomm,Snapdragon,Snapdragon 4 Gen4,Octa Core,8.0,2.3,6.0,128.0,8000,45.0,True,6.99,2396,1080,120.0,Punch Hole,2.0,50,1,8,Yes,Dedicated,1024.0,Android
vivo,Vivo S2 5G (8GB RAM + 256GB),42990,68.0,True,False,False,MediaTek,Dimensity,Dimensity 7360 Turbo,Octa Core,8.0,2.5,8.0,256.0,7050,44.0,True,6.83,1260,2800,120.0,Punch Hole,2.0,50,1,32,No,Not Supported,,Android
motorola,Motorola Signature (16GB RAM + 512GB),67990,,True,True,False,Qualcomm,Snapdragon,Snapdragon 8 Gen5,Octa Core,8.0,3.8,16.0,512.0,5200,90.0,True,6.8,1264,2780,165.0,Punch Hole,3.0,50,1,50,,,,Android
xiaomi,Xiaomi Redmi 15C 5G,17499,55.0,True,False,False,MediaTek,Dimensity,Dimensity 6300,Octa Core,8.0,2.4,4.0,128.0,6000,33.0,True,6.9,720,1600,120.0,Punch Hole,2.0,50,1,8,Yes,Dedicated,1024.0,Android
apple,Apple iPhone 17 (512GB),102900,77.0,True,True,False,Apple,Apple,Apple A19,Hexa Core,6.0,,8.0,512.0,3692,,True,6.3,1206,2622,120.0,Small Notch,2.0,48,1,18,No,Not Supported,,iOS
motorola,Motorola Moto G86 Power 5G,26499,66.0,True,False,False,MediaTek,Dimensity,Dimensity 7400,Octa Core,8.0,2.6,8.0,128.0,6720,33.0,True,6.7,1220,2712,120.0,Punch Hole,2.0,50,1,32,Yes,Hybrid,1024.0,Android
oneplus,OnePlus Nord 5 (12GB RAM + 512GB),37999,,True,True,True,Qualcomm,Snapdragon,Snapdragon 8s Gen3,Octa Core,8.0,3.0,12.0,512.0,6800,80.0,True,6.83,1272,2800,144.0,Punch Hole,2.0,50,1,50,,,,Android
realme,Realme Narzo 100x 5G,19958,58.0,True,False,False,MediaTek,Dimensity,Dimensity 6300,Octa Core,8.0,2.4,4.0,128.0,8000,45.0,True,6.81,720,1570,144.0,Punch Hole,2.0,50,1,8,Yes,Hybrid,,Android
samsung,Samsung Galaxy S24 FE (256GB),45999,71.0,True,True,False,Samsung,Exynos,Exynos 2400e,Deca Core,10.0,3.11,8.0,256.0,4700,25.0,True,6.7,1080,2340,120.0,Punch Hole,3.0,50,1,10,No,Not Supported,,Android
realme,Realme 12X,11999,54.0,True,False,False,MediaTek,Dimensity,Dimensity 6100 Plus,Octa Core,8.0,2.2,4.0,128.0,5000,45.0,True,6.72,1080,2400,120.0,Punch Hole,2.0,50,1,8,Yes,Dedicated,2048.0,Android
samsung,Samsung Galaxy A35 5G,33999,63.0,True,True,False,Samsung,Exynos,Exynos 1380,Octa Core,8.0,2.4,8.0,128.0,5000,25.0,True,6.6,1080,2340,120.0,Punch Hole,3.0,50,1,13,Yes,Hybrid,1024.0,Android
xiaomi,Xiaomi 17 5G,89999,,True,True,True,Qualcomm,Snapdragon,Snapdragon 8 Elite Gen 5,Octa Core,8.0,4.6,12.0,512.0,6330,100.0,True,6.3,1220,2656,120.0,Punch Hole,3.0,50,1,50,,,,Android
samsung,Samsung Galaxy A17 5G (8GB RAM + 128GB),23499,59.0,True,True,False,Samsung,Exynos,Exynos 1330,Octa Core,8.0,2.4,8.0,128.0,5000,25.0,True,6.7,1080,2340,90.0,Water Drop Notch,3.0,50,1,13,Yes,Hybrid,2048.0,Android
realme,Realme GT 7 (12GB RAM + 512GB),48999,,True,True,True,MediaTek,Dimensity,Dimensity 9400e,Octa Core,8.0,3.4,12.0,512.0,7000,120.0,True,6.78,1264,2780,120.0,Punch Hole,3.0,50,1,32,No,Not Supported,,Android
google,Google Pixel 9A,49699,68.0,True,True,False,Google,Tensor,Tensor G4,Octa Core,8.0,3.1,8.0,256.0,5100,23.0,True,6.3,1080,2424,120.0,Punch Hole,2.0,48,1,13,No,Not Supported,,Android
xiaomi,Xiaomi Redmi Note 13 Pro Plus 5G,33900,74.0,True,True,True,MediaTek,Dimensity,Dimensity 7200 Ultra,Octa Core,8.0,2.8,8.0,256.0,5000,120.0,True,6.67,1220,2712,120.0,Punch Hole,3.0,200,1,16,No,Not Supported,,Android
nothing,Nothing Phone 3a Lite,27999,63.0,True,True,False,MediaTek,Dimensity,Dimensity 7300 Pro,Octa Core,8.0,2.5,8.0,128.0,5000,33.0,True,6.77,1084,2392,120.0,Punch Hole,3.0,50,1,16,Yes,Hybrid,2048.0,Android
xiaomi,Xiaomi 17T 5G,64999,,True,True,True,MediaTek,Dimensity,Dimensity 8500 Ultra,Octa Core,8.0,3.4,12.0,256.0,6500,67.0,True,6.59,1268,2756,120.0,Punch Hole,3.0,50,1,32,,,,Android
oppo,OPPO Find X9 Ultra,169999,,True,True,True,Qualcomm,Snapdragon,Snapdragon 8 Elite Gen5,Octa Core,8.0,4.6,12.0,512.0,7050,100.0,True,6.82,1440,3168,144.0,Punch Hole,5.0,200,1,50,No,Not Supported,,Android
iqoo,iQOO Z11x,27999,64.0,True,False,True,MediaTek,Dimensity,Dimensity 7400 Turbo,Octa Core,8.0,2.6,6.0,128.0,7200,44.0,True,6.76,1080,2344,120.0,Punch Hole,2.0,50,1,32,,,,Android
apple,Apple iPhone 18 Pro (1TB),239900,,True,True,False,Apple,Apple,Apple A20 Pro,Hexa Core,6.0,,12.0,1.0,4056,,True,6.3,1206,2622,120.0,Dynamic Island,3.0,48,1,18,No,Not Supported,,iOS
realme,Realme Narzo Power 5G,29996,74.0,True,False,True,MediaTek,Dimensity,Dimensity 7400 Ultra,Octa Core,8.0,2.6,8.0,128.0,10001,80.0,True,6.8,1280,2800,144.0,Punch Hole,2.0,50,1,16,No,Not Supported,,Android
vivo,Vivo X300 Pro 5G,119999,,True,True,True,MediaTek,Dimensity,Dimensity 9500,Octa Core,8.0,4.21,16.0,512.0,6510,90.0,True,6.78,1260,2800,120.0,Punch Hole,3.0,200,1,50,No,Not Supported,,Android
poco,Poco C75 5G,10999,50.0,True,False,False,Qualcomm,Snapdragon,Snapdragon 4s Gen2,Octa Core,8.0,2.0,4.0,64.0,5160,18.0,True,6.88,720,1650,120.0,Water Drop Notch,2.0,50,1,5,Yes,Dedicated,1024.0,Android
xiaomi,Xiaomi Redmi Note 14 (8GB RAM + 128GB),22990,63.0,True,False,True,MediaTek,Dimensity,Dimensity 7025 Ultra,Octa Core,8.0,2.5,8.0,128.0,5110,45.0,True,6.67,1080,2400,120.0,Punch Hole,3.0,50,1,20,Yes,Hybrid,1024.0,Android
apple,Apple iPhone 16 Plus,79900,70.0,True,True,False,Apple,Bionic,Bionic A18,Hexa Core,6.0,4.04,8.0,128.0,4674,,True,6.7,1290,2796,,Dynamic Island,2.0,48,1,12,No,Not Supported,,iOS
samsung,Samsung Galaxy S26 Ultra (12GB RAM + 512GB),150999,,True,True,False,Qualcomm,Snapdragon,Snapdragon 8 Elite Gen 5 for Galaxy,Octa Core,8.0,4.74,12.0,512.0,5000,60.0,True,6.9,1440,3120,120.0,Punch Hole,4.0,200,1,12,No,Not Supported,,Android
xiaomi,Xiaomi Redmi Note 15 Pro 5G (8GB RAM + 256GB),33999,74.0,True,False,True,MediaTek,Dimensity,Dimensity 7400 Ultra,Octa Core,8.0,2.6,8.0,256.0,6580,45.0,True,6.83,1280,2772,120.0,Punch Hole,2.0,200,1,20,,,,Android
oppo,Oppo A6 Pro 5G,26999,62.0,True,False,False,MediaTek,Dimensity,Dimensity 6300,Octa Core,8.0,2.4,8.0,128.0,7000,80.0,True,6.75,720,1570,120.0,Punch Hole,2.0,50,1,16,Yes,Hybrid,,Android
oppo,Oppo F31 Pro Plus 5G,32999,70.0,True,False,False,Qualcomm,Snapdragon,Snapdragon 7 Gen3,Octa Core,8.0,2.63,8.0,256.0,7000,80.0,True,6.8,1280,2800,120.0,Punch Hole,2.0,50,1,32,,,,Android
samsung,Samsung Galaxy F15 5G,13499,53.0,True,False,False,MediaTek,Dimensity,Dimensity 6100 Plus,Octa Core,8.0,2.2,4.0,128.0,6000,25.0,True,6.45,1080,2340,90.0,Water Drop Notch,3.0,50,1,13,Yes,Hybrid,1024.0,Android
infinix,Infinix Note 30 5G (8GB RAM + 256GB),15999,62.0,True,True,False,MediaTek,Dimensity,Dimensity 6080,Octa Core,8.0,2.4,8.0,256.0,5000,45.0,True,6.78,1080,2460,120.0,Punch Hole,3.0,108,1,16,Yes,Dedicated,2048.0,Android
motorola,Motorola Moto G77 Power,25539,64.0,True,False,False,MediaTek,Dimensity,Dimensity 6400,Octa Core,8.0,2.5,8.0,128.0,7000,30.0,True,6.72,1080,2400,120.0,Punch Hole,2.0,50,1,32,Yes,Hybrid,1024.0,Android
motorola,Motorola Edge 70 Fusion 5G (12GB RAM + 512GB),39490,74.0,True,True,False,Qualcomm,Snapdragon,Snapdragon 7s Gen4,Octa Core,8.0,2.7,12.0,512.0,7000,68.0,True,6.8,1272,2772,144.0,Punch Hole,3.0,50,1,32,,,,Android
ai+,Ai+ Nova 2 5G (6GB RAM + 128GB),14999,54.0,True,False,False,Unisoc,Unisoc,Unisoc T8200,Octa Core,8.0,2.3,6.0,128.0,6000,18.0,True,6.74,720,1600,120.0,Punch Hole,1.0,50,1,8,Yes,Dedicated,1024.0,Android
xiaomi,Xiaomi Redmi 15A 5G,16400,58.0,True,False,True,Unisoc,Unisoc,Unisoc T8300,Octa Core,8.0,2.2,4.0,64.0,6300,33.0,True,6.9,720,1600,120.0,Punch Hole,1.0,32,1,8,Yes,Hybrid,1024.0,Android
realme,Realme 16 5G,35499,68.0,True,False,False,MediaTek,Dimensity,Dimensity 6400 Turbo,Octa Core,8.0,2.5,8.0,128.0,7000,60.0,True,6.57,1080,2372,120.0,Punch Hole,2.0,50,1,50,Yes,Hybrid,,Android
oneplus,OnePlus N6x,20999,,True,False,False,MediaTek,Dimensity,Dimensity 6360 Apex,Octa Core,8.0,,4.0,64.0,7000,15.0,True,6.8,720,1570,120.0,Punch Hole,1.0,13,1,5,Yes,Hybrid,2048.0,Android
realme,Realme GT 7,41999,,True,True,True,MediaTek,Dimensity,Dimensity 9400e,Octa Core,8.0,3.4,8.0,256.0,7000,120.0,True,6.78,1264,2780,120.0,Punch Hole,3.0,50,1,32,No,Not Supported,,Android
nothing,Nothing Phone 3a Pro (12GB RAM + 256GB),34999,68.0,True,True,False,Qualcomm,Snapdragon,Snapdragon 7s Gen 3,Octa Core,8.0,2.5,12.0,256.0,5000,50.0,True,6.77,1080,2392,120.0,Punch Hole,3.0,50,1,50,No,Not Supported,,Android
tecno,Tecno Pova Curve 2,31999,63.0,True,False,True,MediaTek,Dimensity,Dimensity 7100,Octa Core,8.0,2.4,8.0,128.0,8000,45.0,True,6.78,1208,2644,144.0,Punch Hole,2.0,50,1,13,,,,Android
samsung,Samsung Galaxy A07 5G (6GB RAM + 128GB),19599,57.0,True,False,False,MediaTek,Dimensity,Dimensity 6300,Octa Core,8.0,2.4,6.0,128.0,6000,25.0,True,6.74,720,1600,120.0,Water Drop Notch,2.0,50,1,8,Yes,Dedicated,2048.0,Android
oppo,Oppo F31 5G,26999,64.0,True,False,True,MediaTek,Dimensity,Dimensity 6300,Octa Core,8.0,2.4,8.0,128.0,7000,80.0,True,6.57,1080,2412,120.0,Punch Hole,2.0,50,1,16,Yes,Hybrid,,Android
samsung,Samsung Galaxy A56 5G (8GB RAM + 256GB),38942,64.0,True,True,False,Samsung,Exynos,Exynos 1580,Octa Core,8.0,2.9,8.0,256.0,5000,45.0,True,6.7,1080,2340,120.0,Punch Hole,3.0,50,1,12,,,,Android
oneplus,OnePlus 13 (16GB RAM+ 512GB),78990,,True,True,True,Qualcomm,Snapdragon,Snapdragon 8 Elite,Octa Core,8.0,4.32,16.0,512.0,6000,100.0,True,6.82,1440,3168,120.0,Punch Hole,3.0,50,1,32,No,Not Supported,,Android
motorola,Motorola Moto G54 5G,17999,59.0,True,False,False,MediaTek,Dimensity,Dimensity 7020,Octa Core,8.0,2.2,8.0,128.0,6000,33.0,True,6.5,1080,2400,120.0,Punch Hole,2.0,50,1,16,Yes,Hybrid,1024.0,Android
vivo,Vivo T5 5G (8GB RAM + 128GB),39999,72.0,True,False,True,MediaTek,Dimensity,Dimensity 7500 Turbo,Octa Core,8.0,2.6,8.0,128.0,7050,44.0,True,6.83,1260,2800,144.0,Punch Hole,2.0,50,1,32,No,Not Supported,,Android
vivo,Vivo T5 Pro 5G (8GB RAM + 256GB),45095,74.0,True,False,True,Qualcomm,Snapdragon,Snapdragon 7s Gen4,Octa Core,8.0,2.7,8.0,256.0,9020,90.0,True,6.83,1260,2800,144.0,Punch Hole,2.0,50,1,32,No,Not Supported,,Android
ai+,Ai+ Nova 2 Ultra,20999,59.0,True,False,False,MediaTek,Dimensity,Dimensity 7400,Octa Core,8.0,2.6,6.0,128.0,6000,,True,6.78,2772,1272,120.0,Punch Hole,2.0,50,1,13,Yes,Hybrid,1024.0,Android
vivo,Vivo V70 FE 5G (12GB RAM + 256GB),45999,,True,True,True,MediaTek,Dimensity,Dimensity 7360 Turbo,Octa Core,8.0,2.5,12.0,256.0,7000,90.0,True,6.83,1260,2800,120.0,Punch Hole,2.0,200,1,50,No,Not Supported,,Android
vivo,Vivo Y51 Pro,31999,62.0,True,False,True,MediaTek,Dimensity,Dimensity 7360 Turbo,Octa Core,8.0,2.5,8.0,128.0,7200,44.0,True,6.75,720,1570,120.0,Punch Hole,2.0,50,1,8,No,Not Supported,,Android
apple,Apple iPhone 17e,64900,63.0,True,True,False,Apple,Apple,Apple A19,Hexa Core,6.0,,8.0,256.0,4005,,True,6.1,1170,2532,,Small Notch,1.0,48,1,12,No,Not Supported,,iOS
iqoo,iQOO 15R (12GB RAM + 256GB),59999,,True,True,True,Qualcomm,Snapdragon,Snapdragon 8 Gen5,Octa Core,8.0,3.8,12.0,256.0,7600,100.0,True,6.59,1260,2750,144.0,Punch Hole,2.0,50,1,32,,,,Android
poco,Poco M8,21499,61.0,True,False,True,Qualcomm,Snapdragon,Snapdragon 6 Gen3,Octa Core,8.0,,6.0,128.0,5520,45.0,True,6.77,1080,2392,120.0,Punch Hole,2.0,50,1,20,Yes,Hybrid,1024.0,Android
realme,Realme 15 Pro 5G,32999,72.0,True,False,False,Qualcomm,Snapdragon,Snapdragon 7 Gen4,Octa Core,8.0,2.8,8.0,128.0,7000,80.0,True,6.8,1280,2800,144.0,Punch Hole,2.0,50,1,50,,,,Android
xiaomi,Xiaomi 17 Ultra,139999,,True,True,True,Qualcomm,Snapdragon,Snapdragon 8 Elite Gen 5,Octa Core,8.0,4.6,16.0,512.0,6000,90.0,True,6.9,1200,2608,120.0,Punch Hole,3.0,200,1,50,No,Not Supported,,Android
samsung,Samsung Galaxy S26 Ultra (16GB RAM + 1TB),180999,,True,True,False,Qualcomm,Snapdragon,Snapdragon 8 Elite Gen 5 for Galaxy,Octa Core,8.0,4.74,16.0,1.0,5000,60.0,True,6.9,1440,3120,120.0,Punch Hole,4.0,200,1,12,No,Not Supported,,Android
oppo,Oppo Reno 15c,41999,68.0,True,False,True,Qualcomm,Snapdragon,Snapdragon 6 Gen1,Octa Core,8.0,2.2,8.0,256.0,7000,80.0,True,6.57,1080,2372,120.0,Punch Hole,3.0,50,1,50,,,,Android
samsung,Samsung Galaxy A17 5G (8GB RAM + 256GB),27999,61.0,True,True,False,Samsung,Exynos,Exynos 1330,Octa Core,8.0,2.4,8.0,256.0,5000,25.0,True,6.7,1080,2340,90.0,Water Drop Notch,3.0,50,1,13,Yes,Hybrid,2048.0,Android
realme,Realme 14x (8GB RAM + 128GB),15999,57.0,True,False,False,MediaTek,Dimensity,Dimensity 6300,Octa Core,8.0,2.4,8.0,128.0,6000,45.0,True,6.67,720,1604,120.0,Punch Hole,2.0,50,1,8,Yes,Hybrid,,Android
xiaomi,Xiaomi Redmi Note 14 Pro Plus (8GB RAM + 256GB),29839,72.0,True,False,True,Qualcomm,Snapdragon,Snapdragon 7s Gen3,Octa Core,8.0,2.5,8.0,256.0,6200,90.0,True,6.67,1220,2712,120.0,Punch Hole,3.0,50,1,20,No,Not Supported,,Android
jio,Jio JioPhone Prima 2 4G,2799,,False,False,False,,,,,,,512.0,4.0,2000,,False,2.4,240,320,,,1.0,0.3,1,0.3,Yes,Dedicated,128.0,iOS
samsung,Samsung Galaxy S23 Ultra (12GB RAM + 512GB),93900,,True,True,False,Qualcomm,Snapdragon,Snapdragon 8 Gen 2,Octa Core,8.0,3.36,12.0,512.0,5000,45.0,True,6.8,1440,3088,120.0,Punch Hole,4.0,200,1,12,No,Not Supported,,Android
tecno,Tecno Camon 50 Ultra,31999,70.0,True,True,True,MediaTek,Dimensity,Dimensity 7400 Ultimate,Octa Core,8.0,2.6,8.0,256.0,6500,45.0,True,6.78,1208,2644,144.0,,3.0,50,1,50,,,,Android
xiaomi,Xiaomi Redmi Note 15 SE 5G (8GB RAM + 128GB),26485,66.0,True,False,True,Qualcomm,Snapdragon,Snapdragon 6 Gen3,Octa Core,8.0,2.4,8.0,128.0,5800,45.0,True,6.77,2392,1080,120.0,Punch Hole,2.0,50,1,20,Yes,Hybrid,1024.0,Android
oppo,Oppo Reno 15 Pro Mini (12GB RAM + 512GB),64999,,True,False,True,MediaTek,Dimensity,Dimensity 8450,Octa Core,8.0,3.25,12.0,512.0,6200,80.0,True,6.32,1216,2640,120.0,Punch Hole,3.0,200,1,50,,,,Android
realme,Realme Narzo 90x (8GB+128GB),23499,59.0,True,False,False,MediaTek,Dimensity,Dimensity 6300,Octa Core,8.0,2.4,8.0,128.0,7000,60.0,True,6.8,720,1570,144.0,Punch Hole,2.0,50,1,8,Yes,Hybrid,2048.0,Android
apple,Apple iPhone 17 Pro Max (512GB),163990,,True,True,False,Apple,Apple,Apple A19 Pro,Hexa Core,6.0,,12.0,512.0,4832,,True,6.9,1320,2868,120.0,Dynamic Island,3.0,48,1,18,No,Not Supported,,iOS
samsung,Samsung Galaxy S24 5G (Snapdragon +256GB),55999,72.0,True,True,False,Qualcomm,Snapdragon,Snapdragon 8 Gen3,Octa Core,8.0,3.3,8.0,256.0,4000,25.0,True,6.2,1080,2340,120.0,Punch Hole,3.0,50,1,12,,,,Android
realme,Realme P4 5G,25999,64.0,True,False,True,MediaTek,Dimensity,Dimensity 7400 Ultra,Octa Core,8.0,2.6,6.0,128.0,7000,80.0,True,6.77,1080,2392,144.0,Punch Hole,2.0,50,1,16,,,,Android
vivo,Vivo X300 FE (8GB RAM + 256GB),81999,,True,True,True,Qualcomm,Snapdragon,Snapdragon 8 Gen5,Octa Core,8.0,3.8,8.0,256.0,6500,90.0,True,6.31,1216,2640,120.0,Punch Hole,3.0,50,1,50,No,Not Supported,,Android
apple,Apple iPhone 15 (256GB),69900,66.0,True,True,False,Apple,Bionic,Bionic A16,Hexa Core,6.0,3.46,6.0,256.0,3349,,True,6.1,1179,2556,,Dynamic Island,2.0,48,1,12,No,Not Supported,,iOS
google,Google Pixel 6A,24999,,True,True,False,Google,Tensor,Tensor ,Octa Core,8.0,,6.0,128.0,4410,,True,6.14,1080,2400,,Punch Hole,2.0,12.2,1,8,No,Not Supported,,Android
oppo,Oppo F33,34999,63.0,True,False,True,MediaTek,Dimensity,Dimensity 6360 MAX,Octa Core,8.0,,6.0,128.0,7000,80.0,True,6.57,1080,2372,120.0,Punch Hole,2.0,50,1,16,Yes,Hybrid,,Android
poco,Poco C85x 5G (4GB RAM + 128GB),15500,53.0,True,False,False,Unisoc,Unisoc,Unisoc T8300,Octa Core,8.0,2.2,4.0,128.0,6300,15.0,True,6.9,720,1600,120.0,Punch Hole,1.0,32,1,8,Yes,Dedicated,2048.0,Android
realme,Realme C83 5G,16499,52.0,True,False,False,MediaTek,Dimensity,Dimensity 6300,Octa Core,8.0,2.4,4.0,64.0,7000,15.0,True,6.8,720,1570,144.0,Punch Hole,1.0,13,1,5,Yes,Hybrid,2048.0,Android
oppo,OPPO K14x 5G  (6GB RAM + 128GB),21690,55.0,True,False,False,MediaTek,Dimensity,Dimensity 6300,Octa Core,8.0,2.4,6.0,128.0,6500,45.0,True,6.75,720,1570,120.0,Punch Hole,2.0,50,1,5,Yes,Hybrid,,Android
lava,Lava Agni 4 5G,30999,70.0,True,False,False,MediaTek,Dimensity,Dimensity 8350,Octa Core,8.0,3.35,8.0,256.0,5000,66.0,True,6.67,1220,2712,120.0,Punch Hole,2.0,50,1,50,No,Not Supported,,Android
realme,Realme P4 Pro 5G (12GB RAM + 256GB),32999,74.0,True,False,True,Qualcomm,Snapdragon,Snapdragon 7 Gen 4,Octa Core,8.0,,12.0,256.0,7000,80.0,True,6.8,1280,2800,144.0,Punch Hole,2.0,50,1,50,,,,Android
oneplus,OnePlus Nord CE 4 5G,32499,66.0,True,False,True,Qualcomm,Snapdragon,Snapdragon 7 Gen3,Octa Core,8.0,2.63,8.0,128.0,5500,100.0,True,6.7,1080,2412,120.0,Punch Hole,2.0,50,1,16,Yes,Hybrid,1024.0,Android
iqoo,iQOO Z11 Lite 5G,19999,55.0,True,False,False,MediaTek,Dimensity,Dimensity 6300,Octa Core,8.0,2.4,4.0,128.0,6500,44.0,True,6.74,720,1600,120.0,Water Drop Notch,2.0,50,1,5,Yes,Hybrid,2048.0,Android
samsung,Samsung Galaxy M47 5G (8GB RAM + 128 GB),30888,67.0,True,True,False,Qualcomm,Snapdragon,Snapdragon 6 Gen3,Octa Core,8.0,2.4,8.0,128.0,6000,45.0,True,6.7,1080,2340,120.0,Punch Hole,3.0,50,1,12,Yes,Hybrid,1024.0,Android
oppo,Oppo Find X9s,84999,,True,True,True,MediaTek,Dimensity,Dimensity 9500s,Octa Core,8.0,3.73,12.0,256.0,7025,80.0,True,6.59,1216,2640,120.0,Punch Hole,3.0,50,1,32,No,Not Supported,,Android
iqoo,iQOO Z11 Lite 5G (4GB RAM + 64GB),17499,55.0,True,False,False,MediaTek,Dimensity,Dimensity 6300,Octa Core,8.0,2.4,4.0,64.0,6500,44.0,True,6.74,720,1600,120.0,Water Drop Notch,2.0,50,1,5,Yes,Hybrid,2048.0,Android
nothing,Nothing Phone 4a (8GB RAM + 256GB),40248,71.0,True,False,False,Qualcomm,Snapdragon,Snapdragon 7s Gen4,Octa Core,8.0,2.7,8.0,256.0,5400,50.0,True,6.78,1224,2720,120.0,Punch Hole,3.0,50,1,32,,,,Android
samsung,Samsung Galaxy F70 Pro 5G (8GB RAM + 256GB),35579,67.0,True,False,False,Qualcomm,Snapdragon,Snapdragon 6 Gen3,Octa Core,8.0,2.4,8.0,256.0,6000,45.0,True,6.7,1080,2340,120.0,Punch Hole,3.0,50,1,12,Yes,Hybrid,2048.0,Android
poco,Poco M8x 5G (6GB RAM + 128GB),21580,62.0,True,False,True,Qualcomm,Snapdragon,Snapdragon 4 Gen5,Octa Core,8.0,2.4,6.0,128.0,7900,45.0,True,6.9,720,1600,120.0,Punch Hole,2.0,50,1,8,Yes,Dedicated,1024.0,Android
samsung,Samsung Galaxy A06 5G (4GB RAM + 128GB),12999,52.0,True,False,False,MediaTek,Dimensity,Dimensity 6300,Octa Core,8.0,2.4,4.0,128.0,5000,25.0,True,6.7,720,1600,90.0,Water Drop Notch,2.0,50,1,8,Yes,Dedicated,1024.0,Android
samsung,Samsung Galaxy S25 Plus,79999,79.0,True,True,False,Qualcomm,Snapdragon,Snapdragon 8 Elite,Octa Core,8.0,4.47,12.0,256.0,4900,45.0,True,6.7,1440,3120,120.0,Punch Hole,3.0,50,1,12,,,,Android
motorola,Motorola Edge 50 Ultra 5G,44999,,True,True,False,Qualcomm,Snapdragon,Snapdragon 8s Gen3,Octa Core,8.0,3.0,12.0,512.0,4500,125.0,True,6.7,1220,2712,144.0,Punch Hole,3.0,64,1,50,,,,Android
motorola,Motorola Edge 50 Fusion,26990,67.0,True,True,False,Qualcomm,Snapdragon,Snapdragon 7s Gen2,Octa Core,8.0,2.4,8.0,128.0,5000,68.0,True,6.67,1080,2400,144.0,Punch Hole,2.0,50,1,32,No,Not Supported,,Android
realme,Realme 16x 5G,22599,57.0,True,False,False,MediaTek,Dimensity,Dimensity 6300,Octa Core,8.0,2.4,4.0,128.0,7000,45.0,True,6.81,1570,720,144.0,Punch Hole,1.0,50,1,8,Yes,Hybrid,,Android
realme,Realme P4x 5G (8GB RAM + 128GB),23399,62.0,True,False,False,MediaTek,Dimensity,Dimensity 7400 Ultra,Octa Core,8.0,2.6,8.0,128.0,7000,45.0,True,6.72,1080,2400,144.0,Punch Hole,2.0,50,1,8,,,,Android
apple,Apple iPhone Air,101900,64.0,True,True,False,Apple,Apple,Apple A19 Pro,Hexa Core,6.0,,8.0,256.0,3149,,True,6.5,1260,2736,,Dynamic Island,1.0,48,1,18,No,Not Supported,,iOS
samsung,Samsung Galaxy A36 5G (8GB RAM + 256GB),35999,66.0,True,True,False,Qualcomm,Snapdragon,Snapdragon 6 Gen3,Octa Core,8.0,2.4,8.0,256.0,5000,45.0,True,6.7,1080,2340,120.0,Punch Hole,3.0,50,1,12,,,,Android
realme,Realme 16T 5G,28999,63.0,True,False,False,MediaTek,Dimensity,Dimensity 6300,Octa Core,8.0,2.4,6.0,128.0,8000,45.0,True,6.8,720,1570,144.0,Punch Hole,2.0,50,1,16,Yes,Hybrid,2048.0,Android
samsung,Samsung Galaxy M17e 5G (6GB RAM + 128GB),18560,54.0,True,False,False,MediaTek,Dimensity,Dimensity 6300,Octa Core,8.0,2.4,6.0,128.0,6000,25.0,True,6.7,720,1600,120.0,Water Drop Notch,2.0,50,1,8,Yes,Hybrid,2048.0,Android
google,Google Pixel 10 Pro,94990,,True,True,False,Google,Tensor,Tensor G5,Octa Core,8.0,3.78,16.0,256.0,4870,30.0,True,6.3,1280,2856,120.0,Punch Hole,3.0,50,1,42,,,,Android
samsung,Samsung Galaxy S25 (12GB RAM + 128GB),61160,77.0,True,True,False,Qualcomm,Snapdragon,Snapdragon 8 Elite,Octa Core,8.0,4.47,12.0,128.0,4000,25.0,True,6.2,1080,2340,120.0,Punch Hole,3.0,50,1,12,,,,Android
oneplus,OnePlus 13R 5G,54999,79.0,True,True,True,Qualcomm,Snapdragon,Snapdragon 8 Gen3,Octa Core,8.0,3.3,12.0,256.0,6000,80.0,True,6.78,1264,2780,120.0,Punch Hole,3.0,50,1,16,No,Not Supported,,Android
samsung,Samsung Galaxy A53 5G,24499,67.0,True,True,False,Samsung,Exynos,Exynos 1280,Octa Core,8.0,2.4,6.0,128.0,5000,25.0,True,6.5,1080,2400,120.0,Punch Hole,4.0,64,1,32,Yes,Dedicated,1024.0,Android
nothing,Nothing Phone 4b (RCB Edition + 8GB RAM + 256GB),40950,70.0,True,False,False,Qualcomm,Snapdragon,Snapdragon 6 Gen4,Octa Core,8.0,2.3,8.0,256.0,6000,33.0,True,6.77,1080,2344,120.0,Punch Hole,2.0,50,1,16,,,,Android
vivo,Vivo Y31T 5G (4GB RAM + 128GB),25999,59.0,True,True,True,Qualcomm,Snapdragon,Snapdragon 4 Gen2,Octa Core,8.0,2.2,4.0,128.0,7200,44.0,True,6.75,720,1608,120.0,Water Drop Notch,2.0,50,1,8,,,,Android
oppo,OPPO A6x 5G (6GB RAM + 128GB),24999,53.0,True,False,False,MediaTek,Dimensity,Dimensity 6300,Octa Core,8.0,2.4,6.0,128.0,6500,45.0,True,6.75,720,1570,120.0,Punch Hole,1.0,13,1,5,Yes,Hybrid,,Android
poco,Poco C85 5G,15749,57.0,True,True,False,MediaTek,Dimensity,Dimensity 6300,Octa Core,8.0,2.4,4.0,128.0,6000,33.0,True,6.9,720,1600,120.0,Punch Hole,2.0,50,1,8,Yes,Hybrid,1024.0,Android
samsung,Samsung Galaxy F70 Pro 5G (8GB RAM + 128GB),29999,67.0,True,False,False,Qualcomm,Snapdragon,Snapdragon 6 Gen3,Octa Core,8.0,2.4,8.0,128.0,6000,45.0,True,6.7,1080,2340,120.0,Punch Hole,3.0,50,1,12,Yes,Hybrid,2048.0,Android
realme,Realme 15T 5G,26999,66.0,True,False,True,MediaTek,Dimensity,Dimensity 6400 Max,Octa Core,8.0,2.5,8.0,128.0,7000,60.0,True,6.57,1080,2372,120.0,Punch Hole,2.0,50,1,50,Yes,Hybrid,2048.0,Android
vivo,Vivo Y400 5G (8GB RAM + 256GB),27999,64.0,True,False,False,Qualcomm,Snapdragon,Snapdragon 4 Gen2,Octa Core,8.0,2.2,8.0,256.0,6000,90.0,True,6.67,1080,2400,120.0,Punch Hole,2.0,50,1,32,,,,Android
apple,Apple iPhone Duo (512GB),324900,,True,True,False,Apple,Apple,Apple A20 Pro,Hexa Core,6.0,,12.0,512.0,5800,,True,7.6,1878,2670,120.0,,2.0,48,2,12,No,Not Supported,,Not Specified
xiaomi,Xiaomi Redmi Note 15 5G Special Edition,24700,64.0,True,False,True,Qualcomm,Snapdragon,Snapdragon 6 Gen3,Octa Core,8.0,2.4,6.0,128.0,5800,45.0,True,6.77,2392,1080,120.0,Punch Hole,2.0,50,1,20,Yes,Hybrid,1024.0,Android
tecno,Tecno Spark 50 5G,17999,54.0,True,False,True,MediaTek,Dimensity,Dimensity 6400,Octa Core,8.0,2.5,4.0,128.0,6500,45.0,True,6.78,720,1576,120.0,Punch Hole,1.0,50,1,8,Yes,Dedicated,,Android
google,Google Pixel 11 Pro XL,134999,,True,True,False,Google,Tensor,Tensor G6,,,,12.0,256.0,5115,,True,6.8,1344,2992,120.0,Punch Hole,3.0,50,1,42,,,,Android
xiaomi,Xiaomi Redmi Note 17 5G (8GB RAM + 128GB),30999,62.0,True,False,True,Qualcomm,Snapdragon,Snapdragon 4 Gen4,Octa Core,8.0,2.3,8.0,128.0,8000,45.0,True,6.99,1080,2396,120.0,Punch Hole,1.0,50,1,8,,,,Android
infinix,Infinix Note Edge 5G,26999,66.0,True,True,True,MediaTek,Dimensity,Dimensity 7100,Octa Core,8.0,2.4,6.0,128.0,6500,45.0,True,6.78,1208,2644,120.0,Punch Hole,2.0,50,1,13,,,,Android
realme,Realme 16 Pro Plus 5G,49979,79.0,True,True,True,Qualcomm,Snapdragon,Snapdragon 7 Gen4,Octa Core,8.0,2.8,8.0,128.0,7000,80.0,True,6.8,1280,2800,144.0,Punch Hole,3.0,200,1,50,,,,Android
vivo,Vivo Y31 5G (6GB RAM + 128GB),27999,58.0,True,False,False,Qualcomm,Snapdragon,Snapdragon 4 Gen2,Octa Core,8.0,2.2,6.0,128.0,6500,44.0,True,6.68,720,1608,120.0,Water Drop Notch,1.0,50,1,8,Yes,Hybrid,,Android
samsung,Samsung Galaxy F17 5G (6GB RAM + 128GB),21999,57.0,True,True,False,Samsung,Exynos,Exynos 1330,Octa Core,8.0,2.4,6.0,128.0,5000,25.0,True,6.7,1080,2340,90.0,Water Drop Notch,3.0,50,1,13,Yes,Hybrid,2048.0,Android
oppo,Oppo A5 Pro 5G (8GB RAM + 256GB),20999,59.0,True,False,False,MediaTek,Dimensity,Dimensity 6300,Octa Core,8.0,2.4,8.0,256.0,5800,45.0,True,6.67,720,1604,120.0,Punch Hole,2.0,50,1,8,,,,Android
samsung,Samsung Galaxy S25 Ultra (12GB RAM + 512GB),112999,,True,True,False,Qualcomm,Snapdragon,Snapdragon 8 Elite for Galaxy,Octa Core,8.0,4.47,12.0,512.0,5000,45.0,True,6.9,1440,3120,120.0,Punch Hole,4.0,200,1,12,No,Not Supported,,Android
vivo,Vivo Y31T,29999,61.0,True,True,True,Qualcomm,Snapdragon,Snapdragon 4 Gen2,Octa Core,8.0,2.2,6.0,128.0,7200,44.0,True,6.75,720,1608,120.0,Water Drop Notch,2.0,50,1,8,,,,Android
realme,Realme C100x,16999,52.0,False,False,False,Unisoc,Unisoc,Unisoc T7250,Octa Core,8.0,1.8,4.0,64.0,8000,45.0,True,6.81,720,1570,120.0,Water Drop Notch,1.0,50,1,5,Yes,Dedicated,,Android
nothing,Nothing Phone 4(b),32000,67.0,True,False,False,Qualcomm,Snapdragon,Snapdragon 6 Gen4,Octa Core,8.0,2.3,8.0,128.0,6000,33.0,True,6.77,1080,2344,120.0,Punch Hole,2.0,50,1,16,,,,Android
oneplus,OnePlus 15R (16GB RAM + 512GB),66999,,True,True,True,Qualcomm,Snapdragon,Snapdragon 8 Gen5,Octa Core,8.0,3.8,16.0,512.0,7400,80.0,True,6.83,1272,2800,165.0,Punch Hole,2.0,50,1,32,No,Not Supported,,Android
realme,Realme P4 Lite 5G,16895,,True,False,False,MediaTek,Dimensity,Dimensity 6300,Octa Core,8.0,2.4,4.0,64.0,7000,15.0,True,6.81,720,1570,144.0,Punch Hole,1.0,13,1,5,Yes,Hybrid,,Android
samsung,Samsung Galaxy M17e 5G,16680,54.0,True,False,False,MediaTek,Dimensity,Dimensity 6300,Octa Core,8.0,2.4,4.0,128.0,6000,25.0,True,6.7,720,1600,120.0,Water Drop Notch,2.0,50,1,8,Yes,Hybrid,2048.0,Android
nokia,Nokia 123 Shield,1999,,False,False,False,Unisoc,Unisoc,Unisoc SC6531E,,,,4.0,4.0,1750,,False,2.4,240,320,,,1.0,,1,,Yes,Dedicated,,Not Specified
peace,Peace Aura 26 4G,10999,,False,False,False,,,,Single Core,1.0,,4.0,64.0,5000,,False,6.67,1640,720,,Punch Hole,1.0,20,1,8,Yes,Hybrid,128.0,Android
ai+,Ai+ Pulse (6GB RAM +128GB),9999,,False,False,False,Unisoc,Unisoc,Unisoc T615,Octa Core,8.0,1.8,6.0,128.0,5000,10.0,True,6.75,720,1600,90.0,Water Drop Notch,1.0,50,1,5,Yes,Dedicated,1024.0,Android
vivo,Vivo V40 Pro,54990,75.0,True,False,False,MediaTek,Dimensity,Dimensity 9200 Plus,Octa Core,8.0,3.35,8.0,256.0,5500,80.0,True,6.78,1260,2800,120.0,Punch Hole,3.0,50,1,50,No,Not Supported,,Android
oppo,OPPO Reno 16C 5G (8GB RAM + 256GB),53999,75.0,True,False,False,MediaTek,Dimensity,Dimensity 7300 Energy,Octa Core,8.0,2.5,8.0,256.0,7000,80.0,True,6.57,2372,1080,120.0,Punch Hole,3.0,50,1,50,Yes,Hybrid,,Android
vivo,Vivo X300 FE (12GB RAM + 512GB),99999,,True,True,True,Qualcomm,Snapdragon,Snapdragon 8 Gen5,Octa Core,8.0,3.8,12.0,512.0,6500,90.0,True,6.31,1216,2640,120.0,Punch Hole,3.0,50,1,50,No,Not Supported,,Android
infinix,Infinix Note 60 Pro 5G (8GB RAM + 256GB),37890,75.0,True,True,True,Qualcomm,Snapdragon,Snapdragon 7s Gen4,Octa Core,8.0,2.4,8.0,256.0,6500,90.0,True,6.78,1208,2644,144.0,Punch Hole,2.0,50,1,13,Yes,Dedicated,1024.0,Android
iqoo,iQOO 15R (12GB RAM + 512GB),66999,,True,True,True,Qualcomm,Snapdragon,Snapdragon 8 Gen5,Octa Core,8.0,3.8,12.0,512.0,7600,100.0,True,6.59,1260,2750,144.0,Punch Hole,2.0,50,1,32,,,,Android
samsung,Samsung Galaxy A07 4G,10999,,False,False,False,MediaTek,Helio,Helio G99,Octa Core,8.0,2.2,4.0,64.0,5000,25.0,True,6.7,720,1600,90.0,Water Drop Notch,2.0,50,1,8,Yes,Dedicated,,Android
apple,Apple iPhone 17 Pro (512GB),149990,75.0,True,True,False,Apple,Apple,Apple A19 Pro,Hexa Core,6.0,,12.0,512.0,3988,,True,6.3,1206,2622,120.0,Dynamic Island,3.0,48,1,18,No,Not Supported,,iOS
xiaomi,Xiaomi Redmi 15 5G (8GB RAM + 256GB),25499,62.0,True,False,True,Qualcomm,Snapdragon,Snapdragon 6s Gen3,Octa Core,8.0,2.3,8.0,256.0,7000,33.0,True,6.9,1080,2340,144.0,Punch Hole,2.0,50,1,8,Yes,Hybrid,1024.0,Android
samsung,Samsung Galaxy A26 5G,27990,64.0,True,True,False,Samsung,Exynos,Exynos 1380,Octa Core,8.0,2.4,8.0,128.0,5000,25.0,True,6.7,1080,2340,120.0,Water Drop Notch,3.0,50,1,13,Yes,Hybrid,2048.0,Android
xiaomi,Xiaomi Redmi 13 5G (8GB RAM + 128GB),23999,59.0,True,False,True,Qualcomm,Snapdragon,Snapdragon 4 Gen 2 AE,Octa Core,8.0,2.3,8.0,128.0,5030,33.0,True,6.79,1080,2460,120.0,Punch Hole,2.0,108,1,13,Yes,Hybrid,1024.0,Android
lava,Lava Blaze Pro 5G,12998,53.0,True,False,False,MediaTek,Dimensity,Dimensity 6020,Octa Core,8.0,2.2,8.0,128.0,5000,33.0,True,6.78,1080,2460,120.0,Punch Hole,2.0,50,1,8,Yes,Dedicated,1024.0,Android
peace,Peace SC26 4G,8999,,False,False,False,,,,Single Core,1.0,,4.0,64.0,5000,,False,6.56,1640,720,,Punch Hole,1.0,20,1,,Yes,Hybrid,128.0,Other
motorola,Motorola Edge 70 Max 5G (12GB RAM+ 256GB),58289,,True,True,False,Qualcomm,Snapdragon,Snapdragon 8 Gen5,Octa Core,8.0,3.8,12.0,256.0,7100,90.0,True,6.8,1440,3168,144.0,Punch Hole,2.0,50,1,32,,,,Android
samsung,Samsung Galaxy M47 5G (8GB RAM + 256GB),44999,70.0,True,True,False,Qualcomm,Snapdragon,Snapdragon 6 Gen3,Octa Core,8.0,2.4,8.0,256.0,6000,45.0,True,6.7,1080,2340,120.0,Punch Hole,3.0,50,1,12,Yes,Hybrid,1024.0,Android
realme,Realme P4R 5G (6GB RAM + 128GB),23299,57.0,True,False,False,MediaTek,Dimensity,Dimensity 6300,Octa Core,8.0,2.4,6.0,128.0,8000,45.0,True,6.81,720,1570,144.0,Punch Hole,1.0,50,1,8,,,,Android
motorola,Motorola Razr Fold,149999,,True,True,False,Qualcomm,Snapdragon,Snapdragon 8 Gen5,Octa Core,8.0,3.8,12.0,256.0,6000,80.0,True,8.09,2232,2484,120.0,Punch Hole,3.0,50,2,32,No,Not Supported,,Not Specified
motorola,Motorola Moto A300 2026,1370,,False,False,False,,,,,,0.002,4.0,32.0,1000,,False,2.0,240,320,,,1.0,,1,,Yes,Hybrid,64.0,Not Specified
poco,Poco X8 Pro Max 5G (12GB RAM + 512GB),52999,,True,False,True,MediaTek,Dimensity,Dimensity 9500s,Octa Core,8.0,3.73,12.0,512.0,9000,100.0,True,6.83,1280,2772,120.0,Punch Hole,2.0,50,1,20,,,,Android
realme,Realme P4 Power 5G (8GB RAM + 256GB),34984,74.0,True,False,True,MediaTek,Dimensity,Dimensity 7400 Ultra,Octa Core,8.0,2.6,8.0,256.0,10001,80.0,True,6.8,1280,2800,144.0,Punch Hole,2.0,50,1,16,No,Not Supported,,Android
realme,Realme 15 Pro 5G (8GB RAM + 256GB),32999,74.0,True,False,False,Qualcomm,Snapdragon,Snapdragon 7 Gen4,Octa Core,8.0,2.8,8.0,256.0,7000,80.0,True,6.8,1280,2800,144.0,Punch Hole,2.0,50,1,50,,,,Android
realme,Realme GT 7 (12GB RAM + 256GB),44999,,True,True,True,MediaTek,Dimensity,Dimensity 9400e,Octa Core,8.0,3.4,12.0,256.0,7000,120.0,True,6.78,1264,2780,120.0,Punch Hole,3.0,50,1,32,No,Not Supported,,Android
poco,Poco X6 Pro 5G,30900,70.0,True,True,True,MediaTek,Dimensity,Dimensity 8300 Ultra,Octa Core,8.0,3.35,8.0,256.0,5000,67.0,True,6.67,1220,2712,120.0,Punch Hole,3.0,64,1,16,,,,Android
xiaomi,Xiaomi Redmi Note 13 5G,22999,64.0,True,False,True,MediaTek,Dimensity,Dimensity 6080,Octa Core,8.0,2.4,6.0,128.0,5000,33.0,True,6.67,1080,2400,120.0,Punch Hole,3.0,108,1,16,Yes,Hybrid,1024.0,Android
oneplus,OnePlus 12 5G,53999,79.0,True,True,True,Qualcomm,Snapdragon,Snapdragon 8 Gen3,Octa Core,8.0,3.3,12.0,256.0,5400,100.0,True,6.82,1440,3168,120.0,Punch Hole,3.0,64,1,32,No,Not Supported,,Android
samsung,Samsung Galaxy S23 5G,54990,74.0,True,True,False,Qualcomm,Snapdragon,Snapdragon 8 Gen 2,Octa Core,8.0,3.36,8.0,128.0,3900,25.0,True,6.1,1080,2340,120.0,Punch Hole,3.0,50,1,12,,,,Android
nokia,Nokia 2660 Flip,4999,,False,False,False,Unisoc,Unisoc,Unisoc T107,,,,48.0,128.0,1450,,False,2.8,240,320,,,1.0,0.3,1,,,,,Not Specified
samsung,Samsung Galaxy Z Fold 8 Ultra (16GB RAM + 1TB),254999,,True,True,False,Qualcomm,Snapdragon,Snapdragon 8 Elite Gen 5 For Galaxy,Octa Core,8.0,4.74,16.0,1.0,5000,45.0,True,8.0,2256,2504,120.0,Punch Hole,3.0,200,2,10,,,,Android
realme,Realme P4s 5G (8GB RAM + 256GB),37999,72.0,True,False,True,MediaTek,Dimensity,Dimensity 7400,Octa Core,8.0,2.6,8.0,256.0,8000,80.0,True,6.78,1272,2772,144.0,Punch Hole,2.0,50,1,16,No,Not Supported,,Android
infinix,Infinix Note 60 Pro 5G Pininfarina limited Edition,40999,75.0,True,True,True,Qualcomm,Snapdragon,Snapdragon 7s Gen4,Octa Core,8.0,2.4,8.0,256.0,6500,90.0,True,6.78,1208,2644,144.0,Punch Hole,2.0,50,1,13,Yes,Dedicated,1024.0,Android
ai+,Ai+ Nova 2 Pro,19499,55.0,True,False,False,MediaTek,Dimensity,Dimensity 7100,Octa Core,8.0,2.4,6.0,128.0,6000,18.0,True,6.9,2340,1080,144.0,Punch Hole,2.0,48,1,13,Yes,Dedicated,2048.0,Android
motorola,Motorola Moto G37,15230,54.0,True,False,False,MediaTek,Dimensity,Dimensity 6400,Octa Core,8.0,2.5,4.0,64.0,5200,20.0,True,6.67,1604,720,120.0,Punch Hole,1.0,50,1,8,Yes,Hybrid,1024.0,Android
nothing,Nothing Phone (4a) Pro (12GB RAM + 256GB),59750,77.0,True,True,False,Qualcomm,Snapdragon,Snapdragon 7 Gen 4,Octa Core,8.0,2.8,12.0,256.0,5400,50.0,True,6.83,1260,2800,144.0,Punch Hole,3.0,50,1,32,No,Not Supported,,Android
oppo,OPPO Reno 15 Pro 5G (12GB RAM + 512GB),72999,,True,True,True,MediaTek,Dimensity,Dimensity 8450,Octa Core,8.0,3.25,12.0,512.0,6500,80.0,True,6.78,1272,2772,120.0,Punch Hole,3.0,200,1,50,No,Not Supported,,Android
samsung,Samsung Galaxy M17 5G (6GB RAM + 128GB),20829,55.0,True,True,False,Samsung,Exynos,Exynos 1330,Octa Core,8.0,2.4,6.0,128.0,5000,25.0,True,6.7,1080,2340,90.0,Water Drop Notch,3.0,50,1,13,Yes,Hybrid,2048.0,Android
motorola,Motorola Moto G35 5G (8GB RAM + 128GB),19990,59.0,True,False,False,Unisoc,Unisoc,Unisoc T760,Octa Core,8.0,2.2,8.0,128.0,5000,18.0,True,6.72,1080,2400,120.0,Punch Hole,2.0,50,1,16,Yes,Hybrid,1024.0,Android
samsung,Samsung Galaxy F07,11900,,False,False,False,MediaTek,Helio,Helio G99,Octa Core,8.0,2.2,4.0,64.0,5000,25.0,True,6.7,720,1600,,Water Drop Notch,2.0,50,1,8,Yes,Dedicated,,Android
motorola,Motorola Moto G54 5G (12GB RAM +256GB),21999,62.0,True,False,False,MediaTek,Dimensity,Dimensity 7020,Octa Core,8.0,2.2,12.0,256.0,6000,33.0,True,6.5,1080,2400,120.0,Punch Hole,2.0,50,1,16,Yes,Hybrid,1024.0,Android
lava,Lava Virat V1 5G,13099,,True,False,False,Unisoc,Unisoc,Unisoc T8200,Octa Core,8.0,,4.0,64.0,6000,10.0,True,6.75,720,1600,120.0,Punch Hole,2.0,13,1,5,Yes,Hybrid,1024.0,Android
vivo,Vivo T5 Lite 5G (6GB RAM + 128GB),22999,57.0,True,False,False,MediaTek,Dimensity,Dimensity 6300,Octa Core,8.0,2.4,6.0,128.0,6500,44.0,True,6.74,720,1600,120.0,Water Drop Notch,2.0,50,1,5,Yes,Hybrid,2048.0,Android
poco,Poco X8 (8GB RAM + 256GB),35999,68.0,True,True,True,Qualcomm,Snapdragon,Snapdragon 6s Gen4,Octa Core,8.0,2.4,8.0,256.0,9000,67.0,True,6.83,1280,2772,120.0,Punch Hole,2.0,50,1,16,,,,Android
vivo,Vivo Y05,14999,,False,False,False,Unisoc,Unisoc,Unisoc T7225,Octa Core,8.0,2.0,4.0,64.0,6500,15.0,True,6.74,720,1600,120.0,Water Drop Notch,1.0,8,1,5,Yes,Dedicated,2048.0,Android
vivo,Vivo Y11 5G (4GB RAM + 128GB),20999,50.0,True,False,True,MediaTek,Dimensity,Dimensity 6300,Octa Core,8.0,2.4,4.0,128.0,6500,15.0,True,6.74,720,1600,120.0,Water Drop Notch,2.0,13,1,5,Yes,Hybrid,2048.0,Android
oppo,Oppo A6 5G (6GB RAM + 128GB),25999,59.0,True,True,False,MediaTek,Dimensity,Dimensity 6300,Octa Core,8.0,2.4,6.0,128.0,7000,45.0,True,6.75,720,1570,120.0,Punch Hole,2.0,50,1,8,Yes,Dedicated,,Android
realme,Realme P4 5G (8GB RAM + 256GB),32999,67.0,True,False,True,MediaTek,Dimensity,Dimensity 7400 Ultra,Octa Core,8.0,2.6,8.0,256.0,7000,80.0,True,6.77,1080,2392,144.0,Punch Hole,2.0,50,1,16,,,,Android
samsung,Samsung Galaxy F36 5G (8GB RAM + 128GB),23249,63.0,True,True,False,Samsung,Exynos,Exynos 1380,Octa Core,8.0,2.4,8.0,128.0,5000,25.0,True,6.7,1080,2340,120.0,Water Drop Notch,3.0,50,1,13,Yes,Hybrid,2048.0,Android
samsung,Samsung Galaxy Z Fold 7,154999,,True,True,False,Qualcomm,Snapdragon,Snapdragon 8 Elite for Galaxy,Octa Core,8.0,4.47,12.0,256.0,4400,25.0,True,8.0,1968,2184,120.0,Punch Hole,3.0,200,2,10,,,,Android
oneplus,OnePlus 13s (12GB RAM + 512GB),59999,,True,True,True,Qualcomm,Snapdragon,Snapdragon 8 Elite,Octa Core,8.0,4.32,12.0,512.0,5850,80.0,True,6.32,1216,2640,120.0,Punch Hole,2.0,50,1,32,No,Not Supported,,Android
google,Google Pixel 9,79890,75.0,True,True,False,Google,Tensor,Tensor G4,Octa Core,8.0,3.1,12.0,256.0,4700,27.0,True,6.3,1080,2424,120.0,Punch Hole,2.0,50,1,10.5,,,,Android
realme,Realme C100i,14999,,False,False,False,Unisoc,Unisoc,Unisoc T7250,Octa Core,8.0,1.8,4.0,64.0,6500,15.0,True,6.75,,,120.0,Water Drop Notch,1.0,8,1,5,Yes,Hybrid,,Android
oppo,OPPO Reno 16 5G (12GB RAM + 256GB),72999,,True,False,True,Qualcomm,Snapdragon,Snapdragon 7 Gen4,Octa Core,8.0,2.8,12.0,256.0,6700,80.0,True,6.32,1216,2640,120.0,Punch Hole,3.0,50,1,50,No,Not Supported,,Android
motorola,Motorola Moto G Max,27670,62.0,True,False,False,Qualcomm,Snapdragon,Snapdragon 6s Gen4,Octa Core,8.0,2.4,6.0,128.0,7000,30.0,True,6.72,1080,2400,120.0,Punch Hole,2.0,50,1,32,Yes,Dedicated,,Android
nothing,Nothing Phone (4a) Pro (8GB RAM + 256GB),52850,76.0,True,True,False,Qualcomm,Snapdragon,Snapdragon 7 Gen 4,Octa Core,8.0,2.8,8.0,256.0,5400,50.0,True,6.83,1260,2800,144.0,Punch Hole,3.0,50,1,32,No,Not Supported,,Android
samaung,Samaung Galaxy F70e,15958,54.0,True,False,False,MediaTek,Dimensity,Dimensity 6300,Octa Core,8.0,2.4,4.0,128.0,6000,25.0,True,6.7,720,1600,120.0,Water Drop Notch,2.0,50,1,8,Yes,Hybrid,2048.0,Android
google,Google Pixel 10 Pro XL,113640,,True,True,False,Google,Tensor,Tensor G5,Octa Core,8.0,3.78,16.0,256.0,5200,45.0,True,6.8,1344,2992,120.0,Punch Hole,3.0,50,1,42,,,,Android
realme,Realme 15 5G,29999,64.0,True,False,False,MediaTek,Dimensity,Dimensity 7300 Plus,Octa Core,8.0,,8.0,128.0,7000,80.0,True,6.8,1280,2800,144.0,Punch Hole,2.0,50,1,50,,,,Android
apple,Apple iPhone 16e,59900,63.0,True,True,False,Apple,Bionic,Bionic A18,Hexa Core,6.0,4.04,8.0,128.0,4005,,True,6.1,1170,2532,,Small Notch,1.0,48,1,12,No,Not Supported,,iOS
samsung,Samsung Galaxy A06 5G,14999,52.0,True,False,False,MediaTek,Dimensity,Dimensity 6300,Octa Core,8.0,2.4,4.0,64.0,5000,25.0,True,6.7,720,1600,90.0,Water Drop Notch,2.0,50,1,8,Yes,Dedicated,1024.0,Android
realme,Realme 14 Pro 5G,24999,62.0,True,False,False,MediaTek,Dimensity,Dimensity 7300 Energy,Octa Core,8.0,2.5,8.0,128.0,6000,45.0,True,6.77,1080,2392,120.0,Punch Hole,2.0,50,1,16,,,,Android
xiaomi,Xiaomi Redmi Note 14 Pro (8GB RAM + 256GB),26995,63.0,True,False,True,MediaTek,Dimensity,Dimensity 7300 Ultra,Octa Core,8.0,2.5,8.0,256.0,5500,45.0,True,6.67,1220,2712,120.0,Punch Hole,3.0,50,1,20,,,,Android
jio,Jio Bharat V4 4G,899,,False,False,False,,,,,,,512.0,4.0,1000,,False,1.77,240,320,,,1.0,0.3,1,,Yes,Dedicated,128.0,Other
oppo,Oppo F27 Pro Plus 5G,34999,64.0,True,False,False,MediaTek,Dimensity,Dimensity 7050,Octa Core,8.0,2.6,8.0,256.0,5000,67.0,True,6.7,1080,2412,120.0,Punch Hole,2.0,64,1,8,,,,Android
google,Google Pixel 11 Pro Fold,186999,,True,True,False,Google,Tensor,Tensor G6,,,,16.0,512.0,4806,,True,8.0,2076,2152,120.0,Punch Hole,3.0,48,2,10,,,,Android
philips,Philips S7221 5G,24499,52.0,True,False,False,Unisoc,Unisoc,Unisoc T765,Octa Core,8.0,2.0,8.0,128.0,5700,18.0,True,6.67,720,1612,,Punch Hole,2.0,64,1,16,,,,Android
realme,Realme Narzo 100x 5G (6GB RAM + 128GB),22107,59.0,True,False,False,MediaTek,Dimensity,Dimensity 6300,Octa Core,8.0,2.4,6.0,128.0,8000,45.0,True,6.81,720,1570,144.0,Punch Hole,2.0,50,1,8,Yes,Hybrid,,Android
xiaomi,Xiaomi Redmi Turbo 5 5G (12GB RAM + 256GB),46999,77.0,True,True,True,MediaTek,Dimensity,Dimensity 8500 Ultra,Octa Core,8.0,3.4,12.0,256.0,7540,100.0,True,6.59,1268,2756,120.0,Punch Hole,2.0,50,1,20,,,,Android
oppo,OPPO F33 Pro 5G (8GB RAM + 256GB),43999,68.0,True,False,True,MediaTek,Dimensity,Dimensity 6360 MAX,Octa Core,8.0,2.4,8.0,256.0,7000,80.0,True,6.57,1080,2372,120.0,Punch Hole,2.0,50,1,50,Yes,Hybrid,,Android
xiaomi,Xiaomi Redmi A7 Pro 5G (4GB RAM + 128GB),15999,54.0,True,False,False,Unisoc,Unisoc,Unisoc T8300,Octa Core,8.0,2.2,4.0,128.0,6300,15.0,True,6.9,720,1600,120.0,Water Drop Notch,2.0,32,1,8,Yes,Hybrid,2048.0,Android
xiaomi,Xiaomi Redmi 15A 5G (6GB RAM + 128GB),19485,59.0,True,False,True,Unisoc,Unisoc,Unisoc T8300,Octa Core,8.0,2.2,6.0,128.0,6300,33.0,True,6.9,720,1600,120.0,Punch Hole,1.0,32,1,8,Yes,Hybrid,1024.0,Android
oppo,OPPO K14 5G (6GB RAM + 256GB),27946,62.0,True,True,True,MediaTek,Dimensity,Dimensity 6300,Octa Core,8.0,2.4,6.0,256.0,7000,45.0,True,6.75,720,1570,120.0,Punch Hole,2.0,50,1,8,Yes,Hybrid,,Android
nothing,Nothing Phone 4a (12GB RAM + 256GB),46999,74.0,True,False,False,Qualcomm,Snapdragon,Snapdragon 7s Gen4,Octa Core,8.0,2.7,12.0,256.0,5400,50.0,True,6.78,1224,2720,120.0,Punch Hole,3.0,50,1,32,,,,Android
xiaomi,Xiaomi Redmi Note 15 Pro Plus (12GB RAM + 256GB),41999,,True,True,True,Qualcomm,Snapdragon,Snapdragon 7s Gen4,Octa Core,8.0,2.7,12.0,256.0,6500,100.0,True,6.83,1280,2772,120.0,Punch Hole,2.0,200,1,32,No,Not Supported,,Android
lava,Lava Blaze Duo 3 5G,20999,59.0,True,False,True,MediaTek,Dimensity,Dimensity 7060,Octa Core,8.0,,6.0,128.0,5000,33.0,True,6.67,1080,2400,120.0,Punch Hole,2.0,50,1,8,Yes,Hybrid,,Not Specified
xiaomi,Xiaomi Redmi Note 15 5G (256GB),31999,71.0,True,True,True,Qualcomm,Snapdragon,Snapdragon 6 Gen3,Octa Core,8.0,2.4,8.0,256.0,5520,45.0,True,6.77,1080,2392,120.0,Punch Hole,2.0,108,1,20,Yes,Hybrid,1024.0,Android
motorola,Motorola Moto G06 Power,13076,,False,False,False,MediaTek,Helio,Helio G81,Octa Core,8.0,2.0,4.0,64.0,7000,,False,6.88,720,1640,120.0,Water Drop Notch,1.0,50,1,8,Yes,Hybrid,1024.0,Android
oneplus,OnePlus Nord CE 5 5G (8GB RAM + 256GB),37999,72.0,True,False,True,MediaTek,Dimensity,Dimensity 8350 Apex,Octa Core,8.0,3.35,8.0,256.0,7100,80.0,True,6.77,1080,2392,120.0,Punch Hole,2.0,50,1,16,Yes,Hybrid,1024.0,Android
realme,Realme P3 Ultra,31999,67.0,True,False,True,MediaTek,Dimensity,Dimensity 8350 Ultra,Octa Core,8.0,3.35,8.0,128.0,6000,80.0,True,6.83,1272,2800,120.0,Punch Hole,2.0,50,1,16,No,Not Supported,,Android
xiaomi,Xiaomi 15,69998,,True,True,True,Qualcomm,Snapdragon,Snapdragon 8 Elite,Octa Core,8.0,4.32,12.0,512.0,5240,90.0,True,6.36,1200,2670,120.0,Punch Hole,3.0,50,1,32,,,,Android
apple,Apple iPhone 16 Plus (256GB),89900,70.0,True,True,False,Apple,Bionic,Bionic A18,Hexa Core,6.0,4.04,8.0,256.0,4674,,True,6.7,1290,2796,,Dynamic Island,2.0,48,1,12,No,Not Supported,,iOS
tecno,Tecno Camon 30 Premier 5G,35999,72.0,True,True,True,MediaTek,Dimensity,Dimensity 8200,Octa Core,8.0,3.1,12.0,512.0,5000,70.0,True,6.77,1264,2780,120.0,Punch Hole,3.0,50,1,50,No,Not Supported,,Android
motorola,Motorola Edge 50 Pro (12GB RAM + 256GB),33990,75.0,True,True,False,Qualcomm,Snapdragon,Snapdragon 7 Gen3,Octa Core,8.0,2.63,12.0,256.0,4500,125.0,True,6.7,1220,2712,144.0,Punch Hole,3.0,50,1,50,,,,Android
samsung,Samsung Galaxy M15 5G,15999,54.0,True,False,False,MediaTek,Dimensity,Dimensity 6100 Plus,Octa Core,8.0,2.2,4.0,128.0,6000,25.0,True,6.45,1080,2340,90.0,Water Drop Notch,3.0,50,1,13,Yes,Hybrid,1024.0,Android
oppo,OPPO Reno 11,31485,70.0,True,True,True,MediaTek,Dimensity,Dimensity 7050,Octa Core,8.0,2.6,8.0,128.0,5000,67.0,True,6.7,1080,2412,120.0,Punch Hole,3.0,50,1,32,Yes,Hybrid,2048.0,Android
oneplus,OnePlus 11R 5G,39999,66.0,True,True,True,Qualcomm,Snapdragon,Snapdragon 8+ Gen1,Octa Core,8.0,3.2,8.0,128.0,5000,100.0,True,6.74,1240,2772,120.0,Punch Hole,3.0,50,1,16,,,,Android
oneplus,OnePlus 11 5G,42990,72.0,True,True,False,Qualcomm,Snapdragon,Snapdragon 8 Gen2,Octa Core,8.0,3.2,8.0,128.0,5000,100.0,True,6.7,1440,3216,120.0,Punch Hole,3.0,50,1,16,No,Not Supported,,Android
iqoo,iQOO Z11 5G (8GB RAM + 256GB),44999,74.0,True,False,True,MediaTek,Dimensity,Dimensity 7500 Turbo,Octa Core,8.0,2.6,8.0,256.0,7050,44.0,True,6.83,1260,2800,144.0,Punch Hole,2.0,50,1,32,No,Not Supported,,Android
infinix,Infinix Smart 20,11895,,False,False,True,MediaTek,Helio,Helio G81 Ultimate,Octa Core,8.0,2.0,4.0,64.0,5200,15.0,True,6.78,720,1576,120.0,Punch Hole,1.0,8,1,8,Yes,Dedicated,2048.0,Android
samsung,Samsung Galaxy A37 5G (8GB RAM + 256 GB),42450,67.0,True,True,False,Samsung,Exynos,Exynos 1480,Octa Core,8.0,2.7,8.0,256.0,5000,45.0,True,6.7,1080,2340,120.0,Punch Hole,3.0,50,1,12,No,Not Supported,,Android
oppo,Oppo A6 Pro 5G (8GB+256GB),29999,63.0,True,False,False,MediaTek,Dimensity,Dimensity 6300,Octa Core,8.0,2.4,8.0,256.0,7000,80.0,True,6.75,720,1570,120.0,Punch Hole,2.0,50,1,16,Yes,Hybrid,,Android
xiaomi,Xiaomi Redmi 15C 5G (6GB RAM + 128GB),19499,55.0,True,False,False,MediaTek,Dimensity,Dimensity 6300,Octa Core,8.0,2.4,6.0,128.0,6000,33.0,True,6.9,720,1600,120.0,Punch Hole,2.0,50,1,8,Yes,Dedicated,1024.0,Android
itel,itel Super Guru 4G Max,3497,,False,False,False,,,,,,,64.0,128.0,2000,,False,3.0,128,320,,,1.0,0.3,1,,Yes,Dedicated,,Other
samsung,Samsung Galaxy M36 5G (8GB RAM + 128GB),23999,59.0,True,False,False,Samsung,Exynos,Exynos 1380,Octa Core,8.0,2.4,8.0,128.0,5000,25.0,True,6.7,1080,2340,120.0,Punch Hole,3.0,50,1,13,Yes,Hybrid,,Android
iqoo,iQOO Neo 10 (12GB RAM + 256GB),48999,,True,True,True,Qualcomm,Snapdragon,Snapdragon 8s Gen4,Octa Core,8.0,3.2,12.0,256.0,7000,120.0,True,6.78,1260,2800,144.0,Punch Hole,2.0,50,1,32,,,,Android
poco,Poco C75 5G (4GB RAM + 128GB),11499,50.0,True,False,False,Qualcomm,Snapdragon,Snapdragon 4s Gen2,Octa Core,8.0,2.0,4.0,128.0,5160,18.0,True,6.88,720,1650,120.0,Water Drop Notch,2.0,50,1,5,Yes,Dedicated,1024.0,Android
realme,Realme 14 Pro Lite 5G,21999,63.0,True,False,False,Qualcomm,Snapdragon,Snapdragon 7s Gen 2,Octa Core,8.0,2.4,8.0,128.0,5200,45.0,True,6.7,1080,2412,120.0,Punch Hole,3.0,50,1,32,,,,Android
motorola,Motorola Moto G04s,9999,,False,False,False,Unisoc,Unisoc,Unisoc T606,Octa Core,8.0,1.6,4.0,64.0,5000,15.0,True,6.6,720,1612,90.0,Punch Hole,1.0,50,1,5,Yes,Dedicated,1024.0,Android
google,Google Pixel 7A,29999,63.0,True,True,False,Google,Tensor,Tensor G2,Octa Core,8.0,2.85,8.0,128.0,4385,18.0,True,6.1,1080,2400,90.0,Punch Hole,2.0,64,1,13,No,Not Supported,,Android
infinix,Infinix Hot 30i,9499,,False,False,False,MediaTek,Helio,Helio G37,Octa Core,8.0,2.3,8.0,128.0,5000,10.0,True,6.6,720,1612,90.0,Water Drop Notch,2.0,50,1,8,Yes,Dedicated,1024.0,Android
xiaomi,Xiaomi Redmi Note 15 Pro Plus (16GB RAM + 512GB),49993,,True,True,True,Qualcomm,Snapdragon,Snapdragon 7s Gen4,Octa Core,8.0,2.7,16.0,512.0,6500,100.0,True,6.83,1280,2772,120.0,Punch Hole,2.0,200,1,32,No,Not Supported,,Android
apple,Apple iPhone 18 Pro (2TB),314900,,True,True,False,Apple,Apple,Apple A20 Pro,Hexa Core,6.0,,12.0,2.0,4056,,True,6.3,1206,2622,120.0,Dynamic Island,3.0,48,1,18,No,Not Supported,,iOS
oneplus,OnePlus Nord CE 6 Lite 5G (8GB RAM + 128GB),30999,64.0,True,False,True,MediaTek,Dimensity,Dimensity 7400 Apex,Octa Core,8.0,2.6,8.0,128.0,7000,45.0,True,6.72,1080,2400,144.0,Punch Hole,2.0,50,1,8,Yes,Hybrid,2048.0,Android
realme,Realme 16 5G (8GB RAM + 256GB),34950,70.0,True,False,False,MediaTek,Dimensity,Dimensity 6400 Turbo,Octa Core,8.0,2.5,8.0,256.0,7000,60.0,True,6.57,1080,2372,120.0,Punch Hole,2.0,50,1,50,Yes,Hybrid,,Android
samsung,Samsung Galaxy A57 (12GB RAM + 256GB),62999,75.0,True,True,False,Samsung,Exynos,Exynos 1680,Octa Core,8.0,2.9,12.0,256.0,5000,45.0,True,6.7,1080,2340,120.0,Punch Hole,3.0,50,1,12,No,Not Supported,,Android
realme,Realme Narzo Power 5G (8GB RAM +256GB),34999,75.0,True,False,True,MediaTek,Dimensity,Dimensity 7400 Ultra,Octa Core,8.0,2.6,8.0,256.0,10001,80.0,True,6.8,1280,2800,144.0,Punch Hole,2.0,50,1,16,No,Not Supported,,Android
vivo,Vivo V70 Elite 5G (12GB RAM + 256GB),71999,,True,True,True,Qualcomm,Snapdragon,Snapdragon 8s Gen3,Octa Core,8.0,3.0,12.0,256.0,6500,90.0,True,6.59,1260,2750,120.0,Punch Hole,3.0,50,1,50,No,Not Supported,,Android
realme,Realme 16 Pro 5G (8GB RAM + 256GB),42999,79.0,True,False,False,MediaTek,Dimensity,Dimensity 7300 Max,Octa Core,8.0,2.5,8.0,256.0,7000,80.0,True,6.78,1272,2772,144.0,Punch Hole,2.0,200,1,50,No,Not Supported,,Android
poco,POCO C71,12230,,False,False,False,Unisoc,Unisoc,Unisoc T7250,Octa Core,8.0,1.8,4.0,64.0,5200,15.0,True,6.88,720,1640,120.0,Water Drop Notch,2.0,32,1,8,Yes,Dedicated,2048.0,Android
oppo,OPPO Reno 13 5G,40999,71.0,True,True,True,MediaTek,Dimensity,Dimensity 8350,Octa Core,8.0,3.35,8.0,128.0,5600,80.0,True,6.59,1256,2760,120.0,Punch Hole,3.0,50,1,50,,,,Android
oppo,Oppo Find X8 Pro 5G,96900,,True,True,True,MediaTek,Dimensity,Dimensity 9400,Octa Core,8.0,3.63,16.0,512.0,5910,80.0,True,6.78,1264,2780,120.0,Punch Hole,4.0,50,1,32,,,,Android
oppo,OPPO Reno 12 5G,32999,66.0,True,False,True,MediaTek,Dimensity,Dimensity 7300,Octa Core,8.0,2.5,8.0,256.0,5000,80.0,True,6.7,1080,2412,120.0,Punch Hole,3.0,50,1,32,Yes,Hybrid,,Android
nokia,Nokia 235 4G 2024,3899,,False,False,False,Unisoc,Unisoc,Unisoc T107,,,1.0,64.0,128.0,1450,,False,2.8,240,320,,,1.0,2,1,,Yes,Dedicated,,Not Specified
samsung,Samsung Galaxy A55 5G,42999,64.0,True,True,False,Samsung,Exynos,Exynos 1480,Octa Core,8.0,2.7,8.0,128.0,5000,25.0,True,6.6,1080,2340,120.0,Punch Hole,3.0,50,1,32,Yes,Hybrid,1024.0,Android
samsung,Samsung Galaxy S24 Plus,59999,79.0,True,True,False,Samsung,Exynos,Exynos 2400,Deca Core,10.0,3.2,12.0,256.0,4900,45.0,True,6.7,1440,3120,120.0,Punch Hole,3.0,50,1,12,,,,Android
vivo,Vivo V29,31199,64.0,True,False,False,Qualcomm,Snapdragon,Snapdragon 778G,Octa Core,8.0,2.4,8.0,128.0,4600,80.0,True,6.78,1260,2800,120.0,Punch Hole,3.0,50,1,50,,,,Android
samsung,Samsung Galaxy S21 FE 5G,74999,68.0,True,True,False,Samsung,Exynos,Exynos 2100,Octa Core,8.0,2.9,8.0,128.0,4500,25.0,True,6.4,1080,2340,120.0,Punch Hole,3.0,12,1,32,No,Not Supported,,Android
realme,Realme 7,17999,52.0,False,False,False,MediaTek,Helio,Helio  G95,Octa Core,8.0,2.05,6.0,64.0,5000,30.0,True,6.5,1080,2400,90.0,Punch Hole,4.0,64,1,16,Yes,Dedicated,256.0,Android
realme,Realme C2,6999,,False,False,False,MediaTek,Helio,Helio P22,Octa Core,8.0,2.0,2.0,16.0,4000,,False,6.1,1560,720,,Water Drop Notch,2.0,13,1,5,Yes,Dedicated,256.0,Android
jio,Jio JioPhone,3499,,False,False,False,Qualcomm,QC8905,QC8905,Dual Core,2.0,1.2,512.0,4.0,2000,,False,2.4,240,320,,,1.0,2,1,0.3,Yes,Dedicated,128.0,Other
oppo,OPPO Reno 16 5G BABYMONSTER Limited,66999,79.0,True,False,True,Qualcomm,Snapdragon,Snapdragon 7 Gen4,Octa Core,8.0,2.8,8.0,256.0,6700,80.0,True,6.32,1216,2640,120.0,Punch Hole,3.0,50,1,50,No,Not Supported,,Android
oneplus,OnePlus N6x (4GB RAM + 128GB),22999,50.0,True,False,False,MediaTek,Dimensity,Dimensity 6360 Apex,Octa Core,8.0,,4.0,128.0,7000,15.0,True,6.8,720,1570,120.0,Punch Hole,1.0,13,1,5,Yes,Hybrid,2048.0,Android
oneplus,OnePlus Nord CE 6 Lite 5G (8GB RAM + 256GB),34999,66.0,True,False,True,MediaTek,Dimensity,Dimensity 7400 Apex,Octa Core,8.0,2.6,8.0,256.0,7000,45.0,True,6.72,1080,2400,144.0,Punch Hole,2.0,50,1,8,Yes,Hybrid,2048.0,Android
tecno,Tecno POP X 5G,15999,52.0,True,False,True,MediaTek,Dimensity,Dimensity 6400,Octa Core,8.0,2.5,4.0,128.0,6500,45.0,True,6.78,720,1576,120.0,Punch Hole,1.0,13,1,8,Yes,Dedicated,1024.0,Android
ai+,Ai+ Nova 2 Ultra 5G (8GB RAM + 128GB),22999,61.0,True,False,False,MediaTek,Dimensity,Dimensity 7400,Octa Core,8.0,2.6,8.0,128.0,6000,,True,6.78,2772,1272,120.0,Punch Hole,2.0,50,1,13,Yes,Hybrid,1024.0,Android
iqoo,iQOO Z11x 5G (8GB RAM + 256GB),32800,66.0,True,False,True,MediaTek,Dimensity,Dimensity 7400 Turbo,Octa Core,8.0,2.6,8.0,256.0,7200,44.0,True,6.76,1080,2344,120.0,Punch Hole,2.0,50,1,32,,,,Android
realme,Realme P4 Power 5G (12GB RAM + 256GB),37999,75.0,True,False,True,MediaTek,Dimensity,Dimensity 7400 Ultra,Octa Core,8.0,2.6,12.0,256.0,10001,80.0,True,6.8,1280,2800,144.0,Punch Hole,2.0,50,1,16,No,Not Supported,,Android
poco,Poco M8 5G (8GB RAM + 256GB),24350,62.0,True,False,True,Qualcomm,Snapdragon,Snapdragon 6 Gen3,Octa Core,8.0,,8.0,256.0,5520,45.0,True,6.77,1080,2392,120.0,Punch Hole,2.0,50,1,20,Yes,Hybrid,1024.0,Android
samsung,Samsung Galaxy F17 5G (8GB RAM + 128GB),20999,59.0,True,True,False,Samsung,Exynos,Exynos 1330,Octa Core,8.0,2.4,8.0,128.0,5000,25.0,True,6.7,1080,2340,90.0,Water Drop Notch,3.0,50,1,13,Yes,Hybrid,2048.0,Android
poco,POCO C85 5G (6GB RAM + 128GB),18115,58.0,True,True,False,MediaTek,Dimensity,Dimensity 6300,Octa Core,8.0,2.4,6.0,128.0,6000,33.0,True,6.9,720,1600,120.0,Punch Hole,2.0,50,1,8,Yes,Hybrid,1024.0,Android
nothing,Nothing Phone 3a Lite (8GB RAM + 256GB),29999,64.0,True,True,False,MediaTek,Dimensity,Dimensity 7300 Pro,Octa Core,8.0,2.5,8.0,256.0,5000,33.0,True,6.77,1084,2392,120.0,Punch Hole,3.0,50,1,16,Yes,Hybrid,2048.0,Android
realme,Realme 15x 5G,24999,59.0,True,False,False,MediaTek,Dimensity,Dimensity 6300,Octa Core,8.0,2.4,6.0,128.0,7000,60.0,True,6.81,720,1570,144.0,Punch Hole,2.0,50,1,50,Yes,Hybrid,,Android
motorola,Motorola Edge 60 5G,31899,75.0,True,True,False,MediaTek,Dimensity,Dimensity 7400,Octa Core,8.0,2.6,12.0,256.0,5500,68.0,True,6.7,1220,2712,120.0,Punch Hole,3.0,50,1,50,Yes,Hybrid,1024.0,Android
poco,Poco X8 (8GB RAM + 128GB),32999,67.0,True,True,True,Qualcomm,Snapdragon,Snapdragon 6s Gen4,Octa Core,8.0,2.4,8.0,128.0,9000,67.0,True,6.83,1280,2772,120.0,Punch Hole,2.0,50,1,16,,,,Android
nothing,Nothing Phone 4b (8GB RAM + 256GB),35095,68.0,True,False,False,Qualcomm,Snapdragon,Snapdragon 6 Gen4,Octa Core,8.0,2.3,8.0,256.0,6000,33.0,True,6.77,1080,2344,120.0,Punch Hole,2.0,50,1,16,,,,Android
oppo,Oppo A6c 4G,16999,,False,False,False,Unisoc,Unisoc,Unisoc T7250,Octa Core,8.0,1.8,4.0,64.0,7000,15.0,True,6.75,720,1570,120.0,Water Drop Notch,1.0,13,1,5,Yes,Hybrid,,Android
iqoo,iQOO Z11 5G (8GB RAM + 128GB),39999,72.0,True,False,True,MediaTek,Dimensity,Dimensity 7500 Turbo,Octa Core,8.0,2.6,8.0,128.0,7050,44.0,True,6.83,1260,2800,144.0,Punch Hole,2.0,50,1,32,No,Not Supported,,Android
poco,Poco X8 Pro 5G (12GB RAM + 256GB),42999,77.0,True,False,True,MediaTek,Dimensity,Dimensity 8500 Ultra,Octa Core,8.0,3.4,12.0,256.0,6500,100.0,True,6.59,2756,1268,120.0,Punch Hole,2.0,50,1,20,,,,Android
oppo,Oppo A6 5G (6GB RAM + 256GB),27999,59.0,True,True,False,MediaTek,Dimensity,Dimensity 6300,Octa Core,8.0,2.4,6.0,256.0,7000,45.0,True,6.75,720,1570,120.0,Punch Hole,2.0,50,1,8,Yes,Dedicated,,Android
realme,Realme P4 5G (8GB RAM + 128GB),30985,66.0,True,False,True,MediaTek,Dimensity,Dimensity 7400 Ultra,Octa Core,8.0,2.6,8.0,128.0,7000,80.0,True,6.77,1080,2392,144.0,Punch Hole,2.0,50,1,16,,,,Android
iqoo,iQOO Z10 Lite,18999,52.0,True,False,False,MediaTek,Dimensity,Dimensity 6300,Octa Core,8.0,2.4,4.0,128.0,6000,15.0,True,6.74,720,1600,90.0,,2.0,50,1,5,,,,Android
samsung,Samsung Galaxy F56 5G,32499,64.0,True,False,False,Samsung,Exynos,Exynos 1480,Octa Core,8.0,2.7,8.0,128.0,5000,45.0,True,6.74,1080,2340,120.0,Punch Hole,3.0,50,1,12,No,Not Supported,,Android
samsung,Samsung Galaxy F06 5G,13999,,True,False,False,MediaTek,Dimensity,Dimensity 6300,Octa Core,8.0,2.4,4.0,128.0,5000,25.0,True,6.7,720,1600,,Water Drop Notch,2.0,50,1,8,Yes,Hybrid,1024.0,Android
jio,Jio Bharat B2,1499,,False,False,False,,,,,,0.001,36.0,36.0,2000,,False,2.4,240,320,,,1.0,0.3,1,,Yes,Dedicated,128.0,Other
samsung,Samsung Galaxy Z Fold 6,145999,,True,True,False,Qualcomm,Snapdragon,Snapdragon 8 Gen 3,Octa Core,8.0,3.39,12.0,256.0,4400,25.0,True,7.6,1856,2160,120.0,Punch Hole,3.0,50,2,10,,,,Android
nokia,Nokia 3210 4G (2024),4149,,False,False,False,Unisoc,Unisoc,Unisoc T107,,,1.0,64.0,128.0,1450,,False,2.4,240,320,,,1.0,2,1,,Yes,Dedicated,32.0,Not Specified
samsung,Samsung Galaxy S24 5G,59449,77.0,True,True,False,Samsung,Exynos,Exynos 2400,Deca Core,10.0,3.2,8.0,256.0,4000,25.0,True,6.2,1080,2340,120.0,Punch Hole,3.0,50,1,12,,,,Android
samsung,Samsung Galaxy Z Flip 4 (8GB RAM + 256GB),51999,72.0,True,True,False,Qualcomm,Snapdragon,Snapdragon  8+ Gen1,Octa Core,8.0,3.2,8.0,256.0,3700,25.0,True,6.7,1080,2640,120.0,Punch Hole,2.0,12,1,10,No,Not Supported,,Not Specified
realme,Realme P4s 5G (12GB RAM + 256GB),41999,74.0,True,False,True,MediaTek,Dimensity,Dimensity 7400,Octa Core,8.0,2.6,12.0,256.0,8000,80.0,True,6.78,1272,2772,144.0,Punch Hole,2.0,50,1,16,No,Not Supported,,Android
lava,Lava Bold N4 Lite,8399,,False,False,False,Unisoc,Unisoc,Unisoc 9863A,Octa Core,8.0,,3.0,32.0,5000,10.0,True,6.56,540,960,,Water Drop Notch,1.0,8,1,5,Yes,Dedicated,,Android
vivo,Vivo T5 Lite 5G (6GB RAM + 256GB),26999,58.0,True,False,False,MediaTek,Dimensity,Dimensity 6300,Octa Core,8.0,2.4,6.0,256.0,6500,44.0,True,6.74,720,1600,120.0,Water Drop Notch,2.0,50,1,5,Yes,Hybrid,2048.0,Android
infinix,Infinix Hot 70 Pro (8GB RAM + 128GB),27999,63.0,True,True,True,MediaTek,Dimensity,Dimensity 7100,Octa Core,8.0,2.4,8.0,128.0,6000,45.0,True,6.76,1080,2344,144.0,Punch Hole,2.0,50,1,8,Yes,Dedicated,,Android
tecno,Tecno Pova 8 5G,29999,63.0,True,True,True,MediaTek,Dimensity,Dimensity 7100,Octa Core,8.0,2.4,6.0,128.0,8000,,True,6.76,1080,2344,144.0,Punch Hole,2.0,50,1,13,Yes,Hybrid,1024.0,Android
xiaomi,Xiaomi Redmi Note 15 SE 5G (8GB RAM + 256GB),28999,67.0,True,False,True,Qualcomm,Snapdragon,Snapdragon 6 Gen3,Octa Core,8.0,2.4,8.0,256.0,5800,45.0,True,6.77,2392,1080,120.0,Punch Hole,2.0,50,1,20,Yes,Hybrid,1024.0,Android
oppo,Oppo A6s 5G,21499,54.0,True,False,False,MediaTek,Dimensity,Dimensity 6300,Octa Core,8.0,2.4,4.0,128.0,6500,45.0,True,6.75,720,1570,120.0,Punch Hole,2.0,50,1,5,Yes,Hybrid,,Android
vivo,Vivo Y51 Pro 5G (256GB),37999,62.0,True,False,True,MediaTek,Dimensity,Dimensity 7360 Turbo,Octa Core,8.0,2.5,8.0,256.0,7200,44.0,True,6.75,720,1570,120.0,Punch Hole,2.0,50,1,8,No,Not Supported,,Android
samsung,Samsung Galaxy S25 FE (8GB RAM + 512GB),77999,77.0,True,True,False,Samsung,Exynos,Exynos 2400,Deca Core,10.0,3.2,8.0,512.0,4900,45.0,True,6.7,1080,2340,120.0,Punch Hole,3.0,50,1,12,No,Not Supported,,Android
apple,Apple iPhone 17 Pro Max (1TB),183990,,True,True,False,Apple,Apple,Apple A19 Pro,Hexa Core,6.0,,12.0,1.0,4832,,True,6.9,1320,2868,120.0,Dynamic Island,3.0,48,1,18,No,Not Supported,,iOS
realme,Realme P3 Ultra (12GB RAM + 256GB),33499,68.0,True,False,True,MediaTek,Dimensity,Dimensity 8350 Ultra,Octa Core,8.0,3.35,12.0,256.0,6000,80.0,True,6.83,1272,2800,120.0,Punch Hole,2.0,50,1,16,No,Not Supported,,Android
samsung,Samsung Galaxy M06 5G,16999,,True,False,False,MediaTek,Dimensity,Dimensity 6300,Octa Core,8.0,2.4,4.0,128.0,5000,25.0,True,6.74,720,1600,90.0,Water Drop Notch,2.0,50,1,8,Yes,Hybrid,1536.0,Android
samsung,Samsung Galaxy A56 5G (12GB RAM + 256GB),42500,66.0,True,True,False,Samsung,Exynos,Exynos 1580,Octa Core,8.0,2.9,12.0,256.0,5000,45.0,True,6.7,1080,2340,120.0,Punch Hole,3.0,50,1,12,,,,Android
google,Google Pixel 9 Pro,90999,,True,True,False,Google,Tensor,Tensor G4,Octa Core,8.0,3.1,16.0,256.0,4700,27.0,True,6.3,1280,2856,120.0,Punch Hole,3.0,50,1,42,,,,Android
samsung,Samsung Galaxy F55 5G (8GB RAM + 256GB),29999,66.0,True,True,False,Qualcomm,Snapdragon,Snapdragon 7 Gen1,Octa Core,8.0,2.4,8.0,256.0,5000,45.0,True,6.7,1080,2400,120.0,Punch Hole,3.0,50,1,50,Yes,Hybrid,1024.0,Android
oppo,OPPO Reno 10,35900,67.0,True,True,True,MediaTek,Dimensity,Dimensity 7050,Octa Core,8.0,2.6,8.0,256.0,5000,67.0,True,6.7,1080,2412,120.0,Punch Hole,3.0,64,1,32,Yes,Hybrid,,Android
nokia,Nokia 106 4G,2324,,False,False,False,,,,,,,4.0,,1450,,False,1.8,120,160,,,0.0,,1,,Yes,Dedicated,32.0,Other
tecno,Tecno Pova 8 Pro 5G,49999,74.0,True,True,True,MediaTek,Dimensity,Dimensity 7400 Ultimate,Octa Core,8.0,2.6,8.0,256.0,6500,45.0,True,6.78,1208,2644,144.0,Punch Hole,2.0,50,1,13,,,,Android
google,Google Pixel 11 Pro (16GB RAM + 512GB),134999,,True,True,False,Google,Tensor,Tensor G6,,,,16.0,512.0,4850,,True,6.3,1280,2856,120.0,Punch Hole,3.0,50,1,42,,,,Android
poco,Poco M8 Power 5G (8GB RAM + 128GB),26876,64.0,True,False,True,Qualcomm,Snapdragon,Snapdragon 4 Gen4,Octa Core,8.0,2.3,8.0,128.0,8000,45.0,True,6.99,2396,1080,120.0,Punch Hole,2.0,50,1,8,Yes,Dedicated,1024.0,Android
lava,Lava Virat V1 4G,9929,,False,False,False,Unisoc,Unisoc,Unisoc 9863a,,,,4.0,64.0,5000,10.0,True,6.75,720,1600,90.0,Punch Hole,2.0,13,1,5,Yes,Hybrid,256.0,Android
lava,Lava A7 Torch 2026,1649,,False,False,False,,,,,,,32.0,32.0,2575,,False,2.4,320,240,,,1.0,0.3,1,,Yes,Dedicated,32.0,Other
vivo,Vivo T5e,13999,,False,False,False,Unisoc,Unisoc,Unisoc T7225,Octa Core,8.0,1.8,4.0,64.0,5500,15.0,True,6.74,1600,720,90.0,Water Drop Notch,1.0,8,1,5,Yes,Dedicated,2048.0,Android
ai+,Ai+ Nova 2 Neo 5G (4GB RAM + 64GB),14800,53.0,True,False,False,MediaTek,Dimensity,Dimensity 6300,Octa Core,8.0,2.4,4.0,64.0,6000,,True,6.75,720,1600,120.0,Water Drop Notch,1.0,48,1,8,Yes,Dedicated,2048.0,Android
vivo,Vivo Y21 5G (6GB RAM + 128GB),25999,59.0,True,True,True,MediaTek,Dimensity,Dimensity 6300,Octa Core,8.0,2.4,6.0,128.0,6500,44.0,True,6.74,720,1600,120.0,Water Drop Notch,2.0,50,1,5,Yes,Dedicated,,Android
xiaomi,Xiaomi Redmi 15A 5G (4GB RAM + 128GB),17290,58.0,True,False,True,Unisoc,Unisoc,Unisoc T8300,Octa Core,8.0,2.2,4.0,128.0,6300,33.0,True,6.9,720,1600,120.0,Punch Hole,1.0,32,1,8,Yes,Hybrid,1024.0,Android
oppo,OPPO K14x 5G (4GB RAM + 64GB),17499,54.0,True,False,False,MediaTek,Dimensity,Dimensity 6300,Octa Core,8.0,2.4,4.0,64.0,6500,45.0,True,6.75,720,1570,120.0,Punch Hole,2.0,50,1,5,Yes,Hybrid,,Android
samsung,Samsung Galaxy S26 (12GB RAM + 512GB),99999,76.0,True,True,False,Samsung,Exynos,Exynos 2600,Deca Core,10.0,3.8,12.0,512.0,4300,25.0,True,6.3,1080,2340,120.0,Punch Hole,3.0,50,1,12,,,,Android
vivo,Vivo T4 Lite 5G (4GB RAM + 64GB),16899,52.0,True,False,False,MediaTek,Dimensity,Dimensity 6300,Octa Core,8.0,2.4,4.0,64.0,6000,15.0,True,6.74,720,1600,90.0,Water Drop Notch,2.0,50,1,5,Yes,Dedicated,2048.0,Android
oppo,OPPO Reno 15 5G (12GB RAM + 256GB),50999,,True,False,True,Qualcomm,Snapdragon,Snapdragon 7 Gen4,Octa Core,8.0,2.8,12.0,256.0,6500,80.0,True,6.59,1256,2760,120.0,Punch Hole,3.0,50,1,50,No,Not Supported,,Android
xiaomi,Xiaomi Redmi 15 5G (8GB RAM + 128GB),23499,62.0,True,False,True,Qualcomm,Snapdragon,Snapdragon 6s Gen3,Octa Core,8.0,2.3,8.0,128.0,7000,33.0,True,6.9,1080,2340,144.0,Punch Hole,2.0,50,1,8,Yes,Hybrid,1024.0,Android
realme,Realme 15T (8GB RAM + 256GB),29999,67.0,True,False,True,MediaTek,Dimensity,Dimensity 6400 Max,Octa Core,8.0,2.5,8.0,256.0,7000,60.0,True,6.57,1080,2372,120.0,Punch Hole,2.0,50,1,50,Yes,Hybrid,2048.0,Android
vivo,Vivo T4 Lite 5G (6 GB RAM +128 GB),20999,53.0,True,False,False,MediaTek,Dimensity,Dimensity 6300,Octa Core,8.0,2.4,6.0,128.0,6000,15.0,True,6.74,720,1600,90.0,Water Drop Notch,2.0,50,1,5,Yes,Dedicated,2048.0,Android
samsung,Samsung Galaxy A26 (6GB RAM + 128GB),24999,64.0,True,True,False,Samsung,Exynos,Exynos 1380,Octa Core,8.0,2.4,6.0,128.0,5000,25.0,True,6.7,1080,2340,120.0,Water Drop Notch,3.0,50,1,13,Yes,Hybrid,2048.0,Android
samsung,Samsung Galaxy M35 5G,28999,61.0,True,True,False,Samsung,Exynos,Exynos 1380,Octa Core,8.0,2.4,6.0,128.0,6000,25.0,True,6.6,1080,2340,120.0,Punch Hole,3.0,50,1,13,Yes,Hybrid,1024.0,Android
xiaomi,Xiaomi 14 Civi (12GB RAM + 512GB),54990,75.0,True,True,True,Qualcomm,Snapdragon,Snapdragon 8s Gen3,Octa Core,8.0,3.0,12.0,512.0,4700,67.0,True,6.55,1236,2750,120.0,Punch Hole,3.0,50,2,32,,,,Android
samsung,Samsung Galaxy S24 Ultra (12GB RAM + 512GB),129999,,True,True,False,Qualcomm,Snapdragon,Snapdragon 8 Gen3,Octa Core,8.0,3.3,12.0,512.0,5000,45.0,True,6.8,1440,3120,120.0,Punch Hole,4.0,200,1,12,No,Not Supported,,Android
poco,Poco X6 5G,27990,63.0,True,False,True,Qualcomm,Snapdragon,Snapdragon 7s Gen 2,Octa Core,8.0,2.4,8.0,256.0,5100,67.0,True,6.67,1220,2712,120.0,Punch Hole,3.0,64,1,16,,,,Android
samsung,Samsung Galaxy S23 FE 5G,54999,72.0,True,True,False,Samsung,Exynos,Exynos 2200,Octa Core,8.0,2.8,8.0,128.0,4500,25.0,True,6.4,1080,2340,120.0,Punch Hole,3.0,50,1,10,No,Not Supported,,Android
motorola,Motorola Razr 40,54990,77.0,True,True,False,Qualcomm,Snapdragon,Snapdragon 7 Gen1,Octa Core,8.0,2.4,8.0,256.0,4200,30.0,True,6.9,1080,2640,144.0,Punch Hole,2.0,64,1,32,No,Not Supported,,Not Specified
samsung,Samsung Galaxy S22 5G,85999,74.0,True,True,False,Qualcomm,Snapdragon,Snapdragon  8 Gen1,Octa Core,8.0,3.0,8.0,128.0,3700,25.0,True,6.1,1080,2340,120.0,Punch Hole,3.0,50,1,10,,,,Android
ringme,Ringme R1 Mini 27c,950,,False,False,False,,,,,,0.001,32.0,32.0,600,,True,0.66,240,320,,,0.0,,1,,Yes,Hybrid,32768.0,Other
motorola,Motorola Moto G77 Power (4GB RAM + 128GB),23999,63.0,True,False,False,MediaTek,Dimensity,Dimensity 6400,Octa Core,8.0,2.5,4.0,128.0,7000,30.0,True,6.72,1080,2400,120.0,Punch Hole,2.0,50,1,32,Yes,Hybrid,1024.0,Android
lava,Lava Virat V1 5G (4GB RAM + 128GB),14499,,True,False,False,Unisoc,Unisoc,Unisoc T8200,Octa Core,8.0,,4.0,128.0,6000,10.0,True,6.75,720,1600,120.0,Punch Hole,2.0,13,1,5,Yes,Hybrid,1024.0,Android
iqoo,iQOO Z11 Lite 5G (6GB RAM + 128GB),22499,57.0,True,False,False,MediaTek,Dimensity,Dimensity 6300,Octa Core,8.0,2.4,6.0,128.0,6500,44.0,True,6.74,720,1600,120.0,Water Drop Notch,2.0,50,1,5,Yes,Hybrid,2048.0,Android
peace,Peace i17 Air,9499,,False,False,False,,,,,,,,,5000,,False,6.56,1640,720,,,1.0,20,1,8,Yes,Dedicated,128.0,Android
vivo,Vivo Y21 5G (4GB RAM + 64GB),19499,55.0,True,True,True,MediaTek,Dimensity,Dimensity 6300,Octa Core,8.0,2.4,4.0,64.0,6500,44.0,True,6.74,720,1600,120.0,Water Drop Notch,2.0,50,1,5,Yes,Dedicated,,Android
vivo,Vivo T5 5G (12GB RAM + 256GB),49999,76.0,True,False,True,MediaTek,Dimensity,Dimensity 7500 Turbo,Octa Core,8.0,2.6,12.0,256.0,7050,44.0,True,6.83,1260,2800,144.0,Punch Hole,2.0,50,1,32,No,Not Supported,,Android
samsung,Samsung Galaxy Z Flip 8 5G,114999,,True,True,False,Samsung,Exynos,Exynos 2600,Deca Core,10.0,3.8,12.0,256.0,4300,25.0,True,6.9,1080,2520,120.0,Punch Hole,2.0,50,1,10,No,Not Supported,,Not Specified
samsung,Samsung Galaxy Z Fold 8 (16GB RAM + 1TB),234999,,True,True,False,Qualcomm,Snapdragon,Snapdragon 8 Elite Gen 5 for Galaxy,Octa Core,8.0,4.74,16.0,1.0,4800,45.0,True,7.6,1828,2448,120.0,Punch Hole,2.0,50,2,10,,,,Android
oppo,OPPO Reno 16C 5G (12GB RAM + 256GB),59999,77.0,True,False,False,MediaTek,Dimensity,Dimensity 7300 Energy,Octa Core,8.0,2.5,12.0,256.0,7000,80.0,True,6.57,2372,1080,120.0,Punch Hole,3.0,50,1,50,Yes,Hybrid,,Android
ai+,Ai+ Nova 2 Pro 5G (8GB RAM + 128GB),19999,57.0,True,False,False,MediaTek,Dimensity,Dimensity 7100,Octa Core,8.0,2.4,8.0,128.0,6000,18.0,True,6.9,2340,1080,144.0,Punch Hole,2.0,48,1,13,Yes,Dedicated,2048.0,Android
poco,Poco X8 Pro Iron Man Edition,41999,77.0,True,False,True,MediaTek,Dimensity,Dimensity 8500 Ultra,Octa Core,8.0,3.4,12.0,256.0,6500,100.0,True,6.59,2756,1268,120.0,Punch Hole,2.0,50,1,20,,,,Android
ai+,Ai+ Pulse 2,10284,,False,False,False,Unisoc,Unisoc,Unisoc T7250,Octa Core,8.0,1.8,4.0,64.0,6000,10.0,True,6.75,720,1600,120.0,Water Drop Notch,2.0,50,1,8,Yes,Dedicated,1024.0,Android
realme,Realme C83 5G (4GB RAM + 128GB),18499,52.0,True,False,False,MediaTek,Dimensity,Dimensity 6300,Octa Core,8.0,2.4,4.0,128.0,7000,15.0,True,6.8,720,1570,144.0,Punch Hole,1.0,13,1,5,Yes,Hybrid,2048.0,Android
tecno,Tecno Pova Curve 2 5G (8GB RAM +256GB),33999,63.0,True,False,True,MediaTek,Dimensity,Dimensity 7100,Octa Core,8.0,2.4,8.0,256.0,8000,45.0,True,6.78,1208,2644,144.0,Punch Hole,2.0,50,1,13,,,,Android
oppo,Oppo Reno 15c 5G (12GB RAM + 256GB),44999,70.0,True,False,True,Qualcomm,Snapdragon,Snapdragon 6 Gen1,Octa Core,8.0,2.2,12.0,256.0,7000,80.0,True,6.57,1080,2372,120.0,Punch Hole,3.0,50,1,50,,,,Android
oppo,OPPO A6x 5G (4GB RAM + 128GB),20999,52.0,True,False,False,MediaTek,Dimensity,Dimensity 6300,Octa Core,8.0,2.4,4.0,128.0,6500,45.0,True,6.75,720,1570,120.0,Punch Hole,1.0,13,1,5,Yes,Hybrid,,Android
peace,Peace Mini 6,5999,,False,False,False,MediaTek,Helio,Helio,Single Core,1.0,,3.0,32.0,2000,,False,3.75,412,960,,,1.0,8,1,,,,,Android
samsung,Samsung Galaxy M07 4G,11999,,False,False,False,MediaTek,Helio,Helio G99,Octa Core,8.0,2.2,4.0,64.0,5000,25.0,True,6.7,720,1600,,Water Drop Notch,2.0,50,1,8,Yes,Dedicated,,Android
infinix,Infinix Hot 60i 5G,19999,57.0,True,False,True,MediaTek,Dimensity,Dimensity 6400,Octa Core,8.0,2.5,4.0,128.0,6000,45.0,True,6.75,720,1600,120.0,Water Drop Notch,1.0,50,1,5,Yes,Dedicated,2048.0,Android
samsung,Samsung Galaxy S25 Ultra (12GB RAM + 1TB),165999,,True,True,False,Qualcomm,Snapdragon,Snapdragon 8 Elite for Galaxy,Octa Core,8.0,4.47,12.0,1.0,5000,45.0,True,6.9,1440,3120,120.0,Punch Hole,4.0,200,1,12,No,Not Supported,,Android
nokia,Nokia 220 4G (2024),3399,,False,False,False,Unisoc,Unisoc,Unisoc T107,,,,64.0,128.0,1450,,False,2.8,240,320,,,0.0,,1,,Yes,Dedicated,32.0,Not Specified
itel,itel A70 4G (4GB RAM + 256GB),8989,,False,False,False,Unisoc,Unisoc,Unisoc T603,Octa Core,8.0,,4.0,256.0,5000,10.0,True,6.6,720,1612,,Water Drop Notch,2.0,13,1,8,Yes,Dedicated,2048.0,Android
honor,Honor 90 5G,84999,64.0,True,True,False,Qualcomm,Snapdragon,Snapdragon 7 Gen 1 Accelerated Edition,Octa Core,8.0,2.36,8.0,256.0,5000,66.0,True,6.7,1200,2664,120.0,Punch Hole,3.0,200,1,50,,,,Android
motorola,Motorola Edge 40 5G,28490,70.0,True,True,False,MediaTek,Dimensity,Dimensity 8020,Octa Core,8.0,2.6,8.0,256.0,4400,68.0,True,6.55,1080,2400,144.0,,2.0,50,1,32,,,,Android
motorola,Motorola Edge 30 Fusion 5G,29990,68.0,True,True,False,Qualcomm,Snapdragon,Snapdragon 888+,Octa Core,8.0,2.9,8.0,128.0,4400,68.0,True,6.55,1080,2400,144.0,Punch Hole,3.0,50,1,32,No,Not Supported,,Android
vivo,Vivo V25 Pro 5G,33990,66.0,True,False,False,MediaTek,Dimensity,Dimensity 1300,Octa Core,8.0,3.0,8.0,128.0,4830,66.0,True,6.56,1080,2376,120.0,Punch Hole,3.0,64,1,32,,,,Android
xiaomi,Xiaomi 12 Pro 5G (12GB RAM + 256GB),44999,75.0,True,True,True,Qualcomm,Snapdragon,Snapdragon 8 Gen1,Octa Core,8.0,3.0,12.0,256.0,4600,120.0,True,6.73,1440,3200,120.0,Punch Hole,3.0,50,1,32,,,,Android
realme,Realme 16x 5G (6GB RAM + 128GB),24999,58.0,True,False,False,MediaTek,Dimensity,Dimensity 6300,Octa Core,8.0,2.4,6.0,128.0,7000,45.0,True,6.81,1570,720,144.0,Punch Hole,1.0,50,1,8,Yes,Hybrid,,Android
tecno,Tecno Spark Go 3 Pro,15999,,False,False,True,MediaTek,Helio,Helio G81,Octa Core,8.0,2.0,4.0,64.0,5200,15.0,True,6.78,720,1526,120.0,Punch Hole,1.0,13,1,8,Yes,Dedicated,,Android
samsung,Samsung Galaxy A27 (8GB RAM + 256GB),45499,66.0,True,True,False,Qualcomm,Snapdragon,Snapdragon 6 Gen3,Octa Core,8.0,2.4,8.0,256.0,5000,25.0,True,6.7,1080,2340,120.0,Punch Hole,3.0,50,1,12,Yes,Hybrid,2048.0,Android
realme,Realme P4R 5G (6GB RAM + 256GB),28999,58.0,True,False,False,MediaTek,Dimensity,Dimensity 6300,Octa Core,8.0,2.4,6.0,256.0,8000,45.0,True,6.81,720,1570,144.0,Punch Hole,1.0,50,1,8,,,,Android
oppo,Oppo Find X9s 5G (12GB RAM + 512GB),94999,,True,True,True,MediaTek,Dimensity,Dimensity 9500s,Octa Core,8.0,3.73,12.0,512.0,7025,80.0,True,6.59,1216,2640,120.0,Punch Hole,3.0,50,1,32,No,Not Supported,,Android
motorola,Motorola Razr Fold (16GB RAM + 512GB),159999,,True,True,False,Qualcomm,Snapdragon,Snapdragon 8 Gen5,Octa Core,8.0,3.8,16.0,512.0,6000,80.0,True,8.09,2232,2484,120.0,Punch Hole,3.0,50,2,32,No,Not Supported,,Not Specified
realme,Realme Narzo 100 Lite,16897,50.0,True,False,False,MediaTek,Dimensity,Dimensity 6300,Octa Core,8.0,2.4,4.0,64.0,7000,15.0,True,6.8,720,1570,144.0,Water Drop Notch,2.0,13,1,5,Yes,Hybrid,2048.0,Android
oppo,Oppo F33 5G (8GB RAM + 256GB),39999,64.0,True,False,True,MediaTek,Dimensity,Dimensity 6360 MAX,Octa Core,8.0,,8.0,256.0,7000,80.0,True,6.57,1080,2372,120.0,Punch Hole,2.0,50,1,16,Yes,Hybrid,,Android
realme,Realme C83 5G (6GB RAM + 128GB),20499,53.0,True,False,False,MediaTek,Dimensity,Dimensity 6300,Octa Core,8.0,2.4,6.0,128.0,7000,15.0,True,6.8,720,1570,144.0,Punch Hole,1.0,13,1,5,Yes,Hybrid,2048.0,Android
samsung,Samsung Galaxy S26 Plus (12GB RAM + 512GB),108499,79.0,True,True,False,Samsung,Exynos,Exynos 2600,Deca Core,10.0,3.8,12.0,512.0,4900,45.0,True,6.7,1440,3120,120.0,Punch Hole,3.0,50,1,12,,,,Android
infinix,Infinix Note Edge 5G (8GB RAM + 256GB),30999,67.0,True,True,True,MediaTek,Dimensity,Dimensity 7100,Octa Core,8.0,2.4,8.0,256.0,6500,45.0,True,6.78,1208,2644,120.0,Punch Hole,2.0,50,1,13,,,,Android
oppo,OPPO Reno 15 5G (12GB RAM + 512GB),55999,,True,False,True,Qualcomm,Snapdragon,Snapdragon 7 Gen4,Octa Core,8.0,2.8,12.0,512.0,6500,80.0,True,6.59,1256,2760,120.0,Punch Hole,3.0,50,1,50,No,Not Supported,,Android
realme,Realme 16 Pro Plus 5G (8GB+256GB),52469,,True,True,True,Qualcomm,Snapdragon,Snapdragon 7 Gen4,Octa Core,8.0,2.8,8.0,256.0,7000,80.0,True,6.8,1280,2800,144.0,Punch Hole,3.0,200,1,50,,,,Android
realme,Realme 16 Pro Plus 5G (12GB+256GB),56599,,True,True,True,Qualcomm,Snapdragon,Snapdragon 7 Gen4,Octa Core,8.0,2.8,12.0,256.0,7000,80.0,True,6.8,1280,2800,144.0,Punch Hole,3.0,200,1,50,,,,Android
realme,Realme Narzo 90x,21499,58.0,True,False,False,MediaTek,Dimensity,Dimensity 6300,Octa Core,8.0,2.4,6.0,128.0,7000,60.0,True,6.8,720,1570,144.0,Punch Hole,2.0,50,1,8,Yes,Hybrid,2048.0,Android
iqoo,iQOO Z10x,27985,57.0,True,False,True,MediaTek,Dimensity,Dimensity 7300,Octa Core,8.0,2.5,6.0,128.0,6500,44.0,True,6.72,1080,2408,120.0,Punch Hole,2.0,50,1,8,,,,Android
vivo,Vivo V50e (8GB RAM +256GB),35999,67.0,True,False,False,MediaTek,Dimensity,Dimensity 7300,Octa Core,8.0,2.5,8.0,256.0,5600,90.0,True,6.77,1080,2392,120.0,Punch Hole,2.0,50,1,50,No,Not Supported,,Android
samsung,Samsung Galaxy A36 5G (12GB RAM + 256GB),41999,67.0,True,True,False,Qualcomm,Snapdragon,Snapdragon 6 Gen3,Octa Core,8.0,2.4,12.0,256.0,5000,45.0,True,6.7,1080,2340,120.0,Punch Hole,3.0,50,1,12,,,,Android
realme,Realme 14 Pro Plus (12GB RAM + 256GB),34999,70.0,True,False,False,Qualcomm,Snapdragon,Snapdragon 7s Gen3,Octa Core,8.0,2.5,12.0,256.0,6000,80.0,True,6.83,1272,2800,120.0,Punch Hole,3.0,50,1,32,No,Not Supported,,Android
samsung,Samsung Galaxy Z Flip 6 5G,71699,,True,True,False,Qualcomm,Snapdragon,Snapdragon 8 Gen3,Octa Core,8.0,3.3,12.0,256.0,4000,25.0,True,6.7,1080,2640,120.0,Punch Hole,2.0,50,1,10,No,Not Supported,,Not Specified
realme,Realme GT 6 5G (12GB RAM + 256GB),46890,79.0,True,True,True,Qualcomm,Snapdragon,Snapdragon 8s Gen3,Octa Core,8.0,3.0,12.0,256.0,5500,120.0,True,6.78,1264,2780,120.0,Punch Hole,3.0,50,1,32,No,Not Supported,,Android
vivo,Vivo X Fold 3 Pro,124999,,True,True,True,Qualcomm,Snapdragon,Snapdragon 8 Gen3,Octa Core,8.0,3.3,16.0,512.0,5700,100.0,True,8.03,2200,2480,120.0,Punch Hole,3.0,64,2,32,No,Not Supported,,Not Specified
poco,Poco F6 5G (12GB RAM +256GB),39700,72.0,True,True,True,Qualcomm,Snapdragon,Snapdragon 8s Gen3,Octa Core,8.0,3.0,12.0,256.0,5000,90.0,True,6.67,1220,2712,120.0,Punch Hole,2.0,50,1,20,No,Not Supported,,Android
samsung,Samsung Galaxy M55,28999,62.0,True,True,False,Qualcomm,Snapdragon,Snapdragon 7 Gen1,Octa Core,8.0,2.4,8.0,128.0,5000,45.0,True,6.67,1080,2400,120.0,Punch Hole,3.0,50,1,50,Yes,Hybrid,1024.0,Android
samsung,Samsung Galaxy S24 (8GB RAM + 128GB),49999,74.0,True,True,False,Samsung,Exynos,Exynos 2400,Deca Core,10.0,3.2,8.0,128.0,4000,25.0,True,6.2,1080,2340,120.0,Punch Hole,3.0,50,1,12,,,,Android
vivo,Vivo Y28 5G,24999,54.0,True,False,False,MediaTek,Dimensity,Dimensity 6020,Octa Core,8.0,2.2,4.0,128.0,5000,15.0,True,6.56,720,1612,90.0,Water Drop Notch,2.0,50,1,8,Yes,Hybrid,1024.0,Android
motorola,Motorola Moto G84 5G,22999,62.0,True,True,False,Qualcomm,Snapdragon,Snapdragon 695,Octa Core,8.0,2.2,12.0,256.0,5000,30.0,True,6.55,1080,2400,120.0,Punch Hole,2.0,50,1,16,Yes,Hybrid,,Android
samsung,Samsung Galaxy A14 5G,18499,52.0,True,False,False,Samsung,Exynos,Exynos 1330,Octa Core,8.0,2.4,4.0,64.0,5000,15.0,True,6.6,1080,2408,90.0,Water Drop Notch,3.0,50,1,13,Yes,Dedicated,1024.0,Android
samsung,Samsung Galaxy Z Fold 4,89449,,True,True,False,Qualcomm,Snapdragon,Snapdragon  8+ Gen1,Octa Core,8.0,3.2,12.0,256.0,4400,25.0,True,7.6,1812,2176,120.0,Punch Hole,3.0,50,2,10,,,,Android
oneplus,OnePlus 10 Pro 5G,42000,74.0,True,True,False,Qualcomm,Snapdragon,Snapdragon 8 Gen1,Octa Core,8.0,3.0,8.0,128.0,5000,80.0,True,6.7,1440,3216,120.0,Punch Hole,3.0,50,1,32,,,,Android
google,Google Pixel 11 Pro XL (16GB RAM + 512GB),149999,,True,True,False,Google,Tensor,Tensor G6,,,,16.0,512.0,5115,,True,6.8,1344,2992,120.0,Punch Hole,3.0,50,1,42,,,,Android
samsung,Samsung Galaxy Z Fold 8 (12GB RAM + 512GB),194999,,True,True,False,Qualcomm,Snapdragon,Snapdragon 8 Elite Gen 5 for Galaxy,Octa Core,8.0,4.74,12.0,512.0,4800,45.0,True,7.6,1828,2448,120.0,Punch Hole,2.0,50,2,10,,,,Android
realme,Realme Narzo 100x 5G (6GB RAM + 256GB),26155,61.0,True,False,False,MediaTek,Dimensity,Dimensity 6300,Octa Core,8.0,2.4,6.0,256.0,8000,45.0,True,6.81,720,1570,144.0,Punch Hole,2.0,50,1,8,Yes,Hybrid,,Android
xiaomi,Xiaomi 17T 5G (12GB RAM + 512GB),69999,,True,True,True,MediaTek,Dimensity,Dimensity 8500 Ultra,Octa Core,8.0,3.4,12.0,512.0,6500,67.0,True,6.59,1268,2756,120.0,Punch Hole,3.0,50,1,32,,,,Android
realme,Realme 16T 5G (8GB RAM + 256GB),34999,66.0,True,False,False,MediaTek,Dimensity,Dimensity 6300,Octa Core,8.0,2.4,8.0,256.0,8000,45.0,True,6.8,720,1570,144.0,Punch Hole,2.0,50,1,16,Yes,Hybrid,2048.0,Android
ai+,Ai+ Nova Flip,49999,74.0,True,True,False,MediaTek,Dimensity,Dimensity 7300X,Octa Core,8.0,2.5,8.0,256.0,4325,,True,6.9,2790,1188,,Punch Hole,2.0,50,1,32,No,Not Supported,,Not Specified
iqoo,iQOO Z11x 5G (8GB RAM + 128GB),29000,66.0,True,False,True,MediaTek,Dimensity,Dimensity 7400 Turbo,Octa Core,8.0,2.6,8.0,128.0,7200,44.0,True,6.76,1080,2344,120.0,Punch Hole,2.0,50,1,32,,,,Android
karbonn,Karbonn K9 4G LTE,2499,,False,False,False,MediaTek,Helio,Helio,Single Core,1.0,1.0,64.0,128.0,2000,,True,2.4,128,320,,,1.0,2,1,,Yes,Hybrid,128.0,Not Specified
poco,POCO C85 5G (8GB RAM + 128GB),20985,58.0,True,True,False,MediaTek,Dimensity,Dimensity 6300,Octa Core,8.0,2.4,8.0,128.0,6000,33.0,True,6.9,720,1600,120.0,Punch Hole,2.0,50,1,8,Yes,Hybrid,1024.0,Android
motorola,Motorola Moto A100,1066,,False,False,False,Unisoc,Unisoc,Unisoc,,,0.001,4.0,36.0,800,,False,1.44,240,320,,,0.0,,1,,Yes,Dedicated,,Not Specified
realme,Realme C85 5G,20999,54.0,True,True,False,MediaTek,Dimensity,Dimensity 6300,Octa Core,8.0,2.4,4.0,128.0,7000,45.0,True,6.8,720,1570,144.0,Punch Hole,1.0,50,1,8,Yes,Dedicated,,Android
itel,itel Muzik 450,1735,,False,False,False,,,,Single Core,1.0,0.001,4.0,4.0,3000,,True,2.4,240,320,,,1.0,0.3,1,,Yes,Dedicated,32.0,Not Specified
samsung,Samsung Galaxy Z Flip 7 5G,94999,,True,True,False,Samsung,Exynos,Exynos 2500,Deca Core,10.0,3.3,12.0,256.0,4300,25.0,True,6.9,1080,2520,120.0,Punch Hole,2.0,50,1,10,No,Not Supported,,Not Specified
realme,Realme Narzo 80 Lite 5G,19490,53.0,True,False,False,MediaTek,Dimensity,Dimensity 6300,Octa Core,8.0,2.4,4.0,128.0,6000,15.0,True,6.67,720,1604,120.0,Punch Hole,2.0,32,1,8,Yes,Hybrid,2048.0,Android
samsung,Samsung Galaxy S25 Edge (12GB RAM + 512GB),79499,,True,True,False,Qualcomm,Snapdragon,Snapdragon 8 Elite,Octa Core,8.0,4.47,12.0,512.0,3900,25.0,True,6.7,1440,3120,120.0,Punch Hole,2.0,200,1,12,,,,Android
oppo,OPPO Reno 12 Pro 5G (12GB RAM + 512GB),47999,75.0,True,True,True,MediaTek,Dimensity,Dimensity 7300 Energy,Octa Core,8.0,2.5,12.0,512.0,5000,80.0,True,6.7,1080,2412,120.0,Punch Hole,3.0,50,1,50,Yes,Hybrid,,Android
oppo,Oppo F25 Pro 5G,28999,66.0,True,False,False,MediaTek,Dimensity,Dimensity 7050,Octa Core,8.0,2.6,8.0,128.0,5000,67.0,True,6.7,1080,2412,120.0,Punch Hole,3.0,64,1,32,Yes,Hybrid,2048.0,Android
xiaomi,Xiaomi 14,74999,,True,True,True,Qualcomm,Snapdragon,Snapdragon 8 Gen3,Octa Core,8.0,3.3,12.0,512.0,4610,90.0,True,6.36,1200,2670,120.0,Punch Hole,3.0,50,1,32,No,Not Supported,,Android
oppo,OPPO Reno 11 Pro 5G,37999,72.0,True,True,True,MediaTek,Dimensity,Dimensity 8200,Octa Core,8.0,3.1,12.0,256.0,4600,80.0,True,6.7,1080,2412,120.0,Punch Hole,3.0,50,1,32,,,,Android
oppo,OPPO Reno 11 (8GB RAM + 256GB),33900,71.0,True,True,True,MediaTek,Dimensity,Dimensity 7050,Octa Core,8.0,2.6,8.0,256.0,5000,67.0,True,6.7,1080,2412,120.0,Punch Hole,3.0,50,1,32,Yes,Hybrid,2048.0,Android
samsung,Samsung Galaxy A15 5G,26990,57.0,True,False,False,MediaTek,Dimensity,Dimensity 6100 Plus,Octa Core,8.0,2.2,8.0,128.0,5000,25.0,True,6.5,1080,2340,90.0,Water Drop Notch,3.0,50,1,13,Yes,Hybrid,1024.0,Android
oneplus,OnePlus 11R 5G (18GB RAM + 512GB),45999,71.0,True,True,True,Qualcomm,Snapdragon,Snapdragon 8+ Gen1,Octa Core,8.0,3.2,18.0,512.0,5000,100.0,True,6.74,1240,2772,120.0,Punch Hole,3.0,50,1,16,,,,Android
samsung,Samsung Galaxy Z Fold 5,154999,,True,True,False,Qualcomm,Snapdragon,Snapdragon 8 Gen 2,Octa Core,8.0,3.36,12.0,256.0,4400,25.0,True,7.6,1812,2176,120.0,Punch Hole,3.0,50,2,10,,,,Android
nokia,Nokia 110 4G 2023,2599,,False,False,False,,,,,,,128.0,48.0,1450,,False,1.8,120,160,,,1.0,0.3,1,,Yes,Dedicated,32.0,Other
oppo,Oppo Reno 10 Pro Plus,44999,74.0,True,True,True,Qualcomm,Snapdragon,Snapdragon 8+ Gen1,Octa Core,8.0,3.2,12.0,256.0,4700,100.0,True,6.74,1240,2772,120.0,Punch Hole,3.0,64,1,32,,,,Android
samsung,Samsung Galaxy F54,35999,68.0,True,True,False,Samsung,Exynos,Exynos 1380,Octa Core,8.0,2.4,8.0,256.0,6000,25.0,True,6.7,1080,2408,120.0,Punch Hole,3.0,108,1,32,Yes,Hybrid,1024.0,Android
xiaomi,Xiaomi Redmi Note 12 Pro 5G,25599,62.0,True,False,True,MediaTek,Dimensity,Dimensity 1080,Octa Core,8.0,2.6,6.0,128.0,5000,67.0,True,6.67,1080,2400,120.0,Punch Hole,3.0,50,1,16,,,,Android
xiaomi,Xiaomi Redmi K50i 5G,19500,63.0,True,False,True,MediaTek,Dimensity,Dimensity  8100,Octa Core,8.0,2.85,6.0,128.0,5080,67.0,True,6.6,1080,2460,144.0,Punch Hole,3.0,64,1,16,,,,Android
samsung,Samsung Galaxy Z Flip 3 5G (8GB RAM + 256GB),43499,67.0,True,True,False,Qualcomm,Snapdragon,Snapdragon 888,Octa Core,8.0,2.84,8.0,256.0,3300,15.0,True,6.7,1080,2640,120.0,Punch Hole,2.0,12,1,10,No,Not Supported,,Not Specified
motorola,Motorola Moto G60,21999,58.0,False,True,False,Qualcomm,Snapdragon,Snapdragon  732G,Octa Core,8.0,2.3,6.0,128.0,6000,20.0,True,6.78,1080,2460,120.0,Punch Hole,3.0,108,1,32,Yes,Hybrid,1024.0,Android
oneplus,OnePlus 8T,29264,63.0,True,True,False,Qualcomm,Snapdragon,Snapdragon 865,Octa Core,8.0,2.84,8.0,128.0,4500,65.0,True,6.55,1080,2400,120.0,Punch Hole,4.0,48,1,16,No,Not Supported,,Android
xiaomi,Xiaomi Mi A2,11990,,False,False,True,Qualcomm,Snapdragon,Snapdragon 660,Octa Core,8.0,2.2,4.0,64.0,3010,,True,5.99,1080,2160,,,2.0,20,1,20,No,Not Supported,,Android
peace,Peace i Ultra,10999,,False,False,False,,,,Single Core,1.0,,6.0,64.0,5000,,False,6.61,720,1640,,Punch Hole,1.0,20,1,8,Yes,Dedicated,,S30+ / Feature OS
philips,Philips E2112S,1699,,,,,,,,,,,32.0,32.0,2500,,False,2.2,,,,,1.0,,1,,Yes,Dedicated,32.0,Not Specified
realme,Realme 16x 5G (6GB RAM + 256GB),27999,59.0,True,False,False,MediaTek,Dimensity,Dimensity 6300,Octa Core,8.0,2.4,6.0,256.0,7000,45.0,True,6.81,1570,720,144.0,Punch Hole,1.0,50,1,8,Yes,Hybrid,,Android
google,Google Pixel 11 5G (12GB RAM + 512GB),104999,75.0,True,True,False,Google,Tensor,Tensor G6,,,,12.0,512.0,4985,30.0,True,6.3,1080,2424,120.0,Punch Hole,3.0,48,1,10.5,,,,Android
samsung,Samsung Galaxy Z Fold 8 Ultra (12GB RAM + 512GB),214999,,True,True,False,Qualcomm,Snapdragon,Snapdragon 8 Elite Gen 5 For Galaxy,Octa Core,8.0,4.74,12.0,512.0,5000,45.0,True,8.0,2256,2504,120.0,Punch Hole,3.0,200,2,10,,,,Android
philips,Philips E2222,1999,,,,,,,,,,,32.0,32.0,1700,,False,2.44,160,283,,,1.0,,1,,Yes,Dedicated,32.0,Not Specified
tecno,Tecno POP X 5G (6GB RAM + 128GB),17999,53.0,True,False,True,MediaTek,Dimensity,Dimensity 6400,Octa Core,8.0,2.5,6.0,128.0,6500,45.0,True,6.78,720,1576,120.0,Punch Hole,1.0,13,1,8,Yes,Dedicated,1024.0,Android
wobble,Wobble One 5G (8GB RAM + 256GB),28999,66.0,True,False,False,MediaTek,Dimensity,Dimensity 7400,Octa Core,8.0,2.6,8.0,256.0,5000,33.0,True,6.67,1080,1920,120.0,Punch Hole,3.0,50,1,50,,,,Android
realme,Realme P4 Lite 5G (4GB RAM + 128GB),18999,50.0,True,False,False,MediaTek,Dimensity,Dimensity 6300,Octa Core,8.0,2.4,4.0,128.0,7000,15.0,True,6.81,720,1570,144.0,Punch Hole,1.0,13,1,5,Yes,Hybrid,,Android
oppo,Oppo A6s 5G (6GB RAM + 128GB),24999,54.0,True,False,False,MediaTek,Dimensity,Dimensity 6300,Octa Core,8.0,2.4,6.0,128.0,6500,45.0,True,6.75,720,1570,120.0,Punch Hole,2.0,50,1,5,Yes,Hybrid,,Android
apple,Apple iPhone 17e (512GB),84900,64.0,True,True,False,Apple,Apple,Apple A19,Hexa Core,6.0,,8.0,512.0,4005,,True,6.1,1170,2532,,Small Notch,1.0,48,1,12,No,Not Supported,,iOS
coolpad,Coolpad C35c 4G,10499,,False,False,False,MediaTek,Helio,Helio G81,Octa Core,8.0,2.0,4.0,64.0,5000,10.0,True,6.56,720,1600,,Water Drop Notch,1.0,13,1,5,Yes,Dedicated,,Android
nokia,Nokia 110 Power,1806,,False,False,False,,,,,,,4.0,4.0,1750,,False,2.0,,,,,1.0,,1,,,,,S30+ / Feature OS
peace,Peace Honor 20 (4GB RAM + 64GB),6800,,False,False,False,MediaTek,Helio,Helio,Single Core,1.0,,4.0,64.0,2000,,False,4.5,412,960,,,1.0,8,1,5,,,,Android
tecno,Tecno Spark GO 3,12499,,False,False,True,Unisoc,Unisoc,Unisoc T7250,Octa Core,8.0,1.8,4.0,64.0,5000,15.0,True,6.74,720,1600,120.0,Punch Hole,1.0,13,1,8,Yes,Dedicated,1024.0,Android
realme,Realme 16 Pro 5G (12GB RAM + 256GB),47599,,True,False,False,MediaTek,Dimensity,Dimensity 7300 Max,Octa Core,8.0,2.5,12.0,256.0,7000,80.0,True,6.78,1272,2772,144.0,Punch Hole,2.0,200,1,50,No,Not Supported,,Android
xiaomi,Xiaomi Redmi 15C 5G (8GB RAM + 128GB),21995,57.0,True,False,False,MediaTek,Dimensity,Dimensity 6300,Octa Core,8.0,2.4,8.0,128.0,6000,33.0,True,6.9,720,1600,120.0,Punch Hole,2.0,50,1,8,Yes,Dedicated,1024.0,Android
motorola,Motorola Moto A300,1403,,False,False,False,,,,,,0.002,4.0,32.0,1000,,False,2.0,320,240,,,1.0,1.3,1,,Yes,Dedicated,64.0,Not Specified
oppo,Oppo F31 5G (8GB RAM + 256GB),36999,66.0,True,False,True,MediaTek,Dimensity,Dimensity 6300,Octa Core,8.0,2.4,8.0,256.0,7000,80.0,True,6.57,1080,2412,120.0,Punch Hole,2.0,50,1,16,Yes,Hybrid,,Android
oppo,Oppo F31 Pro Plus 5G (12GB RAM + 256GB),34999,71.0,True,False,False,Qualcomm,Snapdragon,Snapdragon 7 Gen3,Octa Core,8.0,2.63,12.0,256.0,7000,80.0,True,6.8,1280,2800,120.0,Punch Hole,2.0,50,1,32,,,,Android
apple,Apple iPhone 17 Pro (1TB),169490,76.0,True,True,False,Apple,Apple,Apple A19 Pro,Hexa Core,6.0,,12.0,1.0,3988,,True,6.3,1206,2622,120.0,Dynamic Island,3.0,48,1,18,No,Not Supported,,iOS
lava,Lava Bold N1 5G,11999,,True,False,False,Unisoc,Unisoc,Unisoc T765,Octa Core,8.0,2.3,4.0,64.0,5000,10.0,True,6.75,720,1600,,Water Drop Notch,1.0,13,1,5,Yes,Dedicated,,Android
vivo,Vivo X Fold 5 5G,139999,,True,True,True,Qualcomm,Snapdragon,Snapdragon 8 Gen3,Octa Core,8.0,3.3,16.0,512.0,6000,80.0,True,8.03,2200,2480,120.0,Punch Hole,3.0,50,2,20,,,,Android
samsung,Samsung Galaxy F06 5G (6GB RAM + 128GB),15999,,True,False,False,MediaTek,Dimensity,Dimensity 6300,Octa Core,8.0,2.4,6.0,128.0,5000,25.0,True,6.7,720,1600,,Water Drop Notch,2.0,50,1,8,Yes,Hybrid,1024.0,Android
vivo,Vivo Y300 5G,26999,61.0,True,False,False,Qualcomm,Snapdragon,Snapdragon 4 Gen2,Octa Core,8.0,2.2,8.0,128.0,5000,80.0,True,6.67,1080,2400,120.0,Punch Hole,2.0,50,1,32,Yes,Hybrid,2048.0,Android
realme,Realme GT 7 Pro 5G,64999,79.0,True,True,True,Qualcomm,Snapdragon,Snapdragon 8 Elite,Octa Core,8.0,4.32,12.0,256.0,5800,120.0,True,6.78,1264,2780,120.0,Punch Hole,3.0,50,1,16,No,Not Supported,,Android
oppo,Oppo F27 Pro Plus 5G (8GB RAM +128GB),29299,64.0,True,False,False,MediaTek,Dimensity,Dimensity 7050,Octa Core,8.0,2.6,8.0,128.0,5000,67.0,True,6.7,1080,2412,120.0,Punch Hole,2.0,64,1,8,,,,Android
samsung,Samsung Galaxy A55 5G (12GB RAM + 256GB),48990,66.0,True,True,False,Samsung,Exynos,Exynos 1480,Octa Core,8.0,2.7,12.0,256.0,5000,25.0,True,6.6,1080,2340,120.0,Punch Hole,3.0,50,1,32,Yes,Hybrid,1024.0,Android
honor,Honor 90 5G (12GB RAM +512GB),89999,67.0,True,True,False,Qualcomm,Snapdragon,Snapdragon 7 Gen 1 Accelerated Edition,Octa Core,8.0,2.36,12.0,512.0,5000,66.0,True,6.7,1200,2664,120.0,Punch Hole,3.0,200,1,50,,,,Android
samsung,Samsung Galaxy Z Flip 5,62900,76.0,True,True,False,Qualcomm,Snapdragon,Snapdragon 8 Gen 2,Octa Core,8.0,3.2,8.0,256.0,3700,25.0,True,6.7,1080,2640,120.0,Punch Hole,2.0,12,1,10,No,Not Supported,,Not Specified
realme,Realme GT 2 Pro 5G,32499,68.0,True,True,False,Qualcomm,Snapdragon,Snapdragon 8 Gen1,Octa Core,8.0,3.0,8.0,128.0,5000,65.0,True,6.7,1440,3216,120.0,Punch Hole,3.0,50,1,32,,,,Android
ringme,Ringme Bold S170 Air Pro,13000,,False,False,False,MediaTek,Helio,Helio,Dual Core,2.0,1.7,6.0,64.0,5000,,False,6.61,128,160,,Punch Hole,1.0,20,1,8,Yes,Hybrid,128.0,S30+ / Feature OS
jmax,Jmax Mini GO-C,799,,False,False,False,,,,Single Core,1.0,,32.0,32.0,800,,False,1.0,120,240,,,0.0,,1,,,,,Symbian
peace,Peace I17 Pro,9999,,False,False,False,MediaTek,Helio,Helio MT8125,,,,6.0,64.0,5000,,False,6.6,1440,720,,,1.0,20,1,8,Yes,Dedicated,128.0,Android
iqoo,iQOO Z11 Lite 5G (6GB RAM + 256GB),26499,58.0,True,False,False,MediaTek,Dimensity,Dimensity 6300,Octa Core,8.0,2.4,6.0,256.0,6500,44.0,True,6.74,720,1600,120.0,Water Drop Notch,2.0,50,1,5,Yes,Hybrid,2048.0,Android
ringme,Ringme Bold 17 Pro,9899,,False,False,False,,,,Dual Core,2.0,,4.0,64.0,4000,,False,6.68,1640,720,,,1.0,13,1,,,,,Android
samsung,Samsung Galaxy A27 (8GB RAM + 128GB),38999,64.0,True,True,False,Qualcomm,Snapdragon,Snapdragon 6 Gen3,Octa Core,8.0,2.4,8.0,128.0,5000,25.0,True,6.7,1080,2340,120.0,Punch Hole,3.0,50,1,12,Yes,Hybrid,2048.0,Android
ai+,Ai+ Nova 2 Neo,15999,53.0,True,False,False,MediaTek,Dimensity,Dimensity 6300,Octa Core,8.0,2.4,4.0,128.0,6000,,True,6.75,720,1600,120.0,Water Drop Notch,1.0,48,1,8,Yes,Dedicated,2048.0,Android
ai+,Ai+ Nova 2 Neo 5G (6GB RAM + 128GB),16999,53.0,True,False,False,MediaTek,Dimensity,Dimensity 6300,Octa Core,8.0,2.4,6.0,128.0,6000,,True,6.75,720,1600,120.0,Water Drop Notch,1.0,48,1,8,Yes,Dedicated,2048.0,Android
hmd,HMD Vibe 2 5G (6GB RAM + 128GB),19999,52.0,True,False,False,Unisoc,Unisoc,Unisoc T8200,Octa Core,8.0,2.3,6.0,128.0,6000,18.0,True,6.75,720,1600,120.0,Water Drop Notch,2.0,50,1,8,Yes,Hybrid,1024.0,Android
realme,Realme 16T 5G (8GB RAM + 128GB),30999,64.0,True,False,False,MediaTek,Dimensity,Dimensity 6300,Octa Core,8.0,2.4,8.0,128.0,8000,45.0,True,6.8,720,1570,144.0,Punch Hole,2.0,50,1,16,Yes,Hybrid,2048.0,Android
xiaomi,Xiaomi Redmi A7 Pro 4G,12625,,False,False,False,Unisoc,Unisoc,Unisoc T7250,Octa Core,8.0,1.8,4.0,64.0,6300,15.0,True,6.9,1600,720,120.0,Water Drop Notch,1.0,13,1,8,Yes,Dedicated,2048.0,Android
tecno,Tecno Spark 50 5G (6GB RAM + 128GB),22999,55.0,True,False,True,MediaTek,Dimensity,Dimensity 6400,Octa Core,8.0,2.5,6.0,128.0,6500,45.0,True,6.78,720,1576,120.0,Punch Hole,1.0,50,1,8,Yes,Dedicated,,Android
samsung,Samsung Galaxy A37 5G (12GB RAM + 256 GB),53999,71.0,True,True,False,Samsung,Exynos,Exynos 1480,Octa Core,8.0,2.7,12.0,256.0,5000,45.0,True,6.7,1080,2340,120.0,Punch Hole,3.0,50,1,12,No,Not Supported,,Android
ai+,Ai+ Pulse 2 (6GB RAM + 128GB),12899,,False,False,False,Unisoc,Unisoc,Unisoc T7250,Octa Core,8.0,1.8,6.0,128.0,6000,10.0,True,6.75,720,1600,120.0,Water Drop Notch,2.0,50,1,8,Yes,Dedicated,1024.0,Android
infinix,Infinix Note Edge 5G (8GB RAM + 128GB),28999,66.0,True,True,True,MediaTek,Dimensity,Dimensity 7100,Octa Core,8.0,2.4,8.0,128.0,6500,45.0,True,6.78,1208,2644,120.0,Punch Hole,2.0,50,1,13,,,,Android
lava,Lava Play Max,18599,54.0,True,False,False,MediaTek,Dimensity,Dimensity 7300,Octa Core,8.0,2.5,6.0,128.0,5000,33.0,True,6.72,1080,1920,120.0,Punch Hole,1.0,50,1,8,Yes,Hybrid,1024.0,Android
oneplus,OnePlus 15R (12GB RAM + 512GB),74999,,True,True,True,Qualcomm,Snapdragon,Snapdragon 8 Gen5,Octa Core,8.0,3.84,12.0,512.0,7400,80.0,True,6.83,1272,2800,165.0,Punch Hole,2.0,50,1,32,No,Not Supported,,Android
realme,Realme 15x 5G (8GB RAM + 128GB),25999,61.0,True,False,False,MediaTek,Dimensity,Dimensity 6300,Octa Core,8.0,2.4,8.0,128.0,7000,60.0,True,6.81,720,1570,144.0,Punch Hole,2.0,50,1,50,Yes,Hybrid,,Android
infinix,Infinix Smart 10,11865,,False,False,False,Unisoc,Unisoc,Unisoc T7250,Octa Core,8.0,1.8,4.0,64.0,5000,15.0,True,6.67,720,1600,120.0,Punch Hole,1.0,8,1,8,Yes,Dedicated,,Android
realme,Realme Narzo 80 Lite 4G,13498,,False,False,False,Unisoc,Unisoc,Unisoc T7250,Octa Core,8.0,1.8,4.0,128.0,6300,15.0,True,6.74,720,1600,90.0,Punch Hole,1.0,13,1,5,Yes,Hybrid,,Android
alcatel,Alcatel V3 Ultra,17500,63.0,True,True,False,MediaTek,Dimensity,Dimensity 6300,Octa Core,8.0,2.4,6.0,128.0,5010,33.0,True,6.78,1080,2460,120.0,Punch Hole,3.0,108,1,32,Yes,Dedicated,2048.0,Android
alcatel,Alcatel V3 Pro,17199,59.0,True,True,False,MediaTek,Dimensity,Dimensity 6300,Octa Core,8.0,2.4,8.0,256.0,5200,18.0,True,6.67,720,1600,120.0,Punch Hole,2.0,50,1,8,Yes,Hybrid,2048.0,Android
iqoo,iQOO Z10x 5G (8GB RAM + 128GB),29974,58.0,True,False,True,MediaTek,Dimensity,Dimensity 7300,Octa Core,8.0,2.5,8.0,128.0,6500,44.0,True,6.72,1080,2408,120.0,Punch Hole,2.0,50,1,8,,,,Android
apple,Apple iPhone 16e (256GB),69900,64.0,True,True,False,Apple,Bionic,Bionic A18,Hexa Core,6.0,4.04,8.0,256.0,4005,,True,6.1,1170,2532,,Small Notch,1.0,48,1,12,No,Not Supported,,iOS
samsung,Samsung Galaxy S25 (12GB RAM + 512GB),92999,79.0,True,True,False,Qualcomm,Snapdragon,Snapdragon 8 Elite,Octa Core,8.0,4.47,12.0,512.0,4000,25.0,True,6.2,1080,2340,120.0,Punch Hole,3.0,50,1,12,,,,Android
oppo,OPPO Reno 13 Pro 5G,54999,79.0,True,True,True,MediaTek,Dimensity,Dimensity 8350,Octa Core,8.0,3.35,12.0,256.0,5800,80.0,True,6.83,1272,2800,120.0,Punch Hole,3.0,50,1,50,,,,Android
oppo,OPPO Reno 12 Pro 5G,51999,74.0,True,True,True,MediaTek,Dimensity,Dimensity 7300 Energy,Octa Core,8.0,2.5,12.0,256.0,5000,80.0,True,6.7,1080,2412,120.0,Punch Hole,3.0,50,1,50,Yes,Hybrid,,Android
samsung,Samsung Galaxy F55 5G,28999,64.0,True,True,False,Qualcomm,Snapdragon,Snapdragon 7 Gen1,Octa Core,8.0,2.4,8.0,128.0,5000,45.0,True,6.7,1080,2400,120.0,Punch Hole,3.0,50,1,50,Yes,Hybrid,1024.0,Android
xiaomi,Xiaomi Redmi Note 13 5G (8GB RAM + 256GB),25999,66.0,True,False,True,MediaTek,Dimensity,Dimensity 6080,Octa Core,8.0,2.4,8.0,256.0,5000,33.0,True,6.67,1080,2400,120.0,Punch Hole,3.0,108,1,16,Yes,Hybrid,1024.0,Android
itel,itel it5330,1499,,False,False,False,,,,,,,32.0,32.0,1900,,False,2.8,320,240,,,1.0,0.3,1,,Yes,Dedicated,32.0,Other
oppo,OPPO A79 5G,22999,55.0,True,False,False,MediaTek,Dimensity,Dimensity 6020,Octa Core,8.0,2.2,8.0,128.0,5000,33.0,True,6.72,1080,2400,90.0,Punch Hole,2.0,50,1,8,Yes,Dedicated,1024.0,Android
motorola,Motorola Edge 40 Neo,26990,63.0,True,True,False,MediaTek,Dimensity,Dimensity 7030,Octa Core,8.0,2.5,8.0,128.0,5000,68.0,True,6.55,1080,2400,144.0,Punch Hole,2.0,50,1,32,No,Not Supported,,Android
samsung,Samsung Galaxy F34 5G,24499,61.0,True,True,False,Samsung,Exynos,Exynos 1280,Octa Core,8.0,2.4,6.0,128.0,6000,25.0,True,6.5,1080,2340,120.0,Water Drop Notch,3.0,50,1,13,Yes,Hybrid,1024.0,Android
nokia,Nokia 105 Dual Sim 2023,1065,,False,False,False,,,,,,,4.0,4.0,1000,,False,1.8,120,160,,,0.0,,1,,Yes,Dedicated,,Not Specified
motorola,Motorola Moto G32 (8GB RAM + 128GB),18999,53.0,False,False,False,Qualcomm,Snapdragon,Snapdragon 680,Octa Core,8.0,2.4,8.0,128.0,5000,33.0,True,6.55,1080,2400,90.0,Punch Hole,3.0,50,1,16,Yes,Hybrid,1024.0,Android
poco,Poco X5 Pro (8GB RAM + 256GB),24999,64.0,True,False,True,Qualcomm,Snapdragon,Snapdragon 778G,Octa Core,8.0,2.4,8.0,256.0,5000,67.0,True,6.67,1080,2400,120.0,Punch Hole,3.0,108,1,16,No,Not Supported,,Android
samsung,Samsung Galaxy S23 (8GB RAM + 256GB),95999,75.0,True,True,False,Qualcomm,Snapdragon,Snapdragon 8 Gen 2,Octa Core,8.0,3.36,8.0,256.0,3900,25.0,True,6.1,1080,2340,120.0,Punch Hole,3.0,50,1,12,,,,Android
itel,itel MagicX Play 4G,3299,,False,False,False,,,,,,,48.0,128.0,1900,,False,1.8,128,160,,,1.0,0.3,1,,Yes,Dedicated,64.0,Mocor
vivo,Vivo V25 Pro (12GB RAM + 256GB),39999,68.0,True,False,False,MediaTek,Dimensity,Dimensity 1300,Octa Core,8.0,3.0,12.0,256.0,4830,66.0,True,6.56,1080,2376,120.0,Punch Hole,3.0,64,1,32,,,,Android
realme,Realme C35 (4GB RAM + 128GB),10999,,False,False,False,Unisoc,Tiger,Tiger  T616,Octa Core,8.0,2.0,4.0,128.0,5000,18.0,True,6.6,1080,2408,90.0,Water Drop Notch,3.0,50,1,8,Yes,Dedicated,1024.0,Android
xiaomi,Xiaomi Redmi Note 11T 5G (8GB RAM + 128GB),19599,57.0,True,False,True,MediaTek,Dimensity,Dimensity  810 5G,Octa Core,8.0,2.4,8.0,128.0,5000,33.0,True,6.6,1080,2400,90.0,Punch Hole,2.0,50,1,16,Yes,Hybrid,1024.0,Android
samsung,Samsung Galaxy F22,14999,50.0,False,False,False,MediaTek,Helio,Helio G80,Octa Core,8.0,2.0,4.0,64.0,6000,,False,6.4,720,1600,90.0,Water Drop Notch,4.0,48,1,13,Yes,Dedicated,1024.0,Android
oneplus,OnePlus 9R (12GB RAM + 256GB),37999,64.0,True,True,False,Qualcomm,Snapdragon,Snapdragon 870,Octa Core,8.0,3.2,12.0,256.0,4500,65.0,True,6.55,1080,2400,120.0,Punch Hole,4.0,48,1,16,No,Not Supported,,Android
poco,Poco X3 Pro,18990,57.0,False,False,True,Qualcomm,Snapdragon,Snapdragon 860,Octa Core,8.0,2.96,6.0,128.0,5160,33.0,True,6.67,1080,2400,120.0,Punch Hole,4.0,48,1,20,Yes,Hybrid,,Android
apple,Apple iPhone 8 Plus,77060,,False,True,False,Apple,Apple,Apple A11,Hexa Core,6.0,2.39,3.0,64.0,2691,,True,5.5,1080,1920,,,2.0,12,1,7,No,Not Supported,,iOS
philips,Philips S7221 5G (6GB RAM + 128GB),22499,52.0,True,False,False,Unisoc,Unisoc,Unisoc T765,Octa Core,8.0,2.0,6.0,128.0,5700,18.0,True,6.67,720,1612,,Punch Hole,2.0,64,1,16,,,,Android
mtr,MTR M17 Max,9600,,False,False,False,,,,,,0.512,3.0,32.0,5000,,False,6.5,320,480,,Punch Hole,1.0,8,1,,,,,Android
tecno,Tecno Pova 8 Pro 5G (12GB RAM + 512GB),54999,75.0,True,True,True,MediaTek,Dimensity,Dimensity 7400 Ultimate,Octa Core,8.0,2.6,12.0,512.0,6500,45.0,True,6.78,1208,2644,144.0,Punch Hole,2.0,50,1,13,,,,Android
oppo,OPPO Reno16c x BABYMONSTER,49999,75.0,True,False,False,MediaTek,Dimensity,Dimensity 7300 Energy,Octa Core,8.0,2.5,8.0,128.0,7000,80.0,True,6.57,2372,1080,120.0,Punch Hole,3.0,50,1,50,Yes,Hybrid,,Android
ringme,Ringme Bold 17 Pro (6GB RAM + 64GB),12018,,False,False,False,,,,Dual Core,2.0,,6.0,64.0,4000,,False,6.68,1640,720,,,1.0,13,1,,,,,Android
jmax,Jmax 1272,1499,,False,False,False,,,,Single Core,1.0,,32.0,32.0,1100,,False,2.4,320,480,,,0.0,,1,,,,,Symbian
tecno,Tecno Pova 8 5G (8GB RAM + 128GB),31999,64.0,True,True,True,MediaTek,Dimensity,Dimensity 7100,Octa Core,8.0,2.4,8.0,128.0,8000,,True,6.76,1080,2344,144.0,Punch Hole,2.0,50,1,13,Yes,Hybrid,1024.0,Android
infinix,Infinix Smart 20 (4GB RAM + 128GB),13990,,False,False,True,MediaTek,Helio,Helio G81 Ultimate,Octa Core,8.0,2.0,4.0,128.0,5200,15.0,True,6.78,720,1576,120.0,Punch Hole,1.0,8,1,8,Yes,Dedicated,2048.0,Android
lava,Lava Bold N2 5G,13499,,True,False,False,Unisoc,Unisoc,Unisoc T8200,Octa Core,8.0,,4.0,64.0,6000,18.0,True,6.75,720,1600,120.0,Water Drop Notch,2.0,13,1,5,Yes,Dedicated,1024.0,Android
poco,POCO C81,11963,,False,False,False,Unisoc,Unisoc,Unisoc T7250,Octa Core,8.0,1.8,4.0,64.0,6300,15.0,True,6.9,720,1600,120.0,Water Drop Notch,1.0,13,1,8,Yes,Dedicated,2048.0,Android
poco,POCO C81x,10918,,False,False,False,Unisoc,Unisoc,Unisoc T7250,Octa Core,8.0,1.8,3.0,64.0,5200,15.0,True,6.88,720,1640,120.0,Water Drop Notch,1.0,13,1,8,Yes,Dedicated,2048.0,Android
xiaomi,Xiaomi Redmi A7 4G,12445,,False,False,False,Unisoc,Unisoc,Unisoc T7250,Octa Core,8.0,1.8,3.0,64.0,5200,15.0,True,6.88,1640,720,120.0,Water Drop Notch,1.0,13,1,8,Yes,Dedicated,2048.0,Android
ai+,Ai+ Nova 2,13627,53.0,True,False,False,Unisoc,Unisoc,Unisoc T8200,Octa Core,8.0,2.3,4.0,64.0,6000,18.0,True,6.74,720,1600,120.0,Punch Hole,1.0,50,1,8,Yes,Dedicated,1024.0,Android
lava,Lava Hero Shakti 2026,956,,False,False,False,,,,,,0.002,4.0,32.0,1000,,False,1.8,160,128,,,0.0,,1,,Yes,Hybrid,,Not Specified
realme,Realme 16 5G (12GB RAM + 256GB),40999,71.0,True,False,False,MediaTek,Dimensity,Dimensity 6400 Turbo,Octa Core,8.0,2.5,12.0,256.0,7000,60.0,True,6.57,1080,2372,120.0,Punch Hole,2.0,50,1,50,Yes,Hybrid,,Android
realme,Realme P4 Lite 5G (6GB RAM + 128GB),21599,50.0,True,False,False,MediaTek,Dimensity,Dimensity 6300,Octa Core,8.0,2.4,6.0,128.0,7000,15.0,True,6.81,720,1570,144.0,Punch Hole,1.0,13,1,5,Yes,Hybrid,,Android
realme,Realme P4 Lite 4G (4GB RAM + 128GB),13999,,False,False,False,Unisoc,Unisoc,Unisoc T7250,Octa Core,8.0,1.8,4.0,128.0,6300,15.0,True,6.74,720,1600,,,1.0,13,1,5,Yes,Dedicated,,Android
iqoo,iQOO Z10 Lite 5G (4GB RAM + 64GB),16999,50.0,True,False,False,MediaTek,Dimensity,Dimensity 6300,Octa Core,8.0,2.4,4.0,64.0,6000,15.0,True,6.74,720,1600,90.0,,2.0,50,1,5,,,,Android
mtr,MTR M16 Pro,6400,,False,False,False,MediaTek,Helio,Helio,,,0.512,3.0,32.0,2000,,False,4.0,480,640,,Punch Hole,1.0,5,1,,,,,Android
vivo,Vivo Y19s 5G (4GB RAM + 128GB),20799,50.0,True,False,False,MediaTek,Dimensity,Dimensity 6300,Octa Core,8.0,2.4,4.0,128.0,6000,15.0,True,6.74,720,1600,90.0,Water Drop Notch,2.0,13,1,5,Yes,Dedicated,,Android
iqoo,iQOO Z10R (12GB RAM + 256GB),32999,67.0,True,False,False,MediaTek,Dimensity,Dimensity 7400,Octa Core,8.0,2.6,12.0,256.0,5700,44.0,True,6.77,1080,2392,120.0,Punch Hole,2.0,50,1,32,No,Not Supported,,Android
realme,Realme C71,12599,,False,False,False,Unisoc,Unisoc,Unisoc UMS9230E,Octa Core,8.0,1.8,4.0,64.0,6300,15.0,True,6.75,720,1600,90.0,Water Drop Notch,1.0,13,1,5,Yes,Dedicated,,Android
iqoo,iQOO Z10 Lite 5G (6GB RAM + 128GB),23999,52.0,True,False,False,MediaTek,Dimensity,Dimensity 6300,Octa Core,8.0,2.4,6.0,128.0,6000,15.0,True,6.74,720,1600,90.0,,2.0,50,1,5,,,,Android
alcatel,Alcatel V3 Classic,13990,55.0,True,True,False,MediaTek,Dimensity,Dimensity 6300,Octa Core,8.0,2.4,4.0,128.0,5200,18.0,True,6.67,720,1600,120.0,Punch Hole,2.0,50,1,8,Yes,Hybrid,2048.0,Android
oppo,Oppo A5 Pro 5G,29490,58.0,True,False,False,MediaTek,Dimensity,Dimensity 6300,Octa Core,8.0,2.4,8.0,128.0,5800,45.0,True,6.67,720,1604,120.0,Punch Hole,2.0,50,1,8,,,,Android
samsung,Samsung Galaxy M06 (6GB RAM + 128GB),18999,,True,False,False,MediaTek,Dimensity,Dimensity 6300,Octa Core,8.0,2.4,6.0,128.0,5000,25.0,True,6.74,720,1600,90.0,Water Drop Notch,2.0,50,1,8,Yes,Hybrid,1536.0,Android
oppo,OPPO Reno 13 5G (8GB+256GB),43999,72.0,True,True,True,MediaTek,Dimensity,Dimensity 8350,Octa Core,8.0,3.35,8.0,256.0,5600,80.0,True,6.59,1256,2760,120.0,Punch Hole,3.0,50,1,50,,,,Android
realme,Realme GT 7 Pro (16GB RAM + 512GB),65999,,True,True,True,Qualcomm,Snapdragon,Snapdragon 8 Elite,Octa Core,8.0,4.32,16.0,512.0,5800,120.0,True,6.78,1264,2780,120.0,Punch Hole,3.0,50,1,16,No,Not Supported,,Android
nokia,Nokia 6310 (2024),3499,,False,False,False,Unisoc,Unisoc,Unisoc 6531F,,,,8.0,16.0,1450,,False,2.8,240,320,,,1.0,0.3,1,,Yes,Dedicated,32.0,S30+ / Feature OS
oppo,OPPO A3x 4G,17900,,False,False,False,Qualcomm,Snapdragon,Snapdragon 6s Gen1 4G,Octa Core,8.0,,4.0,64.0,5100,45.0,True,6.67,720,1604,90.0,Punch Hole,2.0,8,1,5,Yes,Hybrid,,Android
oppo,OPPO F27 5G,26499,61.0,True,False,False,MediaTek,Dimensity,Dimensity 6300,Octa Core,8.0,2.4,8.0,128.0,5000,45.0,True,6.67,1080,2412,120.0,Punch Hole,2.0,50,1,32,Yes,Hybrid,2048.0,Android
samsung,Samsung Galaxy M35 5G (8GB RAM + 128GB),30999,61.0,True,True,False,Samsung,Exynos,Exynos 1380,Octa Core,8.0,2.4,8.0,128.0,6000,25.0,True,6.6,1080,2340,120.0,Punch Hole,3.0,50,1,13,Yes,Hybrid,1024.0,Android
vivo,Vivo Y58 5G,29999,59.0,True,False,False,Qualcomm,Snapdragon,Snapdragon 4 Gen2,Octa Core,8.0,2.2,8.0,128.0,6000,44.0,True,6.72,1080,2408,120.0,Punch Hole,2.0,50,1,8,Yes,Hybrid,1024.0,Android
samsung,Samsung Galaxy M55 (8GB RAM + 256GB),31999,66.0,True,True,False,Qualcomm,Snapdragon,Snapdragon 7 Gen1,Octa Core,8.0,2.4,8.0,256.0,5000,45.0,True,6.67,1080,2400,120.0,Punch Hole,3.0,50,1,50,Yes,Hybrid,1024.0,Android
itel,itel Power 450,1699,,False,False,False,,,,,,,,,2500,,False,2.4,240,320,,,1.0,0.3,1,,Yes,Dedicated,32.0,Nucleus
xiaomi,Xiaomi Redmi Note 13 Pro 5G (8GB RAM + 256GB),30999,67.0,True,False,True,Qualcomm,Snapdragon,Snapdragon 7s Gen 2,Octa Core,8.0,2.4,8.0,256.0,5100,67.0,True,6.67,1220,2712,120.0,Punch Hole,3.0,200,1,16,,,,Android
nokia,Nokia 105 Classic 2023,1029,,False,False,False,,,,,,,4.0,4.0,800,,False,1.77,128,160,,,0.0,,1,,,,,S30+ / Feature OS
samsung,Samsung Galaxy S23 FE 5G (8GB RAM + 256GB),84999,70.0,True,True,False,Samsung,Exynos,Exynos 2200,Octa Core,8.0,2.8,8.0,256.0,4500,25.0,True,6.4,1080,2340,120.0,Punch Hole,3.0,50,1,10,No,Not Supported,,Android
motorola,Motorola Edge 40 Neo (12GB RAM + 256GB),29499,66.0,True,True,False,MediaTek,Dimensity,Dimensity 7030,Octa Core,8.0,2.5,12.0,256.0,5000,68.0,True,6.55,1080,2400,144.0,Punch Hole,2.0,50,1,32,,,,Android
apple,Apple iPhone 15 Pro Max (1TB),199900,74.0,True,True,False,Apple,Bionic,Bionic A17 Pro,Hexa Core,6.0,3.78,8.0,1.0,4441,,True,6.7,1290,2796,120.0,Dynamic Island,3.0,48,1,12,No,Not Supported,,iOS
jio,Jio Bharat K1 Karbonn,1249,,False,False,False,ASR,ASR,ASR,,,,512.0,4.0,1000,,False,1.77,240,320,,,1.0,0.3,1,,Yes,Dedicated,128.0,Not Specified
samsung,Samsung Galaxy A54 5G,41999,70.0,True,True,False,Samsung,Exynos,Exynos 1380,Octa Core,8.0,2.4,8.0,128.0,5000,25.0,True,6.4,1080,2340,120.0,Punch Hole,3.0,50,1,32,Yes,Hybrid,1024.0,Android
samsung,Samsung Galaxy A34 5G (8GB RAM + 256GB),39499,67.0,True,True,False,MediaTek,Dimensity,Dimensity 1080,Octa Core,8.0,2.6,8.0,256.0,5000,25.0,True,6.6,1080,2340,120.0,Water Drop Notch,3.0,48,1,13,Yes,Hybrid,1024.0,Android
oneplus,OnePlus 11 (16GB RAM + 256GB),61999,76.0,True,True,False,Qualcomm,Snapdragon,Snapdragon 8 Gen2,Octa Core,8.0,3.2,16.0,256.0,5000,100.0,True,6.7,1440,3216,120.0,Punch Hole,3.0,50,1,16,No,Not Supported,,Android
samsung,Samsung Galaxy A14 5G (6GB RAM + 128GB),20999,53.0,True,False,False,Samsung,Exynos,Exynos 1330,Octa Core,8.0,2.4,6.0,128.0,5000,15.0,True,6.6,1080,2408,90.0,Water Drop Notch,3.0,50,1,13,Yes,Dedicated,1024.0,Android
google,Google Pixel 7 5G,30999,66.0,True,True,False,Google,Tensor,Tensor G2,Octa Core,8.0,2.85,8.0,128.0,4355,30.0,True,6.3,1080,2400,90.0,Punch Hole,2.0,50,1,10.8,,,,Android
oppo,OPPO A17,14999,,False,False,False,MediaTek,Helio,Helio G35,Octa Core,8.0,2.3,4.0,64.0,5000,,True,6.56,720,1612,,Water Drop Notch,2.0,50,1,5,Yes,Dedicated,1024.0,Android
motorola,Motorola Moto G32,14999,,False,False,False,Qualcomm,Snapdragon,Snapdragon 680,Octa Core,8.0,2.4,4.0,64.0,5000,33.0,True,6.55,1080,2400,90.0,Punch Hole,3.0,50,1,16,Yes,Hybrid,1024.0,Android
poco,Poco M4 5G,14999,53.0,True,False,True,MediaTek,Dimensity,Dimensity 700 5G,Octa Core,8.0,2.2,4.0,64.0,5000,18.0,True,6.58,1080,2400,90.0,Water Drop Notch,2.0,50,1,8,Yes,Dedicated,512.0,Android
iqoo,iQOO 9 Pro 5G (12GB RAM + 256GB),49999,72.0,True,True,False,Qualcomm,Snapdragon,Snapdragon 8 Gen1,Octa Core,8.0,3.0,12.0,256.0,4700,120.0,True,6.78,1440,3200,120.0,Punch Hole,3.0,50,1,16,,,,Android
oppo,OPPO Reno7 5G,39999,64.0,True,True,False,MediaTek,Dimensity,Dimensity 900,Octa Core,8.0,2.0,8.0,256.0,4500,65.0,True,6.43,1080,2400,90.0,Punch Hole,3.0,64,1,32,Yes,Dedicated,1024.0,Android
infinix,Infinix Hot 11,9999,,False,False,False,MediaTek,Helio,Helio G70,Octa Core,8.0,2.0,4.0,64.0,5200,,False,6.6,1080,2408,,Water Drop Notch,2.0,13,1,8,Yes,Dedicated,256.0,Android
realme,Realme 2 (3GB RAM + 32GB),9990,,False,False,False,Qualcomm,Snapdragon,Snapdragon 450,Octa Core,8.0,1.8,3.0,32.0,4230,,False,6.2,720,1520,,Small Notch,2.0,13,1,8,Yes,Dedicated,256.0,Android
xiaomi,Xiaomi Redmi Y2,10499,,False,False,True,Qualcomm,Snapdragon,Snapdragon 625,Octa Core,8.0,2.0,3.0,32.0,3080,,False,5.99,720,1440,,,2.0,12,1,16,Yes,Dedicated,128.0,Android
lava,Lava Bold N2 5G (4GB RAM + 128GB),14499,,True,False,False,Unisoc,Unisoc,Unisoc T8200,Octa Core,8.0,,4.0,128.0,6000,18.0,True,6.75,720,1600,120.0,Water Drop Notch,2.0,13,1,5,Yes,Dedicated,1024.0,Android
jmax,Jmax Hero Plus,999,,False,False,False,,,,Single Core,1.0,0.001,32.0,32.0,3000,,False,1.8,,,,,1.0,1,1,,,,,Not Specified
iqoo,iQOO Z11 5G (12GB RAM + 256GB),49999,75.0,True,False,True,MediaTek,Dimensity,Dimensity 7500 Turbo,Octa Core,8.0,2.6,12.0,256.0,7050,44.0,True,6.83,1260,2800,144.0,Punch Hole,2.0,50,1,32,No,Not Supported,,Android
ringme,Ringme Bold 16 Pro,9899,,False,False,False,,,,Dual Core,2.0,,4.0,64.0,3900,,False,6.61,128,160,,,1.0,13,1,,Yes,Hybrid,128.0,Other
itel,itel Zeno 100 Lite,8599,,False,False,True,,,,Octa Core,8.0,,2.0,64.0,5000,,True,6.6,720,1612,90.0,Water Drop Notch,1.0,8,1,5,Yes,Dedicated,,Android
ai+,Ai+ Nova 2 5G (4GB RAM + 128GB),14499,53.0,True,False,False,Unisoc,Unisoc,Unisoc T8200,Octa Core,8.0,2.3,4.0,128.0,6000,18.0,True,6.74,720,1600,120.0,Punch Hole,1.0,50,1,8,Yes,Dedicated,1024.0,Android
peace,Peace Nova 17 Pro 4G (6GB RAM + 64GB),8988,,False,False,False,MediaTek,MTK6739,MTK6739,Single Core,1.0,,6.0,64.0,5000,,False,6.56,1640,720,,,1.0,20,1,8,Yes,Hybrid,128.0,Other
ringme,Ringme Bold 16 Pro (6GB RAM + 64GB),12018,,False,False,False,,,,Dual Core,2.0,,6.0,64.0,3900,,False,6.61,128,160,,,1.0,13,1,,Yes,Hybrid,128.0,Other
realme,Realme Narzo 100 Lite 5G (4GB RAM + 128GB),17880,50.0,True,False,False,MediaTek,Dimensity,Dimensity 6300,Octa Core,8.0,2.4,4.0,128.0,7000,15.0,True,6.8,720,1570,144.0,Water Drop Notch,2.0,13,1,5,Yes,Hybrid,2048.0,Android
oppo,Oppo F33 5G (8GB RAM + 128GB),36998,64.0,True,False,True,MediaTek,Dimensity,Dimensity 6360 MAX,Octa Core,8.0,,8.0,128.0,7000,80.0,True,6.57,1080,2372,120.0,Punch Hole,2.0,50,1,16,Yes,Hybrid,,Android
wobble,Wobble One,27999,66.0,True,False,False,MediaTek,Dimensity,Dimensity 7400,Octa Core,8.0,2.6,8.0,128.0,5000,33.0,True,6.67,1080,1920,120.0,Punch Hole,3.0,50,1,50,,,,Android
lava,Lava Bold N2,9999,,False,False,False,,UNISOC,UNISOC 9863a,Octa Core,8.0,,4.0,64.0,5000,10.0,True,6.75,720,1600,90.0,Water Drop Notch,2.0,13,1,5,Yes,Dedicated,256.0,Android
realme,Realme Narzo 90x (4GB+128GB),19499,57.0,True,False,False,MediaTek,Dimensity,Dimensity 6300,Octa Core,8.0,2.4,4.0,128.0,7000,60.0,True,6.8,720,1570,144.0,Punch Hole,2.0,50,1,8,Yes,Hybrid,2048.0,Android
lava,Lava Shark 5G (4GB RAM + 128GB),14999,,True,False,False,Unisoc,Unisoc,Unisoc T765,Octa Core,8.0,,4.0,128.0,5000,,True,6.75,720,1600,90.0,Punch Hole,1.0,13,1,5,Yes,Dedicated,1024.0,Android
samsung,Samsung Galaxy M17 5G (8GB RAM + 128GB),26499,57.0,True,True,False,Samsung,Exynos,Exynos 1330,Octa Core,8.0,2.4,8.0,128.0,5000,25.0,True,6.7,1080,2340,90.0,Water Drop Notch,3.0,50,1,13,Yes,Hybrid,2048.0,Android
google,Google Pixel 10 Pro Fold,162999,,True,True,False,Google,Tensor,Tensor G5,Octa Core,8.0,3.78,16.0,256.0,5015,30.0,True,8.0,2076,2152,120.0,Punch Hole,3.0,48,2,10,,,,Android
realme,Realme 15x 5G (8GB RAM + 256GB),27999,62.0,True,False,False,MediaTek,Dimensity,Dimensity 6300,Octa Core,8.0,2.4,8.0,256.0,7000,60.0,True,6.81,720,1570,144.0,Punch Hole,2.0,50,1,50,Yes,Hybrid,,Android
realme,Realme 15 5G (8GB RAM + 256GB),31999,66.0,True,False,False,MediaTek,Dimensity,Dimensity 7300 Plus,Octa Core,8.0,,8.0,256.0,7000,80.0,True,6.8,1280,2800,144.0,Punch Hole,2.0,50,1,50,,,,Android
realme,Realme 15 5G (12GB RAM + 256GB),33499,67.0,True,False,False,MediaTek,Dimensity,Dimensity 7300 Plus,Octa Core,8.0,,12.0,256.0,7000,80.0,True,6.8,1280,2800,144.0,Punch Hole,2.0,50,1,50,,,,Android
samsung,Samsung Galaxy Z Fold 7 (12GB RAM + 512GB),186999,,True,True,False,Qualcomm,Snapdragon,Snapdragon 8 Elite for Galaxy,Octa Core,8.0,4.47,12.0,512.0,4400,25.0,True,8.0,1968,2184,120.0,Punch Hole,3.0,200,2,10,,,,Android
snexian,Snexian Rock Fold Mini,1774,,False,False,False,,,,,,0.002,32.0,32.0,2500,,False,2.8,320,420,,,1.0,0.3,1,,Yes,Dedicated,16.0,Other
acer,Acer Super ZX 5G  (8GB RAM + 128GB),19499,53.0,True,False,False,MediaTek,Dimensity,Dimensity 6300,Octa Core,8.0,2.4,8.0,128.0,5000,33.0,True,6.8,1080,2400,120.0,Punch Hole,3.0,64,1,13,,,,Android
realme,Realme 14T 5G,28990,61.0,True,False,False,MediaTek,Dimensity,Dimensity 6300,Octa Core,8.0,2.4,8.0,128.0,6000,45.0,True,6.67,1080,2400,120.0,Punch Hole,2.0,50,1,16,Yes,Hybrid,2048.0,Android
hmd,HMD 150 Music (2025),2249,,False,False,False,Unisoc,Unisoc,Unisoc 6531F,,,,8.0,8.0,2500,,False,2.4,240,320,,,1.0,,1,,Yes,Dedicated,32.0,Not Specified
oppo,OPPO Reno 13 Pro 5G (12GB RAM + 512GB),60999,,True,True,True,MediaTek,Dimensity,Dimensity 8350,Octa Core,8.0,3.35,12.0,512.0,5800,80.0,True,6.83,1272,2800,120.0,Punch Hole,3.0,50,1,50,,,,Android
amaq,Amaq Q1 4G,3300,,False,False,False,ARM,ARM,ARM Cortex-A78AE v8.2,Hexa Core,6.0,2.5,512.0,,3500,,False,2.8,,,,,1.0,0.6,1,,Yes,Dedicated,32.0,Other
oppo,Oppo Find X8 5G,79999,,True,True,True,MediaTek,Dimensity,Dimensity 9400,Octa Core,8.0,3.63,12.0,256.0,5630,80.0,True,6.59,1256,2760,120.0,Punch Hole,3.0,50,1,32,,,,Android
micromax,Micromax X1i Smart Plus,998,,False,False,False,,,,Single Core,1.0,0.001,32.0,32.0,1750,,False,2.4,320,240,,,1.0,0.08,1,,Yes,Dedicated,,Not Specified
micromax,Micromax X1i Flip,1199,,False,False,False,,,,Single Core,1.0,0.001,32.0,32.0,1200,,False,2.4,320,240,,,1.0,0.08,1,,Yes,Dedicated,,Nucleus
karbonn,Karbonn Jio Bharat A1,1949,,False,False,False,,,,,,0.001,50.0,50.0,2000,,False,2.4,240,320,,,1.0,0.03,1,,Yes,Dedicated,,Other
samsung,Samsung Galaxy A55 5G (8GB RAM + 256GB),44999,64.0,True,True,False,Samsung,Exynos,Exynos 1480,Octa Core,8.0,2.7,8.0,256.0,5000,25.0,True,6.6,1080,2340,120.0,Punch Hole,3.0,50,1,32,Yes,Hybrid,1024.0,Android
realme,Realme 12 Plus 5G,20999,61.0,True,False,False,MediaTek,Dimensity,Dimensity 7050,Octa Core,8.0,2.6,8.0,128.0,5000,67.0,True,6.67,1080,2400,120.0,Punch Hole,3.0,50,1,16,Yes,Hybrid,2048.0,Android
realme,Realme 12 Pro 5G (8GB RAM + 256GB),31990,61.0,True,False,False,Qualcomm,Snapdragon,Snapdragon 6 Gen1,Octa Core,8.0,2.2,8.0,256.0,5000,67.0,True,6.7,1080,2412,120.0,Punch Hole,3.0,50,1,16,,,,Android
samsung,Samsung Galaxy S21 FE (Snapdragon + 8GB RAM + 128GB),69999,70.0,True,True,False,Qualcomm,Snapdragon,Snapdragon 888,Octa Core,8.0,2.84,8.0,128.0,4500,25.0,True,6.4,1080,2340,120.0,Punch Hole,3.0,12,1,32,No,Not Supported,,Android
jio,Jio Bharat B1 4G,2599,,False,False,False,,,,,,,512.0,4.0,2000,,False,2.4,240,320,,,1.0,0.3,1,,Yes,Dedicated,128.0,Other
lava,Lava Yuva 2,8399,,False,False,False,Unisoc,Unisoc,Unisoc T606,Octa Core,8.0,2.0,3.0,64.0,5000,10.0,True,6.5,1600,720,90.0,Water Drop Notch,2.0,13,1,5,Yes,Hybrid,512.0,Android
oppo,OPPO Reno 10 Pro,41900,68.0,True,True,True,Qualcomm,Snapdragon,Snapdragon 778G,Octa Core,8.0,2.4,12.0,256.0,4600,80.0,True,6.7,1080,2412,120.0,Punch Hole,3.0,50,1,32,,,,Android
samsung,Samsung Galaxy M34 5G,29999,62.0,True,True,False,Samsung,Exynos,Exynos 1280 ,Octa Core,8.0,2.4,6.0,128.0,6000,25.0,True,6.5,1080,2340,120.0,Water Drop Notch,3.0,50,1,13,Yes,Hybrid,1024.0,Android
xiaomi,Xiaomi Redmi Note 12 4G,18999,55.0,False,False,True,Qualcomm,Snapdragon,Snapdragon 685,Octa Core,8.0,2.8,6.0,64.0,5000,33.0,True,6.67,1080,2400,120.0,Punch Hole,3.0,50,1,13,Yes,Hybrid,1024.0,Android
samsung,Samsung Galaxy F14 5G (6GB RAM + 128GB),18490,52.0,True,False,False,Samsung,Exynos,Exynos 1330,Octa Core,8.0,,6.0,128.0,6000,25.0,True,6.6,2408,1080,,Water Drop Notch,2.0,50,1,13,Yes,Dedicated,1024.0,Android
poco,Poco X5 Pro,24499,63.0,True,False,True,Qualcomm,Snapdragon,Snapdragon 778G,Octa Core,8.0,2.4,6.0,128.0,5000,67.0,True,6.67,1080,2400,120.0,Punch Hole,3.0,108,1,16,No,Not Supported,,Android
xiaomi,Xiaomi Redmi Note 12 Pro Plus,33999,68.0,True,False,True,MediaTek,Dimensity,Dimensity 1080,Octa Core,8.0,2.6,8.0,256.0,4980,120.0,True,6.67,1080,2400,120.0,Punch Hole,3.0,200,1,16,No,Not Supported,,Android
samsung,Samsung Galaxy Z Flip 4 5G,54991,74.0,True,True,False,Qualcomm,Snapdragon,Snapdragon  8+ Gen1,Octa Core,8.0,3.2,8.0,128.0,3700,25.0,True,6.7,1080,2640,120.0,Punch Hole,2.0,12,1,10,No,Not Supported,,Not Specified
oppo,OPPO Reno 8 Pro 5G,33900,66.0,True,True,False,MediaTek,Dimensity,Dimensity 8100-Max,Octa Core,8.0,2.85,12.0,256.0,4500,80.0,True,6.7,1080,2412,120.0,Punch Hole,3.0,50,1,32,,,,Android
poco,Poco X4 Pro 5G,18499,58.0,True,False,True,Qualcomm,Snapdragon,Snapdragon 695 ,Octa Core,8.0,2.2,6.0,64.0,5000,67.0,True,6.67,1080,2400,120.0,Punch Hole,3.0,64,1,16,Yes,Hybrid,1024.0,Android
poco,Poco X4 Pro 5G (6GB RAM + 128GB),20499,61.0,True,False,True,Qualcomm,Snapdragon,Snapdragon 695 ,Octa Core,8.0,2.2,6.0,128.0,5000,67.0,True,6.67,1080,2400,120.0,Punch Hole,3.0,64,1,16,Yes,Hybrid,1024.0,Android
iqoo,iQOO 9 SE 5G (12GB RAM + 256GB),34899,66.0,True,True,False,Qualcomm,Snapdragon,Snapdragon  888 ,Octa Core,8.0,2.84,12.0,256.0,4500,66.0,True,6.62,1080,2400,120.0,Punch Hole,3.0,48,1,16,,,,Android
realme,Realme 9 Pro Plus 5G,25999,59.0,True,False,False,MediaTek,Dimensity,Dimensity  920 5G,Octa Core,8.0,2.5,6.0,128.0,4500,60.0,True,6.4,1080,2400,90.0,Punch Hole,3.0,50,1,16,No,Not Supported,,Android
motorola,Motorola Moto G71 5G,19890,55.0,True,True,False,Qualcomm,Snapdragon,Snapdragon 695,Octa Core,8.0,2.2,6.0,128.0,5000,33.0,True,6.4,1080,2400,,Punch Hole,3.0,50,1,16,No,Not Supported,,Android
karbonn,Karbonn KX 29,1499,,False,False,False,,,,,,,32.0,32.0,2700,,False,2.4,240,320,,,1.0,0.3,1,,Yes,Dedicated,32.0,Other
motorola,Motorola Moto E40,10999,,False,False,False,Unisoc,Tiger,Tiger T700,Octa Core,8.0,1.8,4.0,64.0,5000,,False,6.5,720,1600,90.0,Punch Hole,3.0,48,1,8,Yes,Dedicated,1024.0,Android
motorola,Motorola Edge 20 Fusion 5G,24999,62.0,True,True,False,MediaTek,Dimensity,Dimensity 800U,Octa Core,8.0,2.4,6.0,128.0,5000,30.0,True,6.67,1080,2400,90.0,Punch Hole,3.0,108,1,32,Yes,Hybrid,1024.0,Android
xiaomi,Xiaomi Mi 11X 5G (8GB RAM + 128GB),29999,59.0,True,False,True,Qualcomm,Snapdragon,Snapdragon 870,Octa Core,8.0,3.2,8.0,128.0,4520,33.0,True,6.67,1080,2400,120.0,Punch Hole,3.0,48,1,20,,,,Android
oneplus,OnePlus 9,32999,63.0,True,True,False,Qualcomm,Snapdragon,Snapdragon 888,Octa Core,8.0,2.84,8.0,128.0,4500,,True,6.55,1080,2400,120.0,Punch Hole,3.0,50,1,16,No,Not Supported,,Android
oneplus,OnePlus 9 Pro (12GB RAM + 256GB),54999,77.0,True,True,False,Qualcomm,Snapdragon,Snapdragon 888,Octa Core,8.0,2.84,12.0,256.0,4500,65.0,True,6.7,1440,3216,120.0,Punch Hole,4.0,48,1,16,No,Not Supported,,Android
samsung,Samsung Galaxy Note 20,86000,70.0,False,True,False,Samsung,Exynos,Exynos  990,Octa Core,8.0,2.73,8.0,256.0,4300,25.0,True,6.7,1080,2400,,Punch Hole,3.0,64,1,10,,,,Android
realme,Realme X3 SuperZoom Edition (12GB RAM + 256GB),24700,54.0,False,False,False,Qualcomm,Snapdragon,Snapdragon 855+,Octa Core,8.0,2.96,12.0,256.0,4200,30.0,True,6.57,1080,2400,120.0,Dual Punch Hole,4.0,64,2,32,No,Not Supported,,Android
oneplus,OnePlus 8 Pro (12GB RAM + 256GB),49999,71.0,True,True,False,Qualcomm,Snapdragon,Snapdragon 865,Octa Core,8.0,2.84,12.0,256.0,4510,,True,6.78,1440,3168,120.0,Punch Hole,4.0,48,1,16,No,Not Supported,,Android
micromax,Micromax X809,800,,False,False,False,,,,,,0.001,32.0,32.0,1000,,False,2.4,240,320,,,1.0,1,1,,,,,Not Specified
realme,Realme X,17999,,False,False,False,Qualcomm,Snapdragon,Snapdragon 710,Octa Core,8.0,2.2,4.0,128.0,3765,20.0,True,6.53,1080,2340,,,2.0,48,1,16,No,Not Supported,,Android
tecno,Tecno Spark Go 3 Pro (4GB RAM + 128GB),16999,,False,False,True,MediaTek,Helio,Helio G81,Octa Core,8.0,2.0,4.0,128.0,5200,15.0,True,6.78,720,1526,120.0,Punch Hole,1.0,13,1,8,Yes,Dedicated,,Android
philips,Philips E2104S,1599,,False,False,False,,,,,,,32.0,32.0,1000,,False,2.0,,,,,1.0,,1,,Yes,Dedicated,32.0,Other
lava,Lava Gem 2025,1759,,False,False,False,,,,,,0.1,4.0,4.0,2575,,False,2.8,320,240,,,1.0,,1,,,,,Not Specified
peace,Peace Honor 40 Mini,7999,,False,False,False,,,,Single Core,1.0,,4.0,32.0,2000,,False,4.5,412,960,,,1.0,8,1,5,,,,Android
ringme,Ringme Mini 25c,950,,False,False,False,,,,,,0.001,32.0,32.0,600,,True,0.66,240,320,,,0.0,,1,,Yes,Hybrid,32768.0,Not Specified
ringme,Ringme Mini 26c,950,,False,False,False,,,,,,0.001,32.0,32.0,600,,True,0.66,240,320,,,0.0,,1,,Yes,Hybrid,32768.0,Other
ringme,Ringme Bold 26 Ultra,9999,,False,False,False,,,,Dual Core,2.0,,4.0,64.0,5000,,False,6.79,1640,720,,Punch Hole,1.0,13,1,,,,,Android
samsung,Samsung Galaxy Z Flip 8 5G (12GB RAM + 512GB),134999,,True,True,False,Samsung,Exynos,Exynos 2600,Deca Core,10.0,3.8,12.0,512.0,4300,25.0,True,6.9,1080,2520,120.0,Punch Hole,2.0,50,1,10,No,Not Supported,,Not Specified
oppo,Oppo A6c 4G (4GB RAM + 128GB),33999,,False,False,False,Unisoc,Unisoc,Unisoc T7250,Octa Core,8.0,1.8,4.0,128.0,7000,15.0,True,6.75,720,1570,120.0,Water Drop Notch,1.0,13,1,5,Yes,Hybrid,,Android
realme,Realme Narzo 100 Lite 5G (6GB RAM + 128GB),21438,52.0,True,False,False,MediaTek,Dimensity,Dimensity 6300,Octa Core,8.0,2.4,6.0,128.0,7000,15.0,True,6.8,720,1570,144.0,Water Drop Notch,2.0,13,1,5,Yes,Hybrid,2048.0,Android
realme,Realme P4 Lite 4G,13399,,False,False,False,Unisoc,Unisoc,Unisoc T7250,Octa Core,8.0,1.8,4.0,64.0,6300,15.0,True,6.74,720,1600,,,1.0,13,1,5,Yes,Dedicated,,Android
hmd,HMD 100 (Single Sim),899,,False,False,False,Unisoc,Unisoc,Unisoc 6533G,,,,8.0,4.0,800,2.75,True,1.77,160,128,,,0.0,,1,,,,,Other
hmd,HMD 102,1269,,False,False,False,,,,,,,4.0,4.0,1000,2.7,True,1.77,160,128,,,1.0,,1,,Yes,Dedicated,32.0,Other
poco,Poco M8 5G (8GB RAM + 128GB),26999,61.0,True,False,True,Qualcomm,Snapdragon,Snapdragon 6 Gen3,Octa Core,8.0,,8.0,128.0,5520,45.0,True,6.77,1080,2392,120.0,Punch Hole,2.0,50,1,20,Yes,Hybrid,1024.0,Android
hmd,HMD 101,1069,,False,False,False,Unisoc,Unisoc,Unisoc 6533G,,,,4.0,4.0,1000,2.75,True,1.77,160,128,,,0.0,,1,,Yes,Dedicated,32.0,Other
peace,Peace Nova 17 Pro 4G,9997,,False,False,False,MediaTek,MTK6739,MTK6739,Single Core,1.0,,4.0,64.0,5000,,False,6.56,1640,720,,,1.0,20,1,8,Yes,Hybrid,128.0,Other
peace,Peace Honor 20,6800,,False,False,False,MediaTek,Helio,Helio,Single Core,1.0,,3.0,32.0,2000,,False,4.5,412,960,,,1.0,8,1,5,,,,Android
vivo,Vivo Y19s 5G (4GB RAM + 64GB),19979,,True,False,False,MediaTek,Dimensity,Dimensity 6300,Octa Core,8.0,2.4,4.0,64.0,6000,15.0,True,6.74,720,1600,90.0,Water Drop Notch,2.0,13,1,5,Yes,Dedicated,,Android
peace,Peace Mini 5,3999,,False,False,False,MediaTek,Helio,Helio,Single Core,1.0,,3.0,32.0,2000,,False,3.75,412,960,,,1.0,8,1,,,,,Android
philips,Philips E2101C,1028,,,,,,,,,,,32.0,32.0,1000,,False,1.77,,,,,0.0,,1,,Yes,Dedicated,32.0,Not Specified
hmd,HMD Touch 4G,4049,,False,False,False,Unisoc,Unisoc,Unisoc T127,,,,128.0,64.0,1950,,False,3.2,240,320,,,1.0,2,1,0.3,Yes,Dedicated,,RTOS
itel,itel it5027 Slim,1129,,False,False,False,,,,,,0.208,4.0,4.0,1200,,False,2.4,240,320,,,1.0,0.3,1,,Yes,Dedicated,32.0,Not Specified
jmax,Jmax Boost,599,,False,False,False,Unisoc,Spreadtrum,Spreadtrum,,,0.001,32.0,32.0,1150,,False,1.4,120,240,,,1.0,0.3,1,,Yes,Hybrid,16.0,Other
apple,Apple iPhone Air (1TB),159900,67.0,True,True,False,Apple,Apple,Apple A19 Pro,Hexa Core,6.0,,8.0,1.0,3149,,True,6.5,1260,2736,,Dynamic Island,1.0,48,1,18,No,Not Supported,,iOS
apple,Apple iPhone Air (512GB),139900,66.0,True,True,False,Apple,Apple,Apple A19 Pro,Hexa Core,6.0,,8.0,512.0,3149,,True,6.5,1260,2736,,Dynamic Island,1.0,48,1,18,No,Not Supported,,iOS
lava,Lava A2 Smart,1132,,False,False,False,,,,Single Core,1.0,0.002,4.0,32.0,1200,,False,2.4,120,240,,,1.0,,1,,Yes,Dedicated,32.0,Other
realme,Realme Narzo 80 Lite (6GB RAM + 128GB),21999,53.0,True,False,False,MediaTek,Dimensity,Dimensity 6300,Octa Core,8.0,2.4,6.0,128.0,6000,15.0,True,6.67,720,1604,120.0,Punch Hole,2.0,32,1,8,Yes,Hybrid,2048.0,Android
motorola,Motorola Moto A200,1251,,False,False,False,,,,,,,56.0,36.0,800,,False,1.77,128,160,,,0.0,,1,,Yes,Dedicated,64.0,Not Specified
samsung,Samsung Galaxy M06 (4GB RAM + 64GB),14399,,True,False,False,MediaTek,Dimensity,Dimensity 6300,Octa Core,8.0,2.4,4.0,64.0,5000,25.0,True,6.74,720,1600,90.0,Water Drop Notch,2.0,50,1,8,Yes,Hybrid,1536.0,Android
samsung,Samsung Galaxy F06 5G (4GB RAM + 64GB),14935,,True,False,False,MediaTek,Dimensity,Dimensity 6300,Octa Core,8.0,2.4,4.0,64.0,5000,25.0,True,6.7,720,1600,,Water Drop Notch,2.0,50,1,8,Yes,Hybrid,1024.0,Android
hmd,HMD 130 Music (2025),1749,,False,False,False,Unisoc,Unisoc,Unisoc 6531F,,,,8.0,8.0,2500,,False,2.4,240,320,,,0.0,,1,,Yes,Dedicated,32.0,Other
jio,Jio Bharat V3,1499,,False,False,False,,,,,,,512.0,4.0,1000,,False,1.77,240,320,,,1.0,0.3,1,,Yes,Dedicated,128.0,Other
hmd,HMD 110,1249,,False,False,False,,,,,,,4.0,4.0,1000,,False,2.0,120,160,,,,,1,,Yes,Dedicated,32.0,RTOS
poco,Poco F6 5G (12GB RAM + 512GB),42900,74.0,True,True,True,Qualcomm,Snapdragon,Snapdragon 8s Gen3,Octa Core,8.0,3.0,12.0,512.0,5000,90.0,True,6.67,1220,2712,120.0,Punch Hole,2.0,50,1,20,No,Not Supported,,Android
motorola,Motorola Moto A50V,1799,,False,False,False,,,,,,,4.0,4.0,1750,,False,1.8,160,128,,,1.0,0.3,1,,Yes,Dedicated,32.0,Other
vivo,Vivo Y18,14999,,False,False,False,MediaTek,Helio,Helio G85,Octa Core,8.0,2.0,4.0,64.0,5000,15.0,True,6.56,720,1612,90.0,Water Drop Notch,2.0,50,1,8,Yes,Dedicated,,Android
realme,Realme Narzo 70x 5G,21990,54.0,True,False,False,MediaTek,Dimensity,Dimensity 6100 Plus,Octa Core,8.0,2.2,4.0,128.0,5000,45.0,True,6.72,1080,2400,120.0,Punch Hole,2.0,50,1,8,Yes,Hybrid,2048.0,Android
itel,Itel it5262,1579,,False,False,False,,,,,,,4.0,4.0,2000,,False,2.4,240,320,,,1.0,0.3,1,,Yes,Dedicated,32.0,Not Specified
realme,Realme C51 (4GB RAM + 128 GB),15990,,False,False,False,Unisoc,Unisoc,Unisoc T612,Octa Core,8.0,1.8,4.0,128.0,5000,33.0,True,6.74,720,1600,90.0,Water Drop Notch,2.0,50,1,5,Yes,Dedicated,2048.0,Android
lava,Lava A7 Torch,1780,,False,False,False,,,,,,,32.0,32.0,2575,,False,2.4,320,240,,,1.0,0.3,1,,Yes,Dedicated,32.0,Other
realme,Realme 11,25990,58.0,True,False,False,MediaTek,Dimensity,Dimensity 6100 Plus,Octa Core,8.0,2.2,8.0,128.0,5000,67.0,True,6.72,1080,2400,120.0,Punch Hole,2.0,108,1,16,Yes,Dedicated,1024.0,Android
nokia,Nokia 130 Music 2023,1949,,False,False,False,,,,,,,4.0,4.0,1450,,False,2.4,240,320,,,0.0,,1,,Yes,Dedicated,32.0,S30+ / Feature OS
samsung,Samsung Galaxy Z Flip 5 (8GB RAM + 512GB),67800,77.0,True,True,False,Qualcomm,Snapdragon,Snapdragon 8 Gen 2,Octa Core,8.0,3.2,8.0,512.0,3700,25.0,True,6.7,1080,2640,120.0,Punch Hole,2.0,12,1,10,No,Not Supported,,Not Specified
lava,Lava A3 Vibe,1299,,False,False,False,,,,,,0.001,32.0,32.0,1750,,False,1.77,128,160,,,1.0,0.3,1,,Yes,Dedicated,32.0,Other
samsung,Samsung Galaxy S21 FE (Snapdragon),74999,66.0,True,True,False,Qualcomm,Snapdragon,Snapdragon 888,Octa Core,8.0,2.84,8.0,256.0,4500,25.0,True,6.4,1080,2340,120.0,Punch Hole,3.0,12,1,32,No,Not Supported,,Android
motorola,Motorola Razr 40 Ultra,69990,74.0,True,True,False,Qualcomm,Snapdragon,Snapdragon  8+ Gen1,Octa Core,8.0,3.2,8.0,256.0,3800,30.0,True,6.9,1080,2640,165.0,Punch Hole,2.0,13,1,32,No,Not Supported,,Not Specified
poco,Poco F5,34999,64.0,True,False,True,Qualcomm,Snapdragon,Snapdragon 7+ Gen2,Octa Core,8.0,2.91,8.0,256.0,5000,67.0,True,6.67,1080,2400,120.0,Punch Hole,3.0,64,1,16,,,,Android
tecno,Tecno Spark 10C,13899,,False,False,False,Unisoc,Unisoc,Unisoc T606,Octa Core,8.0,2.0,8.0,128.0,5000,18.0,True,6.6,720,1612,90.0,Water Drop Notch,2.0,16,1,8,Yes,Dedicated,,Android
samsung,Samsung Galaxy A34 5G (8GB RAM + 128GB),35499,66.0,True,True,False,MediaTek,Dimensity,Dimensity 1080,Octa Core,8.0,2.6,8.0,128.0,5000,25.0,True,6.6,1080,2340,120.0,Water Drop Notch,3.0,48,1,13,Yes,Hybrid,1024.0,Android
poco,POCO X5 5G,21999,61.0,True,False,True,Qualcomm,Snapdragon,Snapdragon 695,Octa Core,8.0,2.2,6.0,128.0,5000,33.0,True,6.67,1080,2400,120.0,Punch Hole,3.0,48,1,13,Yes,Hybrid,1024.0,Android
motorola,Motorola Moto E13 (4GB RAM + 64GB),10999,,False,False,False,Unisoc,Tiger,Tiger T606,Octa Core,8.0,1.6,4.0,64.0,5000,10.0,True,6.5,720,1600,,Water Drop Notch,1.0,13,1,5,Yes,Dedicated,1024.0,Android
samsung,Samsung Galaxy F04,16999,,False,False,False,MediaTek,Helio,Helio P35,Octa Core,8.0,2.3,4.0,64.0,5000,15.0,True,6.5,720,1600,,Water Drop Notch,2.0,13,1,5,Yes,Dedicated,1024.0,Android
samsung,Samsung Galaxy A23 5G,28990,55.0,True,False,False,Qualcomm,Snapdragon,Snapdragon 695,Octa Core,8.0,2.2,6.0,128.0,5000,25.0,True,6.6,1080,2408,120.0,Water Drop Notch,4.0,50,1,8,Yes,Dedicated,1024.0,Android
lava,Lava Gem Power,1759,,False,False,False,,,,,,,512.0,512.0,2575,,False,2.8,320,240,,,1.0,1.3,1,,Yes,Dedicated,32.0,Not Specified
oneplus,OnePlus 10T (12GB RAM + 256GB),54999,68.0,True,True,False,Qualcomm,Snapdragon,Snapdragon 8+ Gen1,Octa Core,8.0,3.2,12.0,256.0,4800,150.0,True,6.7,1080,2412,120.0,Punch Hole,3.0,50,1,16,,,,Android
motorola,Motorola Edge 30 5G (8GB RAM + 128GB),34999,64.0,True,True,False,Qualcomm,Snapdragon,Snapdragon 778G+,Octa Core,8.0,2.5,8.0,128.0,4020,33.0,True,6.5,1080,2400,144.0,Punch Hole,3.0,50,1,32,,,,Android
samsung,Samsung Galaxy A23,23500,,False,False,False,Qualcomm,Snapdragon,Snapdragon  680,Octa Core,8.0,2.4,6.0,128.0,5000,25.0,True,6.6,1080,2408,,Water Drop Notch,4.0,50,1,8,Yes,Dedicated,1024.0,Android
realme,Realme 9 5G,16999,53.0,True,False,False,MediaTek,Dimensity,Dimensity  810 5G,Octa Core,8.0,2.4,4.0,64.0,5000,18.0,True,6.5,1080,2400,90.0,Punch Hole,3.0,48,1,16,Yes,Dedicated,1024.0,Android
realme,Realme 9 5G SE (8GB RAM + 128GB),21990,57.0,True,False,False,Qualcomm,Snapdragon,Snapdragon  778G,Octa Core,8.0,2.4,8.0,128.0,5000,30.0,True,6.6,1080,2412,144.0,Punch Hole,3.0,48,1,16,Yes,Dedicated,1024.0,Android
samsung,Samsung Galaxy S22 Plus 5G (8GB RAM + 256GB),105999,76.0,True,True,False,Qualcomm,Snapdragon,Snapdragon  8 Gen1,Octa Core,8.0,3.0,8.0,256.0,4500,45.0,True,6.6,1080,2340,120.0,Punch Hole,3.0,50,1,10,,,,Android
poco,POCO M4 Pro 4G (8GB RAM + 128GB),19990,54.0,False,False,True,MediaTek,Helio,Helio G96,Octa Core,8.0,2.05,8.0,128.0,5000,33.0,True,6.43,1080,2400,90.0,Punch Hole,3.0,64,1,16,Yes,Dedicated,1024.0,Android
micromax,Micromax X818,1499,,False,False,False,,,,,,0.001,32.0,32.0,1450,,False,2.8,240,320,,,1.0,0.3,1,,,,,Not Specified
iqoo,iQOO 9 5G (12GB RAM + 256GB),50650,68.0,True,False,False,Qualcomm,Snapdragon,Snapdragon  888+,Octa Core,8.0,2.9,12.0,256.0,4350,120.0,True,6.56,1080,2376,120.0,Punch Hole,3.0,48,1,16,,,,Android
micromax,Micromax X778,1362,,False,False,False,,,,,,0.001,32.0,32.0,2700,,False,2.4,240,320,,,1.0,0.3,1,,,,,Not Specified
motorola,Motorola Moto G31,14290,,False,False,False,MediaTek,Helio,Helio  G85,Octa Core,8.0,2.0,4.0,64.0,5000,20.0,True,6.47,1080,2400,,Punch Hole,3.0,50,1,13,Yes,Hybrid,1024.0,Android
motorola,Motorola Moto G31 (6GB RAM+ 128GB),16999,50.0,False,False,False,MediaTek,Helio,Helio  G85,Octa Core,8.0,2.0,6.0,128.0,5000,20.0,True,6.47,1080,2400,,Punch Hole,3.0,50,1,13,Yes,Hybrid,1024.0,Android
xiaomi,Xiaomi Mi 11 Lite NE 5G (8GB RAM + 128GB),26499,61.0,True,True,True,Qualcomm,Snapdragon,Snapdragon  778G ,Octa Core,8.0,2.4,8.0,128.0,4250,33.0,True,6.55,1080,2400,90.0,Punch Hole,3.0,64,1,20,Yes,Hybrid,,Android
motorola,Motorola Edge 20 5G,25490,64.0,True,True,False,Qualcomm,Snapdragon,Snapdragon  778G ,Octa Core,8.0,2.4,8.0,128.0,4000,30.0,True,6.7,1080,2460,144.0,Punch Hole,3.0,108,1,32,,,,Android
poco,POCO M3 Pro 5G (6GB RAM + 128GB),17690,54.0,True,False,True,MediaTek,Dimensity,Dimensity 700 5G,Octa Core,8.0,2.2,6.0,128.0,5000,18.0,True,6.5,1080,2400,90.0,Punch Hole,3.0,48,1,8,Yes,Hybrid,1024.0,Android
xiaomi,Xiaomi Mi 11 Lite,19990,55.0,False,False,True,Qualcomm,Snapdragon,Snapdragon 732G,Octa Core,8.0,2.3,6.0,128.0,4250,33.0,True,6.55,1080,2400,90.0,Punch Hole,3.0,64,1,16,Yes,Hybrid,512.0,Android
motorola,Motorola Moto G40 Fusion,16590,53.0,False,False,False,Qualcomm,Snapdragon,Snapdragon  732G,Octa Core,8.0,2.3,4.0,64.0,6000,20.0,True,6.78,1080,2460,120.0,Punch Hole,3.0,64,1,16,Yes,Hybrid,256.0,Android
realme,Realme 7i (4GB RAM + 128GB),14999,50.0,False,False,False,Qualcomm,Snapdragon,Snapdragon 662,Octa Core,8.0,2.0,4.0,128.0,5000,18.0,True,6.5,720,1600,90.0,Punch Hole,4.0,64,1,16,Yes,Dedicated,256.0,Android
nokia,Nokia 5310 Dual Sim,3689,,False,False,False,,,,,,,8.0,16.0,1200,,False,2.4,240,320,,,1.0,0.3,1,,Yes,Dedicated,32.0,Other
oneplus,OnePlus 7T (8GB RAM + 256GB),29999,61.0,False,True,False,Qualcomm,Snapdragon,Snapdragon  855+,Octa Core,8.0,2.96,8.0,256.0,3800,30.0,True,6.55,1080,2400,,Water Drop Notch,3.0,48,1,16,No,Not Supported,,Android
vivo,Vivo S1 (6GB RAM + 128GB),22999,,False,False,False,MediaTek,Helio,Helio  P65 ,Octa Core,8.0,2.0,6.0,128.0,4500,18.0,True,6.38,1080,2340,,Water Drop Notch,3.0,16,1,32,Yes,Dedicated,256.0,Android
realme,Realme 5 (4GB RAM + 64GB),11999,,False,False,False,Qualcomm,Snapdragon,Snapdragon  665,Octa Core,8.0,2.0,4.0,64.0,5000,,False,6.5,720,1600,,Water Drop Notch,4.0,12,1,13,Yes,Dedicated,256.0,Android
oneplus,OnePlus 7,31999,55.0,False,True,False,Qualcomm,Snapdragon,Snapdragon 855,Octa Core,8.0,2.84,6.0,128.0,3700,20.0,True,6.41,1080,2340,,Water Drop Notch,2.0,48,1,16,No,Not Supported,,Android
realme,Realme 3 Pro,15999,,False,False,False,Qualcomm,Qualcomm,Qualcomm Snapdragon 710 AIE,Octa Core,8.0,2.2,4.0,64.0,4045,,True,6.3,1080,2340,,Water Drop Notch,2.0,16,1,25,Yes,Dedicated,256.0,Android
apple,Apple iPhone 8 (256GB),77000,,False,True,False,Apple,Apple,Apple A11,Hexa Core,6.0,2.39,2.0,256.0,1821,,True,4.7,750,1334,,,1.0,12,1,7,No,Not Supported,,iOS
coolpad,Coolpad Cool 20s 5G,14999,,True,False,False,MediaTek,Dimensity,Dimensity 700,Octa Core,8.0,2.2,6.0,128.0,4500,18.0,True,6.58,1080,2408,,,2.0,50,1,8,Yes,Dedicated,,Android
peace,Peace Nova 13,9999,,False,False,False,MediaTek,Helio,Helio,Single Core,1.0,1.7,4.0,64.0,5000,,False,6.85,1640,720,,Punch Hole,1.0,20,1,,Yes,Dedicated,128.0,S30+ / Feature OS
coolpad,Coolpad CP12 Neo Plus,9000,,False,False,False,Unisoc,Unisoc,Unisoc SC9863A1,Octa Core,8.0,1.6,3.0,64.0,5000,10.0,True,6.56,720,1612,120.0,Water Drop Notch,1.0,13,1,5,Yes,Dedicated,,Android
ringme,Ringme Bold 17 Mini,6999,,False,False,False,MediaTek,Helio,Helio,Quad Core,4.0,1.8,3.0,32.0,2000,,False,3.75,412,960,,,1.0,8,1,,,,,Android
itel,Itel Zeno 100 Pro,9199,,False,False,True,Unisoc,Unisoc,Unisoc T7100,Octa Core,8.0,,3.0,64.0,5000,10.0,True,6.6,720,1612,90.0,Water Drop Notch,1.0,8,1,5,Yes,Dedicated,,Android
ai+,Ai+ Pulse 2 (4GB RAM + 128GB),11499,,False,False,False,Unisoc,Unisoc,Unisoc T7250,Octa Core,8.0,1.8,4.0,128.0,6000,10.0,True,6.75,720,1600,120.0,Water Drop Notch,2.0,50,1,8,Yes,Dedicated,1024.0,Android
coolpad,Coolpad Cool 30i,12000,,False,False,False,MediaTek,Helio,Helio G37,Octa Core,8.0,2.3,6.0,256.0,4500,,False,6.56,720,1600,,Water Drop Notch,2.0,50,1,8,Yes,Hybrid,,Android
hmd,HMD Vibe 2 5G (4GB RAM + 128GB),17999,50.0,True,False,False,Unisoc,Unisoc,Unisoc T8200,Octa Core,8.0,2.3,4.0,128.0,6000,18.0,True,6.75,720,1600,120.0,Water Drop Notch,2.0,50,1,8,Yes,Hybrid,1024.0,Android
gamma,Gamma K2 Mini 2,949,,False,False,False,,,,,,0.001,32.0,32.0,1000,,False,0.66,128,160,,,0.0,,1,,,,,S30+ / Feature OS
itel,Itel Zeno 200,10399,,False,False,True,Unisoc,Unisoc,Unisoc T7100,Octa Core,8.0,1.8,4.0,128.0,5000,,True,6.75,720,1600,120.0,Water Drop Notch,1.0,13,1,Main Front Camera,Yes,Dedicated,,Android
jmax,Jmax X4 4G,2499,,False,False,False,,,,,,0.225,32.0,32.0,3000,,False,2.8,320,480,,,1.0,0.3,1,,Yes,Dedicated,,Not Specified
lava,Lava Bold N2 Lite,9299,,False,False,False,Unisoc,Unisoc,Unisoc SC9863A,Octa Core,8.0,,3.0,64.0,5000,10.0,True,6.75,720,1600,90.0,Water Drop Notch,2.0,13,1,5,Yes,Dedicated,512.0,Android
snexian,Snexian Rock X Flip,1299,,False,False,False,Unisoc,Unisoc,Unisoc,Single Core,1.0,,32.0,32.0,1500,,False,1.8,120,240,,,1.0,0.3,1,,,,,Symbian
mtr,MTR M10,900,,False,False,False,,,,,,0.256,32.0,32.0,700,,False,0.66,120,240,,,0.0,,1,,,,,Not Specified
snexian,Snexian Guru Two,899,,False,False,False,,,,,,,32.0,32.0,2500,,False,2.4,320,240,,,1.0,0.3,1,,Yes,Dedicated,16.0,Symbian
lava,Lava A1 Tejas,1154,,False,False,False,,,,,,,4.0,4.0,1000,,True,2.0,160,128,,,1.0,,1,,Yes,Dedicated,32.0,Other
ikall,iKall I2 New,2182,,False,False,False,,,,,,0.001,32.0,32.0,2500,,False,2.8,240,320,,,1.0,1,1,,Yes,Dedicated,8.0,Other
itel,itel it2165c,1025,,False,False,False,,,,Single Core,1.0,0.308,32.0,32.0,1200,,False,2.0,120,240,,,0.0,,1,,Yes,Dedicated,32.0,Other
hmd,HMD 100,999,,False,False,False,Unisoc,Unisoc,Unisoc 6533G,,,,8.0,4.0,800,2.75,True,1.77,160,128,,,0.0,,1,,,,,Other
gamma,Gamma K2 Tiny,999,,False,False,False,,,,,,0.001,32.0,32.0,1000,,False,0.66,120,360,,,0.0,,1,,,,,Not Specified
peace,Peace Nova 11 4G,8749,,False,False,False,MediaTek,Helio,Helio 6739,,,,4.0,64.0,2000,,False,6.56,,,,,1.0,20,1,5,Yes,Dedicated,128.0,Other
lava,Lava A1 Josh Bol,1044,,False,False,False,,,,,,,4.0,4.0,1000,,True,2.0,160,128,,,,,1,,Yes,Dedicated,32.0,Other
philips,Philips E2104,1086,,False,False,False,,,,,,,32.0,32.0,1420,,False,2.0,,,,,1.0,,1,,Yes,Dedicated,32.0,Other
itel,itel It9120,2200,,False,False,False,,,,,,1.0,64.0,128.0,1200,,False,2.4,640,480,,,1.0,0.3,1,,Yes,Dedicated,,Other
itel,itel it2181,1199,,False,False,False,,,,Single Core,1.0,0.001,4.0,4.0,1200,,True,2.0,240,320,,,1.0,0.3,1,,Yes,Dedicated,32.0,Not Specified
lava,Lava A1 Music,1033,,False,False,False,,,,,,,32.0,32.0,1000,,False,2.0,240,320,,,1.0,0.3,1,,Yes,Dedicated,32.0,Other
samsung,Samsung Galaxy Z Flip 7 FE (8GB RAM + 256GB),95999,,True,True,False,Samsung,Exynos,Exynos 2400,Octa Core,8.0,3.2,8.0,256.0,4000,25.0,True,6.7,1080,2640,120.0,Punch Hole,2.0,50,1,10,No,Not Supported,,Not Specified
philips,Philips E2221,1799,,,,,,,,,,,32.0,32.0,2500,,False,2.44,,,,,1.0,,1,,Yes,Dedicated,32.0,Not Specified
snexian,Snexian Rock 7600,999,,False,False,False,,,,,,0.001,512.0,256.0,1000,,False,1.8,120,240,,,1.0,0.3,1,,,,,Not Specified
philips,Philips E2112,1168,,,,,,,,,,,32.0,32.0,2500,,False,1.77,,,,,1.0,,1,,Yes,Dedicated,32.0,Not Specified
alcatel,Alcatel V3 Ultra (8GB RAM + 128GB),20590,64.0,True,True,False,MediaTek,Dimensity,Dimensity 6300,Octa Core,8.0,2.4,8.0,128.0,5010,33.0,True,6.78,1080,2460,120.0,Punch Hole,3.0,108,1,32,Yes,Dedicated,2048.0,Android
lava,Lava Shark 5G,13999,,True,False,False,Unisoc,Unisoc,Unisoc T765,Octa Core,8.0,,4.0,64.0,5000,,True,6.75,720,1600,90.0,Punch Hole,1.0,13,1,5,Yes,Dedicated,1024.0,Android
realme,Realme C75 5G (6GB RAM + 128GB),21990,53.0,True,False,False,MediaTek,Dimensity,Dimensity 6300,Octa Core,8.0,2.4,6.0,128.0,6000,45.0,True,6.67,720,1604,120.0,Punch Hole,1.0,32,1,8,Yes,Hybrid,,Android
gfive,GFive K-116 C,749,,False,False,False,Unisoc,Spreadtrum,Spreadtrum,Single Core,1.0,1.4,32.0,32.0,1000,,False,1.44,320,480,,,1.0,0.3,1,,Yes,Hybrid,,Symbian
lava,Lava A5 2025,1650,,False,False,False,,,,,,,32.0,24.0,1200,,False,2.4,240,320,,,1.0,0.3,1,,Yes,Dedicated,32.0,Other
lava,Lava A7 Torch Plus,1649,,False,False,False,,,,,,,32.0,32.0,2575,,False,2.4,320,240,,,1.0,0.3,1,,Yes,Dedicated,32.0,Other
lava,Lava A3 Torch,1341,,False,False,False,,,,,,0.001,4.0,3.0,1750,,False,1.8,128,160,,,1.0,0.3,1,,Yes,Dedicated,32.0,Other
google,Google Pixel 9 Pro Fold,135900,,True,True,False,Google,Tensor,Tensor G4,Octa Core,8.0,3.1,16.0,256.0,4650,,True,8.03,2152,2076,120.0,Punch Hole,3.0,48,2,10,,,,Android
itel,itel Ace 3 Shine,898,,False,False,False,,,,Single Core,1.0,0.208,4.0,4.0,1000,,False,1.8,160,128,,,0.0,,1,,Yes,Dedicated,,Other
samsung,Samsung Galaxy Z Flip 6 (512GB),83000,,True,True,False,Qualcomm,Snapdragon,Snapdragon 8 Gen3,Octa Core,8.0,3.3,12.0,512.0,4000,25.0,True,6.7,1080,2640,120.0,Punch Hole,2.0,50,1,10,No,Not Supported,,Not Specified
ringme,Ringme R1 Plus Jumbo,1680,,False,False,False,,,,,,0.256,32.0,32.0,4000,,False,2.4,128,160,,,1.0,1,1,,Yes,Dedicated,,Other
hmd,HMD 105,1019,,False,False,False,,,,,,,4.0,4.0,1000,,False,1.8,120,160,,,0.0,,1,,Yes,Dedicated,,Not Specified
lava,Lava Hero Shakti,956,,False,False,False,,,,,,,,,800,,False,1.8,128,160,,,0.0,,1,,Yes,Dedicated,32.0,Other
motorola,Motorola Moto A10V,1499,,False,False,False,,,,,,,4.0,4.0,800,,False,1.8,160,128,,,0.0,,1,,Yes,Dedicated,32.0,Other
poco,Poco C61,12990,,False,False,False,MediaTek,Helio,Helio G36,Octa Core,8.0,2.2,4.0,64.0,5000,18.0,True,6.71,720,1650,90.0,Water Drop Notch,2.0,8,1,5,Yes,Dedicated,1024.0,Android
samsung,Samsung Galaxy S24 (8GB RAM + 512GB),69999,76.0,True,True,False,Samsung,Exynos,Exynos 2400,Deca Core,10.0,3.2,8.0,512.0,4000,25.0,True,6.2,1080,2340,120.0,Punch Hole,3.0,50,1,12,,,,Android
poco,Poco C65,14490,,False,False,False,MediaTek,Helio,Helio G85,Octa Core,8.0,2.0,4.0,128.0,5000,18.0,True,6.74,720,1600,90.0,Water Drop Notch,3.0,50,1,8,Yes,Dedicated,1024.0,Android
nokia,Nokia 105 Classic 2023 (Dual Sim),1259,,False,False,False,,,,,,,4.0,4.0,800,,False,1.77,128,160,,,0.0,,1,,,,,S30+ / Feature OS
mtr,MTR Speed,1700,,False,False,False,,,,,,0.001,32.0,32.0,3000,,False,2.4,120,240,,,1.0,0.3,1,,Yes,Dedicated,,Not Specified
nokia,Nokia 150 2023,2799,,False,False,False,,,,,,,4.0,4.0,1450,,False,2.4,240,320,,,,,1,,Yes,Dedicated,32.0,S30+ / Feature OS
oppo,OPPO A58 4G,20900,,False,False,True,MediaTek,Helio,Helio G85,Octa Core,8.0,2.0,6.0,128.0,5000,33.0,True,6.72,1080,2400,,Water Drop Notch,2.0,50,1,8,Yes,Dedicated,1024.0,Android
samsung,Samsung Galaxy F34 5G (8GB RAM + 128GB),25999,62.0,True,True,False,Samsung,Exynos,Exynos 1280,Octa Core,8.0,2.4,8.0,128.0,6000,25.0,True,6.5,1080,2340,120.0,Water Drop Notch,3.0,50,1,13,Yes,Hybrid,1024.0,Android
samsung,Samsung Galaxy Z Fold 5 (12GB RAM + 512GB),164999,,True,True,False,Qualcomm,Snapdragon,Snapdragon 8 Gen 2,Octa Core,8.0,3.36,12.0,512.0,4400,25.0,True,7.6,1812,2176,120.0,Punch Hole,3.0,50,2,10,,,,Android
nokia,Nokia 105 2023,1249,,False,False,False,,,,,,,4.0,4.0,1000,,False,1.8,120,160,,,0.0,,1,,Yes,Dedicated,,Not Specified
poco,POCO X5 5G (8GB RAM + 256GB),27900,62.0,True,False,True,Qualcomm,Snapdragon,Snapdragon 695,Octa Core,8.0,2.2,8.0,256.0,5000,33.0,True,6.67,1080,2400,120.0,Punch Hole,3.0,48,1,13,Yes,Hybrid,1024.0,Android
motorola,Motorola Moto A10e,1275,,False,False,False,,,,,,,4.0,32.0,800,,False,1.8,128,160,,,0.0,,1,,Yes,Dedicated,32.0,Not Specified
motorola,Motorola Moto G73,21999,57.0,True,True,False,MediaTek,Dimensity,Dimensity 930,Octa Core,8.0,2.2,8.0,128.0,5000,30.0,True,6.5,1080,2400,120.0,Punch Hole,2.0,50,1,16,Yes,Hybrid,1024.0,Android
motorola,Motorola Moto G72 4G,21999,57.0,False,False,False,MediaTek,Helio,Helio  G99,Octa Core,8.0,2.2,6.0,128.0,5000,33.0,True,6.55,1080,2400,120.0,Punch Hole,3.0,108,1,16,Yes,Hybrid,,Android
realme,Realme C30s (4GB RAM + 64GB),11990,,False,False,False,Unisoc,Unisoc,Unisoc SC9863A,Octa Core,8.0,1.6,4.0,64.0,5000,10.0,True,6.5,720,1600,,Water Drop Notch,1.0,8,1,5,Yes,Dedicated,1024.0,Android
oppo,OPPO A77 (4GB RAM + 128 GB),18900,,False,False,False,MediaTek,Helio,Helio G35,Octa Core,8.0,2.3,4.0,128.0,5000,33.0,True,6.56,720,1600,,Water Drop Notch,2.0,50,1,8,Yes,Dedicated,,Android
motorola,Motorola Moto G62 (8GB RAM + 128GB),24999,58.0,True,False,False,Qualcomm,Snapdragon,Snapdragon  695,Octa Core,8.0,2.2,8.0,128.0,5000,,True,6.55,1080,2400,120.0,Punch Hole,3.0,50,1,16,Yes,Hybrid,1024.0,Android
motorola,Motorola Moto G62 5G,21999,57.0,True,False,False,Qualcomm,Snapdragon,Snapdragon  695,Octa Core,8.0,2.2,6.0,128.0,5000,,True,6.55,1080,2400,120.0,Punch Hole,3.0,50,1,16,Yes,Hybrid,1024.0,Android
samsung,Samsung Galaxy M13 5G (4GB RAM + 64GB),16999,50.0,True,False,False,MediaTek,Dimensity,Dimensity 700,Octa Core,8.0,2.2,4.0,64.0,5000,15.0,True,6.5,720,1600,90.0,Water Drop Notch,2.0,50,1,5,Yes,Dedicated,1024.0,Android
motorola,Motorola Moto G42,15900,52.0,False,True,False,Qualcomm,Snapdragon,Snapdragon 680,Octa Core,8.0,2.4,4.0,64.0,5000,20.0,True,6.47,1080,2400,,Punch Hole,3.0,50,1,16,Yes,Dedicated,1024.0,Android
realme,Realme Narzo 50 5G,26999,55.0,True,False,False,MediaTek,Dimensity,Dimensity 810 5G,Octa Core,8.0,2.4,6.0,128.0,5000,33.0,True,6.6,1080,2400,90.0,Punch Hole,3.0,48,1,16,Yes,Dedicated,1024.0,Android
motorola,Motorola Edge 30 5G,30999,63.0,True,True,False,Qualcomm,Snapdragon,Snapdragon 778G+,Octa Core,8.0,2.5,6.0,128.0,4020,33.0,True,6.5,1080,2400,144.0,Punch Hole,3.0,50,1,32,,,,Android
samsung,Samsung Galaxy M33 5G (8GB RAM + 128GB),29999,55.0,True,True,False,Samsung,Exynos,Exynos  1280,Octa Core,8.0,2.4,8.0,128.0,6000,25.0,True,6.6,1080,2400,120.0,Water Drop Notch,4.0,50,1,8,Yes,Dedicated,1024.0,Android
realme,Realme 9 4G (8GB RAM + 128GB),22999,61.0,False,False,False,Qualcomm,Snapdragon,Snapdragon 680,Octa Core,8.0,2.4,8.0,128.0,5000,33.0,True,6.4,1080,2400,90.0,Punch Hole,3.0,108,1,16,Yes,Dedicated,256.0,Android
kechaoda,Kechaoda K115 Pro,1090,,False,False,False,,,,,,,32.0,32.0,850,,False,1.44,320,240,,,1.0,0.3,1,,,,,Other
samsung,Samsung Galaxy S22 Plus 5G,101999,75.0,True,True,False,Qualcomm,Snapdragon,Snapdragon  8 Gen1,Octa Core,8.0,3.0,8.0,128.0,4500,45.0,True,6.6,1080,2340,120.0,Punch Hole,3.0,50,1,10,,,,Android
realme,Realme 9 Pro Plus 5G (8GB RAM + 256GB),28900,61.0,True,False,False,MediaTek,Dimensity,Dimensity  920 5G,Octa Core,8.0,2.5,8.0,256.0,4500,60.0,True,6.4,1080,2400,90.0,Punch Hole,3.0,50,1,16,No,Not Supported,,Android
xiaomi,Xiaomi Mi 11T Pro 5G,38905,71.0,True,True,True,Qualcomm,Snapdragon,Snapdragon  888 ,Octa Core,8.0,2.84,8.0,128.0,5000,120.0,True,6.67,1080,2400,120.0,Punch Hole,3.0,108,1,16,,,,Android
motorola,Motorola Moto G51 5G,16400,53.0,True,True,False,Qualcomm,Snapdragon,Snapdragon  480+,Octa Core,8.0,2.2,4.0,64.0,5000,,False,6.8,1080,2400,120.0,Punch Hole,3.0,50,1,13,Yes,Hybrid,512.0,Android
jmax,Jmax Super 2,669,,False,False,False,,,,,,0.001,32.0,32.0,1100,,False,1.8,320,480,,,1.0,0.3,1,,,,,Not Specified
realme,Realme C21Y,10990,,False,False,False,Unisoc,Unisoc,Unisoc T610,Octa Core,8.0,1.8,3.0,32.0,5000,,False,6.5,720,1600,,Water Drop Notch,3.0,13,1,5,Yes,Dedicated,256.0,Android
poco,POCO M3 Pro 5G,18990,52.0,True,False,True,MediaTek,Dimensity,Dimensity 700 5G,Octa Core,8.0,2.2,4.0,64.0,5000,18.0,True,6.5,1080,2400,90.0,Punch Hole,3.0,48,1,8,Yes,Hybrid,1024.0,Android
realme,Realme X7 Max (12GB RAM + 256GB),32999,64.0,True,True,False,MediaTek,Dimensity,Dimensity 1200,Octa Core,8.0,3.0,12.0,256.0,4500,50.0,True,6.43,1080,2400,120.0,Punch Hole,3.0,64,1,16,,,,Android
oneplus,OnePlus 9 (12GB RAM + 256GB),39999,67.0,True,True,False,Qualcomm,Snapdragon,Snapdragon 888,Octa Core,8.0,2.84,12.0,256.0,4500,,True,6.55,1080,2400,120.0,Punch Hole,3.0,50,1,16,No,Not Supported,,Android
motorola,Motorola Moto G10 Power,12999,,False,False,False,Qualcomm,Snapdragon,Snapdragon 460,Octa Core,8.0,1.8,4.0,64.0,6000,20.0,True,6.51,1600,720,,Water Drop Notch,4.0,48,1,8,Yes,Hybrid,1024.0,Android
realme,Realme C15 (4GB RAM + 64GB),12999,,False,False,False,MediaTek,Helio,Helio  G35,Octa Core,8.0,2.3,4.0,64.0,6000,18.0,True,6.52,720,1600,,Water Drop Notch,4.0,13,1,8,Yes,Dedicated,256.0,Android
motorola,Motorola Razr 2019,149999,55.0,False,True,False,Qualcomm,Snapdragon,Snapdragon 710,Octa Core,8.0,2.2,6.0,128.0,2510,18.0,True,6.2,876,2142,,Large Notch,1.0,16,1,5,No,Not Supported,,Not Specified
poco,Poco X2 (6GB RAM + 128GB),18990,54.0,False,False,True,Qualcomm,Snapdragon,Snapdragon  730G,Octa Core,8.0,2.2,6.0,128.0,4500,27.0,True,6.67,1080,2400,120.0,Dual Punch Hole,4.0,64,2,20,Yes,Hybrid,512.0,Android
nokia,Nokia 105 (2019),1349,,False,False,False,,,,,,,4.0,4.0,800,,False,1.77,120,160,,,0.0,,1,,,,,Not Specified
oneplus,OnePlus 7 Pro (12GB RAM + 256GB),40599,61.0,False,True,False,Qualcomm,Snapdragon,Snapdragon 855,Octa Core,8.0,2.84,12.0,256.0,4000,30.0,True,6.67,1440,3120,,,3.0,48,1,16,No,Not Supported,,Android
oneplus,OnePlus 7 (8GB RAM + 256GB),33999,57.0,False,True,False,Qualcomm,Snapdragon,Snapdragon 855,Octa Core,8.0,2.84,8.0,256.0,3700,20.0,True,6.41,1080,2340,,Water Drop Notch,2.0,48,1,16,No,Not Supported,,Android
samsung,Samsung Galaxy M30 (6GB RAM + 128GB),16999,,False,False,False,Samsung,Exynos,Exynos  7904,Octa Core,8.0,1.8,6.0,128.0,5000,,True,6.4,1080,2340,,Water Drop Notch,3.0,13,1,16,Yes,Dedicated,1024.0,Android
realme,Realme 3 (3GB RAM + 32GB),10999,,False,False,False,MediaTek,Helio,Helio P70,Octa Core,8.0,2.1,3.0,32.0,4230,,False,6.22,1520,720,,Water Drop Notch,2.0,13,1,13,Yes,Dedicated,256.0,Android
lava,Lava A1,1045,,False,False,False,,,,,,0.001,24.0,24.0,800,,False,1.77,240,320,,,1.0,0.3,1,,Yes,Dedicated,32.0,Not Specified
apple,Apple iPhone 8 Plus (256GB),84900,52.0,False,True,False,Apple,Apple,Apple A11,Hexa Core,6.0,2.39,3.0,256.0,2691,,True,5.5,1080,1920,,,2.0,12,1,7,No,Not Supported,,iOS
micromax,Micromax X412,832,,False,False,False,,,,,,,32.0,32.0,800,,False,1.8,128,160,,,1.0,0.3,1,,Yes,Dedicated,8.0,Not Specified
micromax,Micromax X072,975,,False,False,False,,,,,,,,,1750,,False,1.8,128,160,,,1.0,0.8,1,,Yes,Dedicated,8.0,Other
lava,Lava ARC One,1483,,False,False,False,,,,,,,,,1000,,False,2.4,320,240,,,1.0,0.3,1,,Yes,Dedicated,8.0,Other
karbonn,Karbonn K9,1496,,False,False,False,,,,,,,0.03,128.0,1800,,False,2.4,240,320,,,1.0,1.3,1,,Yes,Dedicated,16.0,Other
jmax,Jmax 6310,1299,,False,False,False,,,,Single Core,1.0,,32.0,32.0,1800,,False,2.8,240,320,,,1.0,0.3,1,,,,,Not Specified
ringme,Ringme Royal V2,2299,,False,False,False,,,,Single Core,1.0,0.001,32.0,32.0,1000,,False,1.8,128,160,,,1.0,,1,,,,,Not Specified
gamma,Gamma K2 Mini 1,949,,False,False,False,,,,,,0.001,32.0,32.0,1000,,True,0.66,128,160,,,0.0,,1,,,,,Symbian
foneme,Foneme FM-1 Power 30C,1299,,False,False,False,,,,Single Core,1.0,0.002,8.0,16.0,3000,,False,2.4,128,160,,,1.0,0.3,1,,,,,Symbian
foneme,Foneme Fm-2 Guru 4G,1499,,False,False,False,,,,Single Core,1.0,0.002,32.0,32.0,3000,,False,2.4,128,160,,,1.0,0.3,1,,Yes,Hybrid,8.0,Symbian
gamma,Gamma G27,1117,,False,False,False,,,,,,0.001,32.0,32.0,1000,,False,0.66,120,160,,,0.0,,1,,,,,Other
foneme,Foneme Power 10,849,,False,False,False,,,,,,,32.0,32.0,3000,,False,1.8,176,220,,,1.0,0.3,1,,,,,Not Specified
snexian,Snexian Rock Z Flip,2099,,False,False,False,,,,Single Core,1.0,,32.0,32.0,2000,,False,2.4,320,240,,,1.0,0.3,1,,,,,Symbian
snexian,Snexian Guru 218C,749,,False,False,False,,,,,,0.001,16.0,128.0,1000,,False,1.8,120,240,,,1.0,0.3,1,,,,,Symbian
gamma,Gamma G26,999,,False,False,False,,,,,,0.001,32.0,32.0,1000,,False,0.66,128,160,,,0.0,,1,,,,,Other
