model,prices,rating,sim,processor,ram,battery,display,camera,card,os
Motorola Edge 70 Fusion,"₹27,589",70,"Dual Sim, 5G, VoLTE, Vo5G, NFC, Wi-Fi","Snapdragon 7s Gen4, Octa Core, 2.7 GHz Processor","8 GB RAM, 128 GB inbuilt",7000 mAh Battery with 68W Fast Charging,"6.8 inches, 1272 x 2772 px, 144 Hz Display with Punch Hole",50 MP + 13 MP + Dedicated 3-in-1 light sensor Triple Rear & 32 MP Front Camera,Android v16,No FM Radio
Xiaomi Redmi Note 17 Pro Max,"₹49,999",,"Dual Sim, 5G, VoLTE, NFC, eSIM, Wi-Fi, IR Blaster","Snapdragon 6 Gen5, Octa Core, 2.6 GHz Processor","8 GB RAM, 256 GB inbuilt",10000 mAh Battery with 100W Fast Charging,"6.83 inches, 1280 x 2772 px, 120 Hz Display with Punch Hole",50 MP + 8 MP Dual Rear & 32 MP Front Camera,Android v16,No FM Radio
Realme P3 5G,"₹15,999",61,"Dual Sim, 5G, VoLTE, NFC, Wi-Fi","Snapdragon 6 Gen4, Octa Core, 2.3 GHz Processor","6 GB RAM, 128 GB inbuilt",6000 mAh Battery with 45W Fast Charging,"6.67 inches, 1080 x 2400 px, 120 Hz Display with Punch Hole",50 MP + 2 MP Dual Rear & 16 MP Front Camera,Android v15,No FM Radio
Apple iPhone 18 Pro,"₹1,64,900",,"Dual Sim, 5G, VoLTE, NFC, eSIM, Wi-Fi","Apple A20 Pro, Hexa Core Processor","12 GB RAM, 256 GB inbuilt",4056 mAh Battery with Fast Charging,"6.3 inches, 1206 x 2622 px, 120 Hz Display with Dynamic Island",48 MP + 48 MP + 48 MP Triple Rear & 18 MP Front Camera,Memory Card Not Supported,iOS v27
Realme P3 Pro 5G (12GB RAM +256GB),"₹23,999",66,"Dual Sim, 5G, VoLTE, Wi-Fi","Snapdragon 7s Gen3, Octa Core, 2.5 GHz Processor","12 GB RAM, 256 GB inbuilt",6000 mAh Battery with 80W Fast Charging,"6.83 inches, 1272 x 2800 px, 120 Hz Display with Punch Hole",50 MP + 2 MP Dual Rear & 16 MP Front Camera,Android v15,No FM Radio
Xiaomi Redmi Note 17 Pro,"₹36,999",71,"Dual Sim, 5G, VoLTE, NFC, eSIM, Wi-Fi, IR Blaster","Snapdragon 6s Gen4, Octa Core, 2.4 GHz Processor","6 GB RAM, 128 GB inbuilt",9000 mAh Battery with 67W Fast Charging,"6.83 inches, 1280 x 2772 px, 120 Hz Display with Punch Hole",50 MP + 8 MP Dual Rear & 16 MP Front Camera,Android v16,No FM Radio
Apple iPhone 17,"₹82,900",76,"Dual Sim, 5G, VoLTE, NFC, eSIM, Wi-Fi","Apple A19, Hexa Core Processor","8 GB RAM, 256 GB inbuilt",3692 mAh Battery with Fast Charging,"6.3 inches, 1206 x 2622 px, 120 Hz Display with Small Notch",48 MP + 48 MP Dual Rear & 18 MP Front Camera,Memory Card Not Supported,iOS v26
Xiaomi Redmi 17 5G,"₹23,999",61,"Dual Sim, 5G, VoLTE, NFC, Wi-Fi, IR Blaster","Snapdragon 4 Gen5, Octa Core, 2.4 GHz Processor","6 GB RAM, 128 GB inbuilt",7900 mAh Battery with 45W Fast Charging,"6.9 inches, 720 x 1600 px, 120 Hz Display with Punch Hole",50 MP + Auxiliary lens Dual Rear & 8 MP Front Camera,"Memory Card (Hybrid), upto 2 TB",Android v16
OnePlus Nord 5 5G,"₹31,999",75,"Dual Sim, 5G, VoLTE, NFC, Wi-Fi, IR Blaster","Snapdragon 8s Gen3, Octa Core, 3 GHz Processor","8 GB RAM, 256 GB inbuilt",6800 mAh Battery with 80W Fast Charging,"6.83 inches, 1272 x 2800 px, 144 Hz Display with Punch Hole",50 MP + 8 MP Dual Rear & 50 MP Front Camera,Android v15,No FM Radio
Vivo T5 5G,"₹34,999",71,"Dual Sim, 5G, VoLTE, Wi-Fi, IR Blaster","Dimensity 7500 Turbo, Octa Core, 2.6 GHz Processor","6 GB RAM, 128 GB inbuilt",7050 mAh Battery with 44W Fast Charging,"6.83 inches, 1260 x 2800 px, 144 Hz Display with Punch Hole",50 MP + 8 MP Dual Rear & 32 MP Front Camera,Memory Card Not Supported,Android v16
Vivo T4 5G,"₹24,999",66,"Dual Sim, 5G, VoLTE, Wi-Fi, IR Blaster","Snapdragon 7s Gen3, Octa Core, 2.5 GHz Processor","8 GB RAM, 128 GB inbuilt",7300 mAh Battery with 90W Fast Charging,"6.77 inches, 1080 x 2392 px, 120 Hz Display with Punch Hole",50 MP + 2 MP Dual Rear & 32 MP Front Camera,Memory Card Not Supported,Android v15
Samsung Galaxy F16 5G (6GB RAM + 128GB),"₹13,999",55,"Dual Sim, 5G, VoLTE, NFC, Wi-Fi","Dimensity 6300, Octa Core, 2.4 GHz Processor","6 GB RAM, 128 GB inbuilt",5000 mAh Battery with 25W Fast Charging,"6.7 inches, 1080 x 2340 px, 90 Hz Display with Punch Hole",50 MP + 5 MP + 2 MP Triple Rear & 13 MP Front Camera,"Memory Card (Hybrid), upto 1.5 TB",Android v15
Vivo T4 Ultra (12GB RAM+ 256GB),"₹37,999",75,"Dual Sim, 5G, VoLTE, NFC, Wi-Fi","Dimensity 9300 Plus, Octa Core, 3.25 GHz Processor","12 GB RAM, 256 GB inbuilt",5500 mAh Battery with 90W Fast Charging,"6.67 inches, 1260 x 2800 px, 120 Hz Display with Punch Hole",50 MP + 50 MP + 8 MP Triple Rear & 32 MP Front Camera,Memory Card Not Supported,Android v15
Apple iPhone 18 Pro Max,"₹1,79,900",,"Dual Sim, 5G, VoLTE, NFC, eSIM, Wi-Fi","Apple A20 Pro, Hexa Core Processor","12 GB RAM, 256 GB inbuilt",5391 mAh Battery with Fast Charging,"6.9 inches, 1320 x 2868 px, 120 Hz Display with Dynamic Island",48 MP + 48 MP + 48 MP Triple Rear & 18 MP Front Camera,Memory Card Not Supported,iOS v27
Motorola Moto G34 5G (8GB RAM + 128GB),"₹14,999",55,"Dual Sim, 5G, VoLTE, Vo5G, Wi-Fi","Snapdragon 695, Octa Core, 2.2 GHz Processor","8 GB RAM, 128 GB inbuilt",5000 mAh Battery with 18W Fast Charging,"6.5 inches, 720 x 1600 px, 120 Hz Display with Punch Hole",50 MP + 2 MP Dual Rear & 16 MP Front Camera,"Memory Card (Hybrid), upto 1 TB",Android v14
Realme P1 5G,"₹13,999",58,"Dual Sim, 5G, VoLTE, Wi-Fi","Dimensity 7050, Octa Core, 2.6 GHz Processor","6 GB RAM, 128 GB inbuilt",5000 mAh Battery with 45W Fast Charging,"6.67 inches, 1080 x 2400 px, 120 Hz Display with Punch Hole",50 MP + 2 MP Dual Rear & 16 MP Front Camera,"Memory Card (Hybrid), upto 2 TB",Android v14
Oppo K13 Turbo (8GB RAM + 256GB),"₹33,299",70,"Dual Sim, 5G, VoLTE, Wi-Fi, IR Blaster","Dimensity 8450, Octa Core, 3.25 GHz Processor","8 GB RAM, 256 GB inbuilt",7000 mAh Battery with 80W Fast Charging,"6.8 inches, 1280 x 2800 px, 120 Hz Display with Punch Hole",50 MP + 2 MP Dual Rear & 16 MP Front Camera,Memory Card Not Supported,Android v15
Samsung Galaxy S25 Ultra,"₹99,999",,"Dual Sim, 5G, VoLTE, Vo5G, NFC, eSIM, Wi-Fi","Snapdragon 8 Elite for Galaxy, Octa Core, 4.47 GHz Processor","12 GB RAM, 256 GB inbuilt",5000 mAh Battery with 45W Fast Charging,"6.9 inches, 1440 x 3120 px, 120 Hz Display with Punch Hole",200 MP Quad Rear & 12 MP Front Camera,Memory Card Not Supported,Android v15
Xiaomi Redmi 13 5G,"₹12,499",58,"Dual Sim, 5G, VoLTE, Wi-Fi, IR Blaster","Snapdragon 4 Gen 2 AE, Octa Core, 2.3 GHz Processor","6 GB RAM, 128 GB inbuilt",5030 mAh Battery with 33W Fast Charging,"6.79 inches, 1080 x 2460 px, 120 Hz Display with Punch Hole",108 MP + Macro Dual Rear & 13 MP Front Camera,"Memory Card (Hybrid), upto 1 TB",Android v14
Motorola Edge 60 Fusion,"₹24,999",67,"Dual Sim, 5G, VoLTE, Vo5G, Wi-Fi","Dimensity 7400, Octa Core, 2.5 GHz Processor","8 GB RAM, 256 GB inbuilt",5500 mAh Battery with 68W Fast Charging,"6.7 inches, 1220 x 2712 px, 120 Hz Display with Punch Hole",50 MP + 13 MP Dual Rear & 32 MP Front Camera,"Memory Card (Hybrid), upto 1 TB",Android v15
Realme P3x 5G (8GB RAM + 128GB),"₹13,999",57,"Dual Sim, 5G, VoLTE, Wi-Fi","Dimensity 6400, Octa Core, 2.5 GHz Processor","8 GB RAM, 128 GB inbuilt",6000 mAh Battery with 45W Fast Charging,"6.72 inches, 1080 x 2400 px, 120 Hz Display with Punch Hole",50 MP + 2 MP Dual Rear & 8 MP Front Camera,Memory Card (Hybrid),Android v15
Oppo K13 (8GB RAM + 256GB),"₹23,999",63,"Dual Sim, 5G, VoLTE, Wi-Fi, IR Blaster","Snapdragon 6 Gen4, Octa Core, 2.3 GHz Processor","8 GB RAM, 256 GB inbuilt",7000 mAh Battery with 80W Fast Charging,"6.67 inches, 1080 x 2400 px, 120 Hz Display with Punch Hole",50 MP + 2 MP Dual Rear & 16 MP Front Camera,Android v15,No FM Radio
Apple iPhone Duo,"₹2,99,900",,"Dual Sim, 5G, VoLTE, NFC, eSIM, Wi-Fi","Apple A20 Pro, Hexa Core Processor","12 GB RAM, 256 GB inbuilt",5800 mAh Battery with Fast Charging,"7.6 inches, 1878 x 2670 px, 120 Hz Display","Foldable Display, Dual Display",48 MP + 48 MP Dual Rear & 12 MP + Under-display FaceTime Camera Dual Front Camera,Memory Card Not Supported
Motorola Edge 70 Pro,"₹39,649",,"Dual Sim, 5G, VoLTE, Vo5G, NFC, Wi-Fi","Dimensity 8500 Extreme, Octa Core, 3.4 GHz Processor","8 GB RAM, 256 GB inbuilt",6500 mAh Battery with 90W Fast Charging,"6.8 inches, 1272 x 2772 px, 144 Hz Display with Punch Hole",50 MP + 50 MP Dual Rear & 50 MP Front Camera,Android v16,No FM Radio
Realme P3 5G (8GB RAM + 128GB),"₹16,999",63,"Dual Sim, 5G, VoLTE, NFC, Wi-Fi","Snapdragon 6 Gen4, Octa Core, 2.3 GHz Processor","8 GB RAM, 128 GB inbuilt",6000 mAh Battery with 45W Fast Charging,"6.67 inches, 1080 x 2400 px, 120 Hz Display with Punch Hole",50 MP + 2 MP Dual Rear & 16 MP Front Camera,Android v15,No FM Radio
Motorola Edge 60 Pro,"₹29,999",76,"Dual Sim, 5G, VoLTE, Vo5G, NFC, Wi-Fi","Dimensity 8350 Extreme, Octa Core, 3.35 GHz Processor","8 GB RAM, 256 GB inbuilt",6000 mAh Battery with 90W Fast Charging,"6.7 inches, 1220 x 2712 px, 120 Hz Display with Punch Hole",50 MP + 50 MP + 10 MP Triple Rear & 50 MP Front Camera,Android v15,No FM Radio
Realme P4 Pro 5G,"₹28,999",71,"Dual Sim, 5G, VoLTE, Wi-Fi, IR Blaster","Snapdragon 7 Gen 4, Octa Core Processor","8 GB RAM, 128 GB inbuilt",7000 mAh Battery with 80W Fast Charging,"6.8 inches, 1280 x 2800 px, 144 Hz Display with Punch Hole",50 MP + 8 MP Dual Rear & 50 MP Front Camera,Android v15,No FM Radio
Samsung Galaxy A17 5G,"₹19,499",58,"Dual Sim, 5G, VoLTE, NFC, Wi-Fi","Exynos 1330, Octa Core, 2.4 GHz Processor","6 GB RAM, 128 GB inbuilt",5000 mAh Battery with 25W Fast Charging,"6.7 inches, 1080 x 2340 px, 90 Hz Display with Water Drop Notch",50 MP + 5 MP + 2 MP Triple Rear & 13 MP Front Camera,"Memory Card (Hybrid), upto 2 TB",Android v15
Samsung Galaxy S25 FE,"₹57,990",75,"Dual Sim, 5G, VoLTE, Vo5G, NFC, eSIM, Wi-Fi","Exynos 2400, Deca Core, 3.2 GHz Processor","8 GB RAM, 128 GB inbuilt",4900 mAh Battery with 45W Fast Charging,"6.7 inches, 1080 x 2340 px, 120 Hz Display with Punch Hole",50 MP + 12 MP + 8 MP Triple Rear & 12 MP Front Camera,Memory Card Not Supported,Android v16
Motorola Edge 60 Stylus,"₹20,560",67,"Dual Sim, 5G, VoLTE, Vo5G, NFC, eSIM, Wi-Fi","Snapdragon 7s Gen2, Octa Core, 2.4 GHz Processor","8 GB RAM, 256 GB inbuilt",5000 mAh Battery with 68W Fast Charging,"6.7 inches, 1220 x 2712 px, 120 Hz Display with Punch Hole",50 MP + 13 MP Dual Rear & 32 MP Front Camera,"Memory Card Supported, upto 1 TB",Android v15
Poco X8 Power 5G,"₹35,999",75,"Dual Sim, 5G, VoLTE, Vo5G, NFC, Wi-Fi, IR Blaster","Snapdragon 6 Gen5, Octa Core, 2.4 GHz Processor","8 GB RAM, 128 GB inbuilt",10000 mAh Battery with 100W Fast Charging,"6.83 inches, 1280 x 2772 px, 120 Hz Display with Punch Hole",50 MP + 8 MP Dual Rear & 32 MP Front Camera,Android v16,No FM Radio
OnePlus Nord 6,"₹46,999",,"Dual Sim, 5G, VoLTE, NFC, Wi-Fi, IR Blaster","Snapdragon 8s Gen4, Octa Core, 3.2 GHz Processor","8 GB RAM, 256 GB inbuilt",9000 mAh Battery with 80W Fast Charging,"6.78 inches, 1272 x 2772 px, 165 Hz Display with Punch Hole",50 MP + 8 MP Dual Rear & 32 MP Front Camera,Memory Card Not Supported,Android v16
Samsung Galaxy A36 5G,"₹28,000",64,"Dual Sim, 5G, VoLTE, NFC, Wi-Fi","Snapdragon 6 Gen3, Octa Core, 2.4 GHz Processor","8 GB RAM, 128 GB inbuilt",5000 mAh Battery with 45W Fast Charging,"6.7 inches, 1080 x 2340 px, 120 Hz Display with Punch Hole",50 MP + 8 MP + 5 MP Triple Rear & 12 MP Front Camera,Android v15,No FM Radio
OPPO K14 Lite,"₹16,999",,"Dual Sim, 4G, VoLTE, Wi-Fi","Unisoc T7250, Octa Core Processor","4 GB RAM, 64 GB inbuilt",7000 mAh Battery with 15W Fast Charging,"6.75 inches, 720 x 1570 px, 120 Hz Display with Water Drop Notch",13 MP Dual Rear & 5 MP Front Camera,Memory Card (Hybrid),Android v16
Xiaomi Redmi Note 14,"₹16,499",63,"Dual Sim, 5G, VoLTE, Wi-Fi, IR Blaster","Dimensity 7025 Ultra, Octa Core, 2.5 GHz Processor","6 GB RAM, 128 GB inbuilt",5110 mAh Battery with 45W Fast Charging,"6.67 inches, 1080 x 2400 px, 120 Hz Display with Punch Hole",50 MP + 8 MP + 2 MP Triple Rear & 20 MP Front Camera,"Memory Card (Hybrid), upto 1 TB",Android v14
Realme GT 7T (12GB RAM + 256GB),"₹34,499",77,"Dual Sim, 5G, VoLTE, Vo5G, NFC, Wi-Fi, IR Blaster","Dimensity 8400-MAX, Octa Core, 3.25 GHz Processor","12 GB RAM, 256 GB inbuilt",7000 mAh Battery with 120W Fast Charging,"6.8 inches, 1280 x 2800 px, 120 Hz Display with Punch Hole",50 MP + 8 MP Dual Rear & 32 MP Front Camera,Memory Card Not Supported,Android v15
Samsung Galaxy S26 Ultra 5G,"₹1,30,999",,"Dual Sim, 5G, VoLTE, Vo5G, NFC, eSIM, Wi-Fi","Snapdragon 8 Elite Gen 5 for Galaxy, Octa Core, 4.74 GHz Processor","12 GB RAM, 256 GB inbuilt",5000 mAh Battery with 60W Fast Charging,"6.9 inches, 1440 x 3120 px, 120 Hz Display with Punch Hole",200 MP Quad Rear & 12 MP Front Camera,Memory Card Not Supported,Android v16
Vivo V70 5G,"₹59,999",,"Dual Sim, 5G, VoLTE, NFC, Wi-Fi, IR Blaster","Snapdragon 7 Gen4, Octa Core, 2.8 GHz Processor","8 GB RAM, 256 GB inbuilt",6500 mAh Battery with 90W Fast Charging,"6.59 inches, 1260 x 2750 px, 120 Hz Display with Punch Hole",50 MP + 50 MP + 8 MP Triple Rear & 50 MP Front Camera,Memory Card Not Supported,Android v16
Vivo T5x 5G,"₹27,249",66,"Dual Sim, 5G, VoLTE, Wi-Fi, IR Blaster","Dimensity 7400 Turbo, Octa Core, 2.6 GHz Processor","6 GB RAM, 128 GB inbuilt",7200 mAh Battery with 44W Fast Charging,"6.76 inches, 1080 x 2344 px, 120 Hz Display with Punch Hole",50 MP + 2 MP Dual Rear & 32 MP Front Camera,Memory Card Not Supported,Android v16
Vivo X200 FE (16GB RAM + 512GB),"₹59,999",,"Dual Sim, 5G, VoLTE, NFC, Wi-Fi, IR Blaster","Dimensity 9300 Plus, Octa Core, 3.25 GHz Processor","16 GB RAM, 512 GB inbuilt",6500 mAh Battery with 90W Fast Charging,"6.31 inches, 1216 x 2640 px, 120 Hz Display with Punch Hole",50 MP + 50 MP + 8 MP Triple Rear & 50 MP Front Camera,Memory Card Not Supported,Android v15
Poco X7 5G,"₹17,999",64,"Dual Sim, 5G, VoLTE, Vo5G, NFC, Wi-Fi, IR Blaster","Dimensity 7300 Ultra, Octa Core, 2.5 GHz Processor","8 GB RAM, 128 GB inbuilt",5500 mAh Battery with 45W Fast Charging,"6.67 inches, 1220 x 2712 px, 120 Hz Display with Punch Hole",50 MP + 8 MP + 2 MP Triple Rear & 20 MP Front Camera,Android v14,No FM Radio
Realme C63 5G,"₹10,999",53,"Dual Sim, 5G, VoLTE, Wi-Fi","Dimensity 6300, Octa Core, 2.4 GHz Processor","4 GB RAM, 128 GB inbuilt",5000 mAh Battery with 10W Fast Charging,"6.67 inches, 720 x 1604 px, 120 Hz Display with Punch Hole",32 MP Dual Rear & 8 MP Front Camera,"Memory Card (Hybrid), upto 2 TB",Android v14
Motorola Edge 70 5G,"₹32,175",75,"Dual Sim, 5G, VoLTE, Vo5G, NFC, Wi-Fi","Snapdragon 7 Gen4, Octa Core, 2.8 GHz Processor","8 GB RAM, 256 GB inbuilt",5000 mAh Battery with 68W Fast Charging,"6.7 inches, 1220 x 2712 px, 120 Hz Display with Punch Hole",50 MP + 50 MP Dual Rear & 50 MP Front Camera,Android v16,No FM Radio
Vivo V70 FE,"₹38,990",77,"Dual Sim, 5G, VoLTE, NFC, Wi-Fi, IR Blaster","Dimensity 7360 Turbo, Octa Core, 2.5 GHz Processor","8 GB RAM, 128 GB inbuilt",7000 mAh Battery with 90W Fast Charging,"6.83 inches, 1260 x 2800 px, 120 Hz Display with Punch Hole",200 MP + 8 MP Dual Rear & 50 MP Front Camera,Memory Card Not Supported,Android v16
Nothing Phone 2a (8GB RAM + 256GB),"₹24,999",70,"Dual Sim, 5G, VoLTE, NFC, Wi-Fi","Dimensity 7200 Pro, Octa Core, 2.8 GHz Processor","8 GB RAM, 256 GB inbuilt",5000 mAh Battery with 45W Fast Charging,"6.7 inches, 1084 x 2412 px, 120 Hz Display with Punch Hole",50 MP + 50 MP Dual Rear & 32 MP Front Camera,Android v14,No FM Radio
Samsung Galaxy F05,"₹6,499",,"Dual Sim, 4G, VoLTE, Wi-Fi","Helio G85, Octa Core, 2 GHz Processor","4 GB RAM, 64 GB inbuilt",5000 mAh Battery with 25W Fast Charging,"6.74 inches, 720 x 1600 px Display with Water Drop Notch",50 MP + 2 MP Dual Rear & 8 MP Front Camera,"Memory Card Supported, upto 1 TB",Android v14
Samsung Galaxy S25 5G,"₹65,929",77,"Dual Sim, 5G, VoLTE, Vo5G, NFC, eSIM, Wi-Fi","Snapdragon 8 Elite, Octa Core, 4.47 GHz Processor","12 GB RAM, 256 GB inbuilt",4000 mAh Battery with 25W Fast Charging,"6.2 inches, 1080 x 2340 px, 120 Hz Display with Punch Hole",50 MP + 12 MP + 10 MP Triple Rear & 12 MP Front Camera,Android v15,No FM Radio
Vivo T4R 5G,"₹22,999",66,"Dual Sim, 5G, VoLTE, Vo5G, Wi-Fi","Dimensity 7400, Octa Core, 2.6 GHz Processor","8 GB RAM, 128 GB inbuilt",5700 mAh Battery with 44W Fast Charging,"6.77 inches, 1080 x 2392 px, 120 Hz Display with Punch Hole",50 MP + 2 MP Dual Rear & 32 MP Front Camera,Memory Card Not Supported,Android v15
OPPO Reno 14 5G,"₹44,999",76,"Dual Sim, 5G, VoLTE, Wi-Fi, IR Blaster","Dimensity 8350, Octa Core, 3.35 GHz Processor","8 GB RAM, 256 GB inbuilt",6000 mAh Battery with 80W Fast Charging,"6.59 inches, 1256 x 2760 px, 120 Hz Display with Punch Hole",50 MP + 50 MP + 8 MP Triple Rear & 50 MP Front Camera,Android v15,No FM Radio
OPPO K13x 5G (6GB RAM +128GB),"₹16,999",54,"Dual Sim, 5G, VoLTE, Wi-Fi","Dimensity 6300, Octa Core, 2.4 GHz Processor","6 GB RAM, 128 GB inbuilt",6000 mAh Battery with 45W Fast Charging,"6.67 inches, 720 x 1604 px, 120 Hz Display with Punch Hole",50 MP + 2 MP Dual Rear & 8 MP Front Camera,"Memory Card (Hybrid), upto 2 TB",Android v15
Samsung Galaxy S24 FE 5G,"₹39,999",70,"Dual Sim, 5G, VoLTE, Vo5G, NFC, eSIM, Wi-Fi","Exynos 2400e, Deca Core, 3.11 GHz Processor","8 GB RAM, 128 GB inbuilt",4700 mAh Battery with 25W Fast Charging,"6.7 inches, 1080 x 2340 px, 120 Hz Display with Punch Hole",50 MP + 12 MP + 8 MP Triple Rear & 10 MP Front Camera,Memory Card Not Supported,Android v14
Vivo S2 5G,"₹37,990",67,"Dual Sim, 5G, VoLTE, Wi-Fi","Dimensity 7360 Turbo, Octa Core, 2.5 GHz Processor","8 GB RAM, 128 GB inbuilt",7050 mAh Battery with 44W Fast Charging,"6.83 inches, 1260 x 2800 px, 120 Hz Display with Punch Hole",50 MP + 2 MP Dual Rear & 32 MP Front Camera,Memory Card Not Supported,Android v16
Samsung Galaxy S26 FE,"₹69,999",,"Dual Sim, 5G, VoLTE, Vo5G, NFC, eSIM, Wi-Fi","Exynos 2500, Deca Core, 3.3 GHz Processor","8 GB RAM, 128 GB inbuilt",4900 mAh Battery with 45W Fast Charging,"6.7 inches, 1080 x 2340 px, 120 Hz Display with Punch Hole",50 MP + 12 MP + 8 MP Triple Rear & 12 MP Front Camera,Memory Card Not Supported,Android v17
Apple iPhone 17 Pro Max,"₹1,43,990",,"Dual Sim, 5G, VoLTE, NFC, eSIM, Wi-Fi","Apple A19 Pro, Hexa Core Processor","12 GB RAM, 256 GB inbuilt",4832 mAh Battery with Fast Charging,"6.9 inches, 1320 x 2868 px, 120 Hz Display with Dynamic Island",48 MP + 48 MP + 48 MP Triple Rear & 18 MP Front Camera,Memory Card Not Supported,iOS v26
Apple iPhone 15,"₹59,900",66,"Dual Sim, 5G, VoLTE, NFC, eSIM, Wi-Fi","Bionic A16, Hexa Core, 3.46 GHz Processor","6 GB RAM, 128 GB inbuilt",3349 mAh Battery with Fast Charging,"6.1 inches, 1179 x 2556 px Display with Dynamic Island",48 MP + 12 MP Dual Rear & 12 MP Front Camera,Memory Card Not Supported,iOS v17
Realme 14 Pro Plus (8GB RAM + 256GB),"₹25,999",67,"Dual Sim, 5G, VoLTE, Wi-Fi","Snapdragon 7s Gen3, Octa Core, 2.5 GHz Processor","8 GB RAM, 256 GB inbuilt",6000 mAh Battery with 80W Fast Charging,"6.83 inches, 1272 x 2800 px, 120 Hz Display with Punch Hole",50 MP + 50 MP + 8 MP Triple Rear & 32 MP Front Camera,Memory Card Not Supported,Android v15
Vivo X300 FE,"₹84,999",,"Dual Sim, 5G, VoLTE, NFC, eSIM, Wi-Fi, IR Blaster","Snapdragon 8 Gen5, Octa Core, 3.8 GHz Processor","12 GB RAM, 256 GB inbuilt",6500 mAh Battery with 90W Fast Charging,"6.31 inches, 1216 x 2640 px, 120 Hz Display with Punch Hole",50 MP + 50 MP + 8 MP Triple Rear & 50 MP Front Camera,Memory Card Not Supported,Android v16
Motorola Edge 50 Fusion (12GB RAM + 256GB),"₹22,790",68,"Dual Sim, 5G, VoLTE, Vo5G, NFC, Wi-Fi","Snapdragon 7s Gen2, Octa Core, 2.4 GHz Processor","12 GB RAM, 256 GB inbuilt",5000 mAh Battery with 68W Fast Charging,"6.67 inches, 1080 x 2400 px, 144 Hz Display with Punch Hole",50 MP + 13 MP Dual Rear & 32 MP Front Camera,Memory Card Not Supported,Android v14
Motorola Signature,"₹59,899",,"Dual Sim, 5G, VoLTE, Vo5G, NFC, Wi-Fi","Snapdragon 8 Gen5, Octa Core, 3.8 GHz Processor","12 GB RAM, 256 GB inbuilt",5200 mAh Battery with 90W Fast Charging,"6.8 inches, 1264 x 2780 px, 165 Hz Display with Punch Hole",50 MP + 50 MP + 50 MP Triple Rear & 50 MP Front Camera,Android v16,No FM Radio
Apple iPhone 17 Pro,"₹1,30,490",74,"Dual Sim, 5G, VoLTE, NFC, eSIM, Wi-Fi","Apple A19 Pro, Hexa Core Processor","12 GB RAM, 256 GB inbuilt",3988 mAh Battery with Fast Charging,"6.3 inches, 1206 x 2622 px, 120 Hz Display with Dynamic Island",48 MP + 48 MP + 48 MP Triple Rear & 18 MP Front Camera,Memory Card Not Supported,iOS v26
Oppo F31 Pro 5G,"₹25,999",66,"Dual Sim, 5G, VoLTE, Wi-Fi","Dimensity 7300 Energy, Octa Core, 2.5 GHz Processor","8 GB RAM, 128 GB inbuilt",7000 mAh Battery with 80W Fast Charging,"6.57 inches, 1080 x 2372 px, 120 Hz Display with Punch Hole",50 MP + 2 MP Dual Rear & 32 MP Front Camera,Android v15,No FM Radio
Poco M7 Plus 5G (4GB RAM + 128GB),"₹15,499",58,"Dual Sim, 5G, VoLTE, Wi-Fi, IR Blaster","Snapdragon 6s Gen3, Octa Core, 2.3 GHz Processor","4 GB RAM, 128 GB inbuilt",7000 mAh Battery with 33W Fast Charging,"6.9 inches, 1080 x 2340 px, 144 Hz Display with Punch Hole",50 MP Rear & 8 MP Front Camera,"Memory Card (Hybrid), upto 2 TB",Android v15
Xiaomi Redmi Note 17 Pro (8GB RAM + 256GB),"₹39,999",72,"Dual Sim, 5G, VoLTE, NFC, eSIM, Wi-Fi, IR Blaster","Snapdragon 6s Gen4, Octa Core, 2.4 GHz Processor","6 GB RAM, 256 GB inbuilt",9000 mAh Battery with 67W Fast Charging,"6.83 inches, 1280 x 2772 px, 120 Hz Display with Punch Hole",50 MP + 8 MP Dual Rear & 16 MP Front Camera,Android v16,No FM Radio
Samsung Galaxy M47 5G,"₹26,988",67,"Dual Sim, 5G, VoLTE, NFC, Wi-Fi","Snapdragon 6 Gen3, Octa Core, 2.4 GHz Processor","6 GB RAM, 128 GB inbuilt",6000 mAh Battery with 45W Fast Charging,"6.7 inches, 1080 x 2340 px, 120 Hz Display with Punch Hole",50 MP + 5 MP + 2 MP Triple Rear & 12 MP Front Camera,"Memory Card (Hybrid), upto 1 TB",Android v16
Realme 15 Pro 5G (12GB RAM + 256GB),"₹33,499",76,"Dual Sim, 5G, VoLTE, Wi-Fi","Snapdragon 7 Gen4, Octa Core, 2.8 GHz Processor","12 GB RAM, 256 GB inbuilt",7000 mAh Battery with 80W Fast Charging,"6.8 inches, 1280 x 2800 px, 144 Hz Display with Punch Hole",50 MP + 50 MP Dual Rear & 50 MP Front Camera,Android v15,No FM Radio
Poco X7 5G (8GB RAM + 256GB),"₹19,999",66,"Dual Sim, 5G, VoLTE, Vo5G, NFC, Wi-Fi, IR Blaster","Dimensity 7300 Ultra, Octa Core, 2.5 GHz Processor","8 GB RAM, 256 GB inbuilt",5500 mAh Battery with 45W Fast Charging,"6.67 inches, 1220 x 2712 px, 120 Hz Display with Punch Hole",50 MP + 8 MP + 2 MP Triple Rear & 20 MP Front Camera,Android v14,No FM Radio
Nothing Phone 3a Pro,"₹27,999",66,"Dual Sim, 5G, VoLTE, NFC, Wi-Fi","Snapdragon 7s Gen 3, Octa Core, 2.5 GHz Processor","8 GB RAM, 128 GB inbuilt",5000 mAh Battery with 50W Fast Charging,"6.77 inches, 1080 x 2392 px, 120 Hz Display with Punch Hole",50 MP + 50 MP + 8 MP Triple Rear & 50 MP Front Camera,Memory Card Not Supported,Android v15
Xiaomi Redmi Note 17 Pro Max 5G (12GB RAM + 256GB),"₹55,999",,"Dual Sim, 5G, VoLTE, NFC, eSIM, Wi-Fi, IR Blaster","Snapdragon 6 Gen5, Octa Core, 2.6 GHz Processor","12 GB RAM, 256 GB inbuilt",10000 mAh Battery with 100W Fast Charging,"6.83 inches, 1280 x 2772 px, 120 Hz Display with Punch Hole",50 MP + 8 MP Dual Rear & 32 MP Front Camera,Android v16,No FM Radio
Motorola Moto G35 5G,"₹12,499",57,"Dual Sim, 5G, VoLTE, Vo5G, Wi-Fi","Unisoc T760, Octa Core, 2.2 GHz Processor","4 GB RAM, 128 GB inbuilt",5000 mAh Battery with 18W Fast Charging,"6.72 inches, 1080 x 2400 px, 120 Hz Display with Punch Hole",50 MP + 8 MP Dual Rear & 16 MP Front Camera,"Memory Card (Hybrid), upto 1 TB",Android v14
Realme P4s 5G,"₹34,999",71,"Dual Sim, 5G, VoLTE, Wi-Fi, IR Blaster","Dimensity 7400, Octa Core, 2.6 GHz Processor","8 GB RAM, 128 GB inbuilt",8000 mAh Battery with 80W Fast Charging,"6.78 inches, 1272 x 2772 px, 144 Hz Display with Punch Hole",50 MP + 2 MP Dual Rear & 16 MP Front Camera,Memory Card Not Supported,Android v16
Realme P4x 5G,"₹21,939",62,"Dual Sim, 5G, VoLTE, Wi-Fi","Dimensity 7400 Ultra, Octa Core, 2.6 GHz Processor","6 GB RAM, 128 GB inbuilt",7000 mAh Battery with 45W Fast Charging,"6.72 inches, 1080 x 2400 px, 144 Hz Display with Punch Hole",50 MP + 2 MP Dual Rear & 8 MP Front Camera,Android v15,No FM Radio
OPPO Reno 16 5G,"₹66,999",79,"Dual Sim, 5G, VoLTE, Vo5G, Wi-Fi, IR Blaster","Snapdragon 7 Gen4, Octa Core, 2.8 GHz Processor","8 GB RAM, 256 GB inbuilt",6700 mAh Battery with 80W Fast Charging,"6.32 inches, 1216 x 2640 px, 120 Hz Display with Punch Hole",50 MP + 50 MP + 50 MP Triple Rear & 50 MP Front Camera,Memory Card Not Supported,Android v16
Xiaomi Redmi 14C 5G (6GB RAM + 128GB),"₹11,999",54,"Dual Sim, 5G, VoLTE, Wi-Fi","Snapdragon 4 Gen2, Octa Core, 2.2 GHz Processor","6 GB RAM, 128 GB inbuilt",5160 mAh Battery with 18W Fast Charging,"6.88 inches, 720 x 1640 px, 120 Hz Display with Water Drop Notch",50 MP Dual Rear & 8 MP Front Camera,"Memory Card Supported, upto 1 TB",Android v14
Infinix Note 40X 5G (12GB RAM +256GB),"₹15,999",62,"Dual Sim, 5G, VoLTE, NFC, Wi-Fi","Dimensity 6300, Octa Core, 2.4 GHz Processor","12 GB RAM, 256 GB inbuilt",5000 mAh Battery with 18W Fast Charging,"6.78 inches, 1080 x 2406 px, 120 Hz Display with Punch Hole",108 MP + 2 MP Triple Rear & 8 MP Front Camera,"Memory Card Supported, upto 1 TB",Android v14
Apple iPhone Duo (2TB),"₹4,49,900",,"Dual Sim, 5G, VoLTE, NFC, eSIM, Wi-Fi","Apple A20 Pro, Hexa Core Processor","12 GB RAM, 2 TB inbuilt",5800 mAh Battery with Fast Charging,"7.6 inches, 1878 x 2670 px, 120 Hz Display","Foldable Display, Dual Display",48 MP + 48 MP Dual Rear & 12 MP + Under-display FaceTime Camera Dual Front Camera,Memory Card Not Supported
Xiaomi Redmi Note 14 Pro 5G,"₹21,999",62,"Dual Sim, 5G, VoLTE, Wi-Fi, IR Blaster","Dimensity 7300 Ultra, Octa Core, 2.5 GHz Processor","8 GB RAM, 128 GB inbuilt",5500 mAh Battery with 45W Fast Charging,"6.67 inches, 1220 x 2712 px, 120 Hz Display with Punch Hole",50 MP + 8 MP + 2 MP Triple Rear & 20 MP Front Camera,Android v14,No FM Radio
Boltt Ace 5G (8GB RAM + 128GB),"₹14,999",55,"Dual Sim, 5G, VoLTE, Wi-Fi","Unisoc T8200, Octa Core, 2.3 GHz Processor","8 GB RAM, 128 GB inbuilt",6000 mAh Battery with 18W Fast Charging,"6.79 inches, 720 x 1640 px, 120 Hz Display with Punch Hole",64 MP Dual Rear & 8 MP Front Camera,"Memory Card (Hybrid), upto 1 TB",Android v16
OPPO Reno 14 Pro 5G,"₹48,979",,"Dual Sim, 5G, VoLTE, NFC, eSIM, Wi-Fi, IR Blaster","Dimensity 8450, Octa Core, 3.25 GHz Processor","12 GB RAM, 256 GB inbuilt",6200 mAh Battery with 80W Fast Charging,"6.83 inches, 1272 x 2800 px, 120 Hz Display with Punch Hole",50 MP + 50 MP + 50 MP Triple Rear & 50 MP Front Camera,Android v15,No FM Radio
OnePlus Nord CE 6 5G,"₹37,999",74,"Dual Sim, 5G, VoLTE, Wi-Fi, IR Blaster","Snapdragon 7s Gen4, Octa Core, 2.7 GHz Processor","8 GB RAM, 128 GB inbuilt",8000 mAh Battery with 80W Fast Charging,"6.78 inches, 1272 x 2772 px, 144 Hz Display with Punch Hole",50 MP + 2 MP Dual Rear & 32 MP Front Camera,Android v16,No FM Radio
Samsung Galaxy S26 5G,"₹79,999",,"Dual Sim, 5G, VoLTE, Vo5G, NFC, eSIM, Wi-Fi","Exynos 2600, Deca Core, 3.8 GHz Processor","12 GB RAM, 256 GB inbuilt",4300 mAh Battery with 25W Fast Charging,"6.3 inches, 1080 x 2340 px, 120 Hz Display with Punch Hole",50 MP + 12 MP + 10 MP Triple Rear & 12 MP Front Camera,Android v16,No FM Radio
iQOO 15,"₹76,999",,"Dual Sim, 5G, VoLTE, NFC, Wi-Fi, IR Blaster","Snapdragon 8 Elite Gen 5, Octa Core, 4.6 GHz Processor","12 GB RAM, 256 GB inbuilt",7000 mAh Battery with 100W Fast Charging,"6.85 inches, 1440 x 3168 px, 144 Hz Display with Punch Hole",50 MP + 50 MP + 50 MP Triple Rear & 32 MP Front Camera,Android v16,No FM Radio
Infinix Note 50X 5G,"₹13,499",55,"Dual Sim, 5G, VoLTE, Wi-Fi, IR Blaster","Dimensity 7300 Ultimate, Octa Core, 2.5 GHz Processor","6 GB RAM, 128 GB inbuilt",5500 mAh Battery with 45W Fast Charging,"6.67 inches, 720 x 1600 px, 120 Hz Display with Punch Hole",50 MP Dual Rear & 8 MP Front Camera,Memory Card (Hybrid),Android v15
Realme P3 Pro 5G (8GB RAM +256GB),"₹21,999",64,"Dual Sim, 5G, VoLTE, Wi-Fi","Snapdragon 7s Gen3, Octa Core, 2.5 GHz Processor","8 GB RAM, 256 GB inbuilt",6000 mAh Battery with 80W Fast Charging,"6.83 inches, 1272 x 2800 px, 120 Hz Display with Punch Hole",50 MP + 2 MP Dual Rear & 16 MP Front Camera,Android v15,No FM Radio
Google Pixel 11,"₹81,999",74,"Dual Sim, 5G, VoLTE, Vo5G, NFC, eSIM, Wi-Fi",Tensor G6,"12 GB RAM, 256 GB inbuilt",4985 mAh Battery with 30W Fast Charging,"6.3 inches, 1080 x 2424 px, 120 Hz Display with Punch Hole",48 MP + 13 MP + 10.8 MP Triple Rear & 10.5 MP Front Camera,Android v17,No FM Radio
Xiaomi Redmi Note 17 5G,"₹27,999",61,"Dual Sim, 5G, VoLTE, Wi-Fi, IR Blaster","Snapdragon 4 Gen4, Octa Core, 2.3 GHz Processor","6 GB RAM, 128 GB inbuilt",8000 mAh Battery with 45W Fast Charging,"6.99 inches, 1080 x 2396 px, 120 Hz Display with Punch Hole",50 MP Rear & 8 MP Front Camera,Android v16,No FM Radio
Apple iPhone 16 (256GB),"₹79,900",70,"Dual Sim, 5G, VoLTE, NFC, eSIM, Wi-Fi","Bionic A18, Hexa Core, 4.04 GHz Processor","8 GB RAM, 256 GB inbuilt",3561 mAh Battery with Fast Charging,"6.1 inches, 1179 x 2556 px Display with Dynamic Island Display",48 MP + 12 MP Dual Rear & 12 MP Front Camera,Memory Card Not Supported,iOS v18
Realme P1 Pro 5G (8GB RAM + 256GB),"₹16,999",59,"Dual Sim, 5G, VoLTE, Wi-Fi","Snapdragon 6 Gen1, Octa Core, 2.2 GHz Processor","8 GB RAM, 256 GB inbuilt",5000 mAh Battery with 45W Fast Charging,"6.7 inches, 1080 x 2400 px, 120 Hz Display with Punch Hole",50 MP + 8 MP Dual Rear & 16 MP Front Camera,Android v14,No FM Radio
Motorola Edge 70 Fusion 5G (12GB RAM + 256 GB),"₹35,199",72,"Dual Sim, 5G, VoLTE, Vo5G, NFC, Wi-Fi","Snapdragon 7s Gen4, Octa Core, 2.7 GHz Processor","12 GB RAM, 256 GB inbuilt",7000 mAh Battery with 68W Fast Charging,"6.8 inches, 1272 x 2772 px, 144 Hz Display with Punch Hole",50 MP + 13 MP + Dedicated 3-in-1 light sensor Triple Rear & 32 MP Front Camera,Android v16,No FM Radio
Samsung Galaxy S26 FE (8GB RAM + 256GB),"₹79,999",,"Dual Sim, 5G, VoLTE, Vo5G, NFC, eSIM, Wi-Fi","Exynos 2500, Deca Core, 3.3 GHz Processor","8 GB RAM, 256 GB inbuilt",4900 mAh Battery with 45W Fast Charging,"6.7 inches, 1080 x 2340 px, 120 Hz Display with Punch Hole",50 MP + 12 MP + 8 MP Triple Rear & 12 MP Front Camera,Memory Card Not Supported,Android v17
Oppo Find X9 5G,"₹74,999",,"Dual Sim, 5G, VoLTE, NFC, Wi-Fi, IR Blaster","Dimensity 9500, Octa Core, 4.21 GHz Processor","12 GB RAM, 256 GB inbuilt",7025 mAh Battery with 80W Fast Charging,"6.59 inches, 1256 x 2760 px, 120 Hz Display with Punch Hole",50 MP + 50 MP + 50 MP Triple Rear & 32 MP Front Camera,Android v16,No FM Radio
Vivo T5 Pro,"₹37,310",72,"Dual Sim, 5G, VoLTE, Vo5G, Wi-Fi, IR Blaster","Snapdragon 7s Gen4, Octa Core, 2.7 GHz Processor","8 GB RAM, 128 GB inbuilt",9020 mAh Battery with 90W Fast Charging,"6.83 inches, 1260 x 2800 px, 144 Hz Display with Punch Hole",50 MP + 2 MP Dual Rear & 32 MP Front Camera,Memory Card Not Supported,Android v16
Vivo V60 5G,"₹45,697",77,"Dual Sim, 5G, VoLTE, NFC, Wi-Fi, IR Blaster","Snapdragon 7 Gen4, Octa Core, 2.8 GHz Processor","8 GB RAM, 128 GB inbuilt",6500 mAh Battery with 90W Fast Charging,"6.77 inches, 1080 x 2392 px, 120 Hz Display with Punch Hole",50 MP + 50 MP + 8 MP Triple Rear & 50 MP Front Camera,Memory Card Not Supported,Android v15
Realme P2 Pro 5G,"₹17,999",63,"Dual Sim, 5G, VoLTE, Wi-Fi","Snapdragon 7s Gen 2, Octa Core, 2.4 GHz Processor","8 GB RAM, 128 GB inbuilt",5200 mAh Battery with 80W Fast Charging,"6.7 inches, 1080 x 2412 px, 120 Hz Display with Punch Hole",50 MP + 8 MP Dual Rear & 32 MP Front Camera,Android v14,No FM Radio
Motorola Moto G37 Power 5G (4GB RAM + 64GB),"₹15,449",55,"Dual Sim, 5G, VoLTE, Wi-Fi","Dimensity 6400, Octa Core, 2.5 GHz Processor","4 GB RAM, 64 GB inbuilt",7000 mAh Battery with 30W Fast Charging,"6.67 inches, 1604 x 720 px, 120 Hz Display with Punch Hole",50 MP Rear & 8 MP Front Camera,"Memory Card (Hybrid), upto 1 TB",Android v16
Samsung Galaxy S24 5G (Snapdragon),"₹49,999",72,"Dual Sim, 5G, VoLTE, Vo5G, NFC, eSIM, Wi-Fi","Snapdragon 8 Gen3, Octa Core, 3.3 GHz Processor","8 GB RAM, 256 GB inbuilt",4000 mAh Battery with 25W Fast Charging,"6.2 inches, 1080 x 2340 px, 120 Hz Display with Punch Hole",50 MP + 12 MP + 10 MP Triple Rear & 12 MP Front Camera,Android v15,No FM Radio
Motorola Moto G37 Power (8GB RAM + 128GB),"₹19,900",58,"Dual Sim, 5G, VoLTE, Wi-Fi","Dimensity 6400, Octa Core, 2.5 GHz Processor","8 GB RAM, 128 GB inbuilt",7000 mAh Battery with 30W Fast Charging,"6.67 inches, 1604 x 720 px, 120 Hz Display with Punch Hole",50 MP Rear & 8 MP Front Camera,"Memory Card (Hybrid), upto 1 TB",Android v16
Xiaomi Redmi Note 15 Pro 5G,"₹31,999",72,"Dual Sim, 5G, VoLTE, eSIM, Wi-Fi, IR Blaster","Dimensity 7400 Ultra, Octa Core, 2.6 GHz Processor","8 GB RAM, 128 GB inbuilt",6580 mAh Battery with 45W Fast Charging,"6.83 inches, 1280 x 2772 px, 120 Hz Display with Punch Hole",200 MP + 8 MP Dual Rear & 20 MP Front Camera,Android v15,No FM Radio
OnePlus 15,"₹85,999",,"Dual Sim, 5G, VoLTE, Vo5G, NFC, eSIM, Wi-Fi, IR Blaster","Snapdragon 8 Elite Gen 5, Octa Core, 4.6 GHz Processor","12 GB RAM, 256 GB inbuilt",7300 mAh Battery with 120W Fast Charging,"6.78 inches, 1272 x 2772 px, 165 Hz Display with Punch Hole",50 MP + 50 MP + 50 MP Triple Rear & 32 MP Front Camera,Memory Card Not Supported,Android v16
OPPO K13,"₹21,999",62,"Dual Sim, 5G, VoLTE, Wi-Fi, IR Blaster","Snapdragon 6 Gen4, Octa Core, 2.3 GHz Processor","8 GB RAM, 128 GB inbuilt",7000 mAh Battery with 80W Fast Charging,"6.67 inches, 1080 x 2400 px, 120 Hz Display with Punch Hole",50 MP + 2 MP Dual Rear & 16 MP Front Camera,Android v15,No FM Radio
Poco M7 5G,"₹12,499",53,"Dual Sim, 5G, VoLTE, Wi-Fi","Snapdragon 4 Gen2, Octa Core, 2.2 GHz Processor","6 GB RAM, 128 GB inbuilt",5160 mAh Battery with 18W Fast Charging,"6.88 inches, 720 x 1640 px, 120 Hz Display with Water Drop Notch",50 MP Rear & 8 MP Front Camera,"Memory Card Supported, upto 1 TB",Android v14
Poco F7 5G,"₹35,999",76,"Dual Sim, 5G, VoLTE, NFC, Wi-Fi, IR Blaster","Snapdragon 8s Gen4, Octa Core, 3.2 GHz Processor","12 GB RAM, 256 GB inbuilt",7550 mAh Battery with 90W Fast Charging,"6.83 inches, 1280 x 2772 px, 120 Hz Display with Punch Hole",50 MP + 8 MP Dual Rear & 20 MP Front Camera,Memory Card Not Supported,Android v15
Oppo Reno 15 Pro Mini,"₹59,999",,"Dual Sim, 5G, VoLTE, Wi-Fi, IR Blaster","Dimensity 8450, Octa Core, 3.25 GHz Processor","12 GB RAM, 256 GB inbuilt",6200 mAh Battery with 80W Fast Charging,"6.32 inches, 1216 x 2640 px, 120 Hz Display with Punch Hole",200 MP + 50 MP + 50 MP Triple Rear & 50 MP Front Camera,Android v16,No FM Radio
Motorola Moto G67 Power 5G,"₹23,400",62,"Dual Sim, 5G, VoLTE, Wi-Fi","Snapdragon 7s Gen2, Octa Core, 2.4 GHz Processor","8 GB RAM, 128 GB inbuilt",7000 mAh Battery with 30W Fast Charging,"6.7 inches, 1080 x 2400 px, 120 Hz Display with Punch Hole",50 MP + 8 MP Dual Rear & 32 MP Front Camera,Android v15,No FM Radio
Samsung Galaxy F70 Pro 5G,"₹26,349",66,"Dual Sim, 5G, VoLTE, Wi-Fi","Snapdragon 6 Gen3, Octa Core, 2.4 GHz Processor","6 GB RAM, 128 GB inbuilt",6000 mAh Battery with 45W Fast Charging,"6.7 inches, 1080 x 2340 px, 120 Hz Display with Punch Hole",50 MP + 5 MP + 2 MP Triple Rear & 12 MP Front Camera,"Memory Card (Hybrid), upto 2 TB",Android v16
Samsung Galaxy F16 5G,"₹12,499",54,"Dual Sim, 5G, VoLTE, NFC, Wi-Fi","Dimensity 6300, Octa Core, 2.4 GHz Processor","4 GB RAM, 128 GB inbuilt",5000 mAh Battery with 25W Fast Charging,"6.7 inches, 1080 x 2340 px, 90 Hz Display with Punch Hole",50 MP + 5 MP + 2 MP Triple Rear & 13 MP Front Camera,"Memory Card (Hybrid), upto 1.5 TB",Android v15
iQOO Z11 5G,"₹34,999",71,"Dual Sim, 5G, VoLTE, Wi-Fi, IR Blaster","Dimensity 7500 Turbo, Octa Core, 2.6 GHz Processor","6 GB RAM, 128 GB inbuilt",7050 mAh Battery with 44W Fast Charging,"6.83 inches, 1260 x 2800 px, 144 Hz Display with Punch Hole",50 MP + 8 MP Dual Rear & 32 MP Front Camera,Memory Card Not Supported,Android v16
Samsung Galaxy A56 5G,"₹36,999",63,"Dual Sim, 5G, VoLTE, NFC, eSIM, Wi-Fi","Exynos 1580, Octa Core, 2.9 GHz Processor","8 GB RAM, 128 GB inbuilt",5000 mAh Battery with 45W Fast Charging,"6.7 inches, 1080 x 2340 px, 120 Hz Display with Punch Hole",50 MP + 12 MP + 5 MP Triple Rear & 12 MP Front Camera,Android v15,No FM Radio
Vivo X300 Ultra,"₹1,59,999",,"Dual Sim, 5G, VoLTE, NFC, Wi-Fi, IR Blaster","Snapdragon 8 Elite Gen 5, Octa Core, 4.6 GHz Processor","16 GB RAM, 512 GB inbuilt",6600 mAh Battery with 100W Fast Charging,"6.82 inches, 1440 x 3168 px, 144 Hz Display with Punch Hole",200 MP + 200 MP + 50 MP Triple Rear & 50 MP Front Camera,Memory Card Not Supported,Android v16
iQOO 15R,"₹53,999",,"Dual Sim, 5G, VoLTE, NFC, Wi-Fi, IR Blaster","Snapdragon 8 Gen5, Octa Core, 3.8 GHz Processor","8 GB RAM, 256 GB inbuilt",7600 mAh Battery with 100W Fast Charging,"6.59 inches, 1260 x 2750 px, 144 Hz Display with Punch Hole",50 MP + 8 MP Dual Rear & 32 MP Front Camera,Android v16,No FM Radio
Realme C63 5G (6GB RAM + 128GB),"₹10,999",53,"Dual Sim, 5G, VoLTE, Wi-Fi","Dimensity 6300, Octa Core, 2.4 GHz Processor","6 GB RAM, 128 GB inbuilt",5000 mAh Battery with 10W Fast Charging,"6.67 inches, 720 x 1604 px, 120 Hz Display with Punch Hole",32 MP Dual Rear & 8 MP Front Camera,"Memory Card (Hybrid), upto 2 TB",Android v14
OnePlus N6,"₹24,999",59,"Dual Sim, 5G, VoLTE, NFC, Wi-Fi","Dimensity 6360 Apex, Octa Core Processor","4 GB RAM, 128 GB inbuilt",8000 mAh Battery with 45W Fast Charging,"6.8 inches, 720 x 1570 px, 120 Hz Display with Punch Hole",50 MP Dual Rear & 8 MP Front Camera,"Memory Card Supported, upto 2 TB",Android v16
Moto G96 5G,"₹22,990",63,"Dual Sim, 5G, VoLTE, Wi-Fi","Snapdragon 7s Gen2, Octa Core, 2.4 GHz Processor","8 GB RAM, 128 GB inbuilt",5500 mAh Battery with 33W Fast Charging,"6.67 inches, 1080 x 2400 px, 144 Hz Display with Punch Hole",50 MP + 8 MP Dual Rear & 32 MP Front Camera,Memory Card Not Supported,Android v15
Apple iPhone 13,"₹45,690",55,"Dual Sim, 5G, VoLTE, NFC, eSIM, Wi-Fi","Bionic A15, Hexa Core, 3.22 GHz Processor","4 GB RAM, 128 GB inbuilt",3240 mAh Battery with Fast Charging,"6.1 inches, 1170 x 2532 px Display with Small Notch",12 MP + 12 MP Dual Rear & 12 MP Front Camera,Memory Card Not Supported,iOS v15
Google Pixel 10 5G,"₹67,479",75,"Dual Sim, 5G, VoLTE, Vo5G, NFC, eSIM, Wi-Fi","Tensor G5, Octa Core, 3.78 GHz Processor","12 GB RAM, 256 GB inbuilt",4970 mAh Battery with 30W Fast Charging,"6.3 inches, 1080 x 2424 px, 120 Hz Display with Punch Hole",48 MP + 13 MP + 10.8 MP Triple Rear & 10.5 MP Front Camera,Android v16,No FM Radio
Realme 12X (6GB RAM +128GB),"₹12,499",55,"Dual Sim, 5G, VoLTE, Wi-Fi","Dimensity 6100 Plus, Octa Core, 2.2 GHz Processor","6 GB RAM, 128 GB inbuilt",5000 mAh Battery with 45W Fast Charging,"6.72 inches, 1080 x 2400 px, 120 Hz Display with Punch Hole",50 MP + 2 MP Dual Rear & 8 MP Front Camera,"Memory Card Supported, upto 2 TB",Android v14
Poco X8 5G,"₹29,999",66,"Dual Sim, 5G, VoLTE, Vo5G, NFC, Wi-Fi, IR Blaster","Snapdragon 6s Gen4, Octa Core, 2.4 GHz Processor","6 GB RAM, 128 GB inbuilt",9000 mAh Battery with 67W Fast Charging,"6.83 inches, 1280 x 2772 px, 120 Hz Display with Punch Hole",50 MP + 2 MP Dual Rear & 16 MP Front Camera,Android v16,No FM Radio
Samsung Galaxy F16 5G (8GB RAM + 128GB),"₹15,499",55,"Dual Sim, 5G, VoLTE, NFC, Wi-Fi","Dimensity 6300, Octa Core, 2.4 GHz Processor","8 GB RAM, 128 GB inbuilt",5000 mAh Battery with 25W Fast Charging,"6.7 inches, 1080 x 2340 px, 90 Hz Display with Punch Hole",50 MP + 5 MP + 2 MP Triple Rear & 13 MP Front Camera,"Memory Card (Hybrid), upto 1.5 TB",Android v15
Samsung Galaxy A07 5G,"₹16,800",57,"Dual Sim, 5G, VoLTE, Wi-Fi","Dimensity 6300, Octa Core, 2.4 GHz Processor","4 GB RAM, 128 GB inbuilt",6000 mAh Battery with 25W Fast Charging,"6.74 inches, 720 x 1600 px, 120 Hz Display with Water Drop Notch",50 MP + 2 MP Dual Rear & 8 MP Front Camera,"Memory Card Supported, upto 2 TB",Android v16
Moto G57 Power,"₹20,999",57,"Dual Sim, 5G, eSIM, Wi-Fi","Snapdragon 6s Gen4, Octa Core, 2.4 GHz Processor","8 GB RAM, 128 GB inbuilt",7000 mAh Battery with 33W Fast Charging,"6.72 inches, 1080 x 2400 px, 120 Hz Display with Punch Hole",50 MP + 8 MP Dual Rear & 8 MP Front Camera,Android v16,Bluetooth
Nothing Phone 4a,"₹35,799",71,"Dual Sim, 5G, VoLTE, Wi-Fi","Snapdragon 7s Gen4, Octa Core, 2.7 GHz Processor","8 GB RAM, 128 GB inbuilt",5400 mAh Battery with 50W Fast Charging,"6.78 inches, 1224 x 2720 px, 120 Hz Display with Punch Hole",50 MP + 50 MP + 8 MP Triple Rear & 32 MP Front Camera,Android v16,No FM Radio
Realme P4 Power 5G,"₹30,499",72,"Dual Sim, 5G, VoLTE, Wi-Fi, IR Blaster","Dimensity 7400 Ultra, Octa Core, 2.6 GHz Processor","8 GB RAM, 128 GB inbuilt",10001 mAh Battery with 80W Fast Charging,"6.8 inches, 1280 x 2800 px, 144 Hz Display with Punch Hole",50 MP + 8 MP Dual Rear & 16 MP Front Camera,Memory Card Not Supported,Android v16
OnePlus Nord 4 5G (8GB RAM + 256GB),"₹29,999",70,"Dual Sim, 5G, VoLTE, NFC, Wi-Fi, IR Blaster","Snapdragon 7+ Gen3, Octa Core, 2.8 GHz Processor","8 GB RAM, 256 GB inbuilt",5500 mAh Battery with 100W Fast Charging,"6.74 inches, 1240 x 2772 px, 120 Hz Display with Punch Hole",50 MP + 8 MP Dual Rear & 16 MP Front Camera,Android v14,No FM Radio
OnePlus Nord CE 5 5G,"₹34,800",71,"Dual Sim, 5G, VoLTE, Wi-Fi, IR Blaster","Dimensity 8350 Apex, Octa Core, 3.35 GHz Processor","8 GB RAM, 128 GB inbuilt",7100 mAh Battery with 80W Fast Charging,"6.77 inches, 1080 x 2392 px, 120 Hz Display with Punch Hole",50 MP + 8 MP Dual Rear & 16 MP Front Camera,"Memory Card (Hybrid), upto 1 TB",Android v15
Motorola Edge 70 Fusion 5G (8GB RAM + 256 GB),"₹34,399",71,"Dual Sim, 5G, VoLTE, Vo5G, NFC, Wi-Fi","Snapdragon 7s Gen4, Octa Core, 2.7 GHz Processor","8 GB RAM, 256 GB inbuilt",7000 mAh Battery with 68W Fast Charging,"6.8 inches, 1272 x 2772 px, 144 Hz Display with Punch Hole",50 MP + 13 MP + Dedicated 3-in-1 light sensor Triple Rear & 32 MP Front Camera,Android v16,No FM Radio
Vivo T4 5G (12GB RAM + 256GB),"₹28,999",68,"Dual Sim, 5G, VoLTE, Wi-Fi, IR Blaster","Snapdragon 7s Gen3, Octa Core, 2.5 GHz Processor","12 GB RAM, 256 GB inbuilt",7300 mAh Battery with 90W Fast Charging,"6.77 inches, 1080 x 2392 px, 120 Hz Display with Punch Hole",50 MP + 2 MP Dual Rear & 32 MP Front Camera,Memory Card Not Supported,Android v15
OPPO A6x 5G,"₹18,999",50,"Dual Sim, 5G, VoLTE, Wi-Fi","Dimensity 6300, Octa Core, 2.4 GHz Processor","4 GB RAM, 64 GB inbuilt",6500 mAh Battery with 45W Fast Charging,"6.75 inches, 720 x 1570 px, 120 Hz Display with Punch Hole",13 MP Rear & 5 MP Front Camera,Memory Card (Hybrid),Android v15
Samsung Galaxy S25 Edge,"₹60,800",,"Dual Sim, 5G, VoLTE, Vo5G, NFC, eSIM, Wi-Fi","Snapdragon 8 Elite, Octa Core, 4.47 GHz Processor","12 GB RAM, 256 GB inbuilt",3900 mAh Battery with 25W Fast Charging,"6.7 inches, 1440 x 3120 px, 120 Hz Display with Punch Hole",200 MP + 12 MP Dual Rear & 12 MP Front Camera,Android v15,No FM Radio
OnePlus 13s 5G,"₹54,999",,"Dual Sim, 5G, VoLTE, Vo5G, NFC, Wi-Fi, IR Blaster","Snapdragon 8 Elite, Octa Core, 4.32 GHz Processor","12 GB RAM, 256 GB inbuilt",5850 mAh Battery with 80W Fast Charging,"6.32 inches, 1216 x 2640 px, 120 Hz Display with Punch Hole",50 MP + 50 MP Dual Rear & 32 MP Front Camera,Memory Card Not Supported,Android v15
Boltt Ace 5G,"₹13,999",53,"Dual Sim, 5G, VoLTE, Wi-Fi","Unisoc T8200, Octa Core, 2.3 GHz Processor","4 GB RAM, 64 GB inbuilt",6000 mAh Battery with 18W Fast Charging,"6.79 inches, 720 x 1640 px, 120 Hz Display with Punch Hole",64 MP Dual Rear & 8 MP Front Camera,"Memory Card (Hybrid), upto 1 TB",Android v16
Google Pixel 10A,"₹52,260",76,"Dual Sim, 5G, VoLTE, NFC, eSIM, Wi-Fi","Tensor G4, Octa Core, 3.1 GHz Processor","8 GB RAM, 256 GB inbuilt",5100 mAh Battery with 30W Fast Charging,"6.3 inches, 1080 x 2424 px, 120 Hz Display with Punch Hole",48 MP + 13 MP Dual Rear & 13 MP Front Camera,Memory Card Not Supported,Android v16
Nothing Phone 3 (16GB RAM + 512GB),"₹89,999",,"Dual Sim, 5G, VoLTE, NFC, eSIM, Wi-Fi","Snapdragon 8s Gen4, Octa Core, 3.2 GHz Processor","16 GB RAM, 512 GB inbuilt",5500 mAh Battery with 65W Fast Charging,"6.67 inches, 1260 x 2800 px, 120 Hz Display with Punch Hole",50 MP + 50 MP + 50 MP Triple Rear & 50 MP Front Camera,Android v15,No FM Radio
Motorola Edge 50 5G,"₹22,990",70,"Dual Sim, 5G, VoLTE, Vo5G, NFC, Wi-Fi","Snapdragon 7 Gen1 AE, Octa Core, 2.5 GHz Processor","8 GB RAM, 256 GB inbuilt",5000 mAh Battery with 68W Fast Charging,"6.67 inches, 1220 x 2712 px, 120 Hz Display",50 MP + 13 MP + 10 MP Triple Rear & 32 MP Front Camera,Android v14,No FM Radio
iQOO Z11xA 5G,"₹28,999",64,"Dual Sim, 5G, VoLTE, Wi-Fi","Dimensity 7400 Turbo, Octa Core, 2.6 GHz Processor","8 GB RAM, 128 GB inbuilt",7200 mAh Battery with 44W Fast Charging,"6.76 inches, 1080 x 2344 px, 120 Hz Display with Punch Hole",50 MP + 2 MP Dual Rear & 32 MP Front Camera,Android v16,No FM Radio
Poco X8 Power (8GB RAM + 256GB),"₹38,999",77,"Dual Sim, 5G, VoLTE, Vo5G, NFC, Wi-Fi, IR Blaster","Snapdragon 6 Gen5, Octa Core, 2.4 GHz Processor","8 GB RAM, 256 GB inbuilt",10000 mAh Battery with 100W Fast Charging,"6.83 inches, 1280 x 2772 px, 120 Hz Display with Punch Hole",50 MP + 8 MP Dual Rear & 32 MP Front Camera,Android v16,No FM Radio
iQOO Neo 10 (8GB RAM + 256GB),"₹43,999",,"Dual Sim, 5G, VoLTE, NFC, Wi-Fi, IR Blaster","Snapdragon 8s Gen4, Octa Core, 3.2 GHz Processor","8 GB RAM, 256 GB inbuilt",7000 mAh Battery with 120W Fast Charging,"6.78 inches, 1260 x 2800 px, 144 Hz Display with Punch Hole",50 MP + 8 MP Dual Rear & 32 MP Front Camera,Android v15,No FM Radio
Apple iPhone 16 Pro Max,"₹1,34,900",,"Dual Sim, 5G, VoLTE, NFC, eSIM, Wi-Fi","Bionic A18 Pro, Hexa Core, 4.05 GHz Processor","8 GB RAM, 256 GB inbuilt",4685 mAh Battery with Fast Charging,"6.9 inches, 1320 x 2868 px, 120 Hz Display with Dynamic Island",48 MP + 48 MP + 12 MP Triple Rear & 12 MP Front Camera,Memory Card Not Supported,iOS v18
Samsung Galaxy S24 Ultra,"₹1,03,999",,"Dual Sim, 5G, VoLTE, Vo5G, NFC, eSIM, Wi-Fi","Snapdragon 8 Gen3, Octa Core, 3.3 GHz Processor","12 GB RAM, 256 GB inbuilt",5000 mAh Battery with 45W Fast Charging,"6.8 inches, 1440 x 3120 px, 120 Hz Display with Punch Hole",200 MP Quad Rear & 12 MP Front Camera,Memory Card Not Supported,Android v14
Vivo X300 (12GB RAM + 512GB),"₹81,999",,"Dual Sim, 5G, VoLTE, NFC, eSIM, Wi-Fi, IR Blaster","Dimensity 9500, Octa Core, 4.21 GHz Processor","12 GB RAM, 512 GB inbuilt",6040 mAh Battery with 90W Fast Charging,"6.31 inches, 1216 x 2640 px, 120 Hz Display with Punch Hole",200 MP + 50 MP + 50 MP Triple Rear & 50 MP Front Camera,Memory Card Not Supported,Android v16
Xiaomi Redmi Note 15 Pro Plus,"₹39,999",79,"Dual Sim, 5G, VoLTE, NFC, eSIM, Wi-Fi, IR Blaster","Snapdragon 7s Gen4, Octa Core, 2.7 GHz Processor","8 GB RAM, 256 GB inbuilt",6500 mAh Battery with 100W Fast Charging,"6.83 inches, 1280 x 2772 px, 120 Hz Display with Punch Hole",200 MP + 8 MP Dual Rear & 32 MP Front Camera,Memory Card Not Supported,Android v15
Lava Virat V1 Pro 5G,"₹15,999",52,"Dual Sim, 5G, VoLTE, Wi-Fi","Unisoc T8200, Octa Core, 2.6 GHz Processor","6 GB RAM, 128 GB inbuilt",6000 mAh Battery with 18W Fast Charging,"6.75 inches, 720 x 1600 px, 120 Hz Display with Water Drop Notch",50 MP Dual Rear & 8 MP Front Camera,"Memory Card (Hybrid), upto 1 TB",Android v16
Xiaomi Redmi Turbo 5,"₹41,999",76,"Dual Sim, 5G, VoLTE, NFC, Wi-Fi, IR Blaster","Dimensity 8500 Ultra, Octa Core, 3.4 GHz Processor","8 GB RAM, 256 GB inbuilt",7540 mAh Battery with 100W Fast Charging,"6.59 inches, 1268 x 2756 px, 120 Hz Display with Punch Hole",50 MP + 8 MP Dual Rear & 20 MP Front Camera,Android v16,No FM Radio
Vivo Y11 5G,"₹17,999",,"Dual Sim, 5G, VoLTE, Wi-Fi, IR Blaster","Dimensity 6300, Octa Core, 2.4 GHz Processor","4 GB RAM, 64 GB inbuilt",6500 mAh Battery with 15W Fast Charging,"6.74 inches, 720 x 1600 px, 120 Hz Display with Water Drop Notch",13 MP + 0.08 MP Dual Rear & 5 MP Front Camera,"Memory Card (Hybrid), upto 2 TB",Android v16
Nothing Phone (4a) Pro,"₹45,950",75,"Dual Sim, 5G, VoLTE, NFC, Wi-Fi","Snapdragon 7 Gen 4, Octa Core, 2.8 GHz Processor","8 GB RAM, 128 GB inbuilt",5400 mAh Battery with 50W Fast Charging,"6.83 inches, 1260 x 2800 px, 144 Hz Display with Punch Hole",50 MP + 50 MP + 8 MP Triple Rear & 32 MP Front Camera,Memory Card Not Supported,Android v16
Xiaomi Redmi 17 5G (8GB RAM + 128GB),"₹26,999",62,"Dual Sim, 5G, VoLTE, NFC, Wi-Fi, IR Blaster","Snapdragon 4 Gen5, Octa Core, 2.4 GHz Processor","8 GB RAM, 128 GB inbuilt",7900 mAh Battery with 45W Fast Charging,"6.9 inches, 720 x 1600 px, 120 Hz Display with Punch Hole",50 MP + Auxiliary lens Dual Rear & 8 MP Front Camera,"Memory Card (Hybrid), upto 2 TB",Android v16
OPPO K14x 5G,"₹18,999",54,"Dual Sim, 5G, VoLTE, Wi-Fi","Dimensity 6300, Octa Core, 2.4 GHz Processor","4 GB RAM, 128 GB inbuilt",6500 mAh Battery with 45W Fast Charging,"6.75 inches, 720 x 1570 px, 120 Hz Display with Punch Hole",50 MP + 2 MP Dual Rear & 5 MP Front Camera,Memory Card (Hybrid),Android v15
Apple iPhone 15 Plus,"₹69,900",67,"Dual Sim, 5G, VoLTE, NFC, eSIM, Wi-Fi","Bionic A16, Hexa Core, 3.46 GHz Processor","6 GB RAM, 128 GB inbuilt",4383 mAh Battery with Fast Charging,"6.7 inches, 1290 x 2796 px Display with Dynamic Island",48 MP + 12 MP Dual Rear & 12 MP Front Camera,Memory Card Not Supported,iOS v17
OPPO K14,"₹23,999",62,"Dual Sim, 5G, VoLTE, NFC, Wi-Fi, IR Blaster","Dimensity 6300, Octa Core, 2.4 GHz Processor","6 GB RAM, 128 GB inbuilt",7000 mAh Battery with 45W Fast Charging,"6.75 inches, 720 x 1570 px, 120 Hz Display with Punch Hole",50 MP + 2 MP Dual Rear & 8 MP Front Camera,Memory Card (Hybrid),Android v15
Boltt Evo,"₹10,999",,"Dual Sim, 4G, VoLTE, Wi-Fi","Unisoc T7250, Octa Core, 1.8 GHz Processor","4 GB RAM, 64 GB inbuilt",6000 mAh Battery with 18W Fast Charging,"6.79 inches, 720 x 1640 px, 120 Hz Display with Punch Hole",50 MP + 2 MP Dual Rear & 8 MP Front Camera,"Memory Card (Hybrid), upto 1 TB",Android v16
OnePlus 15R 5G,"₹59,999",,"Dual Sim, 5G, VoLTE, Vo5G, NFC, Wi-Fi, IR Blaster","Snapdragon 8 Gen5, Octa Core, 3.84 GHz Processor","12 GB RAM, 256 GB inbuilt",7400 mAh Battery with 80W Fast Charging,"6.83 inches, 1272 x 2800 px, 165 Hz Display with Punch Hole",50 MP + 8 MP Dual Rear & 32 MP Front Camera,Memory Card Not Supported,Android v16
Motorola Edge 70 Pro Plus 5G,"₹48,990",,"Dual Sim, 5G, VoLTE, Vo5G, NFC, Wi-Fi","Dimensity 8500 Extreme, Octa Core, 3.4 GHz Processor","12 GB RAM, 256 GB inbuilt",6500 mAh Battery with 90W Fast Charging,"6.78 inches, 1272 x 2772 px, 144 Hz Display with Punch Hole",50 MP + 50 MP + 50 MP Triple Rear & 50 MP Front Camera,Android v16,No FM Radio
Realme P3 Pro 5G,"₹20,999",63,"Dual Sim, 5G, VoLTE, Wi-Fi","Snapdragon 7s Gen3, Octa Core, 2.5 GHz Processor","8 GB RAM, 128 GB inbuilt",6000 mAh Battery with 80W Fast Charging,"6.83 inches, 1272 x 2800 px, 120 Hz Display with Punch Hole",50 MP + 2 MP Dual Rear & 16 MP Front Camera,Android v15,No FM Radio
Oppo K13 Turbo Pro,"₹29,999",71,"Dual Sim, 5G, VoLTE, Wi-Fi, IR Blaster","Snapdragon 8s Gen4, Octa Core, 3.2 GHz Processor","8 GB RAM, 256 GB inbuilt",7000 mAh Battery with 80W Fast Charging,"6.8 inches, 1280 x 2800 px, 120 Hz Display with Punch Hole",50 MP + 2 MP Dual Rear & 16 MP Front Camera,Memory Card Not Supported,Android v15
Realme P3 Ultra (8GB RAM + 256GB),"₹28,999",67,"Dual Sim, 5G, VoLTE, Wi-Fi, IR Blaster","Dimensity 8350 Ultra, Octa Core, 3.35 GHz Processor","8 GB RAM, 256 GB inbuilt",6000 mAh Battery with 80W Fast Charging,"6.83 inches, 1272 x 2800 px, 120 Hz Display with Punch Hole",50 MP + 8 MP Dual Rear & 16 MP Front Camera,Memory Card Not Supported,Android v15
Apple iPhone Duo (1TB),"₹3,74,900",,"Dual Sim, 5G, VoLTE, NFC, eSIM, Wi-Fi","Apple A20 Pro, Hexa Core Processor","12 GB RAM, 1 TB inbuilt",5800 mAh Battery with Fast Charging,"7.6 inches, 1878 x 2670 px, 120 Hz Display","Foldable Display, Dual Display",48 MP + 48 MP Dual Rear & 12 MP + Under-display FaceTime Camera Dual Front Camera,Memory Card Not Supported
Vivo X200T,"₹59,999",,"Dual Sim, 5G, VoLTE, NFC, eSIM, Wi-Fi, IR Blaster","Dimensity 9400 Plus, Octa Core, 3.63 GHz Processor","12 GB RAM, 256 GB inbuilt",6200 mAh Battery with 90W Fast Charging,"6.67 inches, 1260 x 2800 px, 120 Hz Display with Punch Hole",50 MP + 50 MP + 50 MP Triple Rear & 32 MP Front Camera,Memory Card Not Supported,Android v16
Poco M7 Plus 5G (8GB RAM + 128GB),"₹17,999",59,"Dual Sim, 5G, VoLTE, Wi-Fi, IR Blaster","Snapdragon 6s Gen3, Octa Core, 2.3 GHz Processor","8 GB RAM, 128 GB inbuilt",7000 mAh Battery with 33W Fast Charging,"6.9 inches, 1080 x 2340 px, 144 Hz Display with Punch Hole",50 MP Rear & 8 MP Front Camera,"Memory Card (Hybrid), upto 2 TB",Android v15
Nokia 300 Charge,"₹2,599",,Dual Sim,Unisoc SC6531E,"4 MB RAM, 4 MB inbuilt",3700 mAh Battery with 10W Fast Charging,"2.4 inches, 320 x 240 px Display",Main Rear Camera,"Memory Card Supported, upto 32 GB",S30+​
Samsung Galaxy A57 5G,"₹56,999",74,"Dual Sim, 5G, VoLTE, NFC, eSIM, Wi-Fi","Exynos 1680, Octa Core, 2.9 GHz Processor","8 GB RAM, 256 GB inbuilt",5000 mAh Battery with 45W Fast Charging,"6.7 inches, 1080 x 2340 px, 120 Hz Display with Punch Hole",50 MP + 12 MP + 5 MP Triple Rear & 12 MP Front Camera,Memory Card Not Supported,Android v16
Realme P4R 5G,"₹19,997",57,"Dual Sim, 5G, VoLTE, Wi-Fi","Dimensity 6300, Octa Core, 2.4 GHz Processor","4 GB RAM, 128 GB inbuilt",8000 mAh Battery with 45W Fast Charging,"6.81 inches, 720 x 1570 px, 144 Hz Display with Punch Hole",50 MP Rear & 8 MP Front Camera,Android v16,No FM Radio
Realme GT 7T (12GB RAM + 512GB),"₹37,499",79,"Dual Sim, 5G, VoLTE, Vo5G, NFC, Wi-Fi, IR Blaster","Dimensity 8400-MAX, Octa Core, 3.25 GHz Processor","12 GB RAM, 512 GB inbuilt",7000 mAh Battery with 120W Fast Charging,"6.8 inches, 1280 x 2800 px, 120 Hz Display with Punch Hole",50 MP + 8 MP Dual Rear & 32 MP Front Camera,Memory Card Not Supported,Android v15
OPPO Reno 15 Pro 5G,"₹67,999",,"Dual Sim, 5G, VoLTE, NFC, Wi-Fi, IR Blaster","Dimensity 8450, Octa Core, 3.25 GHz Processor","12 GB RAM, 256 GB inbuilt",6500 mAh Battery with 80W Fast Charging,"6.78 inches, 1272 x 2772 px, 120 Hz Display with Punch Hole",200 MP + 50 MP + 50 MP Triple Rear & 50 MP Front Camera,Memory Card Not Supported,Android v16
Samsung Galaxy A16 5G (6GB RAM + 128GB),"₹15,999",57,"Dual Sim, 5G, VoLTE, NFC, Wi-Fi","Dimensity 6300, Octa Core, 2.4 GHz Processor","6 GB RAM, 128 GB inbuilt",5000 mAh Battery with 25W Fast Charging,"6.7 inches, 1080 x 2340 px, 90 Hz Display with Water Drop Notch",50 MP + 5 MP + 2 MP Triple Rear & 13 MP Front Camera,"Memory Card (Hybrid), upto 1.5 TB",Android v14
Vivo V70 FE 5G (8GB RAM + 256GB),"₹42,850",79,"Dual Sim, 5G, VoLTE, NFC, Wi-Fi, IR Blaster","Dimensity 7360 Turbo, Octa Core, 2.5 GHz Processor","8 GB RAM, 256 GB inbuilt",7000 mAh Battery with 90W Fast Charging,"6.83 inches, 1260 x 2800 px, 120 Hz Display with Punch Hole",200 MP + 8 MP Dual Rear & 50 MP Front Camera,Memory Card Not Supported,Android v16
Realme GT 8 Pro,"₹72,999",,"Dual Sim, 5G, VoLTE, NFC, Wi-Fi, IR Blaster","Snapdragon 8 Elite Gen 5, Octa Core, 4.6 GHz Processor","12 GB RAM, 256 GB inbuilt",7000 mAh Battery with 120W Fast Charging,"6.79 inches, 1440 x 3136 px, 144 Hz Display with Punch Hole",200 MP + 50 MP + 50 MP Triple Rear & 32 MP Front Camera,Memory Card Not Supported,Android v16
Poco M8x 5G,"₹19,876",61,"Dual Sim, 5G, VoLTE, Wi-Fi, IR Blaster","Snapdragon 4 Gen5, Octa Core, 2.4 GHz Processor","4 GB RAM, 128 GB inbuilt",7900 mAh Battery with 45W Fast Charging,"6.9 inches, 720 x 1600 px, 120 Hz Display with Punch Hole",50 MP Dual Rear & 8 MP Front Camera,"Memory Card Supported, upto 1 TB",Android v16
Xiaomi Redmi A7 Pro 5G,"₹14,999",54,"Dual Sim, 5G, VoLTE, Wi-Fi","Unisoc T8300, Octa Core, 2.2 GHz Processor","4 GB RAM, 64 GB inbuilt",6300 mAh Battery with 15W Fast Charging,"6.9 inches, 720 x 1600 px, 120 Hz Display with Water Drop Notch",32 MP Dual Rear & 8 MP Front Camera,"Memory Card (Hybrid), upto 2 TB",Android v16
OnePlus Nord 6 5G (12GB RAM +256GB),"₹52,999",,"Dual Sim, 5G, VoLTE, NFC, Wi-Fi, IR Blaster","Snapdragon 8s Gen4, Octa Core, 3.2 GHz Processor","12 GB RAM, 256 GB inbuilt",9000 mAh Battery with 80W Fast Charging,"6.78 inches, 1272 x 2772 px, 165 Hz Display with Punch Hole",50 MP + 8 MP Dual Rear & 32 MP Front Camera,Memory Card Not Supported,Android v16
OnePlus Nord 5 (12GB RAM + 256GB),"₹34,999",76,"Dual Sim, 5G, VoLTE, NFC, Wi-Fi, IR Blaster","Snapdragon 8s Gen3, Octa Core, 3 GHz Processor","12 GB RAM, 256 GB inbuilt",6800 mAh Battery with 80W Fast Charging,"6.83 inches, 1272 x 2800 px, 144 Hz Display with Punch Hole",50 MP + 8 MP Dual Rear & 50 MP Front Camera,Android v15,No FM Radio
Samsung Galaxy A06 5G (6GB RAM + 128GB),"₹14,499",53,"Dual Sim, 5G, VoLTE, Wi-Fi","Dimensity 6300, Octa Core, 2.4 GHz Processor","6 GB RAM, 128 GB inbuilt",5000 mAh Battery with 25W Fast Charging,"6.7 inches, 720 x 1600 px, 90 Hz Display with Water Drop Notch",50 MP + 2 MP Dual Rear & 8 MP Front Camera,"Memory Card Supported, upto 1 TB",Android v15
Samsung Galaxy Z Fold 8 5G,"₹1,74,999",,"Dual Sim, 5G, VoLTE, Vo5G, NFC, eSIM, Wi-Fi","Snapdragon 8 Elite Gen 5 for Galaxy, Octa Core, 4.74 GHz Processor","12 GB RAM, 256 GB inbuilt",4800 mAh Battery with 45W Fast Charging,"7.6 inches, 1828 x 2448 px, 120 Hz Display with Punch Hole","Foldable Display, Dual Display",50 MP + 50 MP Dual Rear & 10 MP + 10 MP Dual Front Camera,Android v17
Poco X8 Pro 5G,"₹39,690",76,"Dual Sim, 5G, VoLTE, Wi-Fi, IR Blaster","Dimensity 8500 Ultra, Octa Core, 3.4 GHz Processor","8 GB RAM, 256 GB inbuilt",6500 mAh Battery with 100W Fast Charging,"6.59 inches, 2756 x 1268 px, 120 Hz Display with Punch Hole",50 MP + 8 MP Dual Rear & 20 MP Front Camera,Android v16,No FM Radio
Xiaomi Redmi Note 15 5G,"₹28,999",70,"Dual Sim, 5G, VoLTE, NFC, Wi-Fi, IR Blaster","Snapdragon 6 Gen3, Octa Core, 2.4 GHz Processor","8 GB RAM, 128 GB inbuilt",5520 mAh Battery with 45W Fast Charging,"6.77 inches, 1080 x 2392 px, 120 Hz Display with Punch Hole",108 MP + 8 MP Dual Rear & 20 MP Front Camera,"Memory Card (Hybrid), upto 1 TB",Android v15
Oppo F31 Pro 5G (12GB RAM + 256GB),"₹29,999",68,"Dual Sim, 5G, VoLTE, Wi-Fi","Dimensity 7300 Energy, Octa Core, 2.5 GHz Processor","12 GB RAM, 256 GB inbuilt",7000 mAh Battery with 80W Fast Charging,"6.57 inches, 1080 x 2372 px, 120 Hz Display with Punch Hole",50 MP + 2 MP Dual Rear & 32 MP Front Camera,Android v15,No FM Radio
Xiaomi Redmi 15 5G,"₹21,499",61,"Dual Sim, 5G, VoLTE, Wi-Fi, IR Blaster","Snapdragon 6s Gen3, Octa Core, 2.3 GHz Processor","6 GB RAM, 128 GB inbuilt",7000 mAh Battery with 33W Fast Charging,"6.9 inches, 1080 x 2340 px, 144 Hz Display with Punch Hole",50 MP Dual Rear & 8 MP Front Camera,"Memory Card (Hybrid), upto 1 TB",Android v15
Vivo T4R 5G (8GB RAM + 256GB),"₹24,999",66,"Dual Sim, 5G, VoLTE, Vo5G, Wi-Fi","Dimensity 7400, Octa Core, 2.6 GHz Processor","8 GB RAM, 256 GB inbuilt",5700 mAh Battery with 44W Fast Charging,"6.77 inches, 1080 x 2392 px, 120 Hz Display with Punch Hole",50 MP + 2 MP Dual Rear & 32 MP Front Camera,Memory Card Not Supported,Android v15
Apple iPhone 18 Pro (512GB),"₹1,89,900",,"Dual Sim, 5G, VoLTE, NFC, eSIM, Wi-Fi","Apple A20 Pro, Hexa Core Processor","12 GB RAM, 512 GB inbuilt",4056 mAh Battery with Fast Charging,"6.3 inches, 1206 x 2622 px, 120 Hz Display with Dynamic Island",48 MP + 48 MP + 48 MP Triple Rear & 18 MP Front Camera,Memory Card Not Supported,iOS v27
OnePlus 15 5G (16GB RAM + 512GB),"₹93,999",,"Dual Sim, 5G, VoLTE, Vo5G, NFC, eSIM, Wi-Fi, IR Blaster","Snapdragon 8 Elite Gen 5, Octa Core, 4.6 GHz Processor","16 GB RAM, 512 GB inbuilt",7300 mAh Battery with 120W Fast Charging,"6.78 inches, 1272 x 2772 px, 165 Hz Display with Punch Hole",50 MP + 50 MP + 50 MP Triple Rear & 32 MP Front Camera,Memory Card Not Supported,Android v16
Motorola Edge 60 Pro (12GB RAM + 256GB),"₹35,328",77,"Dual Sim, 5G, VoLTE, Vo5G, NFC, Wi-Fi","Dimensity 8350 Extreme, Octa Core, 3.35 GHz Processor","12 GB RAM, 256 GB inbuilt",6000 mAh Battery with 90W Fast Charging,"6.7 inches, 1220 x 2712 px, 120 Hz Display with Punch Hole",50 MP + 50 MP + 10 MP Triple Rear & 50 MP Front Camera,Android v15,No FM Radio
Google Pixel 8A,"₹37,490",66,"Dual Sim, 5G, VoLTE, NFC, Wi-Fi","Tensor G3, Nine-Cores, 3 GHz Processor","8 GB RAM, 128 GB inbuilt",4492 mAh Battery with Fast Charging,"6.1 inches, 1080 x 2400 px, 120 Hz Display with Punch Hole",64 MP + 13 MP Dual Rear & 13 MP Front Camera,Memory Card Not Supported,Android v14
Motorola Edge 70 Pro 5G (12GB RAM + 256GB),"₹42,840",,"Dual Sim, 5G, VoLTE, Vo5G, NFC, Wi-Fi","Dimensity 8500 Extreme, Octa Core, 3.4 GHz Processor","12 GB RAM, 256 GB inbuilt",6500 mAh Battery with 90W Fast Charging,"6.8 inches, 1272 x 2772 px, 144 Hz Display with Punch Hole",50 MP + 50 MP Dual Rear & 50 MP Front Camera,Android v16,No FM Radio
Vivo Y31 5G,"₹18,999",58,"Dual Sim, 5G, VoLTE, Wi-Fi","Snapdragon 4 Gen2, Octa Core, 2.2 GHz Processor","4 GB RAM, 128 GB inbuilt",6500 mAh Battery with 44W Fast Charging,"6.68 inches, 720 x 1608 px, 120 Hz Display with Water Drop Notch",50 MP Rear & 8 MP Front Camera,Memory Card (Hybrid),Android v15
Tecno Pova Slim 5G,"₹20,999",58,"Dual Sim, 5G, VoLTE, Wi-Fi, IR Blaster","Dimensity 6400, Octa Core, 2.5 GHz Processor","8 GB RAM, 128 GB inbuilt",5160 mAh Battery with 45W Fast Charging,"6.78 inches, 1224 x 2720 px, 144 Hz Display with Punch Hole",50 MP + 2 MP Dual Rear & 13 MP Front Camera,Android v15,No FM Radio
Realme P4 Pro 5G (8GB RAM + 256GB),"₹30,999",72,"Dual Sim, 5G, VoLTE, Wi-Fi, IR Blaster","Snapdragon 7 Gen 4, Octa Core Processor","8 GB RAM, 256 GB inbuilt",7000 mAh Battery with 80W Fast Charging,"6.8 inches, 1280 x 2800 px, 144 Hz Display with Punch Hole",50 MP + 8 MP Dual Rear & 50 MP Front Camera,Android v15,No FM Radio
Boltt Evo (6GB RAM + 128GB),"₹12,499",50,"Dual Sim, 4G, VoLTE, Wi-Fi","Unisoc T7250, Octa Core, 1.8 GHz Processor","6 GB RAM, 128 GB inbuilt",6000 mAh Battery with 18W Fast Charging,"6.79 inches, 720 x 1640 px, 120 Hz Display with Punch Hole",50 MP + 2 MP Dual Rear & 8 MP Front Camera,"Memory Card (Hybrid), upto 1 TB",Android v16
Realme GT 7T,"₹32,999",76,"Dual Sim, 5G, VoLTE, Vo5G, NFC, Wi-Fi, IR Blaster","Dimensity 8400-MAX, Octa Core, 3.25 GHz Processor","8 GB RAM, 256 GB inbuilt",7000 mAh Battery with 120W Fast Charging,"6.8 inches, 1280 x 2800 px, 120 Hz Display with Punch Hole",50 MP + 8 MP Dual Rear & 32 MP Front Camera,Memory Card Not Supported,Android v15
Poco M7 5G (8GB RAM + 128GB),"₹13,499",53,"Dual Sim, 5G, VoLTE, Wi-Fi","Snapdragon 4 Gen2, Octa Core, 2.2 GHz Processor","8 GB RAM, 128 GB inbuilt",5160 mAh Battery with 18W Fast Charging,"6.88 inches, 720 x 1640 px, 120 Hz Display with Water Drop Notch",50 MP Rear & 8 MP Front Camera,"Memory Card Supported, upto 1 TB",Android v14
Poco X8 Pro Max,"₹48,999",,"Dual Sim, 5G, VoLTE, Wi-Fi, IR Blaster","Dimensity 9500s, Octa Core, 3.73 GHz Processor","12 GB RAM, 256 GB inbuilt",9000 mAh Battery with 100W Fast Charging,"6.83 inches, 1280 x 2772 px, 120 Hz Display with Punch Hole",50 MP + 8 MP Dual Rear & 20 MP Front Camera,Android v16,No FM Radio
Vivo V40 5G,"₹34,999",70,"Dual Sim, 5G, VoLTE, Wi-Fi","Snapdragon 7 Gen3, Octa Core, 2.63 GHz Processor","8 GB RAM, 128 GB inbuilt",5500 mAh Battery with 80W Fast Charging,"6.78 inches, 1260 x 2800 px, 120 Hz Display with Punch Hole",50 MP + 50 MP Dual Rear & 50 MP Front Camera,Memory Card Not Supported,Android v14
Vivo Y21 5G,"₹22,499",58,"Dual Sim, 5G, VoLTE, NFC, Wi-Fi, IR Blaster","Dimensity 6300, Octa Core, 2.4 GHz Processor","4 GB RAM, 128 GB inbuilt",6500 mAh Battery with 44W Fast Charging,"6.74 inches, 720 x 1600 px, 120 Hz Display with Water Drop Notch",50 MP + 0.08 MP Dual Rear & 5 MP Front Camera,Memory Card Supported,Android v16
Apple iPhone 18 Pro Max (1TB),"₹2,54,900",,"Dual Sim, 5G, VoLTE, NFC, eSIM, Wi-Fi","Apple A20 Pro, Hexa Core Processor","12 GB RAM, 1 TB inbuilt",5391 mAh Battery with Fast Charging,"6.9 inches, 1320 x 2868 px, 120 Hz Display with Dynamic Island",48 MP + 48 MP + 48 MP Triple Rear & 18 MP Front Camera,Memory Card Not Supported,iOS v27
Samsung Galaxy Z Flip 3,"₹41,499",67,"Dual Sim, 5G, VoLTE, NFC, eSIM, Wi-Fi","Snapdragon 888, Octa Core, 2.84 GHz Processor","8 GB RAM, 128 GB inbuilt",3300 mAh Battery with 15W Fast Charging,"6.7 inches, 1080 x 2640 px, 120 Hz Display with Punch Hole","Foldable Display, Dual Display",12 MP + 12 MP Dual Rear & 10 MP Front Camera,Memory Card Not Supported
OPPO Reno 16C,"₹49,999",75,"Dual Sim, 5G, VoLTE, Vo5G, Wi-Fi","Dimensity 7300 Energy, Octa Core, 2.5 GHz Processor","8 GB RAM, 128 GB inbuilt",7000 mAh Battery with 80W Fast Charging,"6.57 inches, 2372 x 1080 px, 120 Hz Display with Punch Hole",50 MP + 50 MP + 8 MP Triple Rear & 50 MP Front Camera,Memory Card (Hybrid),Android v16
Samsung Galaxy Z Fold 8 Ultra,"₹1,94,999",,"Dual Sim, 5G, VoLTE, Vo5G, NFC, eSIM, Wi-Fi","Snapdragon 8 Elite Gen 5 For Galaxy, Octa Core, 4.74 GHz Processor","12 GB RAM, 256 GB inbuilt",5000 mAh Battery with 45W Fast Charging,"8 inches, 2256 x 2504 px, 120 Hz Display with Punch Hole","Foldable Display, Dual Display",200 MP + 50 MP + 10 MP Triple Rear & 10 MP + 10 MP Dual Front Camera,Android v17
OPPO Reno 15 5G,"₹47,999",79,"Dual Sim, 5G, VoLTE, Wi-Fi, IR Blaster","Snapdragon 7 Gen4, Octa Core, 2.8 GHz Processor","8 GB RAM, 256 GB inbuilt",6500 mAh Battery with 80W Fast Charging,"6.59 inches, 1256 x 2760 px, 120 Hz Display with Punch Hole",50 MP + 50 MP + 8 MP Triple Rear & 50 MP Front Camera,Memory Card Not Supported,Android v16
Samsung Galaxy F36 5G,"₹22,445",62,"Dual Sim, 5G, VoLTE, NFC, Wi-Fi","Exynos 1380, Octa Core, 2.4 GHz Processor","6 GB RAM, 128 GB inbuilt",5000 mAh Battery with 25W Fast Charging,"6.7 inches, 1080 x 2340 px, 120 Hz Display with Water Drop Notch",50 MP + 8 MP + 2 MP Triple Rear & 13 MP Front Camera,"Memory Card (Hybrid), upto 2 TB",Android v15
Realme 14x 5G,"₹14,999",55,"Dual Sim, 5G, VoLTE, Wi-Fi","Dimensity 6300, Octa Core, 2.4 GHz Processor","6 GB RAM, 128 GB inbuilt",6000 mAh Battery with 45W Fast Charging,"6.67 inches, 720 x 1604 px, 120 Hz Display with Punch Hole",50 MP + 2 MP Dual Rear & 8 MP Front Camera,Memory Card (Hybrid),Android v14
Infinix Note 60 Pro 5G,"₹33,899",74,"Dual Sim, 5G, VoLTE, NFC, eSIM, Wi-Fi, IR Blaster","Snapdragon 7s Gen4, Octa Core, 2.4 GHz Processor","8 GB RAM, 128 GB inbuilt",6500 mAh Battery with 90W Fast Charging,"6.78 inches, 1208 x 2644 px, 144 Hz Display with Punch Hole",50 MP + 8 MP Dual Rear & 13 MP Front Camera,"Memory Card Supported, upto 1 TB",Android v16
Realme 16 Pro 5G,"₹37,999",77,"Dual Sim, 5G, VoLTE, Wi-Fi","Dimensity 7300 Max, Octa Core, 2.5 GHz Processor","8 GB RAM, 128 GB inbuilt",7000 mAh Battery with 80W Fast Charging,"6.78 inches, 1272 x 2772 px, 144 Hz Display with Punch Hole",200 MP + 8 MP Dual Rear & 50 MP Front Camera,Memory Card Not Supported,Android v16
Google Pixel 8 Pro,"₹49,999",74,"Dual Sim, 5G, VoLTE, NFC, Wi-Fi","Tensor G3, Nine Cores, 3 GHz Processor","12 GB RAM, 128 GB inbuilt",5050 mAh Battery with 30W Fast Charging,"6.7 inches, 1344 x 2992 px, 120 Hz Display with Punch Hole",50 MP + 48 MP + 48 MP Triple Rear & 10.5 MP Front Camera,Android v14,No FM Radio
Motorola Edge 60 Fusion 5G (12GB RAM + 256GB),"₹28,990",68,"Dual Sim, 5G, VoLTE, Vo5G, Wi-Fi","Dimensity 7400, Octa Core, 2.5 GHz Processor","12 GB RAM, 256 GB inbuilt",5500 mAh Battery with 68W Fast Charging,"6.7 inches, 1220 x 2712 px, 120 Hz Display with Punch Hole",50 MP + 13 MP Dual Rear & 32 MP Front Camera,"Memory Card (Hybrid), upto 1 TB",Android v15
OnePlus Nord CE 6 Lite,"₹27,988",63,"Dual Sim, 5G, VoLTE, Wi-Fi, IR Blaster","Dimensity 7400 Apex, Octa Core, 2.6 GHz Processor","6 GB RAM, 128 GB inbuilt",7000 mAh Battery with 45W Fast Charging,"6.72 inches, 1080 x 2400 px, 144 Hz Display with Punch Hole",50 MP + 2 MP Dual Rear & 8 MP Front Camera,"Memory Card (Hybrid), upto 2 TB",Android v16
Nokia 210 4G (2026),"₹2,999",,4G,No Wifi,"64 MB RAM, 128 MB inbuilt",1450 mAh Battery,"2.4 inches, 240 x 320 px Display",0.3 MP Rear & 0.3 MP Front Camera,Memory Card Supported,No FM Radio
Vivo T5x 5G (8GB RAM + 256GB),"₹32,849",67,"Dual Sim, 5G, VoLTE, Wi-Fi, IR Blaster","Dimensity 7400 Turbo, Octa Core, 2.6 GHz Processor","8 GB RAM, 256 GB inbuilt",7200 mAh Battery with 44W Fast Charging,"6.76 inches, 1080 x 2344 px, 120 Hz Display with Punch Hole",50 MP + 2 MP Dual Rear & 32 MP Front Camera,Memory Card Not Supported,Android v16
Poco C85x,"₹13,976",53,"Dual Sim, 5G, VoLTE, Wi-Fi","Unisoc T8300, Octa Core, 2.2 GHz Processor","4 GB RAM, 64 GB inbuilt",6300 mAh Battery with 15W Fast Charging,"6.9 inches, 720 x 1600 px, 120 Hz Display with Punch Hole",32 MP Rear & 8 MP Front Camera,"Memory Card Supported, upto 2 TB",Android v16
Motorola Signature (16GB RAM + 1TB),"₹69,999",,"Dual Sim, 5G, VoLTE, Vo5G, NFC, Wi-Fi","Snapdragon 8 Gen5, Octa Core, 3.8 GHz Processor","16 GB RAM, 1 TB inbuilt",5200 mAh Battery with 90W Fast Charging,"6.8 inches, 1264 x 2780 px, 165 Hz Display with Punch Hole",50 MP + 50 MP + 50 MP Triple Rear & 50 MP Front Camera,Android v16,No FM Radio
Samsung Galaxy S25 FE (8GB RAM + 256GB),"₹65,999",76,"Dual Sim, 5G, VoLTE, Vo5G, NFC, eSIM, Wi-Fi","Exynos 2400, Deca Core, 3.2 GHz Processor","8 GB RAM, 256 GB inbuilt",4900 mAh Battery with 45W Fast Charging,"6.7 inches, 1080 x 2340 px, 120 Hz Display with Punch Hole",50 MP + 12 MP + 8 MP Triple Rear & 12 MP Front Camera,Memory Card Not Supported,Android v16
Samsung Galaxy F17 5G,"₹17,999",57,"Dual Sim, 5G, VoLTE, NFC, Wi-Fi","Exynos 1330, Octa Core, 2.4 GHz Processor","4 GB RAM, 128 GB inbuilt",5000 mAh Battery with 25W Fast Charging,"6.7 inches, 1080 x 2340 px, 90 Hz Display with Water Drop Notch",50 MP + 5 MP + 2 MP Triple Rear & 13 MP Front Camera,"Memory Card (Hybrid), upto 2 TB",Android v15
Samsung Galaxy A27 5G,"₹32,950",63,"Dual Sim, 5G, VoLTE, NFC, Wi-Fi","Snapdragon 6 Gen3, Octa Core, 2.4 GHz Processor","6 GB RAM, 128 GB inbuilt",5000 mAh Battery with 25W Fast Charging,"6.7 inches, 1080 x 2340 px, 120 Hz Display with Punch Hole",50 MP + 5 MP + 2 MP Triple Rear & 12 MP Front Camera,"Memory Card (Hybrid), upto 2 TB",Android v16
Oppo A6 5G,"₹22,999",58,"Dual Sim, 5G, NFC, Wi-Fi","Dimensity 6300, Octa Core, 2.4 GHz Processor","4 GB RAM, 128 GB inbuilt",7000 mAh Battery with 45W Fast Charging,"6.75 inches, 720 x 1570 px, 120 Hz Display with Punch Hole",50 MP + 2 MP Dual Rear & 8 MP Front Camera,Memory Card Supported,Android v15
Samsung Galaxy M36 5G,"₹21,999",58,"Dual Sim, 5G, VoLTE, Wi-Fi","Exynos 1380, Octa Core, 2.4 GHz Processor","6 GB RAM, 128 GB inbuilt",5000 mAh Battery with 25W Fast Charging,"6.7 inches, 1080 x 2340 px, 120 Hz Display with Punch Hole",50 MP + 8 MP + 2 MP Triple Rear & 13 MP Front Camera,Memory Card (Hybrid),Android v15
Nothing Phone 3 5G,"₹51,999",,"Dual Sim, 5G, VoLTE, NFC, eSIM, Wi-Fi","Snapdragon 8s Gen4, Octa Core, 3.2 GHz Processor","12 GB RAM, 256 GB inbuilt",5500 mAh Battery with 65W Fast Charging,"6.67 inches, 1260 x 2800 px, 120 Hz Display with Punch Hole",50 MP + 50 MP + 50 MP Triple Rear & 50 MP Front Camera,Android v15,No FM Radio
Vivo T5 5G (8GB RAM + 256GB),"₹44,999",74,"Dual Sim, 5G, VoLTE, Wi-Fi, IR Blaster","Dimensity 7500 Turbo, Octa Core, 2.6 GHz Processor","8 GB RAM, 256 GB inbuilt",7050 mAh Battery with 44W Fast Charging,"6.83 inches, 1260 x 2800 px, 144 Hz Display with Punch Hole",50 MP + 8 MP Dual Rear & 32 MP Front Camera,Memory Card Not Supported,Android v16
Samsung Galaxy M17 5G,"₹18,458",54,"Dual Sim, 5G, VoLTE, NFC, Wi-Fi","Exynos 1330, Octa Core, 2.4 GHz Processor","4 GB RAM, 128 GB inbuilt",5000 mAh Battery with 25W Fast Charging,"6.7 inches, 1080 x 2340 px, 90 Hz Display with Water Drop Notch",50 MP + 5 MP + 2 MP Triple Rear & 13 MP Front Camera,"Memory Card (Hybrid), upto 2 TB",Android v15
Google Pixel 11 Pro,"₹1,19,999",,"Dual Sim, 5G, VoLTE, Vo5G, NFC, eSIM, Wi-Fi",Tensor G6,"12 GB RAM, 256 GB inbuilt",4850 mAh Battery with Fast Charging,"6.3 inches, 1280 x 2856 px, 120 Hz Display with Punch Hole",50 MP + 48 MP + 48 MP Triple Rear & 42 MP Front Camera,Android v17,No FM Radio
Vivo T5x 5G (8GB RAM + 128GB),"₹29,203",67,"Dual Sim, 5G, VoLTE, Wi-Fi, IR Blaster","Dimensity 7400 Turbo, Octa Core, 2.6 GHz Processor","8 GB RAM, 128 GB inbuilt",7200 mAh Battery with 44W Fast Charging,"6.76 inches, 1080 x 2344 px, 120 Hz Display with Punch Hole",50 MP + 2 MP Dual Rear & 32 MP Front Camera,Memory Card Not Supported,Android v16
Realme GT 8 Pro (16GB RAM + 512GB),"₹78,999",,"Dual Sim, 5G, VoLTE, NFC, Wi-Fi, IR Blaster","Snapdragon 8 Elite Gen 5, Octa Core, 4.6 GHz Processor","16 GB RAM, 512 GB inbuilt",7000 mAh Battery with 120W Fast Charging,"6.79 inches, 1440 x 3136 px, 144 Hz Display with Punch Hole",200 MP + 50 MP + 50 MP Triple Rear & 32 MP Front Camera,Memory Card Not Supported,Android v16
Boltt Ace 5G (6GB RAM + 128GB),"₹13,999",54,"Dual Sim, 5G, VoLTE, Wi-Fi","Unisoc T8200, Octa Core, 2.3 GHz Processor","6 GB RAM, 128 GB inbuilt",6000 mAh Battery with 18W Fast Charging,"6.79 inches, 720 x 1640 px, 120 Hz Display with Punch Hole",64 MP Dual Rear & 8 MP Front Camera,"Memory Card (Hybrid), upto 1 TB",Android v16
Apple iPhone 18 Pro Max (512GB),"₹2,04,900",,"Dual Sim, 5G, VoLTE, NFC, eSIM, Wi-Fi","Apple A20 Pro, Hexa Core Processor","12 GB RAM, 512 GB inbuilt",5391 mAh Battery with Fast Charging,"6.9 inches, 1320 x 2868 px, 120 Hz Display with Dynamic Island",48 MP + 48 MP + 48 MP Triple Rear & 18 MP Front Camera,Memory Card Not Supported,iOS v27
Google Pixel 8 5G,"₹37,490",66,"Dual Sim, 5G, VoLTE, NFC, Wi-Fi","Tensor G3, Nine Core, 3 GHz Processor","8 GB RAM, 128 GB inbuilt",4575 mAh Battery with 30W Fast Charging,"6.2 inches, 1080 x 2400 px, 120 Hz Display with Punch Hole",50 MP + 12 MP Dual Rear & 10.5 MP Front Camera,Android v14,No FM Radio
Infinix Hot 70 Pro 5G,"₹24,999",62,"Dual Sim, 5G, NFC, Wi-Fi, IR Blaster","Dimensity 7100, Octa Core, 2.4 GHz Processor","6 GB RAM, 128 GB inbuilt",6000 mAh Battery with 45W Fast Charging,"6.76 inches, 1080 x 2344 px, 144 Hz Display with Punch Hole",50 MP Dual Rear & 8 MP Front Camera,Memory Card Supported,Android v16
Apple iPhone 18 Pro Max (2TB),"₹3,29,900",,"Dual Sim, 5G, VoLTE, NFC, eSIM, Wi-Fi","Apple A20 Pro, Hexa Core Processor","12 GB RAM, 2 TB inbuilt",5391 mAh Battery with Fast Charging,"6.9 inches, 1320 x 2868 px, 120 Hz Display with Dynamic Island",48 MP + 48 MP + 48 MP Triple Rear & 18 MP Front Camera,Memory Card Not Supported,iOS v27
Vivo V70 5G (12GB RAM + 256GB),"₹64,999",,"Dual Sim, 5G, VoLTE, NFC, Wi-Fi, IR Blaster","Snapdragon 7 Gen4, Octa Core, 2.8 GHz Processor","12 GB RAM, 256 GB inbuilt",6500 mAh Battery with 90W Fast Charging,"6.59 inches, 1260 x 2750 px, 120 Hz Display with Punch Hole",50 MP + 50 MP + 8 MP Triple Rear & 50 MP Front Camera,Memory Card Not Supported,Android v16
Samsung Galaxy F70e 5G (6GB RAM + 128GB),"₹18,589",55,"Dual Sim, 5G, VoLTE, Wi-Fi","Dimensity 6300, Octa Core, 2.4 GHz Processor","6 GB RAM, 128 GB inbuilt",6000 mAh Battery with 25W Fast Charging,"6.7 inches, 720 x 1600 px, 120 Hz Display with Water Drop Notch",50 MP + 2 MP Dual Rear & 8 MP Front Camera,"Memory Card (Hybrid), upto 2 TB",Android v16
Vivo T4 Lite 5G,"₹18,899",52,"Dual Sim, 5G, VoLTE, Wi-Fi","Dimensity 6300, Octa Core, 2.4 GHz Processor","4 GB RAM, 128 GB inbuilt",6000 mAh Battery with 15W Fast Charging,"6.74 inches, 720 x 1600 px, 90 Hz Display with Water Drop Notch",50 MP + 2 MP Dual Rear & 5 MP Front Camera,"Memory Card Supported, upto 2 TB",Android v15
Motorola Moto G37 Power 5G,"₹16,989",55,"Dual Sim, 5G, VoLTE, Wi-Fi","Dimensity 6400, Octa Core, 2.5 GHz Processor","4 GB RAM, 128 GB inbuilt",7000 mAh Battery with 30W Fast Charging,"6.67 inches, 1604 x 720 px, 120 Hz Display with Punch Hole",50 MP Rear & 8 MP Front Camera,"Memory Card (Hybrid), upto 1 TB",Android v16
Vivo V70 Elite,"₹66,999",,"Dual Sim, 5G, VoLTE, NFC, Wi-Fi, IR Blaster","Snapdragon 8s Gen3, Octa Core, 3 GHz Processor","8 GB RAM, 256 GB inbuilt",6500 mAh Battery with 90W Fast Charging,"6.59 inches, 1260 x 2750 px, 120 Hz Display with Punch Hole",50 MP + 50 MP + 8 MP Triple Rear & 50 MP Front Camera,Memory Card Not Supported,Android v16
iQOO 15 (16GB RAM + 512GB),"₹93,999",,"Dual Sim, 5G, VoLTE, NFC, Wi-Fi, IR Blaster","Snapdragon 8 Elite Gen 5, Octa Core, 4.6 GHz Processor","16 GB RAM, 512 GB inbuilt",7000 mAh Battery with 100W Fast Charging,"6.85 inches, 1440 x 3168 px, 144 Hz Display with Punch Hole",50 MP + 50 MP + 50 MP Triple Rear & 32 MP Front Camera,Android v16,No FM Radio
Vivo Y400 5G,"₹31,991",64,"Dual Sim, 5G, VoLTE, Wi-Fi","Snapdragon 4 Gen2, Octa Core, 2.2 GHz Processor","8 GB RAM, 128 GB inbuilt",6000 mAh Battery with 90W Fast Charging,"6.67 inches, 1080 x 2400 px, 120 Hz Display with Punch Hole",50 MP + 2 MP Dual Rear & 32 MP Front Camera,Android v15,No FM Radio
Vivo Y400 Pro 5G (8GB RAM + 256GB),"₹26,999",64,"Dual Sim, 5G, VoLTE, Wi-Fi, IR Blaster","Dimensity 7300, Octa Core, 2.5 GHz Processor","8 GB RAM, 256 GB inbuilt",5500 mAh Battery with 90W Fast Charging,"6.77 inches, 1080 x 2392 px, 120 Hz Display with Punch Hole",50 MP + 2 MP Dual Rear & 32 MP Front Camera,Android v15,No FM Radio
Xiaomi Redmi Note 14 (8GB RAM + 256GB),"₹24,999",66,"Dual Sim, 5G, VoLTE, Wi-Fi, IR Blaster","Dimensity 7025 Ultra, Octa Core, 2.5 GHz Processor","8 GB RAM, 256 GB inbuilt",5110 mAh Battery with 45W Fast Charging,"6.67 inches, 1080 x 2400 px, 120 Hz Display with Punch Hole",50 MP + 8 MP + 2 MP Triple Rear & 20 MP Front Camera,"Memory Card (Hybrid), upto 1 TB",Android v14
OPPO F33 Pro 5G,"₹39,999",67,"Dual Sim, 5G, VoLTE, Wi-Fi, IR Blaster","Dimensity 6360 MAX, Octa Core, 2.4 GHz Processor","8 GB RAM, 128 GB inbuilt",7000 mAh Battery with 80W Fast Charging,"6.57 inches, 1080 x 2372 px, 120 Hz Display with Punch Hole",50 MP + 2 MP Dual Rear & 50 MP Front Camera,Memory Card (Hybrid),Android v16
Oppo K13 Turbo,"₹32,499",68,"Dual Sim, 5G, VoLTE, Wi-Fi, IR Blaster","Dimensity 8450, Octa Core, 3.25 GHz Processor","8 GB RAM, 128 GB inbuilt",7000 mAh Battery with 80W Fast Charging,"6.8 inches, 1280 x 2800 px, 120 Hz Display with Punch Hole",50 MP + 2 MP Dual Rear & 16 MP Front Camera,Memory Card Not Supported,Android v15
Motorola Edge 60 Pro (16GB RAM + 512GB),"₹40,999",,"Dual Sim, 5G, VoLTE, Vo5G, NFC, Wi-Fi","Dimensity 8350 Extreme, Octa Core, 3.35 GHz Processor","16 GB RAM, 512 GB inbuilt",6000 mAh Battery with 90W Fast Charging,"6.7 inches, 1220 x 2712 px, 120 Hz Display with Punch Hole",50 MP + 50 MP + 10 MP Triple Rear & 50 MP Front Camera,Android v15,No FM Radio
Infinix GT 30 Pro,"₹31,999",75,"Dual Sim, 5G, VoLTE, NFC, Wi-Fi, IR Blaster","Dimensity 8350 Ultimate, Octa Core, 3.35 GHz Processor","8 GB RAM, 256 GB inbuilt",5500 mAh Battery with 45W Fast Charging,"6.78 inches, 1224 x 2720 px, 144 Hz Display with Punch Hole",108 MP + 8 MP Dual Rear & 13 MP Front Camera,Android v15,Bluetooth
Lava Blaze 2 4G,"₹7,989",,"Dual Sim, 4G, VoLTE, Wi-Fi","Tiger  T616 , Octa Core, 2 GHz Processor","6 GB RAM, 128 GB inbuilt",5000 mAh Battery with 18W Fast Charging,"6.5 inches, 720 x 1600 px, 90 Hz Display with Water Drop Notch",13 MP + 2 MP Dual Rear & 8 MP Front Camera,"Memory Card Supported, upto 1 TB",Android v13
OnePlus Nord CE 6 5G (8GB RAM + 256GB),"₹41,999",75,"Dual Sim, 5G, VoLTE, Wi-Fi, IR Blaster","Snapdragon 7s Gen4, Octa Core, 2.7 GHz Processor","8 GB RAM, 256 GB inbuilt",8000 mAh Battery with 80W Fast Charging,"6.78 inches, 1272 x 2772 px, 144 Hz Display with Punch Hole",50 MP + 2 MP Dual Rear & 32 MP Front Camera,Android v16,No FM Radio
Samsung Galaxy A37 5G,"₹38,999",66,"Dual Sim, 5G, VoLTE, NFC, Wi-Fi","Exynos 1480, Octa Core, 2.7 GHz Processor","8 GB RAM, 128 GB inbuilt",5000 mAh Battery with 45W Fast Charging,"6.7 inches, 1080 x 2340 px, 120 Hz Display with Punch Hole",50 MP + 8 MP + 5 MP Triple Rear & 12 MP Front Camera,Memory Card Not Supported,Android v16
Oppo K13 Turbo Pro (12GB+256GB),"₹31,999",72,"Dual Sim, 5G, VoLTE, Wi-Fi, IR Blaster","Snapdragon 8s Gen4, Octa Core, 3.2 GHz Processor","12 GB RAM, 256 GB inbuilt",7000 mAh Battery with 80W Fast Charging,"6.8 inches, 1280 x 2800 px, 120 Hz Display with Punch Hole",50 MP + 2 MP Dual Rear & 16 MP Front Camera,Memory Card Not Supported,Android v15
Xiaomi Redmi Note 14 Pro Plus,"₹28,989",71,"Dual Sim, 5G, VoLTE, Wi-Fi, IR Blaster","Snapdragon 7s Gen3, Octa Core, 2.5 GHz Processor","8 GB RAM, 128 GB inbuilt",6200 mAh Battery with 90W Fast Charging,"6.67 inches, 1220 x 2712 px, 120 Hz Display with Punch Hole",50 MP + 50 MP + 8 MP Triple Rear & 20 MP Front Camera,Memory Card Not Supported,Android v14
Realme GT 2 Pro 5G (12GB RAM + 256GB),"₹27,400",70,"Dual Sim, 5G, VoLTE, NFC, Wi-Fi","Snapdragon 8 Gen1, Octa Core, 3 GHz Processor","12 GB RAM, 256 GB inbuilt",5000 mAh Battery with 65W Fast Charging,"6.7 inches, 1440 x 3216 px, 120 Hz Display with Punch Hole",50 MP + 50 MP + 2 MP Triple Rear & 32 MP Front Camera,Android v12,Bluetooth
OnePlus N6 5G (6GB RAM + 128GB),"₹26,999",61,"Dual Sim, 5G, VoLTE, NFC, Wi-Fi","Dimensity 6360 Apex, Octa Core Processor","6 GB RAM, 128 GB inbuilt",8000 mAh Battery with 45W Fast Charging,"6.8 inches, 720 x 1570 px, 120 Hz Display with Punch Hole",50 MP Dual Rear & 8 MP Front Camera,"Memory Card Supported, upto 2 TB",Android v16
Motorola Moto G67 Power 5G (12GB RAM + 256GB),"₹26,895",64,"Dual Sim, 5G, VoLTE, Wi-Fi","Snapdragon 7s Gen2, Octa Core, 2.4 GHz Processor","12 GB RAM, 256 GB inbuilt",7000 mAh Battery with 30W Fast Charging,"6.7 inches, 1080 x 2400 px, 120 Hz Display with Punch Hole",50 MP + 8 MP Dual Rear & 32 MP Front Camera,Android v15,No FM Radio
Vivo T5 Lite 5G,"₹20,499",55,"Dual Sim, 5G, VoLTE, Wi-Fi","Dimensity 6300, Octa Core, 2.4 GHz Processor","4 GB RAM, 128 GB inbuilt",6500 mAh Battery with 44W Fast Charging,"6.74 inches, 720 x 1600 px, 120 Hz Display with Water Drop Notch",50 MP + 0.08 MP Dual Rear & 5 MP Front Camera,"Memory Card (Hybrid), upto 2 TB",Android v16
Motorola Edge 70 Max,"₹53,789",,"Dual Sim, 5G, VoLTE, Vo5G, NFC, eSIM, Wi-Fi","Snapdragon 8 Gen5, Octa Core, 3.8 GHz Processor","8 GB RAM, 256 GB inbuilt",7100 mAh Battery with 90W Fast Charging,"6.8 inches, 1440 x 3168 px, 144 Hz Display with Punch Hole",50 MP + 8 MP Dual Rear & 32 MP Front Camera,Android v16,No FM Radio
Poco M8 Power,"₹24,380",63,"Dual Sim, 5G, VoLTE, Wi-Fi, IR Blaster","Snapdragon 4 Gen4, Octa Core, 2.3 GHz Processor","6 GB RAM, 128 GB inbuilt",8000 mAh Battery with 45W Fast Charging,"6.99 inches, 2396 x 1080 px, 120 Hz Display with Punch Hole",50 MP Dual Rear & 8 MP Front Camera,"Memory Card Supported, upto 1 TB",Android v16
Vivo S2 5G (8GB RAM + 256GB),"₹42,990",68,"Dual Sim, 5G, VoLTE, Wi-Fi","Dimensity 7360 Turbo, Octa Core, 2.5 GHz Processor","8 GB RAM, 256 GB inbuilt",7050 mAh Battery with 44W Fast Charging,"6.83 inches, 1260 x 2800 px, 120 Hz Display with Punch Hole",50 MP + 2 MP Dual Rear & 32 MP Front Camera,Memory Card Not Supported,Android v16
Motorola Signature (16GB RAM + 512GB),"₹67,990",,"Dual Sim, 5G, VoLTE, Vo5G, NFC, Wi-Fi","Snapdragon 8 Gen5, Octa Core, 3.8 GHz Processor","16 GB RAM, 512 GB inbuilt",5200 mAh Battery with 90W Fast Charging,"6.8 inches, 1264 x 2780 px, 165 Hz Display with Punch Hole",50 MP + 50 MP + 50 MP Triple Rear & 50 MP Front Camera,Android v16,No FM Radio
Xiaomi Redmi 15C 5G,"₹17,499",55,"Dual Sim, 5G, VoLTE, Wi-Fi","Dimensity 6300, Octa Core, 2.4 GHz Processor","4 GB RAM, 128 GB inbuilt",6000 mAh Battery with 33W Fast Charging,"6.9 inches, 720 x 1600 px, 120 Hz Display with Punch Hole",50 MP + Auxiliary lens Dual Rear & 8 MP Front Camera,"Memory Card Supported, upto 1 TB",Android v15
Apple iPhone 17 (512GB),"₹1,02,900",77,"Dual Sim, 5G, VoLTE, NFC, eSIM, Wi-Fi","Apple A19, Hexa Core Processor","8 GB RAM, 512 GB inbuilt",3692 mAh Battery with Fast Charging,"6.3 inches, 1206 x 2622 px, 120 Hz Display with Small Notch",48 MP + 48 MP Dual Rear & 18 MP Front Camera,Memory Card Not Supported,iOS v26
Motorola Moto G86 Power 5G,"₹26,499",66,"Dual Sim, 5G, VoLTE, Wi-Fi","Dimensity 7400, Octa Core, 2.6 GHz Processor","8 GB RAM, 128 GB inbuilt",6720 mAh Battery with 33W Fast Charging,"6.7 inches, 1220 x 2712 px, 120 Hz Display with Punch Hole",50 MP + 8 MP Dual Rear & 32 MP Front Camera,"Memory Card (Hybrid), upto 1 TB",Android v15
OnePlus Nord 5 (12GB RAM + 512GB),"₹37,999",,"Dual Sim, 5G, VoLTE, NFC, Wi-Fi, IR Blaster","Snapdragon 8s Gen3, Octa Core, 3 GHz Processor","12 GB RAM, 512 GB inbuilt",6800 mAh Battery with 80W Fast Charging,"6.83 inches, 1272 x 2800 px, 144 Hz Display with Punch Hole",50 MP + 8 MP Dual Rear & 50 MP Front Camera,Android v15,No FM Radio
Realme Narzo 100x 5G,"₹19,958",58,"Dual Sim, 5G, VoLTE, Wi-Fi","Dimensity 6300, Octa Core, 2.4 GHz Processor","4 GB RAM, 128 GB inbuilt",8000 mAh Battery with 45W Fast Charging,"6.81 inches, 720 x 1570 px, 144 Hz Display with Punch Hole",50 MP Dual Rear & 8 MP Front Camera,Memory Card (Hybrid),Android v16
Samsung Galaxy S24 FE (256GB),"₹45,999",71,"Dual Sim, 5G, VoLTE, Vo5G, NFC, eSIM, Wi-Fi","Exynos 2400e, Deca Core, 3.11 GHz Processor","8 GB RAM, 256 GB inbuilt",4700 mAh Battery with 25W Fast Charging,"6.7 inches, 1080 x 2340 px, 120 Hz Display with Punch Hole",50 MP + 12 MP + 8 MP Triple Rear & 10 MP Front Camera,Memory Card Not Supported,Android v14
Realme 12X,"₹11,999",54,"Dual Sim, 5G, VoLTE, Wi-Fi","Dimensity 6100 Plus, Octa Core, 2.2 GHz Processor","4 GB RAM, 128 GB inbuilt",5000 mAh Battery with 45W Fast Charging,"6.72 inches, 1080 x 2400 px, 120 Hz Display with Punch Hole",50 MP + 2 MP Dual Rear & 8 MP Front Camera,"Memory Card Supported, upto 2 TB",Android v14
Samsung Galaxy A35 5G,"₹33,999",63,"Dual Sim, 5G, VoLTE, NFC, Wi-Fi","Exynos 1380, Octa Core, 2.4 GHz Processor","8 GB RAM, 128 GB inbuilt",5000 mAh Battery with 25W Fast Charging,"6.6 inches, 1080 x 2340 px, 120 Hz Display with Punch Hole",50 MP + 8 MP + 5 MP Triple Rear & 13 MP Front Camera,"Memory Card (Hybrid), upto 1 TB",Android v14
Xiaomi 17 5G,"₹89,999",,"Dual Sim, 5G, VoLTE, Vo5G, NFC, eSIM, Wi-Fi, IR Blaster","Snapdragon 8 Elite Gen 5, Octa Core, 4.6 GHz Processor","12 GB RAM, 512 GB inbuilt",6330 mAh Battery with 100W Fast Charging,"6.3 inches, 1220 x 2656 px, 120 Hz Display with Punch Hole",50 MP + 50 MP + 50 MP Triple Rear & 50 MP Front Camera,Android v16,No FM Radio
Samsung Galaxy A17 5G (8GB RAM + 128GB),"₹23,499",59,"Dual Sim, 5G, VoLTE, NFC, Wi-Fi","Exynos 1330, Octa Core, 2.4 GHz Processor","8 GB RAM, 128 GB inbuilt",5000 mAh Battery with 25W Fast Charging,"6.7 inches, 1080 x 2340 px, 90 Hz Display with Water Drop Notch",50 MP + 5 MP + 2 MP Triple Rear & 13 MP Front Camera,"Memory Card (Hybrid), upto 2 TB",Android v15
Realme GT 7 (12GB RAM + 512GB),"₹48,999",,"Dual Sim, 5G, VoLTE, Vo5G, NFC, Wi-Fi, IR Blaster","Dimensity 9400e, Octa Core, 3.4 GHz Processor","12 GB RAM, 512 GB inbuilt",7000 mAh Battery with 120W Fast Charging,"6.78 inches, 1264 x 2780 px, 120 Hz Display with Punch Hole",50 MP + 50 MP + 8 MP Triple Rear & 32 MP Front Camera,Memory Card Not Supported,Android v15
Google Pixel 9A,"₹49,699",68,"Dual Sim, 5G, VoLTE, NFC, eSIM, Wi-Fi","Tensor G4, Octa Core, 3.1 GHz Processor","8 GB RAM, 256 GB inbuilt",5100 mAh Battery with 23W Fast Charging,"6.3 inches, 1080 x 2424 px, 120 Hz Display with Punch Hole",48 MP + 13 MP Dual Rear & 13 MP Front Camera,Memory Card Not Supported,Android v15
Xiaomi Redmi Note 13 Pro Plus 5G,"₹33,900",74,"Dual Sim, 5G, VoLTE, NFC, Wi-Fi, IR Blaster","Dimensity 7200 Ultra, Octa Core, 2.8 GHz Processor","8 GB RAM, 256 GB inbuilt",5000 mAh Battery with 120W Fast Charging,"6.67 inches, 1220 x 2712 px, 120 Hz Display with Punch Hole",200 MP + 8 MP + 2 MP Triple Rear & 16 MP Front Camera,Memory Card Not Supported,Android v13
Nothing Phone 3a Lite,"₹27,999",63,"Dual Sim, 5G, VoLTE, NFC, Wi-Fi","Dimensity 7300 Pro, Octa Core, 2.5 GHz Processor","8 GB RAM, 128 GB inbuilt",5000 mAh Battery with 33W Fast Charging,"6.77 inches, 1084 x 2392 px, 120 Hz Display with Punch Hole",50 MP + 8 MP + 2 MP Triple Rear & 16 MP Front Camera,"Memory Card (Hybrid), upto 2 TB",Android v15
Xiaomi 17T 5G,"₹64,999",,"Dual Sim, 5G, VoLTE, NFC, eSIM, Wi-Fi, IR Blaster","Dimensity 8500 Ultra, Octa Core, 3.4 GHz Processor","12 GB RAM, 256 GB inbuilt",6500 mAh Battery with 67W Fast Charging,"6.59 inches, 1268 x 2756 px, 120 Hz Display with Punch Hole",50 MP + 50 MP + 12 MP Triple Rear & 32 MP Front Camera,Android v16,No FM Radio
OPPO Find X9 Ultra,"₹1,69,999",,"Dual Sim, 5G, VoLTE, NFC, eSIM, Wi-Fi, IR Blaster","Snapdragon 8 Elite Gen5, Octa Core, 4.6 GHz Processor","12 GB RAM, 512 GB inbuilt",7050 mAh Battery with 100W Fast Charging,"6.82 inches, 1440 x 3168 px, 144 Hz Display with Punch Hole",200 MP Penta Rear & 50 MP Front Camera,Memory Card Not Supported,Android v16
iQOO Z11x,"₹27,999",64,"Dual Sim, 5G, VoLTE, Wi-Fi, IR Blaster","Dimensity 7400 Turbo, Octa Core, 2.6 GHz Processor","6 GB RAM, 128 GB inbuilt",7200 mAh Battery with 44W Fast Charging,"6.76 inches, 1080 x 2344 px, 120 Hz Display with Punch Hole",50 MP + 2 MP Dual Rear & 32 MP Front Camera,Android v16,No FM Radio
Apple iPhone 18 Pro (1TB),"₹2,39,900",,"Dual Sim, 5G, VoLTE, NFC, eSIM, Wi-Fi","Apple A20 Pro, Hexa Core Processor","12 GB RAM, 1 TB inbuilt",4056 mAh Battery with Fast Charging,"6.3 inches, 1206 x 2622 px, 120 Hz Display with Dynamic Island",48 MP + 48 MP + 48 MP Triple Rear & 18 MP Front Camera,Memory Card Not Supported,iOS v27
Realme Narzo Power 5G,"₹29,996",74,"Dual Sim, 5G, VoLTE, Wi-Fi, IR Blaster","Dimensity 7400 Ultra, Octa Core, 2.6 GHz Processor","8 GB RAM, 128 GB inbuilt",10001 mAh Battery with 80W Fast Charging,"6.8 inches, 1280 x 2800 px, 144 Hz Display with Punch Hole",50 MP + 8 MP Dual Rear & 16 MP Front Camera,Memory Card Not Supported,Android v16
Vivo X300 Pro 5G,"₹1,19,999",,"Dual Sim, 5G, VoLTE, NFC, Wi-Fi, IR Blaster","Dimensity 9500, Octa Core, 4.21 GHz Processor","16 GB RAM, 512 GB inbuilt",6510 mAh Battery with 90W Fast Charging,"6.78 inches, 1260 x 2800 px, 120 Hz Display with Punch Hole",200 MP + 50 MP + 50 MP Triple Rear & 50 MP Front Camera,Memory Card Not Supported,Android v16
Poco C75 5G,"₹10,999",50,"Dual Sim, 5G, VoLTE, Wi-Fi","Snapdragon 4s Gen2, Octa Core, 2 GHz Processor","4 GB RAM, 64 GB inbuilt",5160 mAh Battery with 18W Fast Charging,"6.88 inches, 720 x 1650 px, 120 Hz Display with Water Drop Notch",50 MP Dual Rear & 5 MP Front Camera,"Memory Card Supported, upto 1 TB",Android v14
Xiaomi Redmi Note 14 (8GB RAM + 128GB),"₹22,990",63,"Dual Sim, 5G, VoLTE, Wi-Fi, IR Blaster","Dimensity 7025 Ultra, Octa Core, 2.5 GHz Processor","8 GB RAM, 128 GB inbuilt",5110 mAh Battery with 45W Fast Charging,"6.67 inches, 1080 x 2400 px, 120 Hz Display with Punch Hole",50 MP + 8 MP + 2 MP Triple Rear & 20 MP Front Camera,"Memory Card (Hybrid), upto 1 TB",Android v14
Apple iPhone 16 Plus,"₹79,900",70,"Dual Sim, 5G, VoLTE, NFC, eSIM, Wi-Fi","Bionic A18, Hexa Core, 4.04 GHz Processor",128 GB inbuilt,4674 mAh Battery with Fast Charging,"6.7 inches, 1290 x 2796 px Display with Dynamic Island",48 MP + 12 MP Dual Rear & 12 MP Front Camera,Memory Card Not Supported,iOS v18
Samsung Galaxy S26 Ultra (12GB RAM + 512GB),"₹1,50,999",,"Dual Sim, 5G, VoLTE, Vo5G, NFC, eSIM, Wi-Fi","Snapdragon 8 Elite Gen 5 for Galaxy, Octa Core, 4.74 GHz Processor","12 GB RAM, 512 GB inbuilt",5000 mAh Battery with 60W Fast Charging,"6.9 inches, 1440 x 3120 px, 120 Hz Display with Punch Hole",200 MP Quad Rear & 12 MP Front Camera,Memory Card Not Supported,Android v16
Xiaomi Redmi Note 15 Pro 5G (8GB RAM + 256GB),"₹33,999",74,"Dual Sim, 5G, VoLTE, eSIM, Wi-Fi, IR Blaster","Dimensity 7400 Ultra, Octa Core, 2.6 GHz Processor","8 GB RAM, 256 GB inbuilt",6580 mAh Battery with 45W Fast Charging,"6.83 inches, 1280 x 2772 px, 120 Hz Display with Punch Hole",200 MP + 8 MP Dual Rear & 20 MP Front Camera,Android v15,No FM Radio
Oppo A6 Pro 5G,"₹26,999",62,"Dual Sim, 5G, Wi-Fi","Dimensity 6300, Octa Core, 2.4 GHz Processor","8 GB RAM, 128 GB inbuilt",7000 mAh Battery with 80W Fast Charging,"6.75 inches, 720 x 1570 px, 120 Hz Display with Punch Hole",50 MP Dual Rear & 16 MP Front Camera,Memory Card (Hybrid),Android v15
Oppo F31 Pro Plus 5G,"₹32,999",70,"Dual Sim, 5G, VoLTE, Wi-Fi","Snapdragon 7 Gen3, Octa Core, 2.63 GHz Processor","8 GB RAM, 256 GB inbuilt",7000 mAh Battery with 80W Fast Charging,"6.8 inches, 1280 x 2800 px, 120 Hz Display with Punch Hole",50 MP + 2 MP Dual Rear & 32 MP Front Camera,Android v15,No FM Radio
Samsung Galaxy F15 5G,"₹13,499",53,"Dual Sim, 5G, VoLTE, Wi-Fi","Dimensity 6100 Plus, Octa Core, 2.2 GHz Processor","4 GB RAM, 128 GB inbuilt",6000 mAh Battery with 25W Fast Charging,"6.45 inches, 1080 x 2340 px, 90 Hz Display with Water Drop Notch",50 MP + 5 MP + 2 MP Triple Rear & 13 MP Front Camera,"Memory Card (Hybrid), upto 1 TB",Android v14
Infinix Note 30 5G (8GB RAM + 256GB),"₹15,999",62,"Dual Sim, 5G, VoLTE, NFC, Wi-Fi","Dimensity 6080, Octa Core, 2.4 GHz Processor","8 GB RAM, 256 GB inbuilt",5000 mAh Battery with 45W Fast Charging,"6.78 inches, 1080 x 2460 px, 120 Hz Display with Punch Hole",108 MP + 2 MP Triple Rear & 16 MP Front Camera,"Memory Card Supported, upto 2 TB",Android v13
Motorola Moto G77 Power,"₹25,539",64,"Dual Sim, 5G, VoLTE, Wi-Fi","Dimensity 6400, Octa Core, 2.5 GHz Processor","8 GB RAM, 128 GB inbuilt",7000 mAh Battery with 30W Fast Charging,"6.72 inches, 1080 x 2400 px, 120 Hz Display with Punch Hole",50 MP + 8 MP Dual Rear & 32 MP Front Camera,"Memory Card (Hybrid), upto 1 TB",Android v16
Motorola Edge 70 Fusion 5G (12GB RAM + 512GB),"₹39,490",74,"Dual Sim, 5G, VoLTE, Vo5G, NFC, Wi-Fi","Snapdragon 7s Gen4, Octa Core, 2.7 GHz Processor","12 GB RAM, 512 GB inbuilt",7000 mAh Battery with 68W Fast Charging,"6.8 inches, 1272 x 2772 px, 144 Hz Display with Punch Hole",50 MP + 13 MP + Dedicated 3-in-1 light sensor Triple Rear & 32 MP Front Camera,Android v16,No FM Radio
Ai+ Nova 2 5G (6GB RAM + 128GB),"₹14,999",54,"Dual Sim, 5G, VoLTE, Wi-Fi","Unisoc T8200, Octa Core, 2.3 GHz Processor","6 GB RAM, 128 GB inbuilt",6000 mAh Battery with 18W Fast Charging,"6.74 inches, 720 x 1600 px, 120 Hz Display with Punch Hole",50 MP Rear & 8 MP Front Camera,"Memory Card Supported, upto 1 TB",Android v16
Xiaomi Redmi 15A 5G,"₹16,400",58,"Dual Sim, 5G, VoLTE, Wi-Fi, IR Blaster","Unisoc T8300, Octa Core, 2.2 GHz Processor","4 GB RAM, 64 GB inbuilt",6300 mAh Battery with 33W Fast Charging,"6.9 inches, 720 x 1600 px, 120 Hz Display with Punch Hole",32 MP Rear & 8 MP Front Camera,"Memory Card (Hybrid), upto 1 TB",Android v16
Realme 16 5G,"₹35,499",68,"Dual Sim, 5G, VoLTE, Wi-Fi","Dimensity 6400 Turbo, Octa Core, 2.5 GHz Processor","8 GB RAM, 128 GB inbuilt",7000 mAh Battery with 60W Fast Charging,"6.57 inches, 1080 x 2372 px, 120 Hz Display with Punch Hole",50 MP + 2 MP Dual Rear & 50 MP Front Camera,Memory Card (Hybrid),Android v16
OnePlus N6x,"₹20,999",,"Dual Sim, 5G, VoLTE, Wi-Fi","Dimensity 6360 Apex, Octa Core Processor","4 GB RAM, 64 GB inbuilt",7000 mAh Battery with 15W Fast Charging,"6.8 inches, 720 x 1570 px, 120 Hz Display with Punch Hole",13 MP Rear & 5 MP Front Camera,"Memory Card (Hybrid), upto 2 TB",Android v16
Realme GT 7,"₹41,999",,"Dual Sim, 5G, VoLTE, Vo5G, NFC, Wi-Fi, IR Blaster","Dimensity 9400e, Octa Core, 3.4 GHz Processor","8 GB RAM, 256 GB inbuilt",7000 mAh Battery with 120W Fast Charging,"6.78 inches, 1264 x 2780 px, 120 Hz Display with Punch Hole",50 MP + 50 MP + 8 MP Triple Rear & 32 MP Front Camera,Memory Card Not Supported,Android v15
Nothing Phone 3a Pro (12GB RAM + 256GB),"₹34,999",68,"Dual Sim, 5G, VoLTE, NFC, Wi-Fi","Snapdragon 7s Gen 3, Octa Core, 2.5 GHz Processor","12 GB RAM, 256 GB inbuilt",5000 mAh Battery with 50W Fast Charging,"6.77 inches, 1080 x 2392 px, 120 Hz Display with Punch Hole",50 MP + 50 MP + 8 MP Triple Rear & 50 MP Front Camera,Memory Card Not Supported,Android v15
Tecno Pova Curve 2,"₹31,999",63,"Dual Sim, 5G, VoLTE, Wi-Fi, IR Blaster","Dimensity 7100, Octa Core, 2.4 GHz Processor","8 GB RAM, 128 GB inbuilt",8000 mAh Battery with 45W Fast Charging,"6.78 inches, 1208 x 2644 px, 144 Hz Display with Punch Hole",50 MP + 2 MP Dual Rear & 13 MP Front Camera,Android v16,Bluetooth
Samsung Galaxy A07 5G (6GB RAM + 128GB),"₹19,599",57,"Dual Sim, 5G, VoLTE, Wi-Fi","Dimensity 6300, Octa Core, 2.4 GHz Processor","6 GB RAM, 128 GB inbuilt",6000 mAh Battery with 25W Fast Charging,"6.74 inches, 720 x 1600 px, 120 Hz Display with Water Drop Notch",50 MP + 2 MP Dual Rear & 8 MP Front Camera,"Memory Card Supported, upto 2 TB",Android v16
Oppo F31 5G,"₹26,999",64,"Dual Sim, 5G, VoLTE, Wi-Fi, IR Blaster","Dimensity 6300, Octa Core, 2.4 GHz Processor","8 GB RAM, 128 GB inbuilt",7000 mAh Battery with 80W Fast Charging,"6.57 inches, 1080 x 2412 px, 120 Hz Display with Punch Hole",50 MP + 2 MP Dual Rear & 16 MP Front Camera,Memory Card (Hybrid),Android v15
Samsung Galaxy A56 5G (8GB RAM + 256GB),"₹38,942",64,"Dual Sim, 5G, VoLTE, NFC, eSIM, Wi-Fi","Exynos 1580, Octa Core, 2.9 GHz Processor","8 GB RAM, 256 GB inbuilt",5000 mAh Battery with 45W Fast Charging,"6.7 inches, 1080 x 2340 px, 120 Hz Display with Punch Hole",50 MP + 12 MP + 5 MP Triple Rear & 12 MP Front Camera,Android v15,No FM Radio
OnePlus 13 (16GB RAM+ 512GB),"₹78,990",,"Dual Sim, 5G, VoLTE, Vo5G, NFC, eSIM, Wi-Fi, IR Blaster","Snapdragon 8 Elite, Octa Core, 4.32 GHz Processor","16 GB RAM, 512 GB inbuilt",6000 mAh Battery with 100W Fast Charging,"6.82 inches, 1440 x 3168 px, 120 Hz Display with Punch Hole",50 MP + 50 MP + 50 MP Triple Rear & 32 MP Front Camera,Memory Card Not Supported,Android v15
Motorola Moto G54 5G,"₹17,999",59,"Dual Sim, 5G, VoLTE, Wi-Fi","Dimensity 7020, Octa Core, 2.2 GHz Processor","8 GB RAM, 128 GB inbuilt",6000 mAh Battery with 33W Fast Charging,"6.5 inches, 1080 x 2400 px, 120 Hz Display with Punch Hole",50 MP + 8 MP Dual Rear & 16 MP Front Camera,"Memory Card (Hybrid), upto 1 TB",Android v13
Vivo T5 5G (8GB RAM + 128GB),"₹39,999",72,"Dual Sim, 5G, VoLTE, Wi-Fi, IR Blaster","Dimensity 7500 Turbo, Octa Core, 2.6 GHz Processor","8 GB RAM, 128 GB inbuilt",7050 mAh Battery with 44W Fast Charging,"6.83 inches, 1260 x 2800 px, 144 Hz Display with Punch Hole",50 MP + 8 MP Dual Rear & 32 MP Front Camera,Memory Card Not Supported,Android v16
Vivo T5 Pro 5G (8GB RAM + 256GB),"₹45,095",74,"Dual Sim, 5G, VoLTE, Vo5G, Wi-Fi, IR Blaster","Snapdragon 7s Gen4, Octa Core, 2.7 GHz Processor","8 GB RAM, 256 GB inbuilt",9020 mAh Battery with 90W Fast Charging,"6.83 inches, 1260 x 2800 px, 144 Hz Display with Punch Hole",50 MP + 2 MP Dual Rear & 32 MP Front Camera,Memory Card Not Supported,Android v16
Ai+ Nova 2 Ultra,"₹20,999",59,"Dual Sim, 5G, VoLTE, Wi-Fi","Dimensity 7400, Octa Core, 2.6 GHz Processor","6 GB RAM, 128 GB inbuilt",6000 mAh Battery with Fast Charging,"6.78 inches, 2772 x 1272 px, 120 Hz Display with Punch Hole",50 MP + 8 MP Dual Rear & 13 MP Front Camera,"Memory Card (Hybrid), upto 1 TB",Android v16
Vivo V70 FE 5G (12GB RAM + 256GB),"₹45,999",,"Dual Sim, 5G, VoLTE, NFC, Wi-Fi, IR Blaster","Dimensity 7360 Turbo, Octa Core, 2.5 GHz Processor","12 GB RAM, 256 GB inbuilt",7000 mAh Battery with 90W Fast Charging,"6.83 inches, 1260 x 2800 px, 120 Hz Display with Punch Hole",200 MP + 8 MP Dual Rear & 50 MP Front Camera,Memory Card Not Supported,Android v16
Vivo Y51 Pro,"₹31,999",62,"Dual Sim, 5G, VoLTE, Wi-Fi, IR Blaster","Dimensity 7360 Turbo, Octa Core, 2.5 GHz Processor","8 GB RAM, 128 GB inbuilt",7200 mAh Battery with 44W Fast Charging,"6.75 inches, 720 x 1570 px, 120 Hz Display with Punch Hole",50 MP + 2 MP Dual Rear & 8 MP Front Camera,Memory Card Not Supported,Android v16
Apple iPhone 17e,"₹64,900",63,"Dual Sim, 5G, VoLTE, NFC, eSIM, Wi-Fi","Apple A19, Hexa Core Processor","8 GB RAM, 256 GB inbuilt",4005 mAh Battery with Fast Charging,"6.1 inches, 1170 x 2532 px Display with Small Notch",48 MP Rear & 12 MP Front Camera,Memory Card Not Supported,iOS v26.3
iQOO 15R (12GB RAM + 256GB),"₹59,999",,"Dual Sim, 5G, VoLTE, NFC, Wi-Fi, IR Blaster","Snapdragon 8 Gen5, Octa Core, 3.8 GHz Processor","12 GB RAM, 256 GB inbuilt",7600 mAh Battery with 100W Fast Charging,"6.59 inches, 1260 x 2750 px, 144 Hz Display with Punch Hole",50 MP + 8 MP Dual Rear & 32 MP Front Camera,Android v16,No FM Radio
Poco M8,"₹21,499",61,"Dual Sim, 5G, VoLTE, Wi-Fi, IR Blaster","Snapdragon 6 Gen3, Octa Core Processor","6 GB RAM, 128 GB inbuilt",5520 mAh Battery with 45W Fast Charging,"6.77 inches, 1080 x 2392 px, 120 Hz Display with Punch Hole",50 MP + 2 MP Dual Rear & 20 MP Front Camera,"Memory Card (Hybrid), upto 1 TB",Android v15
Realme 15 Pro 5G,"₹32,999",72,"Dual Sim, 5G, VoLTE, Wi-Fi","Snapdragon 7 Gen4, Octa Core, 2.8 GHz Processor","8 GB RAM, 128 GB inbuilt",7000 mAh Battery with 80W Fast Charging,"6.8 inches, 1280 x 2800 px, 144 Hz Display with Punch Hole",50 MP + 50 MP Dual Rear & 50 MP Front Camera,Android v15,No FM Radio
Xiaomi 17 Ultra,"₹1,39,999",,"Dual Sim, 5G, VoLTE, Vo5G, NFC, eSIM, Wi-Fi, IR Blaster","Snapdragon 8 Elite Gen 5, Octa Core, 4.6 GHz Processor","16 GB RAM, 512 GB inbuilt",6000 mAh Battery with 90W Fast Charging,"6.9 inches, 1200 x 2608 px, 120 Hz Display with Punch Hole",200 MP + 50 MP + 50 MP Triple Rear & 50 MP Front Camera,Memory Card Not Supported,Android v16
Samsung Galaxy S26 Ultra (16GB RAM + 1TB),"₹1,80,999",,"Dual Sim, 5G, VoLTE, Vo5G, NFC, eSIM, Wi-Fi","Snapdragon 8 Elite Gen 5 for Galaxy, Octa Core, 4.74 GHz Processor","16 GB RAM, 1 TB inbuilt",5000 mAh Battery with 60W Fast Charging,"6.9 inches, 1440 x 3120 px, 120 Hz Display with Punch Hole",200 MP Quad Rear & 12 MP Front Camera,Memory Card Not Supported,Android v16
Oppo Reno 15c,"₹41,999",68,"Dual Sim, 5G, Wi-Fi, IR Blaster","Snapdragon 6 Gen1, Octa Core, 2.2 GHz Processor","8 GB RAM, 256 GB inbuilt",7000 mAh Battery with 80W Fast Charging,"6.57 inches, 1080 x 2372 px, 120 Hz Display with Punch Hole",50 MP + 8 MP + 2 MP Triple Rear & 50 MP Front Camera,Android v16,No FM Radio
Samsung Galaxy A17 5G (8GB RAM + 256GB),"₹27,999",61,"Dual Sim, 5G, VoLTE, NFC, Wi-Fi","Exynos 1330, Octa Core, 2.4 GHz Processor","8 GB RAM, 256 GB inbuilt",5000 mAh Battery with 25W Fast Charging,"6.7 inches, 1080 x 2340 px, 90 Hz Display with Water Drop Notch",50 MP + 5 MP + 2 MP Triple Rear & 13 MP Front Camera,"Memory Card (Hybrid), upto 2 TB",Android v15
Realme 14x (8GB RAM + 128GB),"₹15,999",57,"Dual Sim, 5G, VoLTE, Wi-Fi","Dimensity 6300, Octa Core, 2.4 GHz Processor","8 GB RAM, 128 GB inbuilt",6000 mAh Battery with 45W Fast Charging,"6.67 inches, 720 x 1604 px, 120 Hz Display with Punch Hole",50 MP + 2 MP Dual Rear & 8 MP Front Camera,Memory Card (Hybrid),Android v14
Xiaomi Redmi Note 14 Pro Plus (8GB RAM + 256GB),"₹29,839",72,"Dual Sim, 5G, VoLTE, Wi-Fi, IR Blaster","Snapdragon 7s Gen3, Octa Core, 2.5 GHz Processor","8 GB RAM, 256 GB inbuilt",6200 mAh Battery with 90W Fast Charging,"6.67 inches, 1220 x 2712 px, 120 Hz Display with Punch Hole",50 MP + 50 MP + 8 MP Triple Rear & 20 MP Front Camera,Memory Card Not Supported,Android v14
Jio JioPhone Prima 2 4G,"₹2,799",,"Single Sim, 4G, VoLTE, Wi-Fi","512 MB RAM, 4 GB inbuilt",2000 mAh Battery,"2.4 inches, 240 x 320 px Display",0.3 MP Rear & 0.3 MP Front Camera,"Memory Card Supported, upto 128 GB",KaiOS v2.5.3,Bluetooth
Samsung Galaxy S23 Ultra (12GB RAM + 512GB),"₹93,900",,"Dual Sim, 5G, VoLTE, Vo5G, NFC, Wi-Fi","Snapdragon 8 Gen 2, Octa Core, 3.36 GHz Processor","12 GB RAM, 512 GB inbuilt",5000 mAh Battery with 45W Fast Charging,"6.8 inches, 1440 x 3088 px, 120 Hz Display with Punch Hole",200 MP Quad Rear & 12 MP Front Camera,Memory Card Not Supported,Android v13
Tecno Camon 50 Ultra,"₹31,999",70,"Dual Sim, 5G, NFC, Wi-Fi, IR Blaster","Dimensity 7400 Ultimate, Octa Core, 2.6 GHz Processor","8 GB RAM, 256 GB inbuilt",6500 mAh Battery with 45W Fast Charging,"6.78 inches, 1208 x 2644 px, 144 Hz Display",50 MP + 50 MP + 8 MP Triple Rear & 50 MP Front Camera,Android v16,Bluetooth
Xiaomi Redmi Note 15 SE 5G (8GB RAM + 128GB),"₹26,485",66,"Dual Sim, 5G, VoLTE, Wi-Fi, IR Blaster","Snapdragon 6 Gen3, Octa Core, 2.4 GHz Processor","8 GB RAM, 128 GB inbuilt",5800 mAh Battery with 45W Fast Charging,"6.77 inches, 2392 x 1080 px, 120 Hz Display with Punch Hole",50 MP + 2 MP Dual Rear & 20 MP Front Camera,"Memory Card (Hybrid), upto 1 TB",Android v15
Oppo Reno 15 Pro Mini (12GB RAM + 512GB),"₹64,999",,"Dual Sim, 5G, VoLTE, Wi-Fi, IR Blaster","Dimensity 8450, Octa Core, 3.25 GHz Processor","12 GB RAM, 512 GB inbuilt",6200 mAh Battery with 80W Fast Charging,"6.32 inches, 1216 x 2640 px, 120 Hz Display with Punch Hole",200 MP + 50 MP + 50 MP Triple Rear & 50 MP Front Camera,Android v16,No FM Radio
Realme Narzo 90x (8GB+128GB),"₹23,499",59,"Dual Sim, 5G, VoLTE, Wi-Fi","Dimensity 6300, Octa Core, 2.4 GHz Processor","8 GB RAM, 128 GB inbuilt",7000 mAh Battery with 60W Fast Charging,"6.8 inches, 720 x 1570 px, 144 Hz Display with Punch Hole",50 MP + 2 MP Dual Rear & 8 MP Front Camera,"Memory Card (Hybrid), upto 2 TB",Android v15
Apple iPhone 17 Pro Max (512GB),"₹1,63,990",,"Dual Sim, 5G, VoLTE, NFC, eSIM, Wi-Fi","Apple A19 Pro, Hexa Core Processor","12 GB RAM, 512 GB inbuilt",4832 mAh Battery with Fast Charging,"6.9 inches, 1320 x 2868 px, 120 Hz Display with Dynamic Island",48 MP + 48 MP + 48 MP Triple Rear & 18 MP Front Camera,Memory Card Not Supported,iOS v26
Samsung Galaxy S24 5G (Snapdragon +256GB),"₹55,999",72,"Dual Sim, 5G, VoLTE, Vo5G, NFC, eSIM, Wi-Fi","Snapdragon 8 Gen3, Octa Core, 3.3 GHz Processor","8 GB RAM, 256 GB inbuilt",4000 mAh Battery with 25W Fast Charging,"6.2 inches, 1080 x 2340 px, 120 Hz Display with Punch Hole",50 MP + 12 MP + 10 MP Triple Rear & 12 MP Front Camera,Android v15,No FM Radio
Realme P4 5G,"₹25,999",64,"Dual Sim, 5G, VoLTE, Wi-Fi, IR Blaster","Dimensity 7400 Ultra, Octa Core, 2.6 GHz Processor","6 GB RAM, 128 GB inbuilt",7000 mAh Battery with 80W Fast Charging,"6.77 inches, 1080 x 2392 px, 144 Hz Display with Punch Hole",50 MP + 8 MP Dual Rear & 16 MP Front Camera,Android v15,No FM Radio
Vivo X300 FE (8GB RAM + 256GB),"₹81,999",,"Dual Sim, 5G, VoLTE, NFC, eSIM, Wi-Fi, IR Blaster","Snapdragon 8 Gen5, Octa Core, 3.8 GHz Processor","8 GB RAM, 256 GB inbuilt",6500 mAh Battery with 90W Fast Charging,"6.31 inches, 1216 x 2640 px, 120 Hz Display with Punch Hole",50 MP + 50 MP + 8 MP Triple Rear & 50 MP Front Camera,Memory Card Not Supported,Android v16
Apple iPhone 15 (256GB),"₹69,900",66,"Dual Sim, 5G, VoLTE, NFC, eSIM, Wi-Fi","Bionic A16, Hexa Core, 3.46 GHz Processor","6 GB RAM, 256 GB inbuilt",3349 mAh Battery with Fast Charging,"6.1 inches, 1179 x 2556 px Display with Dynamic Island",48 MP + 12 MP Dual Rear & 12 MP Front Camera,Memory Card Not Supported,iOS v17
Google Pixel 6A,"₹24,999",,"Dual Sim, 5G, VoLTE, NFC, eSIM, Wi-Fi","Tensor , Octa Core Processor","6 GB RAM, 128 GB inbuilt",4410 mAh Battery with Fast Charging,"6.14 inches, 1080 x 2400 px Display with Punch Hole",12.2 MP + 12 MP Dual Rear & 8 MP Front Camera,Memory Card Not Supported,Android v12
Oppo F33,"₹34,999",63,"Dual Sim, 5G, VoLTE, Wi-Fi, IR Blaster","Dimensity 6360 MAX, Octa Core Processor","6 GB RAM, 128 GB inbuilt",7000 mAh Battery with 80W Fast Charging,"6.57 inches, 1080 x 2372 px, 120 Hz Display with Punch Hole",50 MP + 2 MP Dual Rear & 16 MP Front Camera,Memory Card (Hybrid),Android v16
Poco C85x 5G (4GB RAM + 128GB),"₹15,500",53,"Dual Sim, 5G, VoLTE, Wi-Fi","Unisoc T8300, Octa Core, 2.2 GHz Processor","4 GB RAM, 128 GB inbuilt",6300 mAh Battery with 15W Fast Charging,"6.9 inches, 720 x 1600 px, 120 Hz Display with Punch Hole",32 MP Rear & 8 MP Front Camera,"Memory Card Supported, upto 2 TB",Android v16
Realme C83 5G,"₹16,499",52,"Dual Sim, 5G, VoLTE, Wi-Fi","Dimensity 6300, Octa Core, 2.4 GHz Processor","4 GB RAM, 64 GB inbuilt",7000 mAh Battery with 15W Fast Charging,"6.8 inches, 720 x 1570 px, 144 Hz Display with Punch Hole",13 MP Rear & 5 MP Front Camera,"Memory Card (Hybrid), upto 2 TB",Android v16
OPPO K14x 5G  (6GB RAM + 128GB),"₹21,690",55,"Dual Sim, 5G, VoLTE, Wi-Fi","Dimensity 6300, Octa Core, 2.4 GHz Processor","6 GB RAM, 128 GB inbuilt",6500 mAh Battery with 45W Fast Charging,"6.75 inches, 720 x 1570 px, 120 Hz Display with Punch Hole",50 MP + 2 MP Dual Rear & 5 MP Front Camera,Memory Card (Hybrid),Android v15
Lava Agni 4 5G,"₹30,999",70,"Dual Sim, 5G, VoLTE, Vo5G, Wi-Fi","Dimensity 8350, Octa Core, 3.35 GHz Processor","8 GB RAM, 256 GB inbuilt",5000 mAh Battery with 66W Fast Charging,"6.67 inches, 1220 x 2712 px, 120 Hz Display with Punch Hole",50 MP + 8 MP Dual Rear & 50 MP Front Camera,Memory Card Not Supported,Android v15
Realme P4 Pro 5G (12GB RAM + 256GB),"₹32,999",74,"Dual Sim, 5G, VoLTE, Wi-Fi, IR Blaster","Snapdragon 7 Gen 4, Octa Core Processor","12 GB RAM, 256 GB inbuilt",7000 mAh Battery with 80W Fast Charging,"6.8 inches, 1280 x 2800 px, 144 Hz Display with Punch Hole",50 MP + 8 MP Dual Rear & 50 MP Front Camera,Android v15,No FM Radio
OnePlus Nord CE 4 5G,"₹32,499",66,"Dual Sim, 5G, VoLTE, Wi-Fi, IR Blaster","Snapdragon 7 Gen3, Octa Core, 2.63 GHz Processor","8 GB RAM, 128 GB inbuilt",5500 mAh Battery with 100W Fast Charging,"6.7 inches, 1080 x 2412 px, 120 Hz Display with Punch Hole",50 MP + 8 MP Dual Rear & 16 MP Front Camera,"Memory Card (Hybrid), upto 1 TB",Android v14
iQOO Z11 Lite 5G,"₹19,999",55,"Dual Sim, 5G, VoLTE, Wi-Fi","Dimensity 6300, Octa Core, 2.4 GHz Processor","4 GB RAM, 128 GB inbuilt",6500 mAh Battery with 44W Fast Charging,"6.74 inches, 720 x 1600 px, 120 Hz Display with Water Drop Notch",50 MP + 0.08 MP Dual Rear & 5 MP Front Camera,"Memory Card (Hybrid), upto 2 TB",Android v16
Samsung Galaxy M47 5G (8GB RAM + 128 GB),"₹30,888",67,"Dual Sim, 5G, VoLTE, NFC, Wi-Fi","Snapdragon 6 Gen3, Octa Core, 2.4 GHz Processor","8 GB RAM, 128 GB inbuilt",6000 mAh Battery with 45W Fast Charging,"6.7 inches, 1080 x 2340 px, 120 Hz Display with Punch Hole",50 MP + 5 MP + 2 MP Triple Rear & 12 MP Front Camera,"Memory Card (Hybrid), upto 1 TB",Android v16
Oppo Find X9s,"₹84,999",,"Dual Sim, 5G, VoLTE, NFC, eSIM, Wi-Fi, IR Blaster","Dimensity 9500s, Octa Core, 3.73 GHz Processor","12 GB RAM, 256 GB inbuilt",7025 mAh Battery with 80W Fast Charging,"6.59 inches, 1216 x 2640 px, 120 Hz Display with Punch Hole",50 MP + 50 MP + 50 MP Triple Rear & 32 MP Front Camera,Memory Card Not Supported,Android v16
iQOO Z11 Lite 5G (4GB RAM + 64GB),"₹17,499",55,"Dual Sim, 5G, VoLTE, Wi-Fi","Dimensity 6300, Octa Core, 2.4 GHz Processor","4 GB RAM, 64 GB inbuilt",6500 mAh Battery with 44W Fast Charging,"6.74 inches, 720 x 1600 px, 120 Hz Display with Water Drop Notch",50 MP + 0.08 MP Dual Rear & 5 MP Front Camera,"Memory Card (Hybrid), upto 2 TB",Android v16
Nothing Phone 4a (8GB RAM + 256GB),"₹40,248",71,"Dual Sim, 5G, VoLTE, Wi-Fi","Snapdragon 7s Gen4, Octa Core, 2.7 GHz Processor","8 GB RAM, 256 GB inbuilt",5400 mAh Battery with 50W Fast Charging,"6.78 inches, 1224 x 2720 px, 120 Hz Display with Punch Hole",50 MP + 50 MP + 8 MP Triple Rear & 32 MP Front Camera,Android v16,No FM Radio
Samsung Galaxy F70 Pro 5G (8GB RAM + 256GB),"₹35,579",67,"Dual Sim, 5G, VoLTE, Wi-Fi","Snapdragon 6 Gen3, Octa Core, 2.4 GHz Processor","8 GB RAM, 256 GB inbuilt",6000 mAh Battery with 45W Fast Charging,"6.7 inches, 1080 x 2340 px, 120 Hz Display with Punch Hole",50 MP + 5 MP + 2 MP Triple Rear & 12 MP Front Camera,"Memory Card (Hybrid), upto 2 TB",Android v16
Poco M8x 5G (6GB RAM + 128GB),"₹21,580",62,"Dual Sim, 5G, VoLTE, Wi-Fi, IR Blaster","Snapdragon 4 Gen5, Octa Core, 2.4 GHz Processor","6 GB RAM, 128 GB inbuilt",7900 mAh Battery with 45W Fast Charging,"6.9 inches, 720 x 1600 px, 120 Hz Display with Punch Hole",50 MP Dual Rear & 8 MP Front Camera,"Memory Card Supported, upto 1 TB",Android v16
Samsung Galaxy A06 5G (4GB RAM + 128GB),"₹12,999",52,"Dual Sim, 5G, VoLTE, Wi-Fi","Dimensity 6300, Octa Core, 2.4 GHz Processor","4 GB RAM, 128 GB inbuilt",5000 mAh Battery with 25W Fast Charging,"6.7 inches, 720 x 1600 px, 90 Hz Display with Water Drop Notch",50 MP + 2 MP Dual Rear & 8 MP Front Camera,"Memory Card Supported, upto 1 TB",Android v15
Samsung Galaxy S25 Plus,"₹79,999",79,"Dual Sim, 5G, VoLTE, Vo5G, NFC, eSIM, Wi-Fi","Snapdragon 8 Elite, Octa Core, 4.47 GHz Processor","12 GB RAM, 256 GB inbuilt",4900 mAh Battery with 45W Fast Charging,"6.7 inches, 1440 x 3120 px, 120 Hz Display with Punch Hole",50 MP + 12 MP + 10 MP Triple Rear & 12 MP Front Camera,Android v15,No FM Radio
Motorola Edge 50 Ultra 5G,"₹44,999",,"Dual Sim, 5G, VoLTE, Vo5G, NFC, eSIM, Wi-Fi","Snapdragon 8s Gen3, Octa Core, 3 GHz Processor","12 GB RAM, 512 GB inbuilt",4500 mAh Battery with 125W Fast Charging,"6.7 inches, 1220 x 2712 px, 144 Hz Display with Punch Hole",64 MP + 50 MP + 50 MP Triple Rear & 50 MP Front Camera,Android v14,No FM Radio
Motorola Edge 50 Fusion,"₹26,990",67,"Dual Sim, 5G, VoLTE, Vo5G, NFC, Wi-Fi","Snapdragon 7s Gen2, Octa Core, 2.4 GHz Processor","8 GB RAM, 128 GB inbuilt",5000 mAh Battery with 68W Fast Charging,"6.67 inches, 1080 x 2400 px, 144 Hz Display with Punch Hole",50 MP + 13 MP Dual Rear & 32 MP Front Camera,Memory Card Not Supported,Android v14
Realme 16x 5G,"₹22,599",57,"Dual Sim, 5G, VoLTE, Wi-Fi","Dimensity 6300, Octa Core, 2.4 GHz Processor","4 GB RAM, 128 GB inbuilt",7000 mAh Battery with 45W Fast Charging,"6.81 inches, 1570 x 720 px, 144 Hz Display with Punch Hole",50 MP Rear & 8 MP Front Camera,Memory Card (Hybrid),Android v16
Realme P4x 5G (8GB RAM + 128GB),"₹23,399",62,"Dual Sim, 5G, VoLTE, Wi-Fi","Dimensity 7400 Ultra, Octa Core, 2.6 GHz Processor","8 GB RAM, 128 GB inbuilt",7000 mAh Battery with 45W Fast Charging,"6.72 inches, 1080 x 2400 px, 144 Hz Display with Punch Hole",50 MP + 2 MP Dual Rear & 8 MP Front Camera,Android v15,No FM Radio
Apple iPhone Air,"₹1,01,900",64,"Dual Sim, 5G, VoLTE, NFC, eSIM, Wi-Fi","Apple A19 Pro, Hexa Core Processor","8 GB RAM, 256 GB inbuilt",3149 mAh Battery with Fast Charging,"6.5 inches, 1260 x 2736 px Display with Dynamic Island",48 MP Rear & 18 MP Front Camera,Memory Card Not Supported,iOS v26
Samsung Galaxy A36 5G (8GB RAM + 256GB),"₹35,999",66,"Dual Sim, 5G, VoLTE, NFC, Wi-Fi","Snapdragon 6 Gen3, Octa Core, 2.4 GHz Processor","8 GB RAM, 256 GB inbuilt",5000 mAh Battery with 45W Fast Charging,"6.7 inches, 1080 x 2340 px, 120 Hz Display with Punch Hole",50 MP + 8 MP + 5 MP Triple Rear & 12 MP Front Camera,Android v15,No FM Radio
Realme 16T 5G,"₹28,999",63,"Dual Sim, 5G, VoLTE, Wi-Fi","Dimensity 6300, Octa Core, 2.4 GHz Processor","6 GB RAM, 128 GB inbuilt",8000 mAh Battery with 45W Fast Charging,"6.8 inches, 720 x 1570 px, 144 Hz Display with Punch Hole",50 MP + 2 MP Dual Rear & 16 MP Front Camera,"Memory Card (Hybrid), upto 2 TB",Android v16
Samsung Galaxy M17e 5G (6GB RAM + 128GB),"₹18,560",54,"Dual Sim, 5G, VoLTE, Wi-Fi","Dimensity 6300, Octa Core, 2.4 GHz Processor","6 GB RAM, 128 GB inbuilt",6000 mAh Battery with 25W Fast Charging,"6.7 inches, 720 x 1600 px, 120 Hz Display with Water Drop Notch",50 MP + 2 MP Dual Rear & 8 MP Front Camera,"Memory Card (Hybrid), upto 2 TB",Android v16
Google Pixel 10 Pro,"₹94,990",,"Dual Sim, 5G, VoLTE, Vo5G, NFC, eSIM, Wi-Fi","Tensor G5, Octa Core, 3.78 GHz Processor","16 GB RAM, 256 GB inbuilt",4870 mAh Battery with 30W Fast Charging,"6.3 inches, 1280 x 2856 px, 120 Hz Display with Punch Hole",50 MP + 48 MP + 48 MP Triple Rear & 42 MP Front Camera,Android v16,No FM Radio
Samsung Galaxy S25 (12GB RAM + 128GB),"₹61,160",77,"Dual Sim, 5G, VoLTE, Vo5G, NFC, eSIM, Wi-Fi","Snapdragon 8 Elite, Octa Core, 4.47 GHz Processor","12 GB RAM, 128 GB inbuilt",4000 mAh Battery with 25W Fast Charging,"6.2 inches, 1080 x 2340 px, 120 Hz Display with Punch Hole",50 MP + 12 MP + 10 MP Triple Rear & 12 MP Front Camera,Android v15,No FM Radio
OnePlus 13R 5G,"₹54,999",79,"Dual Sim, 5G, VoLTE, NFC, Wi-Fi, IR Blaster","Snapdragon 8 Gen3, Octa Core, 3.3 GHz Processor","12 GB RAM, 256 GB inbuilt",6000 mAh Battery with 80W Fast Charging,"6.78 inches, 1264 x 2780 px, 120 Hz Display with Punch Hole",50 MP + 50 MP + 8 MP Triple Rear & 16 MP Front Camera,Memory Card Not Supported,Android v15
Samsung Galaxy A53 5G,"₹24,499",67,"Dual Sim, 5G, VoLTE, NFC, Wi-Fi","Exynos 1280, Octa Core, 2.4 GHz Processor","6 GB RAM, 128 GB inbuilt",5000 mAh Battery with 25W Fast Charging,"6.5 inches, 1080 x 2400 px, 120 Hz Display with Punch Hole",64 MP Quad Rear & 32 MP Front Camera,"Memory Card Supported, upto 1 TB",Android v12
Nothing Phone 4b (RCB Edition + 8GB RAM + 256GB),"₹40,950",70,"Dual Sim, 5G, VoLTE, Wi-Fi","Snapdragon 6 Gen4, Octa Core, 2.3 GHz Processor","8 GB RAM, 256 GB inbuilt",6000 mAh Battery with 33W Fast Charging,"6.77 inches, 1080 x 2344 px, 120 Hz Display with Punch Hole",50 MP + 8 MP Dual Rear & 16 MP Front Camera,Android v16,No FM Radio
Vivo Y31T 5G (4GB RAM + 128GB),"₹25,999",59,"Dual Sim, 5G, VoLTE, NFC, Wi-Fi, IR Blaster","Snapdragon 4 Gen2, Octa Core, 2.2 GHz Processor","4 GB RAM, 128 GB inbuilt",7200 mAh Battery with 44W Fast Charging,"6.75 inches, 720 x 1608 px, 120 Hz Display with Water Drop Notch",50 MP + 2 MP Dual Rear & 8 MP Front Camera,Android v16,No FM Radio
OPPO A6x 5G (6GB RAM + 128GB),"₹24,999",53,"Dual Sim, 5G, VoLTE, Wi-Fi","Dimensity 6300, Octa Core, 2.4 GHz Processor","6 GB RAM, 128 GB inbuilt",6500 mAh Battery with 45W Fast Charging,"6.75 inches, 720 x 1570 px, 120 Hz Display with Punch Hole",13 MP Rear & 5 MP Front Camera,Memory Card (Hybrid),Android v15
Poco C85 5G,"₹15,749",57,"Dual Sim, 5G, VoLTE, NFC, Wi-Fi","Dimensity 6300, Octa Core, 2.4 GHz Processor","4 GB RAM, 128 GB inbuilt",6000 mAh Battery with 33W Fast Charging,"6.9 inches, 720 x 1600 px, 120 Hz Display with Punch Hole",50 MP Dual Rear & 8 MP Front Camera,"Memory Card (Hybrid), upto 1 TB",Android v15
Samsung Galaxy F70 Pro 5G (8GB RAM + 128GB),"₹29,999",67,"Dual Sim, 5G, VoLTE, Wi-Fi","Snapdragon 6 Gen3, Octa Core, 2.4 GHz Processor","8 GB RAM, 128 GB inbuilt",6000 mAh Battery with 45W Fast Charging,"6.7 inches, 1080 x 2340 px, 120 Hz Display with Punch Hole",50 MP + 5 MP + 2 MP Triple Rear & 12 MP Front Camera,"Memory Card (Hybrid), upto 2 TB",Android v16
Realme 15T 5G,"₹26,999",66,"Dual Sim, 5G, VoLTE, Wi-Fi, IR Blaster","Dimensity 6400 Max, Octa Core, 2.5 GHz Processor","8 GB RAM, 128 GB inbuilt",7000 mAh Battery with 60W Fast Charging,"6.57 inches, 1080 x 2372 px, 120 Hz Display with Punch Hole",50 MP + 2 MP Dual Rear & 50 MP Front Camera,"Memory Card (Hybrid), upto 2 TB",Android v15
Vivo Y400 5G (8GB RAM + 256GB),"₹27,999",64,"Dual Sim, 5G, VoLTE, Wi-Fi","Snapdragon 4 Gen2, Octa Core, 2.2 GHz Processor","8 GB RAM, 256 GB inbuilt",6000 mAh Battery with 90W Fast Charging,"6.67 inches, 1080 x 2400 px, 120 Hz Display with Punch Hole",50 MP + 2 MP Dual Rear & 32 MP Front Camera,Android v15,No FM Radio
Apple iPhone Duo (512GB),"₹3,24,900",,"Dual Sim, 5G, VoLTE, NFC, eSIM, Wi-Fi","Apple A20 Pro, Hexa Core Processor","12 GB RAM, 512 GB inbuilt",5800 mAh Battery with Fast Charging,"7.6 inches, 1878 x 2670 px, 120 Hz Display","Foldable Display, Dual Display",48 MP + 48 MP Dual Rear & 12 MP + Under-display FaceTime Camera Dual Front Camera,Memory Card Not Supported
Xiaomi Redmi Note 15 5G Special Edition,"₹24,700",64,"Dual Sim, 5G, VoLTE, Wi-Fi, IR Blaster","Snapdragon 6 Gen3, Octa Core, 2.4 GHz Processor","6 GB RAM, 128 GB inbuilt",5800 mAh Battery with 45W Fast Charging,"6.77 inches, 2392 x 1080 px, 120 Hz Display with Punch Hole",50 MP + 2 MP Dual Rear & 20 MP Front Camera,"Memory Card (Hybrid), upto 1 TB",Android v15
Tecno Spark 50 5G,"₹17,999",54,"Dual Sim, 5G, VoLTE, Wi-Fi, IR Blaster","Dimensity 6400, Octa Core, 2.5 GHz Processor","4 GB RAM, 128 GB inbuilt",6500 mAh Battery with 45W Fast Charging,"6.78 inches, 720 x 1576 px, 120 Hz Display with Punch Hole",50 MP Rear & 8 MP Front Camera,Memory Card Supported,Android v16
Google Pixel 11 Pro XL,"₹1,34,999",,"Dual Sim, 5G, VoLTE, Vo5G, NFC, eSIM, Wi-Fi",Tensor G6,"12 GB RAM, 256 GB inbuilt",5115 mAh Battery with Fast Charging,"6.8 inches, 1344 x 2992 px, 120 Hz Display with Punch Hole",50 MP + 48 MP + 48 MP Triple Rear & 42 MP Front Camera,Android v17,No FM Radio
Xiaomi Redmi Note 17 5G (8GB RAM + 128GB),"₹30,999",62,"Dual Sim, 5G, VoLTE, Wi-Fi, IR Blaster","Snapdragon 4 Gen4, Octa Core, 2.3 GHz Processor","8 GB RAM, 128 GB inbuilt",8000 mAh Battery with 45W Fast Charging,"6.99 inches, 1080 x 2396 px, 120 Hz Display with Punch Hole",50 MP Rear & 8 MP Front Camera,Android v16,No FM Radio
Infinix Note Edge 5G,"₹26,999",66,"Dual Sim, 5G, VoLTE, NFC, Wi-Fi, IR Blaster","Dimensity 7100, Octa Core, 2.4 GHz Processor","6 GB RAM, 128 GB inbuilt",6500 mAh Battery with 45W Fast Charging,"6.78 inches, 1208 x 2644 px, 120 Hz Display with Punch Hole",50 MP Dual Rear & 13 MP Front Camera,Android v16,Bluetooth
Realme 16 Pro Plus 5G,"₹49,979",79,"Dual Sim, 5G, VoLTE, NFC, Wi-Fi, IR Blaster","Snapdragon 7 Gen4, Octa Core, 2.8 GHz Processor","8 GB RAM, 128 GB inbuilt",7000 mAh Battery with 80W Fast Charging,"6.8 inches, 1280 x 2800 px, 144 Hz Display with Punch Hole",200 MP + 50 MP + 8 MP Triple Rear & 50 MP Front Camera,Android v16,No FM Radio
Vivo Y31 5G (6GB RAM + 128GB),"₹27,999",58,"Dual Sim, 5G, VoLTE, Wi-Fi","Snapdragon 4 Gen2, Octa Core, 2.2 GHz Processor","6 GB RAM, 128 GB inbuilt",6500 mAh Battery with 44W Fast Charging,"6.68 inches, 720 x 1608 px, 120 Hz Display with Water Drop Notch",50 MP Rear & 8 MP Front Camera,Memory Card (Hybrid),Android v15
Samsung Galaxy F17 5G (6GB RAM + 128GB),"₹21,999",57,"Dual Sim, 5G, VoLTE, NFC, Wi-Fi","Exynos 1330, Octa Core, 2.4 GHz Processor","6 GB RAM, 128 GB inbuilt",5000 mAh Battery with 25W Fast Charging,"6.7 inches, 1080 x 2340 px, 90 Hz Display with Water Drop Notch",50 MP + 5 MP + 2 MP Triple Rear & 13 MP Front Camera,"Memory Card (Hybrid), upto 2 TB",Android v15
Oppo A5 Pro 5G (8GB RAM + 256GB),"₹20,999",59,"Dual Sim, 5G, VoLTE, Wi-Fi","Dimensity 6300, Octa Core, 2.4 GHz Processor","8 GB RAM, 256 GB inbuilt",5800 mAh Battery with 45W Fast Charging,"6.67 inches, 720 x 1604 px, 120 Hz Display with Punch Hole",50 MP + 2 MP Dual Rear & 8 MP Front Camera,Android v15,No FM Radio
Samsung Galaxy S25 Ultra (12GB RAM + 512GB),"₹1,12,999",,"Dual Sim, 5G, VoLTE, Vo5G, NFC, eSIM, Wi-Fi","Snapdragon 8 Elite for Galaxy, Octa Core, 4.47 GHz Processor","12 GB RAM, 512 GB inbuilt",5000 mAh Battery with 45W Fast Charging,"6.9 inches, 1440 x 3120 px, 120 Hz Display with Punch Hole",200 MP Quad Rear & 12 MP Front Camera,Memory Card Not Supported,Android v15
Vivo Y31T,"₹29,999",61,"Dual Sim, 5G, VoLTE, NFC, Wi-Fi, IR Blaster","Snapdragon 4 Gen2, Octa Core, 2.2 GHz Processor","6 GB RAM, 128 GB inbuilt",7200 mAh Battery with 44W Fast Charging,"6.75 inches, 720 x 1608 px, 120 Hz Display with Water Drop Notch",50 MP + 2 MP Dual Rear & 8 MP Front Camera,Android v16,No FM Radio
Realme C100x,"₹16,999",52,"Dual Sim, 4G, VoLTE, Wi-Fi","Unisoc T7250, Octa Core, 1.8 GHz Processor","4 GB RAM, 64 GB inbuilt",8000 mAh Battery with 45W Fast Charging,"6.81 inches, 720 x 1570 px, 120 Hz Display with Water Drop Notch",50 MP Rear & 5 MP Front Camera,Memory Card Supported,Android v16
Nothing Phone 4(b),"₹32,000",67,"Dual Sim, 5G, VoLTE, Wi-Fi","Snapdragon 6 Gen4, Octa Core, 2.3 GHz Processor","8 GB RAM, 128 GB inbuilt",6000 mAh Battery with 33W Fast Charging,"6.77 inches, 1080 x 2344 px, 120 Hz Display with Punch Hole",50 MP + 8 MP Dual Rear & 16 MP Front Camera,Android v16,No FM Radio
OnePlus 15R (16GB RAM + 512GB),"₹66,999",,"Dual Sim, 5G, VoLTE, Vo5G, NFC, Wi-Fi, IR Blaster","Snapdragon 8 Gen5, Octa Core, 3.8 GHz Processor","16 GB RAM, 512 GB inbuilt",7400 mAh Battery with 80W Fast Charging,"6.83 inches, 1272 x 2800 px, 165 Hz Display with Punch Hole",50 MP + 8 MP Dual Rear & 32 MP Front Camera,Memory Card Not Supported,Android v16
Realme P4 Lite 5G,"₹16,895",,"Dual Sim, 5G, VoLTE, Wi-Fi","Dimensity 6300, Octa Core, 2.4 GHz Processor","4 GB RAM, 64 GB inbuilt",7000 mAh Battery with 15W Fast Charging,"6.81 inches, 720 x 1570 px, 144 Hz Display with Punch Hole",13 MP Rear & 5 MP Front Camera,Memory Card (Hybrid),Android v16
Samsung Galaxy M17e 5G,"₹16,680",54,"Dual Sim, 5G, VoLTE, Wi-Fi","Dimensity 6300, Octa Core, 2.4 GHz Processor","4 GB RAM, 128 GB inbuilt",6000 mAh Battery with 25W Fast Charging,"6.7 inches, 720 x 1600 px, 120 Hz Display with Water Drop Notch",50 MP + 2 MP Dual Rear & 8 MP Front Camera,"Memory Card (Hybrid), upto 2 TB",Android v16
Nokia 123 Shield,"₹1,999",,Dual Sim,No Wifi,Unisoc SC6531E,"4 MB RAM, 4 MB inbuilt",1750 mAh Battery,"2.4 inches, 240 x 320 px Display",QVGA Rear Camera,Memory Card Supported
Peace Aura 26 4G,"₹10,999",,"Dual Sim, 4G, VoLTE, Wi-Fi",Single Core Processor,"4 GB RAM, 64 GB inbuilt",5000 mAh Battery,"6.67 inches, 1640 x 720 px Display with Punch Hole",20 MP Rear & 8 MP Front Camera,"Memory Card (Hybrid), upto 128 GB",Android v14
Ai+ Pulse (6GB RAM +128GB),"₹9,999",,"Dual Sim, 4G, VoLTE, Wi-Fi","Unisoc T615, Octa Core, 1.8 GHz Processor","6 GB RAM, 128 GB inbuilt",5000 mAh Battery with 10W Fast Charging,"6.75 inches, 720 x 1600 px, 90 Hz Display with Water Drop Notch",50 MP Rear & 5 MP Front Camera,"Memory Card Supported, upto 1 TB",Android v15
Vivo V40 Pro,"₹54,990",75,"Dual Sim, 5G, VoLTE, Wi-Fi","Dimensity 9200 Plus, Octa Core, 3.35 GHz Processor","8 GB RAM, 256 GB inbuilt",5500 mAh Battery with 80W Fast Charging,"6.78 inches, 1260 x 2800 px, 120 Hz Display with Punch Hole",50 MP + 50 MP + 50 MP Triple Rear & 50 MP Front Camera,Memory Card Not Supported,Android v14
OPPO Reno 16C 5G (8GB RAM + 256GB),"₹53,999",75,"Dual Sim, 5G, VoLTE, Vo5G, Wi-Fi","Dimensity 7300 Energy, Octa Core, 2.5 GHz Processor","8 GB RAM, 256 GB inbuilt",7000 mAh Battery with 80W Fast Charging,"6.57 inches, 2372 x 1080 px, 120 Hz Display with Punch Hole",50 MP + 50 MP + 8 MP Triple Rear & 50 MP Front Camera,Memory Card (Hybrid),Android v16
Vivo X300 FE (12GB RAM + 512GB),"₹99,999",,"Dual Sim, 5G, VoLTE, NFC, eSIM, Wi-Fi, IR Blaster","Snapdragon 8 Gen5, Octa Core, 3.8 GHz Processor","12 GB RAM, 512 GB inbuilt",6500 mAh Battery with 90W Fast Charging,"6.31 inches, 1216 x 2640 px, 120 Hz Display with Punch Hole",50 MP + 50 MP + 8 MP Triple Rear & 50 MP Front Camera,Memory Card Not Supported,Android v16
Infinix Note 60 Pro 5G (8GB RAM + 256GB),"₹37,890",75,"Dual Sim, 5G, VoLTE, NFC, eSIM, Wi-Fi, IR Blaster","Snapdragon 7s Gen4, Octa Core, 2.4 GHz Processor","8 GB RAM, 256 GB inbuilt",6500 mAh Battery with 90W Fast Charging,"6.78 inches, 1208 x 2644 px, 144 Hz Display with Punch Hole",50 MP + 8 MP Dual Rear & 13 MP Front Camera,"Memory Card Supported, upto 1 TB",Android v16
iQOO 15R (12GB RAM + 512GB),"₹66,999",,"Dual Sim, 5G, VoLTE, NFC, Wi-Fi, IR Blaster","Snapdragon 8 Gen5, Octa Core, 3.8 GHz Processor","12 GB RAM, 512 GB inbuilt",7600 mAh Battery with 100W Fast Charging,"6.59 inches, 1260 x 2750 px, 144 Hz Display with Punch Hole",50 MP + 8 MP Dual Rear & 32 MP Front Camera,Android v16,No FM Radio
Samsung Galaxy A07 4G,"₹10,999",,"Dual Sim, 4G, Wi-Fi","Helio G99, Octa Core, 2.2 GHz Processor","4 GB RAM, 64 GB inbuilt",5000 mAh Battery with 25W Fast Charging,"6.7 inches, 720 x 1600 px, 90 Hz Display with Water Drop Notch",50 MP + 2 MP Dual Rear & 8 MP Front Camera,Memory Card Supported,Android v15
Apple iPhone 17 Pro (512GB),"₹1,49,990",75,"Dual Sim, 5G, VoLTE, NFC, eSIM, Wi-Fi","Apple A19 Pro, Hexa Core Processor","12 GB RAM, 512 GB inbuilt",3988 mAh Battery with Fast Charging,"6.3 inches, 1206 x 2622 px, 120 Hz Display with Dynamic Island",48 MP + 48 MP + 48 MP Triple Rear & 18 MP Front Camera,Memory Card Not Supported,iOS v26
Xiaomi Redmi 15 5G (8GB RAM + 256GB),"₹25,499",62,"Dual Sim, 5G, VoLTE, Wi-Fi, IR Blaster","Snapdragon 6s Gen3, Octa Core, 2.3 GHz Processor","8 GB RAM, 256 GB inbuilt",7000 mAh Battery with 33W Fast Charging,"6.9 inches, 1080 x 2340 px, 144 Hz Display with Punch Hole",50 MP Dual Rear & 8 MP Front Camera,"Memory Card (Hybrid), upto 1 TB",Android v15
Samsung Galaxy A26 5G,"₹27,990",64,"Dual Sim, 5G, VoLTE, NFC, Wi-Fi","Exynos 1380, Octa Core, 2.4 GHz Processor","8 GB RAM, 128 GB inbuilt",5000 mAh Battery with 25W Fast Charging,"6.7 inches, 1080 x 2340 px, 120 Hz Display with Water Drop Notch",50 MP + 8 MP + 2 MP Triple Rear & 13 MP Front Camera,"Memory Card (Hybrid), upto 2 TB",Android v15
Xiaomi Redmi 13 5G (8GB RAM + 128GB),"₹23,999",59,"Dual Sim, 5G, VoLTE, Wi-Fi, IR Blaster","Snapdragon 4 Gen 2 AE, Octa Core, 2.3 GHz Processor","8 GB RAM, 128 GB inbuilt",5030 mAh Battery with 33W Fast Charging,"6.79 inches, 1080 x 2460 px, 120 Hz Display with Punch Hole",108 MP + Macro Dual Rear & 13 MP Front Camera,"Memory Card (Hybrid), upto 1 TB",Android v14
Lava Blaze Pro 5G,"₹12,998",53,"Dual Sim, 5G, VoLTE, Wi-Fi","Dimensity 6020, Octa Core, 2.2 GHz Processor","8 GB RAM, 128 GB inbuilt",5000 mAh Battery with 33W Fast Charging,"6.78 inches, 1080 x 2460 px, 120 Hz Display with Punch Hole",50 MP + Depth Sensor Dual Rear & 8 MP Front Camera,"Memory Card Supported, upto 1 TB",Android v13
Peace SC26 4G,"₹8,999",,"Dual Sim, 4G, VoLTE, Wi-Fi",Single Core Processor,"4 GB RAM, 64 GB inbuilt",5000 mAh Battery,"6.56 inches, 1640 x 720 px Display with Punch Hole",20 MP Rear Camera,"Memory Card (Hybrid), upto 128 GB",No FM Radio
Motorola Edge 70 Max 5G (12GB RAM+ 256GB),"₹58,289",,"Dual Sim, 5G, VoLTE, Vo5G, NFC, eSIM, Wi-Fi","Snapdragon 8 Gen5, Octa Core, 3.8 GHz Processor","12 GB RAM, 256 GB inbuilt",7100 mAh Battery with 90W Fast Charging,"6.8 inches, 1440 x 3168 px, 144 Hz Display with Punch Hole",50 MP + 8 MP Dual Rear & 32 MP Front Camera,Android v16,No FM Radio
Samsung Galaxy M47 5G (8GB RAM + 256GB),"₹44,999",70,"Dual Sim, 5G, VoLTE, NFC, Wi-Fi","Snapdragon 6 Gen3, Octa Core, 2.4 GHz Processor","8 GB RAM, 256 GB inbuilt",6000 mAh Battery with 45W Fast Charging,"6.7 inches, 1080 x 2340 px, 120 Hz Display with Punch Hole",50 MP + 5 MP + 2 MP Triple Rear & 12 MP Front Camera,"Memory Card (Hybrid), upto 1 TB",Android v16
Realme P4R 5G (6GB RAM + 128GB),"₹23,299",57,"Dual Sim, 5G, VoLTE, Wi-Fi","Dimensity 6300, Octa Core, 2.4 GHz Processor","6 GB RAM, 128 GB inbuilt",8000 mAh Battery with 45W Fast Charging,"6.81 inches, 720 x 1570 px, 144 Hz Display with Punch Hole",50 MP Rear & 8 MP Front Camera,Android v16,No FM Radio
Motorola Razr Fold,"₹1,49,999",,"Dual Sim, 5G, VoLTE, NFC, eSIM, Wi-Fi","Snapdragon 8 Gen5, Octa Core, 3.8 GHz Processor","12 GB RAM, 256 GB inbuilt",6000 mAh Battery with 80W Fast Charging,"8.09 inches, 2232 x 2484 px, 120 Hz Display with Punch Hole","Foldable Display, Dual Display",50 MP + 50 MP + 50 MP Triple Rear & 32 MP + 20 MP Dual Front Camera,Memory Card Not Supported
Motorola Moto A300 2026,"₹1,370",,Dual Sim,No Wifi,1.5 MHz Processor,"4 MB RAM, 32 MB inbuilt",1000 mAh Battery,"2 inches, 240 x 320 px Display",Main Rear Camera,"Memory Card (Hybrid), upto 64 GB"
Poco X8 Pro Max 5G (12GB RAM + 512GB),"₹52,999",,"Dual Sim, 5G, VoLTE, Wi-Fi, IR Blaster","Dimensity 9500s, Octa Core, 3.73 GHz Processor","12 GB RAM, 512 GB inbuilt",9000 mAh Battery with 100W Fast Charging,"6.83 inches, 1280 x 2772 px, 120 Hz Display with Punch Hole",50 MP + 8 MP Dual Rear & 20 MP Front Camera,Android v16,No FM Radio
Realme P4 Power 5G (8GB RAM + 256GB),"₹34,984",74,"Dual Sim, 5G, VoLTE, Wi-Fi, IR Blaster","Dimensity 7400 Ultra, Octa Core, 2.6 GHz Processor","8 GB RAM, 256 GB inbuilt",10001 mAh Battery with 80W Fast Charging,"6.8 inches, 1280 x 2800 px, 144 Hz Display with Punch Hole",50 MP + 8 MP Dual Rear & 16 MP Front Camera,Memory Card Not Supported,Android v16
Realme 15 Pro 5G (8GB RAM + 256GB),"₹32,999",74,"Dual Sim, 5G, VoLTE, Wi-Fi","Snapdragon 7 Gen4, Octa Core, 2.8 GHz Processor","8 GB RAM, 256 GB inbuilt",7000 mAh Battery with 80W Fast Charging,"6.8 inches, 1280 x 2800 px, 144 Hz Display with Punch Hole",50 MP + 50 MP Dual Rear & 50 MP Front Camera,Android v15,No FM Radio
Realme GT 7 (12GB RAM + 256GB),"₹44,999",,"Dual Sim, 5G, VoLTE, Vo5G, NFC, Wi-Fi, IR Blaster","Dimensity 9400e, Octa Core, 3.4 GHz Processor","12 GB RAM, 256 GB inbuilt",7000 mAh Battery with 120W Fast Charging,"6.78 inches, 1264 x 2780 px, 120 Hz Display with Punch Hole",50 MP + 50 MP + 8 MP Triple Rear & 32 MP Front Camera,Memory Card Not Supported,Android v15
Poco X6 Pro 5G,"₹30,900",70,"Dual Sim, 5G, VoLTE, NFC, Wi-Fi, IR Blaster","Dimensity 8300 Ultra, Octa Core, 3.35 GHz Processor","8 GB RAM, 256 GB inbuilt",5000 mAh Battery with 67W Fast Charging,"6.67 inches, 1220 x 2712 px, 120 Hz Display with Punch Hole",64 MP + 8 MP + 2 MP Triple Rear & 16 MP Front Camera,Android v14,No FM Radio
Xiaomi Redmi Note 13 5G,"₹22,999",64,"Dual Sim, 5G, VoLTE, Vo5G, Wi-Fi, IR Blaster","Dimensity 6080, Octa Core, 2.4 GHz Processor","6 GB RAM, 128 GB inbuilt",5000 mAh Battery with 33W Fast Charging,"6.67 inches, 1080 x 2400 px, 120 Hz Display with Punch Hole",108 MP + 8 MP + 2 MP Triple Rear & 16 MP Front Camera,"Memory Card (Hybrid), upto 1 TB",Android v13
OnePlus 12 5G,"₹53,999",79,"Dual Sim, 5G, VoLTE, Vo5G, NFC, eSIM, Wi-Fi, IR Blaster","Snapdragon 8 Gen3, Octa Core, 3.3 GHz Processor","12 GB RAM, 256 GB inbuilt",5400 mAh Battery with 100W Fast Charging,"6.82 inches, 1440 x 3168 px, 120 Hz Display with Punch Hole",64 MP + 50 MP + 48 MP Triple Rear & 32 MP Front Camera,Memory Card Not Supported,Android v14
Samsung Galaxy S23 5G,"₹54,990",74,"Dual Sim, 5G, VoLTE, Vo5G, NFC, Wi-Fi","Snapdragon 8 Gen 2, Octa Core, 3.36 GHz Processor","8 GB RAM, 128 GB inbuilt",3900 mAh Battery with 25W Fast Charging,"6.1 inches, 1080 x 2340 px, 120 Hz Display with Punch Hole",50 MP + 12 MP + 10 MP Triple Rear & 12 MP Front Camera,Android v13,No FM Radio
Nokia 2660 Flip,"₹4,999",,"Dual Sim, 4G",No Wifi,Unisoc T107,"48 MB RAM, 128 MB inbuilt",1450 mAh Battery,"2.8 inches, 240 x 320 px Display",Dual Display,0.3 MP Rear Camera
Samsung Galaxy Z Fold 8 Ultra (16GB RAM + 1TB),"₹2,54,999",,"Dual Sim, 5G, VoLTE, Vo5G, NFC, eSIM, Wi-Fi","Snapdragon 8 Elite Gen 5 For Galaxy, Octa Core, 4.74 GHz Processor","16 GB RAM, 1 TB inbuilt",5000 mAh Battery with 45W Fast Charging,"8 inches, 2256 x 2504 px, 120 Hz Display with Punch Hole","Foldable Display, Dual Display",200 MP + 50 MP + 10 MP Triple Rear & 10 MP + 10 MP Dual Front Camera,Android v17
Realme P4s 5G (8GB RAM + 256GB),"₹37,999",72,"Dual Sim, 5G, VoLTE, Wi-Fi, IR Blaster","Dimensity 7400, Octa Core, 2.6 GHz Processor","8 GB RAM, 256 GB inbuilt",8000 mAh Battery with 80W Fast Charging,"6.78 inches, 1272 x 2772 px, 144 Hz Display with Punch Hole",50 MP + 2 MP Dual Rear & 16 MP Front Camera,Memory Card Not Supported,Android v16
Infinix Note 60 Pro 5G Pininfarina limited Edition,"₹40,999",75,"Dual Sim, 5G, VoLTE, NFC, eSIM, Wi-Fi, IR Blaster","Snapdragon 7s Gen4, Octa Core, 2.4 GHz Processor","8 GB RAM, 256 GB inbuilt",6500 mAh Battery with 90W Fast Charging,"6.78 inches, 1208 x 2644 px, 144 Hz Display with Punch Hole",50 MP + 8 MP Dual Rear & 13 MP Front Camera,"Memory Card Supported, upto 1 TB",Android v16
Ai+ Nova 2 Pro,"₹19,499",55,"Dual Sim, 5G, VoLTE, Wi-Fi","Dimensity 7100, Octa Core, 2.4 GHz Processor","6 GB RAM, 128 GB inbuilt",6000 mAh Battery with 18W Fast Charging,"6.9 inches, 2340 x 1080 px, 144 Hz Display with Punch Hole",48 MP + 8 MP Dual Rear & 13 MP Front Camera,"Memory Card Supported, upto 2 TB",Android v16
Motorola Moto G37,"₹15,230",54,"Dual Sim, 5G, VoLTE, Wi-Fi","Dimensity 6400, Octa Core, 2.5 GHz Processor","4 GB RAM, 64 GB inbuilt",5200 mAh Battery with 20W Fast Charging,"6.67 inches, 1604 x 720 px, 120 Hz Display with Punch Hole",50 MP Rear & 8 MP Front Camera,"Memory Card (Hybrid), upto 1 TB",Android v16
Nothing Phone (4a) Pro (12GB RAM + 256GB),"₹59,750",77,"Dual Sim, 5G, VoLTE, NFC, Wi-Fi","Snapdragon 7 Gen 4, Octa Core, 2.8 GHz Processor","12 GB RAM, 256 GB inbuilt",5400 mAh Battery with 50W Fast Charging,"6.83 inches, 1260 x 2800 px, 144 Hz Display with Punch Hole",50 MP + 50 MP + 8 MP Triple Rear & 32 MP Front Camera,Memory Card Not Supported,Android v16
OPPO Reno 15 Pro 5G (12GB RAM + 512GB),"₹72,999",,"Dual Sim, 5G, VoLTE, NFC, Wi-Fi, IR Blaster","Dimensity 8450, Octa Core, 3.25 GHz Processor","12 GB RAM, 512 GB inbuilt",6500 mAh Battery with 80W Fast Charging,"6.78 inches, 1272 x 2772 px, 120 Hz Display with Punch Hole",200 MP + 50 MP + 50 MP Triple Rear & 50 MP Front Camera,Memory Card Not Supported,Android v16
Samsung Galaxy M17 5G (6GB RAM + 128GB),"₹20,829",55,"Dual Sim, 5G, VoLTE, NFC, Wi-Fi","Exynos 1330, Octa Core, 2.4 GHz Processor","6 GB RAM, 128 GB inbuilt",5000 mAh Battery with 25W Fast Charging,"6.7 inches, 1080 x 2340 px, 90 Hz Display with Water Drop Notch",50 MP + 5 MP + 2 MP Triple Rear & 13 MP Front Camera,"Memory Card (Hybrid), upto 2 TB",Android v15
Motorola Moto G35 5G (8GB RAM + 128GB),"₹19,990",59,"Dual Sim, 5G, VoLTE, Vo5G, Wi-Fi","Unisoc T760, Octa Core, 2.2 GHz Processor","8 GB RAM, 128 GB inbuilt",5000 mAh Battery with 18W Fast Charging,"6.72 inches, 1080 x 2400 px, 120 Hz Display with Punch Hole",50 MP + 8 MP Dual Rear & 16 MP Front Camera,"Memory Card (Hybrid), upto 1 TB",Android v14
Samsung Galaxy F07,"₹11,900",,"Dual Sim, 4G, Wi-Fi","Helio G99, Octa Core, 2.2 GHz Processor","4 GB RAM, 64 GB inbuilt",5000 mAh Battery with 25W Fast Charging,"6.7 inches, 720 x 1600 px Display with Water Drop Notch",50 MP + 2 MP Dual Rear & 8 MP Front Camera,Memory Card Supported,Android v15
Motorola Moto G54 5G (12GB RAM +256GB),"₹21,999",62,"Dual Sim, 5G, VoLTE, Wi-Fi","Dimensity 7020, Octa Core, 2.2 GHz Processor","12 GB RAM, 256 GB inbuilt",6000 mAh Battery with 33W Fast Charging,"6.5 inches, 1080 x 2400 px, 120 Hz Display with Punch Hole",50 MP + 8 MP Dual Rear & 16 MP Front Camera,"Memory Card (Hybrid), upto 1 TB",Android v13
Lava Virat V1 5G,"₹13,099",,"Dual Sim, 5G, VoLTE, Vo5G, Wi-Fi","Unisoc T8200, Octa Core Processor","4 GB RAM, 64 GB inbuilt",6000 mAh Battery with 10W Fast Charging,"6.75 inches, 720 x 1600 px, 120 Hz Display with Punch Hole",13 MP Dual Rear & 5 MP Front Camera,"Memory Card (Hybrid), upto 1 TB",Android v16
Vivo T5 Lite 5G (6GB RAM + 128GB),"₹22,999",57,"Dual Sim, 5G, VoLTE, Wi-Fi","Dimensity 6300, Octa Core, 2.4 GHz Processor","6 GB RAM, 128 GB inbuilt",6500 mAh Battery with 44W Fast Charging,"6.74 inches, 720 x 1600 px, 120 Hz Display with Water Drop Notch",50 MP + 0.08 MP Dual Rear & 5 MP Front Camera,"Memory Card (Hybrid), upto 2 TB",Android v16
Poco X8 (8GB RAM + 256GB),"₹35,999",68,"Dual Sim, 5G, VoLTE, Vo5G, NFC, Wi-Fi, IR Blaster","Snapdragon 6s Gen4, Octa Core, 2.4 GHz Processor","8 GB RAM, 256 GB inbuilt",9000 mAh Battery with 67W Fast Charging,"6.83 inches, 1280 x 2772 px, 120 Hz Display with Punch Hole",50 MP + 2 MP Dual Rear & 16 MP Front Camera,Android v16,No FM Radio
Vivo Y05,"₹14,999",,"Dual Sim, 4G, VoLTE, Wi-Fi","Unisoc T7225, Octa Core, 2 GHz Processor","4 GB RAM, 64 GB inbuilt",6500 mAh Battery with 15W Fast Charging,"6.74 inches, 720 x 1600 px, 120 Hz Display with Water Drop Notch",8 MP Rear & 5 MP Front Camera,"Memory Card Supported, upto 2 TB",Android v16
Vivo Y11 5G (4GB RAM + 128GB),"₹20,999",50,"Dual Sim, 5G, VoLTE, Wi-Fi, IR Blaster","Dimensity 6300, Octa Core, 2.4 GHz Processor","4 GB RAM, 128 GB inbuilt",6500 mAh Battery with 15W Fast Charging,"6.74 inches, 720 x 1600 px, 120 Hz Display with Water Drop Notch",13 MP + 0.08 MP Dual Rear & 5 MP Front Camera,"Memory Card (Hybrid), upto 2 TB",Android v16
Oppo A6 5G (6GB RAM + 128GB),"₹25,999",59,"Dual Sim, 5G, NFC, Wi-Fi","Dimensity 6300, Octa Core, 2.4 GHz Processor","6 GB RAM, 128 GB inbuilt",7000 mAh Battery with 45W Fast Charging,"6.75 inches, 720 x 1570 px, 120 Hz Display with Punch Hole",50 MP + 2 MP Dual Rear & 8 MP Front Camera,Memory Card Supported,Android v15
Realme P4 5G (8GB RAM + 256GB),"₹32,999",67,"Dual Sim, 5G, VoLTE, Wi-Fi, IR Blaster","Dimensity 7400 Ultra, Octa Core, 2.6 GHz Processor","8 GB RAM, 256 GB inbuilt",7000 mAh Battery with 80W Fast Charging,"6.77 inches, 1080 x 2392 px, 144 Hz Display with Punch Hole",50 MP + 8 MP Dual Rear & 16 MP Front Camera,Android v15,No FM Radio
Samsung Galaxy F36 5G (8GB RAM + 128GB),"₹23,249",63,"Dual Sim, 5G, VoLTE, NFC, Wi-Fi","Exynos 1380, Octa Core, 2.4 GHz Processor","8 GB RAM, 128 GB inbuilt",5000 mAh Battery with 25W Fast Charging,"6.7 inches, 1080 x 2340 px, 120 Hz Display with Water Drop Notch",50 MP + 8 MP + 2 MP Triple Rear & 13 MP Front Camera,"Memory Card (Hybrid), upto 2 TB",Android v15
Samsung Galaxy Z Fold 7,"₹1,54,999",,"Dual Sim, 5G, VoLTE, Vo5G, NFC, eSIM, Wi-Fi","Snapdragon 8 Elite for Galaxy, Octa Core, 4.47 GHz Processor","12 GB RAM, 256 GB inbuilt",4400 mAh Battery with 25W Fast Charging,"8 inches, 1968 x 2184 px, 120 Hz Display with Punch Hole","Foldable Display, Dual Display",200 MP + 12 MP + 10 MP Triple Rear & 10 MP + 10 MP Dual Front Camera,Android v16
OnePlus 13s (12GB RAM + 512GB),"₹59,999",,"Dual Sim, 5G, VoLTE, Vo5G, NFC, Wi-Fi, IR Blaster","Snapdragon 8 Elite, Octa Core, 4.32 GHz Processor","12 GB RAM, 512 GB inbuilt",5850 mAh Battery with 80W Fast Charging,"6.32 inches, 1216 x 2640 px, 120 Hz Display with Punch Hole",50 MP + 50 MP Dual Rear & 32 MP Front Camera,Memory Card Not Supported,Android v15
Google Pixel 9,"₹79,890",75,"Dual Sim, 5G, VoLTE, Vo5G, NFC, eSIM, Wi-Fi","Tensor G4, Octa Core, 3.1 GHz Processor","12 GB RAM, 256 GB inbuilt",4700 mAh Battery with 27W Fast Charging,"6.3 inches, 1080 x 2424 px, 120 Hz Display with Punch Hole",50 MP + 48 MP Dual Rear & 10.5 MP Front Camera,Android v14,No FM Radio
Realme C100i,"₹14,999",,"Dual Sim, 4G, VoLTE, Wi-Fi","Unisoc T7250, Octa Core, 1.8 GHz Processor","4 GB RAM, 64 GB inbuilt",6500 mAh Battery with 15W Fast Charging,"6.75 inches, 120 Hz Display with Water Drop Notch",8 MP Rear & 5 MP Front Camera,Memory Card (Hybrid),Android v16
OPPO Reno 16 5G (12GB RAM + 256GB),"₹72,999",,"Dual Sim, 5G, VoLTE, Vo5G, Wi-Fi, IR Blaster","Snapdragon 7 Gen4, Octa Core, 2.8 GHz Processor","12 GB RAM, 256 GB inbuilt",6700 mAh Battery with 80W Fast Charging,"6.32 inches, 1216 x 2640 px, 120 Hz Display with Punch Hole",50 MP + 50 MP + 50 MP Triple Rear & 50 MP Front Camera,Memory Card Not Supported,Android v16
Motorola Moto G Max,"₹27,670",62,"Dual Sim, 5G, Wi-Fi","Snapdragon 6s Gen4, Octa Core, 2.4 GHz Processor","6 GB RAM, 128 GB inbuilt",7000 mAh Battery with 30W Fast Charging,"6.72 inches, 1080 x 2400 px, 120 Hz Display with Punch Hole",50 MP + 8 MP Dual Rear & 32 MP Front Camera,Memory Card Supported,Android v16
Nothing Phone (4a) Pro (8GB RAM + 256GB),"₹52,850",76,"Dual Sim, 5G, VoLTE, NFC, Wi-Fi","Snapdragon 7 Gen 4, Octa Core, 2.8 GHz Processor","8 GB RAM, 256 GB inbuilt",5400 mAh Battery with 50W Fast Charging,"6.83 inches, 1260 x 2800 px, 144 Hz Display with Punch Hole",50 MP + 50 MP + 8 MP Triple Rear & 32 MP Front Camera,Memory Card Not Supported,Android v16
Samaung Galaxy F70e,"₹15,958",54,"Dual Sim, 5G, VoLTE, Wi-Fi","Dimensity 6300, Octa Core, 2.4 GHz Processor","4 GB RAM, 128 GB inbuilt",6000 mAh Battery with 25W Fast Charging,"6.7 inches, 720 x 1600 px, 120 Hz Display with Water Drop Notch",50 MP + 2 MP Dual Rear & 8 MP Front Camera,"Memory Card (Hybrid), upto 2 TB",Android v16
Google Pixel 10 Pro XL,"₹1,13,640",,"Dual Sim, 5G, VoLTE, Vo5G, NFC, eSIM, Wi-Fi","Tensor G5, Octa Core, 3.78 GHz Processor","16 GB RAM, 256 GB inbuilt",5200 mAh Battery with 45W Fast Charging,"6.8 inches, 1344 x 2992 px, 120 Hz Display with Punch Hole",50 MP + 48 MP + 48 MP Triple Rear & 42 MP Front Camera,Android v16,No FM Radio
Realme 15 5G,"₹29,999",64,"Dual Sim, 5G, VoLTE, Wi-Fi","Dimensity 7300 Plus, Octa Core Processor","8 GB RAM, 128 GB inbuilt",7000 mAh Battery with 80W Fast Charging,"6.8 inches, 1280 x 2800 px, 144 Hz Display with Punch Hole",50 MP + 8 MP Dual Rear & 50 MP Front Camera,Android v15,No FM Radio
Apple iPhone 16e,"₹59,900",63,"Dual Sim, 5G, VoLTE, NFC, eSIM, Wi-Fi","Bionic A18, Hexa Core, 4.04 GHz Processor","8 GB RAM, 128 GB inbuilt",4005 mAh Battery with Fast Charging,"6.1 inches, 1170 x 2532 px Display with Small Notch",48 MP Rear & 12 MP Front Camera,Memory Card Not Supported,iOS v18
Samsung Galaxy A06 5G,"₹14,999",52,"Dual Sim, 5G, VoLTE, Wi-Fi","Dimensity 6300, Octa Core, 2.4 GHz Processor","4 GB RAM, 64 GB inbuilt",5000 mAh Battery with 25W Fast Charging,"6.7 inches, 720 x 1600 px, 90 Hz Display with Water Drop Notch",50 MP + 2 MP Dual Rear & 8 MP Front Camera,"Memory Card Supported, upto 1 TB",Android v15
Realme 14 Pro 5G,"₹24,999",62,"Dual Sim, 5G, VoLTE, Wi-Fi","Dimensity 7300 Energy, Octa Core, 2.5 GHz Processor","8 GB RAM, 128 GB inbuilt",6000 mAh Battery with 45W Fast Charging,"6.77 inches, 1080 x 2392 px, 120 Hz Display with Punch Hole",50 MP + 2 MP Dual Rear & 16 MP Front Camera,Android v15,No FM Radio
Xiaomi Redmi Note 14 Pro (8GB RAM + 256GB),"₹26,995",63,"Dual Sim, 5G, VoLTE, Wi-Fi, IR Blaster","Dimensity 7300 Ultra, Octa Core, 2.5 GHz Processor","8 GB RAM, 256 GB inbuilt",5500 mAh Battery with 45W Fast Charging,"6.67 inches, 1220 x 2712 px, 120 Hz Display with Punch Hole",50 MP + 8 MP + 2 MP Triple Rear & 20 MP Front Camera,Android v14,No FM Radio
Jio Bharat V4 4G,₹899,,"Single Sim, 4G, VoLTE",No Wifi,"512 MB RAM, 4 GB inbuilt",1000 mAh Battery,"1.77 inches, 240 x 320 px Display",0.3 MP Rear Camera,"Memory Card Supported, upto 128 GB",Bluetooth
Oppo F27 Pro Plus 5G,"₹34,999",64,"Dual Sim, 5G, VoLTE, Wi-Fi","Dimensity 7050, Octa Core, 2.6 GHz Processor","8 GB RAM, 256 GB inbuilt",5000 mAh Battery with 67W Fast Charging,"6.7 inches, 1080 x 2412 px, 120 Hz Display with Punch Hole",64 MP + 2 MP Dual Rear & 8 MP Front Camera,Android v14,No FM Radio
Google Pixel 11 Pro Fold,"₹1,86,999",,"Dual Sim, 5G, VoLTE, NFC, eSIM, Wi-Fi",Tensor G6,"16 GB RAM, 512 GB inbuilt",4806 mAh Battery with Fast Charging,"8 inches, 2076 x 2152 px, 120 Hz Display with Punch Hole","Foldable Display, Dual Display",48 MP + 10.8 MP + 10.5 MP Triple Rear & 10 MP + 10 MP Dual Front Camera,Android v17
Philips S7221 5G,"₹24,499",52,"Dual Sim, 5G, Wi-Fi","Unisoc T765, Octa Core, 2 GHz Processor","8 GB RAM, 128 GB inbuilt",5700 mAh Battery with 18W Fast Charging,"6.67 inches, 720 x 1612 px Display with Punch Hole",64 MP + 0.08 MP Dual Rear & 16 MP Front Camera,Android v16,Bluetooth
Realme Narzo 100x 5G (6GB RAM + 128GB),"₹22,107",59,"Dual Sim, 5G, VoLTE, Wi-Fi","Dimensity 6300, Octa Core, 2.4 GHz Processor","6 GB RAM, 128 GB inbuilt",8000 mAh Battery with 45W Fast Charging,"6.81 inches, 720 x 1570 px, 144 Hz Display with Punch Hole",50 MP Dual Rear & 8 MP Front Camera,Memory Card (Hybrid),Android v16
Xiaomi Redmi Turbo 5 5G (12GB RAM + 256GB),"₹46,999",77,"Dual Sim, 5G, VoLTE, NFC, Wi-Fi, IR Blaster","Dimensity 8500 Ultra, Octa Core, 3.4 GHz Processor","12 GB RAM, 256 GB inbuilt",7540 mAh Battery with 100W Fast Charging,"6.59 inches, 1268 x 2756 px, 120 Hz Display with Punch Hole",50 MP + 8 MP Dual Rear & 20 MP Front Camera,Android v16,No FM Radio
OPPO F33 Pro 5G (8GB RAM + 256GB),"₹43,999",68,"Dual Sim, 5G, VoLTE, Wi-Fi, IR Blaster","Dimensity 6360 MAX, Octa Core, 2.4 GHz Processor","8 GB RAM, 256 GB inbuilt",7000 mAh Battery with 80W Fast Charging,"6.57 inches, 1080 x 2372 px, 120 Hz Display with Punch Hole",50 MP + 2 MP Dual Rear & 50 MP Front Camera,Memory Card (Hybrid),Android v16
Xiaomi Redmi A7 Pro 5G (4GB RAM + 128GB),"₹15,999",54,"Dual Sim, 5G, VoLTE, Wi-Fi","Unisoc T8300, Octa Core, 2.2 GHz Processor","4 GB RAM, 128 GB inbuilt",6300 mAh Battery with 15W Fast Charging,"6.9 inches, 720 x 1600 px, 120 Hz Display with Water Drop Notch",32 MP Dual Rear & 8 MP Front Camera,"Memory Card (Hybrid), upto 2 TB",Android v16
Xiaomi Redmi 15A 5G (6GB RAM + 128GB),"₹19,485",59,"Dual Sim, 5G, VoLTE, Wi-Fi, IR Blaster","Unisoc T8300, Octa Core, 2.2 GHz Processor","6 GB RAM, 128 GB inbuilt",6300 mAh Battery with 33W Fast Charging,"6.9 inches, 720 x 1600 px, 120 Hz Display with Punch Hole",32 MP Rear & 8 MP Front Camera,"Memory Card (Hybrid), upto 1 TB",Android v16
OPPO K14 5G (6GB RAM + 256GB),"₹27,946",62,"Dual Sim, 5G, VoLTE, NFC, Wi-Fi, IR Blaster","Dimensity 6300, Octa Core, 2.4 GHz Processor","6 GB RAM, 256 GB inbuilt",7000 mAh Battery with 45W Fast Charging,"6.75 inches, 720 x 1570 px, 120 Hz Display with Punch Hole",50 MP + 2 MP Dual Rear & 8 MP Front Camera,Memory Card (Hybrid),Android v15
Nothing Phone 4a (12GB RAM + 256GB),"₹46,999",74,"Dual Sim, 5G, VoLTE, Wi-Fi","Snapdragon 7s Gen4, Octa Core, 2.7 GHz Processor","12 GB RAM, 256 GB inbuilt",5400 mAh Battery with 50W Fast Charging,"6.78 inches, 1224 x 2720 px, 120 Hz Display with Punch Hole",50 MP + 50 MP + 8 MP Triple Rear & 32 MP Front Camera,Android v16,No FM Radio
Xiaomi Redmi Note 15 Pro Plus (12GB RAM + 256GB),"₹41,999",,"Dual Sim, 5G, VoLTE, NFC, eSIM, Wi-Fi, IR Blaster","Snapdragon 7s Gen4, Octa Core, 2.7 GHz Processor","12 GB RAM, 256 GB inbuilt",6500 mAh Battery with 100W Fast Charging,"6.83 inches, 1280 x 2772 px, 120 Hz Display with Punch Hole",200 MP + 8 MP Dual Rear & 32 MP Front Camera,Memory Card Not Supported,Android v15
Lava Blaze Duo 3 5G,"₹20,999",59,"Dual Sim, 5G, VoLTE, Vo5G, Wi-Fi, IR Blaster","Dimensity 7060, Octa Core Processor","6 GB RAM, 128 GB inbuilt",5000 mAh Battery with 33W Fast Charging,"6.67 inches, 1080 x 2400 px, 120 Hz Display with Punch Hole",Dual Display,50 MP Dual Rear & 8 MP Front Camera,Memory Card (Hybrid)
Xiaomi Redmi Note 15 5G (256GB),"₹31,999",71,"Dual Sim, 5G, VoLTE, NFC, Wi-Fi, IR Blaster","Snapdragon 6 Gen3, Octa Core, 2.4 GHz Processor","8 GB RAM, 256 GB inbuilt",5520 mAh Battery with 45W Fast Charging,"6.77 inches, 1080 x 2392 px, 120 Hz Display with Punch Hole",108 MP + 8 MP Dual Rear & 20 MP Front Camera,"Memory Card (Hybrid), upto 1 TB",Android v15
Motorola Moto G06 Power,"₹13,076",,"Dual Sim, 4G, Wi-Fi","Helio G81, Octa Core, 2 GHz Processor","4 GB RAM, 64 GB inbuilt",7000 mAh Battery,"6.88 inches, 720 x 1640 px, 120 Hz Display with Water Drop Notch",50 MP Rear & 8 MP Front Camera,"Memory Card (Hybrid), upto 1 TB",Android v15
OnePlus Nord CE 5 5G (8GB RAM + 256GB),"₹37,999",72,"Dual Sim, 5G, VoLTE, Wi-Fi, IR Blaster","Dimensity 8350 Apex, Octa Core, 3.35 GHz Processor","8 GB RAM, 256 GB inbuilt",7100 mAh Battery with 80W Fast Charging,"6.77 inches, 1080 x 2392 px, 120 Hz Display with Punch Hole",50 MP + 8 MP Dual Rear & 16 MP Front Camera,"Memory Card (Hybrid), upto 1 TB",Android v15
Realme P3 Ultra,"₹31,999",67,"Dual Sim, 5G, VoLTE, Wi-Fi, IR Blaster","Dimensity 8350 Ultra, Octa Core, 3.35 GHz Processor","8 GB RAM, 128 GB inbuilt",6000 mAh Battery with 80W Fast Charging,"6.83 inches, 1272 x 2800 px, 120 Hz Display with Punch Hole",50 MP + 8 MP Dual Rear & 16 MP Front Camera,Memory Card Not Supported,Android v15
Xiaomi 15,"₹69,998",,"Dual Sim, 5G, VoLTE, Vo5G, NFC, Wi-Fi, IR Blaster","Snapdragon 8 Elite, Octa Core, 4.32 GHz Processor","12 GB RAM, 512 GB inbuilt",5240 mAh Battery with 90W Fast Charging,"6.36 inches, 1200 x 2670 px, 120 Hz Display with Punch Hole",50 MP + 50 MP + 50 MP Triple Rear & 32 MP Front Camera,Android v15,No FM Radio
Apple iPhone 16 Plus (256GB),"₹89,900",70,"Dual Sim, 5G, VoLTE, NFC, eSIM, Wi-Fi","Bionic A18, Hexa Core, 4.04 GHz Processor",256 GB inbuilt,4674 mAh Battery with Fast Charging,"6.7 inches, 1290 x 2796 px Display with Dynamic Island",48 MP + 12 MP Dual Rear & 12 MP Front Camera,Memory Card Not Supported,iOS v18
Tecno Camon 30 Premier 5G,"₹35,999",72,"Dual Sim, 5G, VoLTE, NFC, Wi-Fi, IR Blaster","Dimensity 8200, Octa Core, 3.1 GHz Processor","12 GB RAM, 512 GB inbuilt",5000 mAh Battery with 70W Fast Charging,"6.77 inches, 1264 x 2780 px, 120 Hz Display with Punch Hole",50 MP + 50 MP + 50 MP Triple Rear & 50 MP Front Camera,Memory Card Not Supported,Android v14
Motorola Edge 50 Pro (12GB RAM + 256GB),"₹33,990",75,"Dual Sim, 5G, VoLTE, Vo5G, NFC, Wi-Fi","Snapdragon 7 Gen3, Octa Core, 2.63 GHz Processor","12 GB RAM, 256 GB inbuilt",4500 mAh Battery with 125W Fast Charging,"6.7 inches, 1220 x 2712 px, 144 Hz Display with Punch Hole",50 MP + 13 MP + 10 MP Triple Rear & 50 MP Front Camera,Android v14,No FM Radio
Samsung Galaxy M15 5G,"₹15,999",54,"Dual Sim, 5G, VoLTE, Wi-Fi","Dimensity 6100 Plus, Octa Core, 2.2 GHz Processor","4 GB RAM, 128 GB inbuilt",6000 mAh Battery with 25W Fast Charging,"6.45 inches, 1080 x 2340 px, 90 Hz Display with Water Drop Notch",50 MP + 5 MP + 2 MP Triple Rear & 13 MP Front Camera,"Memory Card (Hybrid), upto 1 TB",Android v14
OPPO Reno 11,"₹31,485",70,"Dual Sim, 5G, VoLTE, NFC, Wi-Fi, IR Blaster","Dimensity 7050, Octa Core, 2.6 GHz Processor","8 GB RAM, 128 GB inbuilt",5000 mAh Battery with 67W Fast Charging,"6.7 inches, 1080 x 2412 px, 120 Hz Display with Punch Hole",50 MP + 32 MP + 8 MP Triple Rear & 32 MP Front Camera,"Memory Card (Hybrid), upto 2 TB",Android v14
OnePlus 11R 5G,"₹39,999",66,"Dual Sim, 5G, VoLTE, NFC, Wi-Fi, IR Blaster","Snapdragon 8+ Gen1, Octa Core, 3.2 GHz Processor","8 GB RAM, 128 GB inbuilt",5000 mAh Battery with 100W Fast Charging,"6.74 inches, 1240 x 2772 px, 120 Hz Display with Punch Hole",50 MP + 8 MP + 2 MP Triple Rear & 16 MP Front Camera,Android v13,No FM Radio
OnePlus 11 5G,"₹42,990",72,"Dual Sim, 5G, VoLTE, NFC, Wi-Fi","Snapdragon 8 Gen2, Octa Core, 3.2 GHz Processor","8 GB RAM, 128 GB inbuilt",5000 mAh Battery with 100W Fast Charging,"6.7 inches, 1440 x 3216 px, 120 Hz Display with Punch Hole",50 MP + 48 MP + 32 MP Triple Rear & 16 MP Front Camera,Memory Card Not Supported,Android v13
iQOO Z11 5G (8GB RAM + 256GB),"₹44,999",74,"Dual Sim, 5G, VoLTE, Wi-Fi, IR Blaster","Dimensity 7500 Turbo, Octa Core, 2.6 GHz Processor","8 GB RAM, 256 GB inbuilt",7050 mAh Battery with 44W Fast Charging,"6.83 inches, 1260 x 2800 px, 144 Hz Display with Punch Hole",50 MP + 8 MP Dual Rear & 32 MP Front Camera,Memory Card Not Supported,Android v16
Infinix Smart 20,"₹11,895",,"Dual Sim, 4G, Wi-Fi, IR Blaster","Helio G81 Ultimate, Octa Core, 2 GHz Processor","4 GB RAM, 64 GB inbuilt",5200 mAh Battery with 15W Fast Charging,"6.78 inches, 720 x 1576 px, 120 Hz Display with Punch Hole",8 MP Rear & 8 MP Front Camera,"Memory Card Supported, upto 2 TB",Android v16
Samsung Galaxy A37 5G (8GB RAM + 256 GB),"₹42,450",67,"Dual Sim, 5G, VoLTE, NFC, Wi-Fi","Exynos 1480, Octa Core, 2.7 GHz Processor","8 GB RAM, 256 GB inbuilt",5000 mAh Battery with 45W Fast Charging,"6.7 inches, 1080 x 2340 px, 120 Hz Display with Punch Hole",50 MP + 8 MP + 5 MP Triple Rear & 12 MP Front Camera,Memory Card Not Supported,Android v16
Oppo A6 Pro 5G (8GB+256GB),"₹29,999",63,"Dual Sim, 5G, Wi-Fi","Dimensity 6300, Octa Core, 2.4 GHz Processor","8 GB RAM, 256 GB inbuilt",7000 mAh Battery with 80W Fast Charging,"6.75 inches, 720 x 1570 px, 120 Hz Display with Punch Hole",50 MP Dual Rear & 16 MP Front Camera,Memory Card (Hybrid),Android v15
Xiaomi Redmi 15C 5G (6GB RAM + 128GB),"₹19,499",55,"Dual Sim, 5G, VoLTE, Wi-Fi","Dimensity 6300, Octa Core, 2.4 GHz Processor","6 GB RAM, 128 GB inbuilt",6000 mAh Battery with 33W Fast Charging,"6.9 inches, 720 x 1600 px, 120 Hz Display with Punch Hole",50 MP + Auxiliary lens Dual Rear & 8 MP Front Camera,"Memory Card Supported, upto 1 TB",Android v15
itel Super Guru 4G Max,"₹3,497",,"Dual Sim, 4G","64 MB RAM, 128 MB inbuilt",2000 mAh Battery,"3 inches, 128 x 320 px Display",0.3 MP Rear Camera,Memory Card Supported,Bluetooth,
Samsung Galaxy M36 5G (8GB RAM + 128GB),"₹23,999",59,"Dual Sim, 5G, VoLTE, Wi-Fi","Exynos 1380, Octa Core, 2.4 GHz Processor","8 GB RAM, 128 GB inbuilt",5000 mAh Battery with 25W Fast Charging,"6.7 inches, 1080 x 2340 px, 120 Hz Display with Punch Hole",50 MP + 8 MP + 2 MP Triple Rear & 13 MP Front Camera,Memory Card (Hybrid),Android v15
iQOO Neo 10 (12GB RAM + 256GB),"₹48,999",,"Dual Sim, 5G, VoLTE, NFC, Wi-Fi, IR Blaster","Snapdragon 8s Gen4, Octa Core, 3.2 GHz Processor","12 GB RAM, 256 GB inbuilt",7000 mAh Battery with 120W Fast Charging,"6.78 inches, 1260 x 2800 px, 144 Hz Display with Punch Hole",50 MP + 8 MP Dual Rear & 32 MP Front Camera,Android v15,No FM Radio
Poco C75 5G (4GB RAM + 128GB),"₹11,499",50,"Dual Sim, 5G, VoLTE, Wi-Fi","Snapdragon 4s Gen2, Octa Core, 2 GHz Processor","4 GB RAM, 128 GB inbuilt",5160 mAh Battery with 18W Fast Charging,"6.88 inches, 720 x 1650 px, 120 Hz Display with Water Drop Notch",50 MP Dual Rear & 5 MP Front Camera,"Memory Card Supported, upto 1 TB",Android v14
Realme 14 Pro Lite 5G,"₹21,999",63,"Dual Sim, 5G, VoLTE, Wi-Fi","Snapdragon 7s Gen 2, Octa Core, 2.4 GHz Processor","8 GB RAM, 128 GB inbuilt",5200 mAh Battery with 45W Fast Charging,"6.7 inches, 1080 x 2412 px, 120 Hz Display with Punch Hole",50 MP + 8 MP + 2 MP Triple Rear & 32 MP Front Camera,Android v14,No FM Radio
Motorola Moto G04s,"₹9,999",,"Dual Sim, 4G, VoLTE, Wi-Fi","Unisoc T606, Octa Core, 1.6 GHz Processor","4 GB RAM, 64 GB inbuilt",5000 mAh Battery with 15W Fast Charging,"6.6 inches, 720 x 1612 px, 90 Hz Display with Punch Hole",50 MP Rear & 5 MP Front Camera,"Memory Card Supported, upto 1 TB",Android v14
Google Pixel 7A,"₹29,999",63,"Dual Sim, 5G, VoLTE, NFC, Wi-Fi","Tensor G2, Octa Core, 2.85 GHz Processor","8 GB RAM, 128 GB inbuilt",4385 mAh Battery with 18W Fast Charging,"6.1 inches, 1080 x 2400 px, 90 Hz Display with Punch Hole",64 MP + 13 MP Dual Rear & 13 MP Front Camera,Memory Card Not Supported,Android v13
Infinix Hot 30i,"₹9,499",,"Dual Sim, 4G, VoLTE, Wi-Fi","Helio G37, Octa Core, 2.3 GHz Processor","8 GB RAM, 128 GB inbuilt",5000 mAh Battery with 10W Fast Charging,"6.6 inches, 720 x 1612 px, 90 Hz Display with Water Drop Notch",50 MP Dual Rear & 8 MP Front Camera,"Memory Card Supported, upto 1 TB",Android v12
Xiaomi Redmi Note 15 Pro Plus (16GB RAM + 512GB),"₹49,993",,"Dual Sim, 5G, VoLTE, NFC, eSIM, Wi-Fi, IR Blaster","Snapdragon 7s Gen4, Octa Core, 2.7 GHz Processor","16 GB RAM, 512 GB inbuilt",6500 mAh Battery with 100W Fast Charging,"6.83 inches, 1280 x 2772 px, 120 Hz Display with Punch Hole",200 MP + 8 MP Dual Rear & 32 MP Front Camera,Memory Card Not Supported,Android v15
Apple iPhone 18 Pro (2TB),"₹3,14,900",,"Dual Sim, 5G, VoLTE, NFC, eSIM, Wi-Fi","Apple A20 Pro, Hexa Core Processor","12 GB RAM, 2 TB inbuilt",4056 mAh Battery with Fast Charging,"6.3 inches, 1206 x 2622 px, 120 Hz Display with Dynamic Island",48 MP + 48 MP + 48 MP Triple Rear & 18 MP Front Camera,Memory Card Not Supported,iOS v27
OnePlus Nord CE 6 Lite 5G (8GB RAM + 128GB),"₹30,999",64,"Dual Sim, 5G, VoLTE, Wi-Fi, IR Blaster","Dimensity 7400 Apex, Octa Core, 2.6 GHz Processor","8 GB RAM, 128 GB inbuilt",7000 mAh Battery with 45W Fast Charging,"6.72 inches, 1080 x 2400 px, 144 Hz Display with Punch Hole",50 MP + 2 MP Dual Rear & 8 MP Front Camera,"Memory Card (Hybrid), upto 2 TB",Android v16
Realme 16 5G (8GB RAM + 256GB),"₹34,950",70,"Dual Sim, 5G, VoLTE, Wi-Fi","Dimensity 6400 Turbo, Octa Core, 2.5 GHz Processor","8 GB RAM, 256 GB inbuilt",7000 mAh Battery with 60W Fast Charging,"6.57 inches, 1080 x 2372 px, 120 Hz Display with Punch Hole",50 MP + 2 MP Dual Rear & 50 MP Front Camera,Memory Card (Hybrid),Android v16
Samsung Galaxy A57 (12GB RAM + 256GB),"₹62,999",75,"Dual Sim, 5G, VoLTE, NFC, eSIM, Wi-Fi","Exynos 1680, Octa Core, 2.9 GHz Processor","12 GB RAM, 256 GB inbuilt",5000 mAh Battery with 45W Fast Charging,"6.7 inches, 1080 x 2340 px, 120 Hz Display with Punch Hole",50 MP + 12 MP + 5 MP Triple Rear & 12 MP Front Camera,Memory Card Not Supported,Android v16
Realme Narzo Power 5G (8GB RAM +256GB),"₹34,999",75,"Dual Sim, 5G, VoLTE, Wi-Fi, IR Blaster","Dimensity 7400 Ultra, Octa Core, 2.6 GHz Processor","8 GB RAM, 256 GB inbuilt",10001 mAh Battery with 80W Fast Charging,"6.8 inches, 1280 x 2800 px, 144 Hz Display with Punch Hole",50 MP + 8 MP Dual Rear & 16 MP Front Camera,Memory Card Not Supported,Android v16
Vivo V70 Elite 5G (12GB RAM + 256GB),"₹71,999",,"Dual Sim, 5G, VoLTE, NFC, Wi-Fi, IR Blaster","Snapdragon 8s Gen3, Octa Core, 3 GHz Processor","12 GB RAM, 256 GB inbuilt",6500 mAh Battery with 90W Fast Charging,"6.59 inches, 1260 x 2750 px, 120 Hz Display with Punch Hole",50 MP + 50 MP + 8 MP Triple Rear & 50 MP Front Camera,Memory Card Not Supported,Android v16
Realme 16 Pro 5G (8GB RAM + 256GB),"₹42,999",79,"Dual Sim, 5G, VoLTE, Wi-Fi","Dimensity 7300 Max, Octa Core, 2.5 GHz Processor","8 GB RAM, 256 GB inbuilt",7000 mAh Battery with 80W Fast Charging,"6.78 inches, 1272 x 2772 px, 144 Hz Display with Punch Hole",200 MP + 8 MP Dual Rear & 50 MP Front Camera,Memory Card Not Supported,Android v16
POCO C71,"₹12,230",,"Dual Sim, 4G, VoLTE, Wi-Fi","Unisoc T7250, Octa Core, 1.8 GHz Processor","4 GB RAM, 64 GB inbuilt",5200 mAh Battery with 15W Fast Charging,"6.88 inches, 720 x 1640 px, 120 Hz Display with Water Drop Notch",32 MP Dual Rear & 8 MP Front Camera,"Memory Card Supported, upto 2 TB",Android v15
OPPO Reno 13 5G,"₹40,999",71,"Dual Sim, 5G, VoLTE, NFC, Wi-Fi, IR Blaster","Dimensity 8350, Octa Core, 3.35 GHz Processor","8 GB RAM, 128 GB inbuilt",5600 mAh Battery with 80W Fast Charging,"6.59 inches, 1256 x 2760 px, 120 Hz Display with Punch Hole",50 MP + 8 MP + 2 MP Triple Rear & 50 MP Front Camera,Android v15,No FM Radio
Oppo Find X8 Pro 5G,"₹96,900",,"Dual Sim, 5G, VoLTE, NFC, Wi-Fi, IR Blaster","Dimensity 9400, Octa Core, 3.63 GHz Processor","16 GB RAM, 512 GB inbuilt",5910 mAh Battery with 80W Fast Charging,"6.78 inches, 1264 x 2780 px, 120 Hz Display with Punch Hole",50 MP Quad Rear & 32 MP Front Camera,Android v15,No FM Radio
OPPO Reno 12 5G,"₹32,999",66,"Dual Sim, 5G, VoLTE, Wi-Fi, IR Blaster","Dimensity 7300, Octa Core, 2.5 GHz Processor","8 GB RAM, 256 GB inbuilt",5000 mAh Battery with 80W Fast Charging,"6.7 inches, 1080 x 2412 px, 120 Hz Display with Punch Hole",50 MP + 8 MP + 2 MP Triple Rear & 32 MP Front Camera,Memory Card (Hybrid),Android v14
Nokia 235 4G 2024,"₹3,899",,"Dual Sim, 4G, VoLTE",No Wifi,"Unisoc T107, 1 GHz Processor","64 MB RAM, 128 MB inbuilt",1450 mAh Battery,"2.8 inches, 240 x 320 px Display",2 MP Rear Camera,Memory Card Supported
Samsung Galaxy A55 5G,"₹42,999",64,"Dual Sim, 5G, VoLTE, NFC, eSIM, Wi-Fi","Exynos 1480, Octa Core, 2.7 GHz Processor","8 GB RAM, 128 GB inbuilt",5000 mAh Battery with 25W Fast Charging,"6.6 inches, 1080 x 2340 px, 120 Hz Display with Punch Hole",50 MP + 12 MP + 5 MP Triple Rear & 32 MP Front Camera,"Memory Card (Hybrid), upto 1 TB",Android v14
Samsung Galaxy S24 Plus,"₹59,999",79,"Dual Sim, 5G, VoLTE, Vo5G, NFC, eSIM, Wi-Fi","Exynos 2400, Deca Core, 3.2 GHz Processor","12 GB RAM, 256 GB inbuilt",4900 mAh Battery with 45W Fast Charging,"6.7 inches, 1440 x 3120 px, 120 Hz Display with Punch Hole",50 MP + 12 MP + 10 MP Triple Rear & 12 MP Front Camera,Android v14,No FM Radio
Vivo V29,"₹31,199",64,"Dual Sim, 5G, VoLTE, Wi-Fi","Snapdragon 778G, Octa Core, 2.4 GHz Processor","8 GB RAM, 128 GB inbuilt",4600 mAh Battery with 80W Fast Charging,"6.78 inches, 1260 x 2800 px, 120 Hz Display with Punch Hole",50 MP + 8 MP + 2 MP Triple Rear & 50 MP Front Camera,Android v13,No FM Radio
Samsung Galaxy S21 FE 5G,"₹74,999",68,"Dual Sim, 5G, VoLTE, NFC, Wi-Fi","Exynos 2100, Octa Core, 2.9 GHz Processor","8 GB RAM, 128 GB inbuilt",4500 mAh Battery with 25W Fast Charging,"6.4 inches, 1080 x 2340 px, 120 Hz Display with Punch Hole",12 MP + 12 MP + 8 MP Triple Rear & 32 MP Front Camera,Memory Card Not Supported,Android v12
Realme 7,"₹17,999",52,"Dual Sim, 4G, VoLTE, Wi-Fi","Helio  G95, Octa Core, 2.05 GHz Processor","6 GB RAM, 64 GB inbuilt",5000 mAh Battery with 30W Fast Charging,"6.5 inches, 1080 x 2400 px, 90 Hz Display with Punch Hole",64 MP Quad Rear & 16 MP Front Camera,"Memory Card Supported, upto 256 GB",Android v10
Realme C2,"₹6,999",,"Dual Sim, 4G, VoLTE, Wi-Fi","Helio P22, Octa Core, 2 GHz Processor","2 GB RAM, 16 GB inbuilt",4000 mAh Battery,"6.1 inches, 1560 x 720 px Display with Water Drop Notch",13 MP + 2 MP Dual Rear & 5 MP Front Camera,"Memory Card Supported, upto 256 GB",Android v9.0 (Pie)
Jio JioPhone,"₹3,499",,"Single Sim, 4G, VoLTE, Wi-Fi","QC8905, Dual Core, 1.2 GHz Processor","512 MB RAM, 4 GB inbuilt",2000 mAh Battery,"2.4 inches, 240 x 320 px Display",2 MP Rear & 0.3 MP Front Camera,"Memory Card Supported, upto 128 GB",Bluetooth
OPPO Reno 16 5G BABYMONSTER Limited,"₹66,999",79,"Dual Sim, 5G, VoLTE, Vo5G, Wi-Fi, IR Blaster","Snapdragon 7 Gen4, Octa Core, 2.8 GHz Processor","8 GB RAM, 256 GB inbuilt",6700 mAh Battery with 80W Fast Charging,"6.32 inches, 1216 x 2640 px, 120 Hz Display with Punch Hole",50 MP + 50 MP + 50 MP Triple Rear & 50 MP Front Camera,Memory Card Not Supported,Android v16
OnePlus N6x (4GB RAM + 128GB),"₹22,999",50,"Dual Sim, 5G, VoLTE, Wi-Fi","Dimensity 6360 Apex, Octa Core Processor","4 GB RAM, 128 GB inbuilt",7000 mAh Battery with 15W Fast Charging,"6.8 inches, 720 x 1570 px, 120 Hz Display with Punch Hole",13 MP Rear & 5 MP Front Camera,"Memory Card (Hybrid), upto 2 TB",Android v16
OnePlus Nord CE 6 Lite 5G (8GB RAM + 256GB),"₹34,999",66,"Dual Sim, 5G, VoLTE, Wi-Fi, IR Blaster","Dimensity 7400 Apex, Octa Core, 2.6 GHz Processor","8 GB RAM, 256 GB inbuilt",7000 mAh Battery with 45W Fast Charging,"6.72 inches, 1080 x 2400 px, 144 Hz Display with Punch Hole",50 MP + 2 MP Dual Rear & 8 MP Front Camera,"Memory Card (Hybrid), upto 2 TB",Android v16
Tecno POP X 5G,"₹15,999",52,"Dual Sim, 5G, VoLTE, Wi-Fi, IR Blaster","Dimensity 6400, Octa Core, 2.5 GHz Processor","4 GB RAM, 128 GB inbuilt",6500 mAh Battery with 45W Fast Charging,"6.78 inches, 720 x 1576 px, 120 Hz Display with Punch Hole",13 MP Rear & 8 MP Front Camera,"Memory Card Supported, upto 1 TB",Android v16
Ai+ Nova 2 Ultra 5G (8GB RAM + 128GB),"₹22,999",61,"Dual Sim, 5G, VoLTE, Wi-Fi","Dimensity 7400, Octa Core, 2.6 GHz Processor","8 GB RAM, 128 GB inbuilt",6000 mAh Battery with Fast Charging,"6.78 inches, 2772 x 1272 px, 120 Hz Display with Punch Hole",50 MP + 8 MP Dual Rear & 13 MP Front Camera,"Memory Card (Hybrid), upto 1 TB",Android v16
iQOO Z11x 5G (8GB RAM + 256GB),"₹32,800",66,"Dual Sim, 5G, VoLTE, Wi-Fi, IR Blaster","Dimensity 7400 Turbo, Octa Core, 2.6 GHz Processor","8 GB RAM, 256 GB inbuilt",7200 mAh Battery with 44W Fast Charging,"6.76 inches, 1080 x 2344 px, 120 Hz Display with Punch Hole",50 MP + 2 MP Dual Rear & 32 MP Front Camera,Android v16,No FM Radio
Realme P4 Power 5G (12GB RAM + 256GB),"₹37,999",75,"Dual Sim, 5G, VoLTE, Wi-Fi, IR Blaster","Dimensity 7400 Ultra, Octa Core, 2.6 GHz Processor","12 GB RAM, 256 GB inbuilt",10001 mAh Battery with 80W Fast Charging,"6.8 inches, 1280 x 2800 px, 144 Hz Display with Punch Hole",50 MP + 8 MP Dual Rear & 16 MP Front Camera,Memory Card Not Supported,Android v16
Poco M8 5G (8GB RAM + 256GB),"₹24,350",62,"Dual Sim, 5G, VoLTE, Wi-Fi, IR Blaster","Snapdragon 6 Gen3, Octa Core Processor","8 GB RAM, 256 GB inbuilt",5520 mAh Battery with 45W Fast Charging,"6.77 inches, 1080 x 2392 px, 120 Hz Display with Punch Hole",50 MP + 2 MP Dual Rear & 20 MP Front Camera,"Memory Card (Hybrid), upto 1 TB",Android v15
Samsung Galaxy F17 5G (8GB RAM + 128GB),"₹20,999",59,"Dual Sim, 5G, VoLTE, NFC, Wi-Fi","Exynos 1330, Octa Core, 2.4 GHz Processor","8 GB RAM, 128 GB inbuilt",5000 mAh Battery with 25W Fast Charging,"6.7 inches, 1080 x 2340 px, 90 Hz Display with Water Drop Notch",50 MP + 5 MP + 2 MP Triple Rear & 13 MP Front Camera,"Memory Card (Hybrid), upto 2 TB",Android v15
POCO C85 5G (6GB RAM + 128GB),"₹18,115",58,"Dual Sim, 5G, VoLTE, NFC, Wi-Fi","Dimensity 6300, Octa Core, 2.4 GHz Processor","6 GB RAM, 128 GB inbuilt",6000 mAh Battery with 33W Fast Charging,"6.9 inches, 720 x 1600 px, 120 Hz Display with Punch Hole",50 MP Dual Rear & 8 MP Front Camera,"Memory Card (Hybrid), upto 1 TB",Android v15
Nothing Phone 3a Lite (8GB RAM + 256GB),"₹29,999",64,"Dual Sim, 5G, VoLTE, NFC, Wi-Fi","Dimensity 7300 Pro, Octa Core, 2.5 GHz Processor","8 GB RAM, 256 GB inbuilt",5000 mAh Battery with 33W Fast Charging,"6.77 inches, 1084 x 2392 px, 120 Hz Display with Punch Hole",50 MP + 8 MP + 2 MP Triple Rear & 16 MP Front Camera,"Memory Card (Hybrid), upto 2 TB",Android v15
Realme 15x 5G,"₹24,999",59,"Dual Sim, 5G, VoLTE, Wi-Fi","Dimensity 6300, Octa Core, 2.4 GHz Processor","6 GB RAM, 128 GB inbuilt",7000 mAh Battery with 60W Fast Charging,"6.81 inches, 720 x 1570 px, 144 Hz Display with Punch Hole",50 MP + 2 MP Dual Rear & 50 MP Front Camera,Memory Card (Hybrid),Android v15
Motorola Edge 60 5G,"₹31,899",75,"Dual Sim, 5G, VoLTE, Vo5G, NFC, Wi-Fi","Dimensity 7400, Octa Core, 2.6 GHz Processor","12 GB RAM, 256 GB inbuilt",5500 mAh Battery with 68W Fast Charging,"6.7 inches, 1220 x 2712 px, 120 Hz Display with Punch Hole",50 MP + 50 MP + 10 MP Triple Rear & 50 MP Front Camera,"Memory Card (Hybrid), upto 1 TB",Android v15
Poco X8 (8GB RAM + 128GB),"₹32,999",67,"Dual Sim, 5G, VoLTE, Vo5G, NFC, Wi-Fi, IR Blaster","Snapdragon 6s Gen4, Octa Core, 2.4 GHz Processor","8 GB RAM, 128 GB inbuilt",9000 mAh Battery with 67W Fast Charging,"6.83 inches, 1280 x 2772 px, 120 Hz Display with Punch Hole",50 MP + 2 MP Dual Rear & 16 MP Front Camera,Android v16,No FM Radio
Nothing Phone 4b (8GB RAM + 256GB),"₹35,095",68,"Dual Sim, 5G, VoLTE, Wi-Fi","Snapdragon 6 Gen4, Octa Core, 2.3 GHz Processor","8 GB RAM, 256 GB inbuilt",6000 mAh Battery with 33W Fast Charging,"6.77 inches, 1080 x 2344 px, 120 Hz Display with Punch Hole",50 MP + 8 MP Dual Rear & 16 MP Front Camera,Android v16,No FM Radio
Oppo A6c 4G,"₹16,999",,"Dual Sim, 4G, Wi-Fi","Unisoc T7250, Octa Core, 1.8 GHz Processor","4 GB RAM, 64 GB inbuilt",7000 mAh Battery with 15W Fast Charging,"6.75 inches, 720 x 1570 px, 120 Hz Display with Water Drop Notch",13 MP Rear & 5 MP Front Camera,Memory Card (Hybrid),Android v15
iQOO Z11 5G (8GB RAM + 128GB),"₹39,999",72,"Dual Sim, 5G, VoLTE, Wi-Fi, IR Blaster","Dimensity 7500 Turbo, Octa Core, 2.6 GHz Processor","8 GB RAM, 128 GB inbuilt",7050 mAh Battery with 44W Fast Charging,"6.83 inches, 1260 x 2800 px, 144 Hz Display with Punch Hole",50 MP + 8 MP Dual Rear & 32 MP Front Camera,Memory Card Not Supported,Android v16
Poco X8 Pro 5G (12GB RAM + 256GB),"₹42,999",77,"Dual Sim, 5G, VoLTE, Wi-Fi, IR Blaster","Dimensity 8500 Ultra, Octa Core, 3.4 GHz Processor","12 GB RAM, 256 GB inbuilt",6500 mAh Battery with 100W Fast Charging,"6.59 inches, 2756 x 1268 px, 120 Hz Display with Punch Hole",50 MP + 8 MP Dual Rear & 20 MP Front Camera,Android v16,No FM Radio
Oppo A6 5G (6GB RAM + 256GB),"₹27,999",59,"Dual Sim, 5G, NFC, Wi-Fi","Dimensity 6300, Octa Core, 2.4 GHz Processor","6 GB RAM, 256 GB inbuilt",7000 mAh Battery with 45W Fast Charging,"6.75 inches, 720 x 1570 px, 120 Hz Display with Punch Hole",50 MP + 2 MP Dual Rear & 8 MP Front Camera,Memory Card Supported,Android v15
Realme P4 5G (8GB RAM + 128GB),"₹30,985",66,"Dual Sim, 5G, VoLTE, Wi-Fi, IR Blaster","Dimensity 7400 Ultra, Octa Core, 2.6 GHz Processor","8 GB RAM, 128 GB inbuilt",7000 mAh Battery with 80W Fast Charging,"6.77 inches, 1080 x 2392 px, 144 Hz Display with Punch Hole",50 MP + 8 MP Dual Rear & 16 MP Front Camera,Android v15,No FM Radio
iQOO Z10 Lite,"₹18,999",52,"Dual Sim, 5G, VoLTE, Wi-Fi","Dimensity 6300, Octa Core, 2.4 GHz Processor","4 GB RAM, 128 GB inbuilt",6000 mAh Battery with 15W Fast Charging,"6.74 inches, 720 x 1600 px, 90 Hz Display",50 MP + 2 MP Dual Rear & 5 MP Front Camera,Android v15,Bluetooth
Samsung Galaxy F56 5G,"₹32,499",64,"Dual Sim, 5G, VoLTE, Wi-Fi","Exynos 1480, Octa Core, 2.7 GHz Processor","8 GB RAM, 128 GB inbuilt",5000 mAh Battery with 45W Fast Charging,"6.74 inches, 1080 x 2340 px, 120 Hz Display with Punch Hole",50 MP + 8 MP + 2 MP Triple Rear & 12 MP Front Camera,Memory Card Not Supported,Android v15
Samsung Galaxy F06 5G,"₹13,999",,"Dual Sim, 5G, VoLTE, Wi-Fi","Dimensity 6300, Octa Core, 2.4 GHz Processor","4 GB RAM, 128 GB inbuilt",5000 mAh Battery with 25W Fast Charging,"6.7 inches, 720 x 1600 px Display with Water Drop Notch",50 MP + 2 MP Dual Rear & 8 MP Front Camera,"Memory Card (Hybrid), upto 1 TB",Android v15
Jio Bharat B2,"₹1,499",,"Single Sim, 4G, VoLTE",1 MHz Processor,"36 MB RAM, 36 MB inbuilt",2000 mAh Battery,"2.4 inches, 240 x 320 px Display",0.3 MP Rear Camera,"Memory Card Supported, upto 128 GB",Bluetooth
Samsung Galaxy Z Fold 6,"₹1,45,999",,"Dual Sim, 5G, VoLTE, Vo5G, NFC, eSIM, Wi-Fi","Snapdragon 8 Gen 3, Octa Core, 3.39 GHz Processor","12 GB RAM, 256 GB inbuilt",4400 mAh Battery with 25W Fast Charging,"7.6 inches, 1856 x 2160 px, 120 Hz Display with Punch Hole","Foldable Display, Dual Display",50 MP + 12 MP + 10 MP Triple Rear & 10 MP + 4 MP Dual Front Camera,Android v14
Nokia 3210 4G (2024),"₹4,149",,"Dual Sim, 4G",No Wifi,"Unisoc T107, 1 GHz Processor","64 MB RAM, 128 MB inbuilt",1450 mAh Battery,"2.4 inches, 240 x 320 px Display",2 MP Rear Camera,"Memory Card Supported, upto 32 GB"
Samsung Galaxy S24 5G,"₹59,449",77,"Dual Sim, 5G, VoLTE, Vo5G, NFC, eSIM, Wi-Fi","Exynos 2400, Deca Core, 3.2 GHz Processor","8 GB RAM, 256 GB inbuilt",4000 mAh Battery with 25W Fast Charging,"6.2 inches, 1080 x 2340 px, 120 Hz Display with Punch Hole",50 MP + 12 MP + 10 MP Triple Rear & 12 MP Front Camera,Android v14,No FM Radio
Samsung Galaxy Z Flip 4 (8GB RAM + 256GB),"₹51,999",72,"Dual Sim, 5G, VoLTE, NFC, eSIM, Wi-Fi","Snapdragon  8+ Gen1, Octa Core, 3.2 GHz Processor","8 GB RAM, 256 GB inbuilt",3700 mAh Battery with 25W Fast Charging,"6.7 inches, 1080 x 2640 px, 120 Hz Display with Punch Hole","Foldable Display, Dual Display",12 MP + 12 MP Dual Rear & 10 MP Front Camera,Memory Card Not Supported
Realme P4s 5G (12GB RAM + 256GB),"₹41,999",74,"Dual Sim, 5G, VoLTE, Wi-Fi, IR Blaster","Dimensity 7400, Octa Core, 2.6 GHz Processor","12 GB RAM, 256 GB inbuilt",8000 mAh Battery with 80W Fast Charging,"6.78 inches, 1272 x 2772 px, 144 Hz Display with Punch Hole",50 MP + 2 MP Dual Rear & 16 MP Front Camera,Memory Card Not Supported,Android v16
Lava Bold N4 Lite,"₹8,399",,"Dual Sim, 4G, VoLTE, Wi-Fi","Unisoc 9863A, Octa Core Processor","3 GB RAM, 32 GB inbuilt",5000 mAh Battery with 10W Fast Charging,"6.56 inches, 540 x 960 px Display with Water Drop Notch",8 MP Rear & 5 MP Front Camera,Memory Card Supported,Android v16
Vivo T5 Lite 5G (6GB RAM + 256GB),"₹26,999",58,"Dual Sim, 5G, VoLTE, Wi-Fi","Dimensity 6300, Octa Core, 2.4 GHz Processor","6 GB RAM, 256 GB inbuilt",6500 mAh Battery with 44W Fast Charging,"6.74 inches, 720 x 1600 px, 120 Hz Display with Water Drop Notch",50 MP + 0.08 MP Dual Rear & 5 MP Front Camera,"Memory Card (Hybrid), upto 2 TB",Android v16
Infinix Hot 70 Pro (8GB RAM + 128GB),"₹27,999",63,"Dual Sim, 5G, NFC, Wi-Fi, IR Blaster","Dimensity 7100, Octa Core, 2.4 GHz Processor","8 GB RAM, 128 GB inbuilt",6000 mAh Battery with 45W Fast Charging,"6.76 inches, 1080 x 2344 px, 144 Hz Display with Punch Hole",50 MP Dual Rear & 8 MP Front Camera,Memory Card Supported,Android v16
Tecno Pova 8 5G,"₹29,999",63,"Dual Sim, 5G, VoLTE, NFC, Wi-Fi, IR Blaster","Dimensity 7100, Octa Core, 2.4 GHz Processor","6 GB RAM, 128 GB inbuilt",8000 mAh Battery with Fast Charging,"6.76 inches, 1080 x 2344 px, 144 Hz Display with Punch Hole",50 MP Dual Rear & 13 MP Front Camera,"Memory Card (Hybrid), upto 1 TB",Android v16
Xiaomi Redmi Note 15 SE 5G (8GB RAM + 256GB),"₹28,999",67,"Dual Sim, 5G, VoLTE, Wi-Fi, IR Blaster","Snapdragon 6 Gen3, Octa Core, 2.4 GHz Processor","8 GB RAM, 256 GB inbuilt",5800 mAh Battery with 45W Fast Charging,"6.77 inches, 2392 x 1080 px, 120 Hz Display with Punch Hole",50 MP + 2 MP Dual Rear & 20 MP Front Camera,"Memory Card (Hybrid), upto 1 TB",Android v15
Oppo A6s 5G,"₹21,499",54,"Dual Sim, 5G, Wi-Fi","Dimensity 6300, Octa Core, 2.4 GHz Processor","4 GB RAM, 128 GB inbuilt",6500 mAh Battery with 45W Fast Charging,"6.75 inches, 720 x 1570 px, 120 Hz Display with Punch Hole",50 MP Dual Rear & 5 MP Front Camera,Memory Card (Hybrid),Android v15
Vivo Y51 Pro 5G (256GB),"₹37,999",62,"Dual Sim, 5G, VoLTE, Wi-Fi, IR Blaster","Dimensity 7360 Turbo, Octa Core, 2.5 GHz Processor","8 GB RAM, 256 GB inbuilt",7200 mAh Battery with 44W Fast Charging,"6.75 inches, 720 x 1570 px, 120 Hz Display with Punch Hole",50 MP + 2 MP Dual Rear & 8 MP Front Camera,Memory Card Not Supported,Android v16
Samsung Galaxy S25 FE (8GB RAM + 512GB),"₹77,999",77,"Dual Sim, 5G, VoLTE, Vo5G, NFC, eSIM, Wi-Fi","Exynos 2400, Deca Core, 3.2 GHz Processor","8 GB RAM, 512 GB inbuilt",4900 mAh Battery with 45W Fast Charging,"6.7 inches, 1080 x 2340 px, 120 Hz Display with Punch Hole",50 MP + 12 MP + 8 MP Triple Rear & 12 MP Front Camera,Memory Card Not Supported,Android v16
Apple iPhone 17 Pro Max (1TB),"₹1,83,990",,"Dual Sim, 5G, VoLTE, NFC, eSIM, Wi-Fi","Apple A19 Pro, Hexa Core Processor","12 GB RAM, 1 TB inbuilt",4832 mAh Battery with Fast Charging,"6.9 inches, 1320 x 2868 px, 120 Hz Display with Dynamic Island",48 MP + 48 MP + 48 MP Triple Rear & 18 MP Front Camera,Memory Card Not Supported,iOS v26
Realme P3 Ultra (12GB RAM + 256GB),"₹33,499",68,"Dual Sim, 5G, VoLTE, Wi-Fi, IR Blaster","Dimensity 8350 Ultra, Octa Core, 3.35 GHz Processor","12 GB RAM, 256 GB inbuilt",6000 mAh Battery with 80W Fast Charging,"6.83 inches, 1272 x 2800 px, 120 Hz Display with Punch Hole",50 MP + 8 MP Dual Rear & 16 MP Front Camera,Memory Card Not Supported,Android v15
Samsung Galaxy M06 5G,"₹16,999",,"Dual Sim, 5G, VoLTE, Wi-Fi","Dimensity 6300, Octa Core, 2.4 GHz Processor","4 GB RAM, 128 GB inbuilt",5000 mAh Battery with 25W Fast Charging,"6.74 inches, 720 x 1600 px, 90 Hz Display with Water Drop Notch",50 MP + 2 MP Dual Rear & 8 MP Front Camera,"Memory Card (Hybrid), upto 1.5 TB",Android v15
Samsung Galaxy A56 5G (12GB RAM + 256GB),"₹42,500",66,"Dual Sim, 5G, VoLTE, NFC, eSIM, Wi-Fi","Exynos 1580, Octa Core, 2.9 GHz Processor","12 GB RAM, 256 GB inbuilt",5000 mAh Battery with 45W Fast Charging,"6.7 inches, 1080 x 2340 px, 120 Hz Display with Punch Hole",50 MP + 12 MP + 5 MP Triple Rear & 12 MP Front Camera,Android v15,No FM Radio
Google Pixel 9 Pro,"₹90,999",,"Dual Sim, 5G, VoLTE, Vo5G, NFC, Wi-Fi","Tensor G4, Octa Core, 3.1 GHz Processor","16 GB RAM, 256 GB inbuilt",4700 mAh Battery with 27W Fast Charging,"6.3 inches, 1280 x 2856 px, 120 Hz Display with Punch Hole",50 MP + 48 MP + 48 MP Triple Rear & 42 MP Front Camera,Android v14,No FM Radio
Samsung Galaxy F55 5G (8GB RAM + 256GB),"₹29,999",66,"Dual Sim, 5G, VoLTE, NFC, Wi-Fi","Snapdragon 7 Gen1, Octa Core, 2.4 GHz Processor","8 GB RAM, 256 GB inbuilt",5000 mAh Battery with 45W Fast Charging,"6.7 inches, 1080 x 2400 px, 120 Hz Display with Punch Hole",50 MP + 8 MP + 2 MP Triple Rear & 50 MP Front Camera,"Memory Card (Hybrid), upto 1 TB",Android v14
OPPO Reno 10,"₹35,900",67,"Dual Sim, 5G, VoLTE, NFC, Wi-Fi, IR Blaster","Dimensity 7050, Octa Core, 2.6 GHz Processor","8 GB RAM, 256 GB inbuilt",5000 mAh Battery with 67W Fast Charging,"6.7 inches, 1080 x 2412 px, 120 Hz Display with Punch Hole",64 MP + 32 MP + 8 MP Triple Rear & 32 MP Front Camera,Memory Card (Hybrid),Android v13
Nokia 106 4G,"₹2,324",,"Dual Sim, 4G, VoLTE",No Wifi,4 MB RAM,1450 mAh Battery,"1.8 inches, 120 x 160 px Display",No Rear Camera,"Memory Card Supported, upto 32 GB",Bluetooth
Tecno Pova 8 Pro 5G,"₹49,999",74,"Dual Sim, 5G, VoLTE, NFC, Wi-Fi, IR Blaster","Dimensity 7400 Ultimate, Octa Core, 2.6 GHz Processor","8 GB RAM, 256 GB inbuilt",6500 mAh Battery with 45W Fast Charging,"6.78 inches, 1208 x 2644 px, 144 Hz Display with Punch Hole",50 MP + 8 MP Dual Rear & 13 MP Front Camera,Android v16,No FM Radio
Google Pixel 11 Pro (16GB RAM + 512GB),"₹1,34,999",,"Dual Sim, 5G, VoLTE, Vo5G, NFC, eSIM, Wi-Fi",Tensor G6,"16 GB RAM, 512 GB inbuilt",4850 mAh Battery with Fast Charging,"6.3 inches, 1280 x 2856 px, 120 Hz Display with Punch Hole",50 MP + 48 MP + 48 MP Triple Rear & 42 MP Front Camera,Android v17,No FM Radio
Poco M8 Power 5G (8GB RAM + 128GB),"₹26,876",64,"Dual Sim, 5G, VoLTE, Wi-Fi, IR Blaster","Snapdragon 4 Gen4, Octa Core, 2.3 GHz Processor","8 GB RAM, 128 GB inbuilt",8000 mAh Battery with 45W Fast Charging,"6.99 inches, 2396 x 1080 px, 120 Hz Display with Punch Hole",50 MP Dual Rear & 8 MP Front Camera,"Memory Card Supported, upto 1 TB",Android v16
Lava Virat V1 4G,"₹9,929",,"Dual Sim, 4G, VoLTE, Wi-Fi",Unisoc 9863a,"4 GB RAM, 64 GB inbuilt",5000 mAh Battery with 10W Fast Charging,"6.75 inches, 720 x 1600 px, 90 Hz Display with Punch Hole",13 MP Dual Rear & 5 MP Front Camera,"Memory Card (Hybrid), upto 256 GB",Android 15 Go
Lava A7 Torch 2026,"₹1,649",,Dual Sim,"32 MB RAM, 32 MB inbuilt",2575 mAh Battery,"2.4 inches, 320 x 240 px Display",0.3 MP Rear Camera,"Memory Card Supported, upto 32 GB",Bluetooth,
Vivo T5e,"₹13,999",,"Dual Sim, 4G, VoLTE, Wi-Fi","Unisoc T7225, Octa Core, 1.8 GHz Processor","4 GB RAM, 64 GB inbuilt",5500 mAh Battery with 15W Fast Charging,"6.74 inches, 1600 x 720 px, 90 Hz Display with Water Drop Notch",8 MP Rear & 5 MP Front Camera,"Memory Card Supported, upto 2 TB",Android v16
Ai+ Nova 2 Neo 5G (4GB RAM + 64GB),"₹14,800",53,"Dual Sim, 5G, VoLTE, Wi-Fi","Dimensity 6300, Octa Core, 2.4 GHz Processor","4 GB RAM, 64 GB inbuilt",6000 mAh Battery with Fast Charging,"6.75 inches, 720 x 1600 px, 120 Hz Display with Water Drop Notch",48 MP Rear & 8 MP Front Camera,"Memory Card Supported, upto 2 TB",Android v16
Vivo Y21 5G (6GB RAM + 128GB),"₹25,999",59,"Dual Sim, 5G, VoLTE, NFC, Wi-Fi, IR Blaster","Dimensity 6300, Octa Core, 2.4 GHz Processor","6 GB RAM, 128 GB inbuilt",6500 mAh Battery with 44W Fast Charging,"6.74 inches, 720 x 1600 px, 120 Hz Display with Water Drop Notch",50 MP + 0.08 MP Dual Rear & 5 MP Front Camera,Memory Card Supported,Android v16
Xiaomi Redmi 15A 5G (4GB RAM + 128GB),"₹17,290",58,"Dual Sim, 5G, VoLTE, Wi-Fi, IR Blaster","Unisoc T8300, Octa Core, 2.2 GHz Processor","4 GB RAM, 128 GB inbuilt",6300 mAh Battery with 33W Fast Charging,"6.9 inches, 720 x 1600 px, 120 Hz Display with Punch Hole",32 MP Rear & 8 MP Front Camera,"Memory Card (Hybrid), upto 1 TB",Android v16
OPPO K14x 5G (4GB RAM + 64GB),"₹17,499",54,"Dual Sim, 5G, VoLTE, Wi-Fi","Dimensity 6300, Octa Core, 2.4 GHz Processor","4 GB RAM, 64 GB inbuilt",6500 mAh Battery with 45W Fast Charging,"6.75 inches, 720 x 1570 px, 120 Hz Display with Punch Hole",50 MP + 2 MP Dual Rear & 5 MP Front Camera,Memory Card (Hybrid),Android v15
Samsung Galaxy S26 (12GB RAM + 512GB),"₹99,999",76,"Dual Sim, 5G, VoLTE, Vo5G, NFC, eSIM, Wi-Fi","Exynos 2600, Deca Core, 3.8 GHz Processor","12 GB RAM, 512 GB inbuilt",4300 mAh Battery with 25W Fast Charging,"6.3 inches, 1080 x 2340 px, 120 Hz Display with Punch Hole",50 MP + 12 MP + 10 MP Triple Rear & 12 MP Front Camera,Android v16,No FM Radio
Vivo T4 Lite 5G (4GB RAM + 64GB),"₹16,899",52,"Dual Sim, 5G, VoLTE, Wi-Fi","Dimensity 6300, Octa Core, 2.4 GHz Processor","4 GB RAM, 64 GB inbuilt",6000 mAh Battery with 15W Fast Charging,"6.74 inches, 720 x 1600 px, 90 Hz Display with Water Drop Notch",50 MP + 2 MP Dual Rear & 5 MP Front Camera,"Memory Card Supported, upto 2 TB",Android v15
OPPO Reno 15 5G (12GB RAM + 256GB),"₹50,999",,"Dual Sim, 5G, VoLTE, Wi-Fi, IR Blaster","Snapdragon 7 Gen4, Octa Core, 2.8 GHz Processor","12 GB RAM, 256 GB inbuilt",6500 mAh Battery with 80W Fast Charging,"6.59 inches, 1256 x 2760 px, 120 Hz Display with Punch Hole",50 MP + 50 MP + 8 MP Triple Rear & 50 MP Front Camera,Memory Card Not Supported,Android v16
Xiaomi Redmi 15 5G (8GB RAM + 128GB),"₹23,499",62,"Dual Sim, 5G, VoLTE, Wi-Fi, IR Blaster","Snapdragon 6s Gen3, Octa Core, 2.3 GHz Processor","8 GB RAM, 128 GB inbuilt",7000 mAh Battery with 33W Fast Charging,"6.9 inches, 1080 x 2340 px, 144 Hz Display with Punch Hole",50 MP Dual Rear & 8 MP Front Camera,"Memory Card (Hybrid), upto 1 TB",Android v15
Realme 15T (8GB RAM + 256GB),"₹29,999",67,"Dual Sim, 5G, VoLTE, Wi-Fi, IR Blaster","Dimensity 6400 Max, Octa Core, 2.5 GHz Processor","8 GB RAM, 256 GB inbuilt",7000 mAh Battery with 60W Fast Charging,"6.57 inches, 1080 x 2372 px, 120 Hz Display with Punch Hole",50 MP + 2 MP Dual Rear & 50 MP Front Camera,"Memory Card (Hybrid), upto 2 TB",Android v15
Vivo T4 Lite 5G (6 GB RAM +128 GB),"₹20,999",53,"Dual Sim, 5G, VoLTE, Wi-Fi","Dimensity 6300, Octa Core, 2.4 GHz Processor","6 GB RAM, 128 GB inbuilt",6000 mAh Battery with 15W Fast Charging,"6.74 inches, 720 x 1600 px, 90 Hz Display with Water Drop Notch",50 MP + 2 MP Dual Rear & 5 MP Front Camera,"Memory Card Supported, upto 2 TB",Android v15
Samsung Galaxy A26 (6GB RAM + 128GB),"₹24,999",64,"Dual Sim, 5G, VoLTE, NFC, Wi-Fi","Exynos 1380, Octa Core, 2.4 GHz Processor","6 GB RAM, 128 GB inbuilt",5000 mAh Battery with 25W Fast Charging,"6.7 inches, 1080 x 2340 px, 120 Hz Display with Water Drop Notch",50 MP + 8 MP + 2 MP Triple Rear & 13 MP Front Camera,"Memory Card (Hybrid), upto 2 TB",Android v15
Samsung Galaxy M35 5G,"₹28,999",61,"Dual Sim, 5G, VoLTE, NFC, Wi-Fi","Exynos 1380, Octa Core, 2.4 GHz Processor","6 GB RAM, 128 GB inbuilt",6000 mAh Battery with 25W Fast Charging,"6.6 inches, 1080 x 2340 px, 120 Hz Display with Punch Hole",50 MP + 8 MP + 2 MP Triple Rear & 13 MP Front Camera,"Memory Card (Hybrid), upto 1 TB",Android v14
Xiaomi 14 Civi (12GB RAM + 512GB),"₹54,990",75,"Dual Sim, 5G, VoLTE, Vo5G, NFC, Wi-Fi, IR Blaster","Snapdragon 8s Gen3, Octa Core, 3 GHz Processor","12 GB RAM, 512 GB inbuilt",4700 mAh Battery with 67W Fast Charging,"6.55 inches, 1236 x 2750 px, 120 Hz Display with Punch Hole",50 MP + 50 MP + 12 MP Triple Rear & 32 MP + 32 MP Dual Front Camera,Android v14,No FM Radio
Samsung Galaxy S24 Ultra (12GB RAM + 512GB),"₹1,29,999",,"Dual Sim, 5G, VoLTE, Vo5G, NFC, eSIM, Wi-Fi","Snapdragon 8 Gen3, Octa Core, 3.3 GHz Processor","12 GB RAM, 512 GB inbuilt",5000 mAh Battery with 45W Fast Charging,"6.8 inches, 1440 x 3120 px, 120 Hz Display with Punch Hole",200 MP Quad Rear & 12 MP Front Camera,Memory Card Not Supported,Android v14
Poco X6 5G,"₹27,990",63,"Dual Sim, 5G, VoLTE, Wi-Fi, IR Blaster","Snapdragon 7s Gen 2, Octa Core, 2.4 GHz Processor","8 GB RAM, 256 GB inbuilt",5100 mAh Battery with 67W Fast Charging,"6.67 inches, 1220 x 2712 px, 120 Hz Display with Punch Hole",64 MP + 8 MP + 2 MP Triple Rear & 16 MP Front Camera,Android v13,No FM Radio
Samsung Galaxy S23 FE 5G,"₹54,999",72,"Dual Sim, 5G, VoLTE, Vo5G, NFC, Wi-Fi","Exynos 2200, Octa Core, 2.8 GHz Processor","8 GB RAM, 128 GB inbuilt",4500 mAh Battery with 25W Fast Charging,"6.4 inches, 1080 x 2340 px, 120 Hz Display with Punch Hole",50 MP + 12 MP + 8 MP Triple Rear & 10 MP Front Camera,Memory Card Not Supported,Android v13
Motorola Razr 40,"₹54,990",77,"Dual Sim, 5G, VoLTE, NFC, Wi-Fi","Snapdragon 7 Gen1, Octa Core, 2.4 GHz Processor","8 GB RAM, 256 GB inbuilt",4200 mAh Battery with 30W Fast Charging,"6.9 inches, 1080 x 2640 px, 144 Hz Display with Punch Hole","Foldable Display, Dual Display",64 MP + 13 MP Dual Rear & 32 MP Front Camera,Memory Card Not Supported
Samsung Galaxy S22 5G,"₹85,999",74,"Dual Sim, 5G, VoLTE, Vo5G, NFC, Wi-Fi","Snapdragon  8 Gen1, Octa Core, 3 GHz Processor","8 GB RAM, 128 GB inbuilt",3700 mAh Battery with 25W Fast Charging,"6.1 inches, 1080 x 2340 px, 120 Hz Display with Punch Hole",50 MP + 12 MP + 10 MP Triple Rear & 10 MP Front Camera,Android v12,Bluetooth
Ringme R1 Mini 27c,₹950,,Dual Sim,1 MHz Processor,"32 MB RAM, 32 MB inbuilt",600 mAh Battery with Fast Charging,"0.66 inches, 240 x 320 px Display",No Rear Camera,"Memory Card (Hybrid), upto 32 TB",Bluetooth
Motorola Moto G77 Power (4GB RAM + 128GB),"₹23,999",63,"Dual Sim, 5G, VoLTE, Wi-Fi","Dimensity 6400, Octa Core, 2.5 GHz Processor","4 GB RAM, 128 GB inbuilt",7000 mAh Battery with 30W Fast Charging,"6.72 inches, 1080 x 2400 px, 120 Hz Display with Punch Hole",50 MP + 8 MP Dual Rear & 32 MP Front Camera,"Memory Card (Hybrid), upto 1 TB",Android v16
Lava Virat V1 5G (4GB RAM + 128GB),"₹14,499",,"Dual Sim, 5G, VoLTE, Vo5G, Wi-Fi","Unisoc T8200, Octa Core Processor","4 GB RAM, 128 GB inbuilt",6000 mAh Battery with 10W Fast Charging,"6.75 inches, 720 x 1600 px, 120 Hz Display with Punch Hole",13 MP Dual Rear & 5 MP Front Camera,"Memory Card (Hybrid), upto 1 TB",Android v16
iQOO Z11 Lite 5G (6GB RAM + 128GB),"₹22,499",57,"Dual Sim, 5G, VoLTE, Wi-Fi","Dimensity 6300, Octa Core, 2.4 GHz Processor","6 GB RAM, 128 GB inbuilt",6500 mAh Battery with 44W Fast Charging,"6.74 inches, 720 x 1600 px, 120 Hz Display with Water Drop Notch",50 MP + 0.08 MP Dual Rear & 5 MP Front Camera,"Memory Card (Hybrid), upto 2 TB",Android v16
Peace i17 Air,"₹9,499",,"Dual Sim, 4G, VoLTE, Wi-Fi",5000 mAh Battery,"6.56 inches, 1640 x 720 px Display",20 MP Rear & 8 MP Front Camera,"Memory Card Supported, upto 128 GB",Android v14.0,No FM Radio,Bluetooth
Vivo Y21 5G (4GB RAM + 64GB),"₹19,499",55,"Dual Sim, 5G, VoLTE, NFC, Wi-Fi, IR Blaster","Dimensity 6300, Octa Core, 2.4 GHz Processor","4 GB RAM, 64 GB inbuilt",6500 mAh Battery with 44W Fast Charging,"6.74 inches, 720 x 1600 px, 120 Hz Display with Water Drop Notch",50 MP + 0.08 MP Dual Rear & 5 MP Front Camera,Memory Card Supported,Android v16
Vivo T5 5G (12GB RAM + 256GB),"₹49,999",76,"Dual Sim, 5G, VoLTE, Wi-Fi, IR Blaster","Dimensity 7500 Turbo, Octa Core, 2.6 GHz Processor","12 GB RAM, 256 GB inbuilt",7050 mAh Battery with 44W Fast Charging,"6.83 inches, 1260 x 2800 px, 144 Hz Display with Punch Hole",50 MP + 8 MP Dual Rear & 32 MP Front Camera,Memory Card Not Supported,Android v16
Samsung Galaxy Z Flip 8 5G,"₹1,14,999",,"Dual Sim, 5G, VoLTE, Vo5G, NFC, eSIM, Wi-Fi","Exynos 2600, Deca Core, 3.8 GHz Processor","12 GB RAM, 256 GB inbuilt",4300 mAh Battery with 25W Fast Charging,"6.9 inches, 1080 x 2520 px, 120 Hz Display with Punch Hole","Foldable Display, Dual Display",50 MP + 12 MP Dual Rear & 10 MP Front Camera,Memory Card Not Supported
Samsung Galaxy Z Fold 8 (16GB RAM + 1TB),"₹2,34,999",,"Dual Sim, 5G, VoLTE, Vo5G, NFC, eSIM, Wi-Fi","Snapdragon 8 Elite Gen 5 for Galaxy, Octa Core, 4.74 GHz Processor","16 GB RAM, 1 TB inbuilt",4800 mAh Battery with 45W Fast Charging,"7.6 inches, 1828 x 2448 px, 120 Hz Display with Punch Hole","Foldable Display, Dual Display",50 MP + 50 MP Dual Rear & 10 MP + 10 MP Dual Front Camera,Android v17
OPPO Reno 16C 5G (12GB RAM + 256GB),"₹59,999",77,"Dual Sim, 5G, VoLTE, Vo5G, Wi-Fi","Dimensity 7300 Energy, Octa Core, 2.5 GHz Processor","12 GB RAM, 256 GB inbuilt",7000 mAh Battery with 80W Fast Charging,"6.57 inches, 2372 x 1080 px, 120 Hz Display with Punch Hole",50 MP + 50 MP + 8 MP Triple Rear & 50 MP Front Camera,Memory Card (Hybrid),Android v16
Ai+ Nova 2 Pro 5G (8GB RAM + 128GB),"₹19,999",57,"Dual Sim, 5G, VoLTE, Wi-Fi","Dimensity 7100, Octa Core, 2.4 GHz Processor","8 GB RAM, 128 GB inbuilt",6000 mAh Battery with 18W Fast Charging,"6.9 inches, 2340 x 1080 px, 144 Hz Display with Punch Hole",48 MP + 8 MP Dual Rear & 13 MP Front Camera,"Memory Card Supported, upto 2 TB",Android v16
Poco X8 Pro Iron Man Edition,"₹41,999",77,"Dual Sim, 5G, VoLTE, Wi-Fi, IR Blaster","Dimensity 8500 Ultra, Octa Core, 3.4 GHz Processor","12 GB RAM, 256 GB inbuilt",6500 mAh Battery with 100W Fast Charging,"6.59 inches, 2756 x 1268 px, 120 Hz Display with Punch Hole",50 MP + 8 MP Dual Rear & 20 MP Front Camera,Android v16,No FM Radio
Ai+ Pulse 2,"₹10,284",,"Dual Sim, 4G, VoLTE, Wi-Fi","Unisoc T7250, Octa Core, 1.8 GHz Processor","4 GB RAM, 64 GB inbuilt",6000 mAh Battery with 10W Fast Charging,"6.75 inches, 720 x 1600 px, 120 Hz Display with Water Drop Notch",50 MP Dual Rear & 8 MP Front Camera,"Memory Card Supported, upto 1 TB",Android v16
Realme C83 5G (4GB RAM + 128GB),"₹18,499",52,"Dual Sim, 5G, VoLTE, Wi-Fi","Dimensity 6300, Octa Core, 2.4 GHz Processor","4 GB RAM, 128 GB inbuilt",7000 mAh Battery with 15W Fast Charging,"6.8 inches, 720 x 1570 px, 144 Hz Display with Punch Hole",13 MP Rear & 5 MP Front Camera,"Memory Card (Hybrid), upto 2 TB",Android v16
Tecno Pova Curve 2 5G (8GB RAM +256GB),"₹33,999",63,"Dual Sim, 5G, VoLTE, Wi-Fi, IR Blaster","Dimensity 7100, Octa Core, 2.4 GHz Processor","8 GB RAM, 256 GB inbuilt",8000 mAh Battery with 45W Fast Charging,"6.78 inches, 1208 x 2644 px, 144 Hz Display with Punch Hole",50 MP + 2 MP Dual Rear & 13 MP Front Camera,Android v16,Bluetooth
Oppo Reno 15c 5G (12GB RAM + 256GB),"₹44,999",70,"Dual Sim, 5G, Wi-Fi, IR Blaster","Snapdragon 6 Gen1, Octa Core, 2.2 GHz Processor","12 GB RAM, 256 GB inbuilt",7000 mAh Battery with 80W Fast Charging,"6.57 inches, 1080 x 2372 px, 120 Hz Display with Punch Hole",50 MP + 8 MP + 2 MP Triple Rear & 50 MP Front Camera,Android v16,No FM Radio
OPPO A6x 5G (4GB RAM + 128GB),"₹20,999",52,"Dual Sim, 5G, VoLTE, Wi-Fi","Dimensity 6300, Octa Core, 2.4 GHz Processor","4 GB RAM, 128 GB inbuilt",6500 mAh Battery with 45W Fast Charging,"6.75 inches, 720 x 1570 px, 120 Hz Display with Punch Hole",13 MP Rear & 5 MP Front Camera,Memory Card (Hybrid),Android v15
Peace Mini 6,"₹5,999",,"Dual Sim, 4G, VoLTE, Wi-Fi","Helio, Single Core, 1.3 MHz Processor","3 GB RAM, 32 GB inbuilt",2000 mAh Battery,"3.75 inches, 412 x 960 px Display",8 MP Rear Camera,Android v12.0,No FM Radio
Samsung Galaxy M07 4G,"₹11,999",,"Dual Sim, 4G, Wi-Fi","Helio G99, Octa Core, 2.2 GHz Processor","4 GB RAM, 64 GB inbuilt",5000 mAh Battery with 25W Fast Charging,"6.7 inches, 720 x 1600 px Display with Water Drop Notch",50 MP + 2 MP Dual Rear & 8 MP Front Camera,Memory Card Supported,Android v15
Infinix Hot 60i 5G,"₹19,999",57,"Dual Sim, 5G, VoLTE, Wi-Fi, IR Blaster","Dimensity 6400, Octa Core, 2.5 GHz Processor","4 GB RAM, 128 GB inbuilt",6000 mAh Battery with 45W Fast Charging,"6.75 inches, 720 x 1600 px, 120 Hz Display with Water Drop Notch",50 MP Rear & 5 MP Front Camera,"Memory Card Supported, upto 2 TB",Android v15
Samsung Galaxy S25 Ultra (12GB RAM + 1TB),"₹1,65,999",,"Dual Sim, 5G, VoLTE, Vo5G, NFC, eSIM, Wi-Fi","Snapdragon 8 Elite for Galaxy, Octa Core, 4.47 GHz Processor","12 GB RAM, 1 TB inbuilt",5000 mAh Battery with 45W Fast Charging,"6.9 inches, 1440 x 3120 px, 120 Hz Display with Punch Hole",200 MP Quad Rear & 12 MP Front Camera,Memory Card Not Supported,Android v15
Nokia 220 4G (2024),"₹3,399",,"Dual Sim, 4G",No Wifi,Unisoc T107,"64 MB RAM, 128 MB inbuilt",1450 mAh Battery,"2.8 inches, 240 x 320 px Display",No Rear Camera,"Memory Card Supported, upto 32 GB"
itel A70 4G (4GB RAM + 256GB),"₹8,989",,"Dual Sim, 4G, VoLTE, Wi-Fi","Unisoc T603, Octa Core Processor","4 GB RAM, 256 GB inbuilt",5000 mAh Battery with 10W Fast Charging,"6.6 inches, 720 x 1612 px Display with Water Drop Notch",13 MP Dual Rear & 8 MP Front Camera,"Memory Card Supported, upto 2 TB",Android v13
Honor 90 5G,"₹84,999",64,"Dual Sim, 5G, VoLTE, NFC, eSIM, Wi-Fi","Snapdragon 7 Gen 1 Accelerated Edition, Octa Core, 2.36 GHz Processor","8 GB RAM, 256 GB inbuilt",5000 mAh Battery with 66W Fast Charging,"6.7 inches, 1200 x 2664 px, 120 Hz Display with Punch Hole",200 MP + 12 MP + 2 MP Triple Rear & 50 MP Front Camera,Android v13,No FM Radio
Motorola Edge 40 5G,"₹28,490",70,"Dual Sim, 5G, VoLTE, NFC, eSIM, Wi-Fi","Dimensity 8020, Octa Core, 2.6 GHz Processor","8 GB RAM, 256 GB inbuilt",4400 mAh Battery with 68W Fast Charging,"6.55 inches, 1080 x 2400 px, 144 Hz Display",50 MP + 13 MP Dual Rear & 32 MP Front Camera,Android v13,Bluetooth
Motorola Edge 30 Fusion 5G,"₹29,990",68,"Dual Sim, 5G, VoLTE, NFC, Wi-Fi","Snapdragon 888+, Octa Core, 2.9 GHz Processor","8 GB RAM, 128 GB inbuilt",4400 mAh Battery with 68W Fast Charging,"6.55 inches, 1080 x 2400 px, 144 Hz Display with Punch Hole",50 MP + 13 MP + 2 MP Triple Rear & 32 MP Front Camera,Memory Card Not Supported,Android v12
Vivo V25 Pro 5G,"₹33,990",66,"Dual Sim, 5G, VoLTE, Wi-Fi","Dimensity 1300, Octa Core, 3 GHz Processor","8 GB RAM, 128 GB inbuilt",4830 mAh Battery with 66W Fast Charging,"6.56 inches, 1080 x 2376 px, 120 Hz Display with Punch Hole",64 MP + 8 MP + 2 MP Triple Rear & 32 MP Front Camera,Android v12,No FM Radio
Xiaomi 12 Pro 5G (12GB RAM + 256GB),"₹44,999",75,"Dual Sim, 5G, VoLTE, NFC, Wi-Fi, IR Blaster","Snapdragon 8 Gen1, Octa Core, 3 GHz Processor","12 GB RAM, 256 GB inbuilt",4600 mAh Battery with 120W Fast Charging,"6.73 inches, 1440 x 3200 px, 120 Hz Display with Punch Hole",50 MP + 50 MP + 50 MP Triple Rear & 32 MP Front Camera,Android v12,No FM Radio
Realme 16x 5G (6GB RAM + 128GB),"₹24,999",58,"Dual Sim, 5G, VoLTE, Wi-Fi","Dimensity 6300, Octa Core, 2.4 GHz Processor","6 GB RAM, 128 GB inbuilt",7000 mAh Battery with 45W Fast Charging,"6.81 inches, 1570 x 720 px, 144 Hz Display with Punch Hole",50 MP Rear & 8 MP Front Camera,Memory Card (Hybrid),Android v16
Tecno Spark Go 3 Pro,"₹15,999",,"Dual Sim, 4G, Wi-Fi, IR Blaster","Helio G81, Octa Core, 2 GHz Processor","4 GB RAM, 64 GB inbuilt",5200 mAh Battery with 15W Fast Charging,"6.78 inches, 720 x 1526 px, 120 Hz Display with Punch Hole",13 MP Rear & 8 MP Front Camera,Memory Card Supported,Android v16
Samsung Galaxy A27 (8GB RAM + 256GB),"₹45,499",66,"Dual Sim, 5G, VoLTE, NFC, Wi-Fi","Snapdragon 6 Gen3, Octa Core, 2.4 GHz Processor","8 GB RAM, 256 GB inbuilt",5000 mAh Battery with 25W Fast Charging,"6.7 inches, 1080 x 2340 px, 120 Hz Display with Punch Hole",50 MP + 5 MP + 2 MP Triple Rear & 12 MP Front Camera,"Memory Card (Hybrid), upto 2 TB",Android v16
Realme P4R 5G (6GB RAM + 256GB),"₹28,999",58,"Dual Sim, 5G, VoLTE, Wi-Fi","Dimensity 6300, Octa Core, 2.4 GHz Processor","6 GB RAM, 256 GB inbuilt",8000 mAh Battery with 45W Fast Charging,"6.81 inches, 720 x 1570 px, 144 Hz Display with Punch Hole",50 MP Rear & 8 MP Front Camera,Android v16,No FM Radio
Oppo Find X9s 5G (12GB RAM + 512GB),"₹94,999",,"Dual Sim, 5G, VoLTE, NFC, eSIM, Wi-Fi, IR Blaster","Dimensity 9500s, Octa Core, 3.73 GHz Processor","12 GB RAM, 512 GB inbuilt",7025 mAh Battery with 80W Fast Charging,"6.59 inches, 1216 x 2640 px, 120 Hz Display with Punch Hole",50 MP + 50 MP + 50 MP Triple Rear & 32 MP Front Camera,Memory Card Not Supported,Android v16
Motorola Razr Fold (16GB RAM + 512GB),"₹1,59,999",,"Dual Sim, 5G, VoLTE, NFC, eSIM, Wi-Fi","Snapdragon 8 Gen5, Octa Core, 3.8 GHz Processor","16 GB RAM, 512 GB inbuilt",6000 mAh Battery with 80W Fast Charging,"8.09 inches, 2232 x 2484 px, 120 Hz Display with Punch Hole","Foldable Display, Dual Display",50 MP + 50 MP + 50 MP Triple Rear & 32 MP + 20 MP Dual Front Camera,Memory Card Not Supported
Realme Narzo 100 Lite,"₹16,897",50,"Dual Sim, 5G, VoLTE, Wi-Fi","Dimensity 6300, Octa Core, 2.4 GHz Processor","4 GB RAM, 64 GB inbuilt",7000 mAh Battery with 15W Fast Charging,"6.8 inches, 720 x 1570 px, 144 Hz Display with Water Drop Notch",13 MP Dual Rear & 5 MP Front Camera,"Memory Card (Hybrid), upto 2 TB",Android v16
Oppo F33 5G (8GB RAM + 256GB),"₹39,999",64,"Dual Sim, 5G, VoLTE, Wi-Fi, IR Blaster","Dimensity 6360 MAX, Octa Core Processor","8 GB RAM, 256 GB inbuilt",7000 mAh Battery with 80W Fast Charging,"6.57 inches, 1080 x 2372 px, 120 Hz Display with Punch Hole",50 MP + 2 MP Dual Rear & 16 MP Front Camera,Memory Card (Hybrid),Android v16
Realme C83 5G (6GB RAM + 128GB),"₹20,499",53,"Dual Sim, 5G, VoLTE, Wi-Fi","Dimensity 6300, Octa Core, 2.4 GHz Processor","6 GB RAM, 128 GB inbuilt",7000 mAh Battery with 15W Fast Charging,"6.8 inches, 720 x 1570 px, 144 Hz Display with Punch Hole",13 MP Rear & 5 MP Front Camera,"Memory Card (Hybrid), upto 2 TB",Android v16
Samsung Galaxy S26 Plus (12GB RAM + 512GB),"₹1,08,499",79,"Dual Sim, 5G, VoLTE, Vo5G, NFC, eSIM, Wi-Fi","Exynos 2600, Deca Core, 3.8 GHz Processor","12 GB RAM, 512 GB inbuilt",4900 mAh Battery with 45W Fast Charging,"6.7 inches, 1440 x 3120 px, 120 Hz Display with Punch Hole",50 MP + 12 MP + 10 MP Triple Rear & 12 MP Front Camera,Android v16,No FM Radio
Infinix Note Edge 5G (8GB RAM + 256GB),"₹30,999",67,"Dual Sim, 5G, VoLTE, NFC, Wi-Fi, IR Blaster","Dimensity 7100, Octa Core, 2.4 GHz Processor","8 GB RAM, 256 GB inbuilt",6500 mAh Battery with 45W Fast Charging,"6.78 inches, 1208 x 2644 px, 120 Hz Display with Punch Hole",50 MP Dual Rear & 13 MP Front Camera,Android v16,Bluetooth
OPPO Reno 15 5G (12GB RAM + 512GB),"₹55,999",,"Dual Sim, 5G, VoLTE, Wi-Fi, IR Blaster","Snapdragon 7 Gen4, Octa Core, 2.8 GHz Processor","12 GB RAM, 512 GB inbuilt",6500 mAh Battery with 80W Fast Charging,"6.59 inches, 1256 x 2760 px, 120 Hz Display with Punch Hole",50 MP + 50 MP + 8 MP Triple Rear & 50 MP Front Camera,Memory Card Not Supported,Android v16
Realme 16 Pro Plus 5G (8GB+256GB),"₹52,469",,"Dual Sim, 5G, VoLTE, NFC, Wi-Fi, IR Blaster","Snapdragon 7 Gen4, Octa Core, 2.8 GHz Processor","8 GB RAM, 256 GB inbuilt",7000 mAh Battery with 80W Fast Charging,"6.8 inches, 1280 x 2800 px, 144 Hz Display with Punch Hole",200 MP + 50 MP + 8 MP Triple Rear & 50 MP Front Camera,Android v16,No FM Radio
Realme 16 Pro Plus 5G (12GB+256GB),"₹56,599",,"Dual Sim, 5G, VoLTE, NFC, Wi-Fi, IR Blaster","Snapdragon 7 Gen4, Octa Core, 2.8 GHz Processor","12 GB RAM, 256 GB inbuilt",7000 mAh Battery with 80W Fast Charging,"6.8 inches, 1280 x 2800 px, 144 Hz Display with Punch Hole",200 MP + 50 MP + 8 MP Triple Rear & 50 MP Front Camera,Android v16,No FM Radio
Realme Narzo 90x,"₹21,499",58,"Dual Sim, 5G, VoLTE, Wi-Fi","Dimensity 6300, Octa Core, 2.4 GHz Processor","6 GB RAM, 128 GB inbuilt",7000 mAh Battery with 60W Fast Charging,"6.8 inches, 720 x 1570 px, 144 Hz Display with Punch Hole",50 MP + 2 MP Dual Rear & 8 MP Front Camera,"Memory Card (Hybrid), upto 2 TB",Android v15
iQOO Z10x,"₹27,985",57,"Dual Sim, 5G, VoLTE, Wi-Fi, IR Blaster","Dimensity 7300, Octa Core, 2.5 GHz Processor","6 GB RAM, 128 GB inbuilt",6500 mAh Battery with 44W Fast Charging,"6.72 inches, 1080 x 2408 px, 120 Hz Display with Punch Hole",50 MP + 2 MP Dual Rear & 8 MP Front Camera,Android v15,No FM Radio
Vivo V50e (8GB RAM +256GB),"₹35,999",67,"Dual Sim, 5G, VoLTE, Wi-Fi","Dimensity 7300, Octa Core, 2.5 GHz Processor","8 GB RAM, 256 GB inbuilt",5600 mAh Battery with 90W Fast Charging,"6.77 inches, 1080 x 2392 px, 120 Hz Display with Punch Hole",50 MP + 8 MP Dual Rear & 50 MP Front Camera,Memory Card Not Supported,Android v15
Samsung Galaxy A36 5G (12GB RAM + 256GB),"₹41,999",67,"Dual Sim, 5G, VoLTE, NFC, Wi-Fi","Snapdragon 6 Gen3, Octa Core, 2.4 GHz Processor","12 GB RAM, 256 GB inbuilt",5000 mAh Battery with 45W Fast Charging,"6.7 inches, 1080 x 2340 px, 120 Hz Display with Punch Hole",50 MP + 8 MP + 5 MP Triple Rear & 12 MP Front Camera,Android v15,No FM Radio
Realme 14 Pro Plus (12GB RAM + 256GB),"₹34,999",70,"Dual Sim, 5G, VoLTE, Wi-Fi","Snapdragon 7s Gen3, Octa Core, 2.5 GHz Processor","12 GB RAM, 256 GB inbuilt",6000 mAh Battery with 80W Fast Charging,"6.83 inches, 1272 x 2800 px, 120 Hz Display with Punch Hole",50 MP + 50 MP + 8 MP Triple Rear & 32 MP Front Camera,Memory Card Not Supported,Android v15
Samsung Galaxy Z Flip 6 5G,"₹71,699",,"Dual Sim, 5G, VoLTE, Vo5G, NFC, eSIM, Wi-Fi","Snapdragon 8 Gen3, Octa Core, 3.3 GHz Processor","12 GB RAM, 256 GB inbuilt",4000 mAh Battery with 25W Fast Charging,"6.7 inches, 1080 x 2640 px, 120 Hz Display with Punch Hole","Foldable Display, Dual Display",50 MP + 12 MP Dual Rear & 10 MP Front Camera,Memory Card Not Supported
Realme GT 6 5G (12GB RAM + 256GB),"₹46,890",79,"Dual Sim, 5G, VoLTE, Vo5G, NFC, Wi-Fi, IR Blaster","Snapdragon 8s Gen3, Octa Core, 3 GHz Processor","12 GB RAM, 256 GB inbuilt",5500 mAh Battery with 120W Fast Charging,"6.78 inches, 1264 x 2780 px, 120 Hz Display with Punch Hole",50 MP + 50 MP + 8 MP Triple Rear & 32 MP Front Camera,Memory Card Not Supported,Android v14
Vivo X Fold 3 Pro,"₹1,24,999",,"Dual Sim, 5G, VoLTE, NFC, Wi-Fi, IR Blaster","Snapdragon 8 Gen3, Octa Core, 3.3 GHz Processor","16 GB RAM, 512 GB inbuilt",5700 mAh Battery with 100W Fast Charging,"8.03 inches, 2200 x 2480 px, 120 Hz Display with Punch Hole","Foldable Display, Dual Display",64 MP + 50 MP + 50 MP Triple Rear & 32 MP + 32 MP Dual Front Camera,Memory Card Not Supported
Poco F6 5G (12GB RAM +256GB),"₹39,700",72,"Dual Sim, 5G, VoLTE, NFC, Wi-Fi, IR Blaster","Snapdragon 8s Gen3, Octa Core, 3 GHz Processor","12 GB RAM, 256 GB inbuilt",5000 mAh Battery with 90W Fast Charging,"6.67 inches, 1220 x 2712 px, 120 Hz Display with Punch Hole",50 MP + 8 MP Dual Rear & 20 MP Front Camera,Memory Card Not Supported,Android v14
Samsung Galaxy M55,"₹28,999",62,"Dual Sim, 5G, VoLTE, NFC, Wi-Fi","Snapdragon 7 Gen1, Octa Core, 2.4 GHz Processor","8 GB RAM, 128 GB inbuilt",5000 mAh Battery with 45W Fast Charging,"6.67 inches, 1080 x 2400 px, 120 Hz Display with Punch Hole",50 MP + 8 MP + 2 MP Triple Rear & 50 MP Front Camera,"Memory Card (Hybrid), upto 1 TB",Android v14
Samsung Galaxy S24 (8GB RAM + 128GB),"₹49,999",74,"Dual Sim, 5G, VoLTE, Vo5G, NFC, eSIM, Wi-Fi","Exynos 2400, Deca Core, 3.2 GHz Processor","8 GB RAM, 128 GB inbuilt",4000 mAh Battery with 25W Fast Charging,"6.2 inches, 1080 x 2340 px, 120 Hz Display with Punch Hole",50 MP + 12 MP + 10 MP Triple Rear & 12 MP Front Camera,Android v14,No FM Radio
Vivo Y28 5G,"₹24,999",54,"Dual Sim, 5G, VoLTE, Wi-Fi","Dimensity 6020, Octa Core, 2.2 GHz Processor","4 GB RAM, 128 GB inbuilt",5000 mAh Battery with 15W Fast Charging,"6.56 inches, 720 x 1612 px, 90 Hz Display with Water Drop Notch",50 MP + 2 MP Dual Rear & 8 MP Front Camera,"Memory Card (Hybrid), upto 1 TB",Android v13
Motorola Moto G84 5G,"₹22,999",62,"Dual Sim, 5G, VoLTE, NFC, Wi-Fi","Snapdragon 695, Octa Core, 2.2 GHz Processor","12 GB RAM, 256 GB inbuilt",5000 mAh Battery with 30W Fast Charging,"6.55 inches, 1080 x 2400 px, 120 Hz Display with Punch Hole",50 MP + 8 MP Dual Rear & 16 MP Front Camera,Memory Card (Hybrid),Android v13
Samsung Galaxy A14 5G,"₹18,499",52,"Dual Sim, 5G, VoLTE, Wi-Fi","Exynos 1330, Octa Core, 2.4 GHz Processor","4 GB RAM, 64 GB inbuilt",5000 mAh Battery with 15W Fast Charging,"6.6 inches, 1080 x 2408 px, 90 Hz Display with Water Drop Notch",50 MP + 2 MP + 2 MP Triple Rear & 13 MP Front Camera,"Memory Card Supported, upto 1 TB",Android v13
Samsung Galaxy Z Fold 4,"₹89,449",,"Dual Sim, 5G, VoLTE, NFC, Wi-Fi","Snapdragon  8+ Gen1, Octa Core, 3.2 GHz Processor","12 GB RAM, 256 GB inbuilt",4400 mAh Battery with 25W Fast Charging,"7.6 inches, 1812 x 2176 px, 120 Hz Display with Punch Hole","Foldable Display, Dual Display",50 MP + 12 MP + 10 MP Triple Rear & 10 MP + 4 MP Dual Front Camera,Android v12
OnePlus 10 Pro 5G,"₹42,000",74,"Dual Sim, 5G, VoLTE, NFC, Wi-Fi","Snapdragon 8 Gen1, Octa Core, 3 GHz Processor","8 GB RAM, 128 GB inbuilt",5000 mAh Battery with 80W Fast Charging,"6.7 inches, 1440 x 3216 px, 120 Hz Display with Punch Hole",50 MP + 48 MP + 8 MP Triple Rear & 32 MP Front Camera,Android v12,No FM Radio
Google Pixel 11 Pro XL (16GB RAM + 512GB),"₹1,49,999",,"Dual Sim, 5G, VoLTE, Vo5G, NFC, eSIM, Wi-Fi",Tensor G6,"16 GB RAM, 512 GB inbuilt",5115 mAh Battery with Fast Charging,"6.8 inches, 1344 x 2992 px, 120 Hz Display with Punch Hole",50 MP + 48 MP + 48 MP Triple Rear & 42 MP Front Camera,Android v17,No FM Radio
Samsung Galaxy Z Fold 8 (12GB RAM + 512GB),"₹1,94,999",,"Dual Sim, 5G, VoLTE, Vo5G, NFC, eSIM, Wi-Fi","Snapdragon 8 Elite Gen 5 for Galaxy, Octa Core, 4.74 GHz Processor","12 GB RAM, 512 GB inbuilt",4800 mAh Battery with 45W Fast Charging,"7.6 inches, 1828 x 2448 px, 120 Hz Display with Punch Hole","Foldable Display, Dual Display",50 MP + 50 MP Dual Rear & 10 MP + 10 MP Dual Front Camera,Android v17
Realme Narzo 100x 5G (6GB RAM + 256GB),"₹26,155",61,"Dual Sim, 5G, VoLTE, Wi-Fi","Dimensity 6300, Octa Core, 2.4 GHz Processor","6 GB RAM, 256 GB inbuilt",8000 mAh Battery with 45W Fast Charging,"6.81 inches, 720 x 1570 px, 144 Hz Display with Punch Hole",50 MP Dual Rear & 8 MP Front Camera,Memory Card (Hybrid),Android v16
Xiaomi 17T 5G (12GB RAM + 512GB),"₹69,999",,"Dual Sim, 5G, VoLTE, NFC, eSIM, Wi-Fi, IR Blaster","Dimensity 8500 Ultra, Octa Core, 3.4 GHz Processor","12 GB RAM, 512 GB inbuilt",6500 mAh Battery with 67W Fast Charging,"6.59 inches, 1268 x 2756 px, 120 Hz Display with Punch Hole",50 MP + 50 MP + 12 MP Triple Rear & 32 MP Front Camera,Android v16,No FM Radio
Realme 16T 5G (8GB RAM + 256GB),"₹34,999",66,"Dual Sim, 5G, VoLTE, Wi-Fi","Dimensity 6300, Octa Core, 2.4 GHz Processor","8 GB RAM, 256 GB inbuilt",8000 mAh Battery with 45W Fast Charging,"6.8 inches, 720 x 1570 px, 144 Hz Display with Punch Hole",50 MP + 2 MP Dual Rear & 16 MP Front Camera,"Memory Card (Hybrid), upto 2 TB",Android v16
Ai+ Nova Flip,"₹49,999",74,"Dual Sim, 5G, VoLTE, NFC, Wi-Fi","Dimensity 7300X, Octa Core, 2.5 GHz Processor","8 GB RAM, 256 GB inbuilt",4325 mAh Battery with Fast Charging,"6.9 inches, 2790 x 1188 px Display with Punch Hole","Foldable Display, Dual Display",50 MP + 2 MP Dual Rear & 32 MP Front Camera,Memory Card Not Supported
iQOO Z11x 5G (8GB RAM + 128GB),"₹29,000",66,"Dual Sim, 5G, VoLTE, Wi-Fi, IR Blaster","Dimensity 7400 Turbo, Octa Core, 2.6 GHz Processor","8 GB RAM, 128 GB inbuilt",7200 mAh Battery with 44W Fast Charging,"6.76 inches, 1080 x 2344 px, 120 Hz Display with Punch Hole",50 MP + 2 MP Dual Rear & 32 MP Front Camera,Android v16,No FM Radio
Karbonn K9 4G LTE,"₹2,499",,"Dual Sim, 4G",No Wifi,"Helio, Single Core, 1 GHz Processor","64 MB RAM, 128 MB inbuilt",2000 mAh Battery with Fast Charging,"2.4 inches, 128 x 320 px Display",2 MP Rear Camera,"Memory Card (Hybrid), upto 128 GB"
POCO C85 5G (8GB RAM + 128GB),"₹20,985",58,"Dual Sim, 5G, VoLTE, NFC, Wi-Fi","Dimensity 6300, Octa Core, 2.4 GHz Processor","8 GB RAM, 128 GB inbuilt",6000 mAh Battery with 33W Fast Charging,"6.9 inches, 720 x 1600 px, 120 Hz Display with Punch Hole",50 MP Dual Rear & 8 MP Front Camera,"Memory Card (Hybrid), upto 1 TB",Android v15
Motorola Moto A100,"₹1,066",,Single Sim,"Unisoc, 1 MHz Processor","4 MB RAM, 36 MB inbuilt",800 mAh Battery,"1.44 inches, 240 x 320 px Display",No Rear Camera,"Memory Card Supported, upto 32 MB",
Realme C85 5G,"₹20,999",54,"Dual Sim, 5G, NFC, Wi-Fi","Dimensity 6300, Octa Core, 2.4 GHz Processor","4 GB RAM, 128 GB inbuilt",7000 mAh Battery with 45W Fast Charging,"6.8 inches, 720 x 1570 px, 144 Hz Display with Punch Hole",50 MP Rear & 8 MP Front Camera,Memory Card Supported,Android v15
itel Muzik 450,"₹1,735",,Dual Sim,"Single Core, 1 MHz Processor","4 MB RAM, 4 MB inbuilt",3000 mAh Battery with Fast Charging,"2.4 inches, 240 x 320 px Display",0.3 MP Rear Camera,"Memory Card Supported, upto 32 GB",
Samsung Galaxy Z Flip 7 5G,"₹94,999",,"Dual Sim, 5G, VoLTE, Vo5G, NFC, eSIM, Wi-Fi","Exynos 2500, Deca Core, 3.3 GHz Processor","12 GB RAM, 256 GB inbuilt",4300 mAh Battery with 25W Fast Charging,"6.9 inches, 1080 x 2520 px, 120 Hz Display with Punch Hole","Foldable Display, Dual Display",50 MP + 12 MP Dual Rear & 10 MP Front Camera,Memory Card Not Supported
Realme Narzo 80 Lite 5G,"₹19,490",53,"Dual Sim, 5G, VoLTE, Wi-Fi","Dimensity 6300, Octa Core, 2.4 GHz Processor","4 GB RAM, 128 GB inbuilt",6000 mAh Battery with 15W Fast Charging,"6.67 inches, 720 x 1604 px, 120 Hz Display with Punch Hole",32 MP Dual Rear & 8 MP Front Camera,"Memory Card (Hybrid), upto 2 TB",Android v15
Samsung Galaxy S25 Edge (12GB RAM + 512GB),"₹79,499",,"Dual Sim, 5G, VoLTE, Vo5G, NFC, eSIM, Wi-Fi","Snapdragon 8 Elite, Octa Core, 4.47 GHz Processor","12 GB RAM, 512 GB inbuilt",3900 mAh Battery with 25W Fast Charging,"6.7 inches, 1440 x 3120 px, 120 Hz Display with Punch Hole",200 MP + 12 MP Dual Rear & 12 MP Front Camera,Android v15,No FM Radio
OPPO Reno 12 Pro 5G (12GB RAM + 512GB),"₹47,999",75,"Dual Sim, 5G, VoLTE, NFC, Wi-Fi, IR Blaster","Dimensity 7300 Energy, Octa Core, 2.5 GHz Processor","12 GB RAM, 512 GB inbuilt",5000 mAh Battery with 80W Fast Charging,"6.7 inches, 1080 x 2412 px, 120 Hz Display with Punch Hole",50 MP + 50 MP + 8 MP Triple Rear & 50 MP Front Camera,Memory Card (Hybrid),Android v14
Oppo F25 Pro 5G,"₹28,999",66,"Dual Sim, 5G, VoLTE, Wi-Fi","Dimensity 7050, Octa Core, 2.6 GHz Processor","8 GB RAM, 128 GB inbuilt",5000 mAh Battery with 67W Fast Charging,"6.7 inches, 1080 x 2412 px, 120 Hz Display with Punch Hole",64 MP + 8 MP + 2 MP Triple Rear & 32 MP Front Camera,"Memory Card (Hybrid), upto 2 TB",Android v14
Xiaomi 14,"₹74,999",,"Dual Sim, 5G, VoLTE, Vo5G, NFC, eSIM, Wi-Fi, IR Blaster","Snapdragon 8 Gen3, Octa Core, 3.3 GHz Processor","12 GB RAM, 512 GB inbuilt",4610 mAh Battery with 90W Fast Charging,"6.36 inches, 1200 x 2670 px, 120 Hz Display with Punch Hole",50 MP + 50 MP + 50 MP Triple Rear & 32 MP Front Camera,Memory Card Not Supported,Android v14
OPPO Reno 11 Pro 5G,"₹37,999",72,"Dual Sim, 5G, VoLTE, NFC, Wi-Fi, IR Blaster","Dimensity 8200, Octa Core, 3.1 GHz Processor","12 GB RAM, 256 GB inbuilt",4600 mAh Battery with 80W Fast Charging,"6.7 inches, 1080 x 2412 px, 120 Hz Display with Punch Hole",50 MP + 32 MP + 8 MP Triple Rear & 32 MP Front Camera,Android v14,No FM Radio
OPPO Reno 11 (8GB RAM + 256GB),"₹33,900",71,"Dual Sim, 5G, VoLTE, NFC, Wi-Fi, IR Blaster","Dimensity 7050, Octa Core, 2.6 GHz Processor","8 GB RAM, 256 GB inbuilt",5000 mAh Battery with 67W Fast Charging,"6.7 inches, 1080 x 2412 px, 120 Hz Display with Punch Hole",50 MP + 32 MP + 8 MP Triple Rear & 32 MP Front Camera,"Memory Card (Hybrid), upto 2 TB",Android v14
Samsung Galaxy A15 5G,"₹26,990",57,"Dual Sim, 5G, VoLTE, Wi-Fi","Dimensity 6100 Plus, Octa Core, 2.2 GHz Processor","8 GB RAM, 128 GB inbuilt",5000 mAh Battery with 25W Fast Charging,"6.5 inches, 1080 x 2340 px, 90 Hz Display with Water Drop Notch",50 MP + 5 MP + 2 MP Triple Rear & 13 MP Front Camera,"Memory Card (Hybrid), upto 1 TB",Android v14
OnePlus 11R 5G (18GB RAM + 512GB),"₹45,999",71,"Dual Sim, 5G, VoLTE, NFC, Wi-Fi, IR Blaster","Snapdragon 8+ Gen1, Octa Core, 3.2 GHz Processor","18 GB RAM, 512 GB inbuilt",5000 mAh Battery with 100W Fast Charging,"6.74 inches, 1240 x 2772 px, 120 Hz Display with Punch Hole",50 MP + 8 MP + 2 MP Triple Rear & 16 MP Front Camera,Android v13,No FM Radio
Samsung Galaxy Z Fold 5,"₹1,54,999",,"Dual Sim, 5G, VoLTE, Vo5G, NFC, Wi-Fi","Snapdragon 8 Gen 2, Octa Core, 3.36 GHz Processor","12 GB RAM, 256 GB inbuilt",4400 mAh Battery with 25W Fast Charging,"7.6 inches, 1812 x 2176 px, 120 Hz Display with Punch Hole","Foldable Display, Dual Display",50 MP + 12 MP + 10 MP Triple Rear & 10 MP + 4 MP Dual Front Camera,Android v13
Nokia 110 4G 2023,"₹2,599",,"Dual Sim, 4G, VoLTE",No Wifi,"128 MB RAM, 48 MB inbuilt",1450 mAh Battery,"1.8 inches, 120 x 160 px Display",0.3 MP Rear Camera,"Memory Card Supported, upto 32 GB",Bluetooth
Oppo Reno 10 Pro Plus,"₹44,999",74,"Dual Sim, 5G, VoLTE, NFC, Wi-Fi, IR Blaster","Snapdragon 8+ Gen1, Octa Core, 3.2 GHz Processor","12 GB RAM, 256 GB inbuilt",4700 mAh Battery with 100W Fast Charging,"6.74 inches, 1240 x 2772 px, 120 Hz Display with Punch Hole",64 MP + 50 MP + 8 MP Triple Rear & 32 MP Front Camera,Android v13,No FM Radio
Samsung Galaxy F54,"₹35,999",68,"Dual Sim, 5G, VoLTE, NFC, Wi-Fi","Exynos 1380, Octa Core, 2.4 GHz Processor","8 GB RAM, 256 GB inbuilt",6000 mAh Battery with 25W Fast Charging,"6.7 inches, 1080 x 2408 px, 120 Hz Display with Punch Hole",108 MP + 8 MP + 2 MP Triple Rear & 32 MP Front Camera,"Memory Card (Hybrid), upto 1 TB",Android v13
Xiaomi Redmi Note 12 Pro 5G,"₹25,599",62,"Dual Sim, 5G, VoLTE, Wi-Fi, IR Blaster","Dimensity 1080, Octa Core, 2.6 GHz Processor","6 GB RAM, 128 GB inbuilt",5000 mAh Battery with 67W Fast Charging,"6.67 inches, 1080 x 2400 px, 120 Hz Display with Punch Hole",50 MP + 8 MP + 2 MP Triple Rear & 16 MP Front Camera,Android v12,No FM Radio
Xiaomi Redmi K50i 5G,"₹19,500",63,"Dual Sim, 5G, VoLTE, Wi-Fi, IR Blaster","Dimensity  8100, Octa Core, 2.85 GHz Processor","6 GB RAM, 128 GB inbuilt",5080 mAh Battery with 67W Fast Charging,"6.6 inches, 1080 x 2460 px, 144 Hz Display with Punch Hole",64 MP + 8 MP + 2 MP Triple Rear & 16 MP Front Camera,Android v12,Bluetooth
Samsung Galaxy Z Flip 3 5G (8GB RAM + 256GB),"₹43,499",67,"Dual Sim, 5G, VoLTE, NFC, eSIM, Wi-Fi","Snapdragon 888, Octa Core, 2.84 GHz Processor","8 GB RAM, 256 GB inbuilt",3300 mAh Battery with 15W Fast Charging,"6.7 inches, 1080 x 2640 px, 120 Hz Display with Punch Hole","Foldable Display, Dual Display",12 MP + 12 MP Dual Rear & 10 MP Front Camera,Memory Card Not Supported
Motorola Moto G60,"₹21,999",58,"Dual Sim, 4G, VoLTE, NFC, Wi-Fi","Snapdragon  732G, Octa Core, 2.3 GHz Processor","6 GB RAM, 128 GB inbuilt",6000 mAh Battery with 20W Fast Charging,"6.78 inches, 1080 x 2460 px, 120 Hz Display with Punch Hole",108 MP + 8 MP + 2 MP Triple Rear & 32 MP Front Camera,"Memory Card (Hybrid), upto 1 TB",Android v11
OnePlus 8T,"₹29,264",63,"Dual Sim, 5G, VoLTE, NFC, Wi-Fi","Snapdragon 865, Octa Core, 2.84 GHz Processor","8 GB RAM, 128 GB inbuilt",4500 mAh Battery with 65W Fast Charging,"6.55 inches, 1080 x 2400 px, 120 Hz Display with Punch Hole",48 MP Quad Rear & 16 MP Front Camera,Memory Card Not Supported,Android v11
Xiaomi Mi A2,"₹11,990",,"Dual Sim, 4G, VoLTE, Wi-Fi, IR Blaster","Snapdragon 660, Octa Core, 2.2 GHz Processor","4 GB RAM, 64 GB inbuilt",3010 mAh Battery with Fast Charging,"5.99 inches, 1080 x 2160 px Display",20 MP + 12 MP Dual Rear & 20 MP Front Camera,Memory Card Not Supported,Android v8.1 (Oreo)
Peace i Ultra,"₹10,999",,"Dual Sim, 4G, VoLTE, Wi-Fi",Single Core Processor,"6 GB RAM, 64 GB inbuilt",5000 mAh Battery,"6.61 inches, 720 x 1640 px Display with Punch Hole",20 MP Rear & 8 MP Front Camera,Memory Card Supported,v60
Philips E2112S,"₹1,699",,"32 MB RAM, 32 MB inbuilt",2500 mAh Battery,2.2 inches Display,Main Rear Camera,"Memory Card Supported, upto 32 GB",,,
Realme 16x 5G (6GB RAM + 256GB),"₹27,999",59,"Dual Sim, 5G, VoLTE, Wi-Fi","Dimensity 6300, Octa Core, 2.4 GHz Processor","6 GB RAM, 256 GB inbuilt",7000 mAh Battery with 45W Fast Charging,"6.81 inches, 1570 x 720 px, 144 Hz Display with Punch Hole",50 MP Rear & 8 MP Front Camera,Memory Card (Hybrid),Android v16
Google Pixel 11 5G (12GB RAM + 512GB),"₹1,04,999",75,"Dual Sim, 5G, VoLTE, Vo5G, NFC, eSIM, Wi-Fi",Tensor G6,"12 GB RAM, 512 GB inbuilt",4985 mAh Battery with 30W Fast Charging,"6.3 inches, 1080 x 2424 px, 120 Hz Display with Punch Hole",48 MP + 13 MP + 10.8 MP Triple Rear & 10.5 MP Front Camera,Android v17,No FM Radio
Samsung Galaxy Z Fold 8 Ultra (12GB RAM + 512GB),"₹2,14,999",,"Dual Sim, 5G, VoLTE, Vo5G, NFC, eSIM, Wi-Fi","Snapdragon 8 Elite Gen 5 For Galaxy, Octa Core, 4.74 GHz Processor","12 GB RAM, 512 GB inbuilt",5000 mAh Battery with 45W Fast Charging,"8 inches, 2256 x 2504 px, 120 Hz Display with Punch Hole","Foldable Display, Dual Display",200 MP + 50 MP + 10 MP Triple Rear & 10 MP + 10 MP Dual Front Camera,Android v17
Philips E2222,"₹1,999",,"32 MB RAM, 32 MB inbuilt",1700 mAh Battery,"2.44 inches, 160 x 283 px Display",Digital Camera Rear Camera,"Memory Card Supported, upto 32 GB",,,
Tecno POP X 5G (6GB RAM + 128GB),"₹17,999",53,"Dual Sim, 5G, VoLTE, Wi-Fi, IR Blaster","Dimensity 6400, Octa Core, 2.5 GHz Processor","6 GB RAM, 128 GB inbuilt",6500 mAh Battery with 45W Fast Charging,"6.78 inches, 720 x 1576 px, 120 Hz Display with Punch Hole",13 MP Rear & 8 MP Front Camera,"Memory Card Supported, upto 1 TB",Android v16
Wobble One 5G (8GB RAM + 256GB),"₹28,999",66,"Dual Sim, 5G, VoLTE, Wi-Fi","Dimensity 7400, Octa Core, 2.6 GHz Processor","8 GB RAM, 256 GB inbuilt",5000 mAh Battery with 33W Fast Charging,"6.67 inches, 1080 x 1920 px, 120 Hz Display with Punch Hole",50 MP + 8 MP + 2 MP Triple Rear & 50 MP Front Camera,Android v15,No FM Radio
Realme P4 Lite 5G (4GB RAM + 128GB),"₹18,999",50,"Dual Sim, 5G, VoLTE, Wi-Fi","Dimensity 6300, Octa Core, 2.4 GHz Processor","4 GB RAM, 128 GB inbuilt",7000 mAh Battery with 15W Fast Charging,"6.81 inches, 720 x 1570 px, 144 Hz Display with Punch Hole",13 MP Rear & 5 MP Front Camera,Memory Card (Hybrid),Android v16
Oppo A6s 5G (6GB RAM + 128GB),"₹24,999",54,"Dual Sim, 5G, Wi-Fi","Dimensity 6300, Octa Core, 2.4 GHz Processor","6 GB RAM, 128 GB inbuilt",6500 mAh Battery with 45W Fast Charging,"6.75 inches, 720 x 1570 px, 120 Hz Display with Punch Hole",50 MP Dual Rear & 5 MP Front Camera,Memory Card (Hybrid),Android v15
Apple iPhone 17e (512GB),"₹84,900",64,"Dual Sim, 5G, VoLTE, NFC, eSIM, Wi-Fi","Apple A19, Hexa Core Processor","8 GB RAM, 512 GB inbuilt",4005 mAh Battery with Fast Charging,"6.1 inches, 1170 x 2532 px Display with Small Notch",48 MP Rear & 12 MP Front Camera,Memory Card Not Supported,iOS v26.3
Coolpad C35c 4G,"₹10,499",,"4G, Wi-Fi","Helio G81, Octa Core, 2 GHz Processor","4 GB RAM, 64 GB inbuilt",5000 mAh Battery with 10W Fast Charging,"6.56 inches, 720 x 1600 px Display with Water Drop Notch",13 MP Rear & 5 MP Front Camera,Memory Card Supported,Android v16
Nokia 110 Power,"₹1,806",,Dual Sim,"4 MB RAM, 4 MB inbuilt",1750 mAh Battery,2 inches Display,QVGA Rear Camera,S30+,,
Peace Honor 20 (4GB RAM + 64GB),"₹6,800",,"Dual Sim, 4G, VoLTE, Wi-Fi","Helio, Single Core, 1.3 MHz Processor","4 GB RAM, 64 GB inbuilt",2000 mAh Battery,"4.5 inches, 412 x 960 px Display",8 MP Rear & 5 MP Front Camera,Android v12,No FM Radio
Tecno Spark GO 3,"₹12,499",,"Dual Sim, 4G, VoLTE, Wi-Fi, IR Blaster","Unisoc T7250, Octa Core, 1.8 GHz Processor","4 GB RAM, 64 GB inbuilt",5000 mAh Battery with 15W Fast Charging,"6.74 inches, 720 x 1600 px, 120 Hz Display with Punch Hole",13 MP Rear & 8 MP Front Camera,"Memory Card Supported, upto 1 TB",Android v15
Realme 16 Pro 5G (12GB RAM + 256GB),"₹47,599",,"Dual Sim, 5G, VoLTE, Wi-Fi","Dimensity 7300 Max, Octa Core, 2.5 GHz Processor","12 GB RAM, 256 GB inbuilt",7000 mAh Battery with 80W Fast Charging,"6.78 inches, 1272 x 2772 px, 144 Hz Display with Punch Hole",200 MP + 8 MP Dual Rear & 50 MP Front Camera,Memory Card Not Supported,Android v16
Xiaomi Redmi 15C 5G (8GB RAM + 128GB),"₹21,995",57,"Dual Sim, 5G, VoLTE, Wi-Fi","Dimensity 6300, Octa Core, 2.4 GHz Processor","8 GB RAM, 128 GB inbuilt",6000 mAh Battery with 33W Fast Charging,"6.9 inches, 720 x 1600 px, 120 Hz Display with Punch Hole",50 MP + Auxiliary lens Dual Rear & 8 MP Front Camera,"Memory Card Supported, upto 1 TB",Android v15
Motorola Moto A300,"₹1,403",,Dual Sim,No Wifi,1.5 MHz Processor,"4 MB RAM, 32 MB inbuilt",1000 mAh Battery,"2 inches, 320 x 240 px Display",1.3 MP Rear Camera,"Memory Card Supported, upto 64 GB"
Oppo F31 5G (8GB RAM + 256GB),"₹36,999",66,"Dual Sim, 5G, VoLTE, Wi-Fi, IR Blaster","Dimensity 6300, Octa Core, 2.4 GHz Processor","8 GB RAM, 256 GB inbuilt",7000 mAh Battery with 80W Fast Charging,"6.57 inches, 1080 x 2412 px, 120 Hz Display with Punch Hole",50 MP + 2 MP Dual Rear & 16 MP Front Camera,Memory Card (Hybrid),Android v15
Oppo F31 Pro Plus 5G (12GB RAM + 256GB),"₹34,999",71,"Dual Sim, 5G, VoLTE, Wi-Fi","Snapdragon 7 Gen3, Octa Core, 2.63 GHz Processor","12 GB RAM, 256 GB inbuilt",7000 mAh Battery with 80W Fast Charging,"6.8 inches, 1280 x 2800 px, 120 Hz Display with Punch Hole",50 MP + 2 MP Dual Rear & 32 MP Front Camera,Android v15,No FM Radio
Apple iPhone 17 Pro (1TB),"₹1,69,490",76,"Dual Sim, 5G, VoLTE, NFC, eSIM, Wi-Fi","Apple A19 Pro, Hexa Core Processor","12 GB RAM, 1 TB inbuilt",3988 mAh Battery with Fast Charging,"6.3 inches, 1206 x 2622 px, 120 Hz Display with Dynamic Island",48 MP + 48 MP + 48 MP Triple Rear & 18 MP Front Camera,Memory Card Not Supported,iOS v26
Lava Bold N1 5G,"₹11,999",,"Dual Sim, 5G, VoLTE, Wi-Fi","Unisoc T765, Octa Core, 2.3 GHz Processor","4 GB RAM, 64 GB inbuilt",5000 mAh Battery with 10W Fast Charging,"6.75 inches, 720 x 1600 px Display with Water Drop Notch",13 MP Rear & 5 MP Front Camera,Memory Card Supported,Android v15
Vivo X Fold 5 5G,"₹1,39,999",,"Dual Sim, 5G, VoLTE, NFC, Wi-Fi, IR Blaster","Snapdragon 8 Gen3, Octa Core, 3.3 GHz Processor","16 GB RAM, 512 GB inbuilt",6000 mAh Battery with 80W Fast Charging,"8.03 inches, 2200 x 2480 px, 120 Hz Display with Punch Hole","Foldable Display, Dual Display",50 MP + 50 MP + 50 MP Triple Rear & 20 MP + 20 MP Dual Front Camera,Android v15
Samsung Galaxy F06 5G (6GB RAM + 128GB),"₹15,999",,"Dual Sim, 5G, VoLTE, Wi-Fi","Dimensity 6300, Octa Core, 2.4 GHz Processor","6 GB RAM, 128 GB inbuilt",5000 mAh Battery with 25W Fast Charging,"6.7 inches, 720 x 1600 px Display with Water Drop Notch",50 MP + 2 MP Dual Rear & 8 MP Front Camera,"Memory Card (Hybrid), upto 1 TB",Android v15
Vivo Y300 5G,"₹26,999",61,"Dual Sim, 5G, VoLTE, Wi-Fi","Snapdragon 4 Gen2, Octa Core, 2.2 GHz Processor","8 GB RAM, 128 GB inbuilt",5000 mAh Battery with 80W Fast Charging,"6.67 inches, 1080 x 2400 px, 120 Hz Display with Punch Hole",50 MP + 2 MP Dual Rear & 32 MP Front Camera,"Memory Card (Hybrid), upto 2 TB",Android v14
Realme GT 7 Pro 5G,"₹64,999",79,"Dual Sim, 5G, VoLTE, NFC, Wi-Fi, IR Blaster","Snapdragon 8 Elite, Octa Core, 4.32 GHz Processor","12 GB RAM, 256 GB inbuilt",5800 mAh Battery with 120W Fast Charging,"6.78 inches, 1264 x 2780 px, 120 Hz Display with Punch Hole",50 MP + 50 MP + 8 MP Triple Rear & 16 MP Front Camera,Memory Card Not Supported,Android v15
Oppo F27 Pro Plus 5G (8GB RAM +128GB),"₹29,299",64,"Dual Sim, 5G, VoLTE, Wi-Fi","Dimensity 7050, Octa Core, 2.6 GHz Processor","8 GB RAM, 128 GB inbuilt",5000 mAh Battery with 67W Fast Charging,"6.7 inches, 1080 x 2412 px, 120 Hz Display with Punch Hole",64 MP + 2 MP Dual Rear & 8 MP Front Camera,Android v14,No FM Radio
Samsung Galaxy A55 5G (12GB RAM + 256GB),"₹48,990",66,"Dual Sim, 5G, VoLTE, NFC, eSIM, Wi-Fi","Exynos 1480, Octa Core, 2.7 GHz Processor","12 GB RAM, 256 GB inbuilt",5000 mAh Battery with 25W Fast Charging,"6.6 inches, 1080 x 2340 px, 120 Hz Display with Punch Hole",50 MP + 12 MP + 5 MP Triple Rear & 32 MP Front Camera,"Memory Card (Hybrid), upto 1 TB",Android v14
Honor 90 5G (12GB RAM +512GB),"₹89,999",67,"Dual Sim, 5G, VoLTE, NFC, Wi-Fi","Snapdragon 7 Gen 1 Accelerated Edition, Octa Core, 2.36 GHz Processor","12 GB RAM, 512 GB inbuilt",5000 mAh Battery with 66W Fast Charging,"6.7 inches, 1200 x 2664 px, 120 Hz Display with Punch Hole",200 MP + 12 MP + 2 MP Triple Rear & 50 MP Front Camera,Android v13,No FM Radio
Samsung Galaxy Z Flip 5,"₹62,900",76,"Single Sim, 5G, VoLTE, Vo5G, NFC, Wi-Fi","Snapdragon 8 Gen 2, Octa Core, 3.2 GHz Processor","8 GB RAM, 256 GB inbuilt",3700 mAh Battery with 25W Fast Charging,"6.7 inches, 1080 x 2640 px, 120 Hz Display with Punch Hole","Foldable Display, Dual Display",12 MP + 12 MP Dual Rear & 10 MP Front Camera,Memory Card Not Supported
Realme GT 2 Pro 5G,"₹32,499",68,"Dual Sim, 5G, VoLTE, NFC, Wi-Fi","Snapdragon 8 Gen1, Octa Core, 3 GHz Processor","8 GB RAM, 128 GB inbuilt",5000 mAh Battery with 65W Fast Charging,"6.7 inches, 1440 x 3216 px, 120 Hz Display with Punch Hole",50 MP + 50 MP + 2 MP Triple Rear & 32 MP Front Camera,Android v12,Bluetooth
Ringme Bold S170 Air Pro,"₹13,000",,"Dual Sim, 4G, VoLTE, Wi-Fi","Helio, Dual Core, 1.7 GHz Processor","6 GB RAM, 64 GB inbuilt",5000 mAh Battery,"6.61 inches, 128 x 160 px Display with Punch Hole",20 MP Rear & 8 MP Front Camera,"Memory Card (Hybrid), upto 128 GB",v30
Jmax Mini GO-C,₹799,,Dual Sim,Single Core Processor,"32 MB RAM, 32 MB inbuilt",800 mAh Battery,"1 inches, 120 x 240 px Display",No Rear Camera,Symbian v40,No FM Radio
Peace I17 Pro,"₹9,999",,"Dual Sim, 4G, VoLTE, Wi-Fi",Helio MT8125,"6 GB RAM, 64 GB inbuilt",5000 mAh Battery,"6.6 inches, 1440 x 720 px Display",20 MP Rear & 8 MP Front Camera,"Memory Card Supported, upto 128 GB",Android v12
iQOO Z11 Lite 5G (6GB RAM + 256GB),"₹26,499",58,"Dual Sim, 5G, VoLTE, Wi-Fi","Dimensity 6300, Octa Core, 2.4 GHz Processor","6 GB RAM, 256 GB inbuilt",6500 mAh Battery with 44W Fast Charging,"6.74 inches, 720 x 1600 px, 120 Hz Display with Water Drop Notch",50 MP + 0.08 MP Dual Rear & 5 MP Front Camera,"Memory Card (Hybrid), upto 2 TB",Android v16
Ringme Bold 17 Pro,"₹9,899",,"Dual Sim, 4G, VoLTE, Wi-Fi","Dual Core, 1.7 GHz Processor","4 GB RAM, 64 GB inbuilt",4000 mAh Battery,"6.68 inches, 1640 x 720 px Display",13 MP Rear Camera,Android v12,No FM Radio
Samsung Galaxy A27 (8GB RAM + 128GB),"₹38,999",64,"Dual Sim, 5G, VoLTE, NFC, Wi-Fi","Snapdragon 6 Gen3, Octa Core, 2.4 GHz Processor","8 GB RAM, 128 GB inbuilt",5000 mAh Battery with 25W Fast Charging,"6.7 inches, 1080 x 2340 px, 120 Hz Display with Punch Hole",50 MP + 5 MP + 2 MP Triple Rear & 12 MP Front Camera,"Memory Card (Hybrid), upto 2 TB",Android v16
Ai+ Nova 2 Neo,"₹15,999",53,"Dual Sim, 5G, VoLTE, Wi-Fi","Dimensity 6300, Octa Core, 2.4 GHz Processor","4 GB RAM, 128 GB inbuilt",6000 mAh Battery with Fast Charging,"6.75 inches, 720 x 1600 px, 120 Hz Display with Water Drop Notch",48 MP Rear & 8 MP Front Camera,"Memory Card Supported, upto 2 TB",Android v16
Ai+ Nova 2 Neo 5G (6GB RAM + 128GB),"₹16,999",53,"Dual Sim, 5G, VoLTE, Wi-Fi","Dimensity 6300, Octa Core, 2.4 GHz Processor","6 GB RAM, 128 GB inbuilt",6000 mAh Battery with Fast Charging,"6.75 inches, 720 x 1600 px, 120 Hz Display with Water Drop Notch",48 MP Rear & 8 MP Front Camera,"Memory Card Supported, upto 2 TB",Android v16
HMD Vibe 2 5G (6GB RAM + 128GB),"₹19,999",52,"Dual Sim, 5G, VoLTE, Wi-Fi","Unisoc T8200, Octa Core, 2.3 GHz Processor","6 GB RAM, 128 GB inbuilt",6000 mAh Battery with 18W Fast Charging,"6.75 inches, 720 x 1600 px, 120 Hz Display with Water Drop Notch",50 MP Dual Rear & 8 MP Front Camera,"Memory Card (Hybrid), upto 1 TB",Android v16
Realme 16T 5G (8GB RAM + 128GB),"₹30,999",64,"Dual Sim, 5G, VoLTE, Wi-Fi","Dimensity 6300, Octa Core, 2.4 GHz Processor","8 GB RAM, 128 GB inbuilt",8000 mAh Battery with 45W Fast Charging,"6.8 inches, 720 x 1570 px, 144 Hz Display with Punch Hole",50 MP + 2 MP Dual Rear & 16 MP Front Camera,"Memory Card (Hybrid), upto 2 TB",Android v16
Xiaomi Redmi A7 Pro 4G,"₹12,625",,"Dual Sim, 4G, VoLTE, Wi-Fi","Unisoc T7250, Octa Core, 1.8 GHz Processor","4 GB RAM, 64 GB inbuilt",6300 mAh Battery with 15W Fast Charging,"6.9 inches, 1600 x 720 px, 120 Hz Display with Water Drop Notch",13 MP Rear & 8 MP Front Camera,"Memory Card Supported, upto 2 TB",Android v16
Tecno Spark 50 5G (6GB RAM + 128GB),"₹22,999",55,"Dual Sim, 5G, VoLTE, Wi-Fi, IR Blaster","Dimensity 6400, Octa Core, 2.5 GHz Processor","6 GB RAM, 128 GB inbuilt",6500 mAh Battery with 45W Fast Charging,"6.78 inches, 720 x 1576 px, 120 Hz Display with Punch Hole",50 MP Rear & 8 MP Front Camera,Memory Card Supported,Android v16
Samsung Galaxy A37 5G (12GB RAM + 256 GB),"₹53,999",71,"Dual Sim, 5G, VoLTE, NFC, Wi-Fi","Exynos 1480, Octa Core, 2.7 GHz Processor","12 GB RAM, 256 GB inbuilt",5000 mAh Battery with 45W Fast Charging,"6.7 inches, 1080 x 2340 px, 120 Hz Display with Punch Hole",50 MP + 8 MP + 5 MP Triple Rear & 12 MP Front Camera,Memory Card Not Supported,Android v16
Ai+ Pulse 2 (6GB RAM + 128GB),"₹12,899",,"Dual Sim, 4G, VoLTE, Wi-Fi","Unisoc T7250, Octa Core, 1.8 GHz Processor","6 GB RAM, 128 GB inbuilt",6000 mAh Battery with 10W Fast Charging,"6.75 inches, 720 x 1600 px, 120 Hz Display with Water Drop Notch",50 MP Dual Rear & 8 MP Front Camera,"Memory Card Supported, upto 1 TB",Android v16
Infinix Note Edge 5G (8GB RAM + 128GB),"₹28,999",66,"Dual Sim, 5G, VoLTE, NFC, Wi-Fi, IR Blaster","Dimensity 7100, Octa Core, 2.4 GHz Processor","8 GB RAM, 128 GB inbuilt",6500 mAh Battery with 45W Fast Charging,"6.78 inches, 1208 x 2644 px, 120 Hz Display with Punch Hole",50 MP Dual Rear & 13 MP Front Camera,Android v16,Bluetooth
Lava Play Max,"₹18,599",54,"Dual Sim, 5G, VoLTE, Wi-Fi","Dimensity 7300, Octa Core, 2.5 GHz Processor","6 GB RAM, 128 GB inbuilt",5000 mAh Battery with 33W Fast Charging,"6.72 inches, 1080 x 1920 px, 120 Hz Display with Punch Hole",50 MP Rear & 8 MP Front Camera,"Memory Card (Hybrid), upto 1 TB",Android v15
OnePlus 15R (12GB RAM + 512GB),"₹74,999",,"Dual Sim, 5G, VoLTE, Vo5G, NFC, Wi-Fi, IR Blaster","Snapdragon 8 Gen5, Octa Core, 3.84 GHz Processor","12 GB RAM, 512 GB inbuilt",7400 mAh Battery with 80W Fast Charging,"6.83 inches, 1272 x 2800 px, 165 Hz Display with Punch Hole",50 MP + 8 MP Dual Rear & 32 MP Front Camera,Memory Card Not Supported,Android v16
Realme 15x 5G (8GB RAM + 128GB),"₹25,999",61,"Dual Sim, 5G, VoLTE, Wi-Fi","Dimensity 6300, Octa Core, 2.4 GHz Processor","8 GB RAM, 128 GB inbuilt",7000 mAh Battery with 60W Fast Charging,"6.81 inches, 720 x 1570 px, 144 Hz Display with Punch Hole",50 MP + 2 MP Dual Rear & 50 MP Front Camera,Memory Card (Hybrid),Android v15
Infinix Smart 10,"₹11,865",,"Dual Sim, 4G, VoLTE, Wi-Fi","Unisoc T7250, Octa Core, 1.8 GHz Processor","4 GB RAM, 64 GB inbuilt",5000 mAh Battery with 15W Fast Charging,"6.67 inches, 720 x 1600 px, 120 Hz Display with Punch Hole",8 MP Rear & 8 MP Front Camera,Memory Card Supported,Android v15
Realme Narzo 80 Lite 4G,"₹13,498",,"Dual Sim, 4G, VoLTE, Wi-Fi","Unisoc T7250, Octa Core, 1.8 GHz Processor","4 GB RAM, 128 GB inbuilt",6300 mAh Battery with 15W Fast Charging,"6.74 inches, 720 x 1600 px, 90 Hz Display with Punch Hole",13 MP Rear & 5 MP Front Camera,Memory Card (Hybrid),Android v15
Alcatel V3 Ultra,"₹17,500",63,"Dual Sim, 5G, VoLTE, NFC, eSIM, Wi-Fi","Dimensity 6300, Octa Core, 2.4 GHz Processor","6 GB RAM, 128 GB inbuilt",5010 mAh Battery with 33W Fast Charging,"6.78 inches, 1080 x 2460 px, 120 Hz Display with Punch Hole",108 MP + 8 MP + 2 MP Triple Rear & 32 MP Front Camera,"Memory Card Supported, upto 2 TB",Android v14
Alcatel V3 Pro,"₹17,199",59,"Dual Sim, 5G, VoLTE, NFC, Wi-Fi","Dimensity 6300, Octa Core, 2.4 GHz Processor","8 GB RAM, 256 GB inbuilt",5200 mAh Battery with 18W Fast Charging,"6.67 inches, 720 x 1600 px, 120 Hz Display with Punch Hole",50 MP + 5 MP Dual Rear & 8 MP Front Camera,"Memory Card (Hybrid), upto 2 TB",Android v15
iQOO Z10x 5G (8GB RAM + 128GB),"₹29,974",58,"Dual Sim, 5G, VoLTE, Wi-Fi, IR Blaster","Dimensity 7300, Octa Core, 2.5 GHz Processor","8 GB RAM, 128 GB inbuilt",6500 mAh Battery with 44W Fast Charging,"6.72 inches, 1080 x 2408 px, 120 Hz Display with Punch Hole",50 MP + 2 MP Dual Rear & 8 MP Front Camera,Android v15,No FM Radio
Apple iPhone 16e (256GB),"₹69,900",64,"Dual Sim, 5G, VoLTE, NFC, eSIM, Wi-Fi","Bionic A18, Hexa Core, 4.04 GHz Processor","8 GB RAM, 256 GB inbuilt",4005 mAh Battery with Fast Charging,"6.1 inches, 1170 x 2532 px Display with Small Notch",48 MP Rear & 12 MP Front Camera,Memory Card Not Supported,iOS v18
Samsung Galaxy S25 (12GB RAM + 512GB),"₹92,999",79,"Dual Sim, 5G, VoLTE, Vo5G, NFC, eSIM, Wi-Fi","Snapdragon 8 Elite, Octa Core, 4.47 GHz Processor","12 GB RAM, 512 GB inbuilt",4000 mAh Battery with 25W Fast Charging,"6.2 inches, 1080 x 2340 px, 120 Hz Display with Punch Hole",50 MP + 12 MP + 10 MP Triple Rear & 12 MP Front Camera,Android v15,No FM Radio
OPPO Reno 13 Pro 5G,"₹54,999",79,"Dual Sim, 5G, VoLTE, NFC, Wi-Fi, IR Blaster","Dimensity 8350, Octa Core, 3.35 GHz Processor","12 GB RAM, 256 GB inbuilt",5800 mAh Battery with 80W Fast Charging,"6.83 inches, 1272 x 2800 px, 120 Hz Display with Punch Hole",50 MP + 50 MP + 8 MP Triple Rear & 50 MP Front Camera,Android v15,No FM Radio
OPPO Reno 12 Pro 5G,"₹51,999",74,"Dual Sim, 5G, VoLTE, NFC, Wi-Fi, IR Blaster","Dimensity 7300 Energy, Octa Core, 2.5 GHz Processor","12 GB RAM, 256 GB inbuilt",5000 mAh Battery with 80W Fast Charging,"6.7 inches, 1080 x 2412 px, 120 Hz Display with Punch Hole",50 MP + 50 MP + 8 MP Triple Rear & 50 MP Front Camera,Memory Card (Hybrid),Android v14
Samsung Galaxy F55 5G,"₹28,999",64,"Dual Sim, 5G, VoLTE, NFC, Wi-Fi","Snapdragon 7 Gen1, Octa Core, 2.4 GHz Processor","8 GB RAM, 128 GB inbuilt",5000 mAh Battery with 45W Fast Charging,"6.7 inches, 1080 x 2400 px, 120 Hz Display with Punch Hole",50 MP + 8 MP + 2 MP Triple Rear & 50 MP Front Camera,"Memory Card (Hybrid), upto 1 TB",Android v14
Xiaomi Redmi Note 13 5G (8GB RAM + 256GB),"₹25,999",66,"Dual Sim, 5G, VoLTE, Vo5G, Wi-Fi, IR Blaster","Dimensity 6080, Octa Core, 2.4 GHz Processor","8 GB RAM, 256 GB inbuilt",5000 mAh Battery with 33W Fast Charging,"6.67 inches, 1080 x 2400 px, 120 Hz Display with Punch Hole",108 MP + 8 MP + 2 MP Triple Rear & 16 MP Front Camera,"Memory Card (Hybrid), upto 1 TB",Android v13
itel it5330,"₹1,499",,Dual Sim,"32 MB RAM, 32 MB inbuilt",1900 mAh Battery,"2.8 inches, 320 x 240 px Display",0.3 MP Rear Camera,"Memory Card Supported, upto 32 GB",Bluetooth,
OPPO A79 5G,"₹22,999",55,"Dual Sim, 5G, VoLTE, Wi-Fi","Dimensity 6020, Octa Core, 2.2 GHz Processor","8 GB RAM, 128 GB inbuilt",5000 mAh Battery with 33W Fast Charging,"6.72 inches, 1080 x 2400 px, 90 Hz Display with Punch Hole",50 MP + 2 MP Dual Rear & 8 MP Front Camera,"Memory Card Supported, upto 1 TB",Android v13
Motorola Edge 40 Neo,"₹26,990",63,"Dual Sim, 5G, VoLTE, NFC, Wi-Fi","Dimensity 7030, Octa Core, 2.5 GHz Processor","8 GB RAM, 128 GB inbuilt",5000 mAh Battery with 68W Fast Charging,"6.55 inches, 1080 x 2400 px, 144 Hz Display with Punch Hole",50 MP + 13 MP Dual Rear & 32 MP Front Camera,Memory Card Not Supported,Android v13
Samsung Galaxy F34 5G,"₹24,499",61,"Dual Sim, 5G, VoLTE, NFC, Wi-Fi","Exynos 1280, Octa Core, 2.4 GHz Processor","6 GB RAM, 128 GB inbuilt",6000 mAh Battery with 25W Fast Charging,"6.5 inches, 1080 x 2340 px, 120 Hz Display with Water Drop Notch",50 MP + 8 MP + 2 MP Triple Rear & 13 MP Front Camera,"Memory Card (Hybrid), upto 1 TB",Android v13
Nokia 105 Dual Sim 2023,"₹1,065",,Dual Sim,No Wifi,"4 MB RAM, 4 MB inbuilt",1000 mAh Battery,"1.8 inches, 120 x 160 px Display",No Rear Camera,Memory Card Supported,
Motorola Moto G32 (8GB RAM + 128GB),"₹18,999",53,"Dual Sim, 4G, VoLTE, Wi-Fi","Snapdragon 680, Octa Core, 2.4 GHz Processor","8 GB RAM, 128 GB inbuilt",5000 mAh Battery with 33W Fast Charging,"6.55 inches, 1080 x 2400 px, 90 Hz Display with Punch Hole",50 MP + 8 MP + 2 MP Triple Rear & 16 MP Front Camera,"Memory Card (Hybrid), upto 1 TB",Android v12
Poco X5 Pro (8GB RAM + 256GB),"₹24,999",64,"Dual Sim, 5G, VoLTE, Wi-Fi, IR Blaster","Snapdragon 778G, Octa Core, 2.4 GHz Processor","8 GB RAM, 256 GB inbuilt",5000 mAh Battery with 67W Fast Charging,"6.67 inches, 1080 x 2400 px, 120 Hz Display with Punch Hole",108 MP + 8 MP + 2 MP Triple Rear & 16 MP Front Camera,Memory Card Not Supported,Android v12
Samsung Galaxy S23 (8GB RAM + 256GB),"₹95,999",75,"Dual Sim, 5G, VoLTE, Vo5G, NFC, Wi-Fi","Snapdragon 8 Gen 2, Octa Core, 3.36 GHz Processor","8 GB RAM, 256 GB inbuilt",3900 mAh Battery with 25W Fast Charging,"6.1 inches, 1080 x 2340 px, 120 Hz Display with Punch Hole",50 MP + 12 MP + 10 MP Triple Rear & 12 MP Front Camera,Android v13,No FM Radio
itel MagicX Play 4G,"₹3,299",,"Dual Sim, 4G, VoLTE, Wi-Fi",No 3G,"48 MB RAM, 128 MB inbuilt",1900 mAh Battery,"1.8 inches, 128 x 160 px Display",0.3 MP Rear Camera,"Memory Card Supported, upto 64 GB",Mocor
Vivo V25 Pro (12GB RAM + 256GB),"₹39,999",68,"Dual Sim, 5G, VoLTE, Wi-Fi","Dimensity 1300, Octa Core, 3 GHz Processor","12 GB RAM, 256 GB inbuilt",4830 mAh Battery with 66W Fast Charging,"6.56 inches, 1080 x 2376 px, 120 Hz Display with Punch Hole",64 MP + 8 MP + 2 MP Triple Rear & 32 MP Front Camera,Android v12,No FM Radio
Realme C35 (4GB RAM + 128GB),"₹10,999",,"Dual Sim, 4G, VoLTE, Wi-Fi","Tiger  T616, Octa Core, 2 GHz Processor","4 GB RAM, 128 GB inbuilt",5000 mAh Battery with 18W Fast Charging,"6.6 inches, 1080 x 2408 px, 90 Hz Display with Water Drop Notch",50 MP + 2 MP + 2 MP Triple Rear & 8 MP Front Camera,"Memory Card Supported, upto 1 TB",Android v11
Xiaomi Redmi Note 11T 5G (8GB RAM + 128GB),"₹19,599",57,"Dual Sim, 5G, VoLTE, Wi-Fi, IR Blaster","Dimensity  810 5G, Octa Core, 2.4 GHz Processor","8 GB RAM, 128 GB inbuilt",5000 mAh Battery with 33W Fast Charging,"6.6 inches, 1080 x 2400 px, 90 Hz Display with Punch Hole",50 MP + 8 MP Dual Rear & 16 MP Front Camera,"Memory Card (Hybrid), upto 1 TB",Android v11
Samsung Galaxy F22,"₹14,999",50,"Dual Sim, 4G, VoLTE, Wi-Fi","Helio G80, Octa Core, 2 GHz Processor","4 GB RAM, 64 GB inbuilt",6000 mAh Battery,"6.4 inches, 720 x 1600 px, 90 Hz Display with Water Drop Notch",48 MP Quad Rear & 13 MP Front Camera,"Memory Card Supported, upto 1 TB",Android v11
OnePlus 9R (12GB RAM + 256GB),"₹37,999",64,"Dual Sim, 5G, VoLTE, NFC, Wi-Fi","Snapdragon 870, Octa Core, 3.2 GHz Processor","12 GB RAM, 256 GB inbuilt",4500 mAh Battery with 65W Fast Charging,"6.55 inches, 1080 x 2400 px, 120 Hz Display with Punch Hole",48 MP Quad Rear & 16 MP Front Camera,Memory Card Not Supported,Android v11
Poco X3 Pro,"₹18,990",57,"Dual Sim, 4G, VoLTE, Wi-Fi, IR Blaster","Snapdragon 860, Octa Core, 2.96 GHz Processor","6 GB RAM, 128 GB inbuilt",5160 mAh Battery with 33W Fast Charging,"6.67 inches, 1080 x 2400 px, 120 Hz Display with Punch Hole",48 MP Quad Rear & 20 MP Front Camera,Memory Card (Hybrid),Android v11
Apple iPhone 8 Plus,"₹77,060",,"Single Sim, 4G, VoLTE, NFC, Wi-Fi","Apple A11, Hexa Core, 2.39 GHz Processor","3 GB RAM, 64 GB inbuilt",2691 mAh Battery with Fast Charging,"5.5 inches, 1080 x 1920 px Display",12 MP + 12 MP Dual Rear & 7 MP Front Camera,Memory Card Not Supported,iOS v11
Philips S7221 5G (6GB RAM + 128GB),"₹22,499",52,"Dual Sim, 5G, Wi-Fi","Unisoc T765, Octa Core, 2 GHz Processor","6 GB RAM, 128 GB inbuilt",5700 mAh Battery with 18W Fast Charging,"6.67 inches, 720 x 1612 px Display with Punch Hole",64 MP + 0.08 MP Dual Rear & 16 MP Front Camera,Android v16,Bluetooth
MTR M17 Max,"₹9,600",,"Dual Sim, 4G, Wi-Fi",512 MHz Processor,"3 GB RAM, 32 GB inbuilt",5000 mAh Battery,"6.5 inches, 320 x 480 px Display with Punch Hole",8 MP Rear Camera,Android v12.0,Bluetooth
Tecno Pova 8 Pro 5G (12GB RAM + 512GB),"₹54,999",75,"Dual Sim, 5G, VoLTE, NFC, Wi-Fi, IR Blaster","Dimensity 7400 Ultimate, Octa Core, 2.6 GHz Processor","12 GB RAM, 512 GB inbuilt",6500 mAh Battery with 45W Fast Charging,"6.78 inches, 1208 x 2644 px, 144 Hz Display with Punch Hole",50 MP + 8 MP Dual Rear & 13 MP Front Camera,Android v16,No FM Radio
OPPO Reno16c x BABYMONSTER,"₹49,999",75,"Dual Sim, 5G, VoLTE, Vo5G, Wi-Fi","Dimensity 7300 Energy, Octa Core, 2.5 GHz Processor","8 GB RAM, 128 GB inbuilt",7000 mAh Battery with 80W Fast Charging,"6.57 inches, 2372 x 1080 px, 120 Hz Display with Punch Hole",50 MP + 50 MP + 8 MP Triple Rear & 50 MP Front Camera,Memory Card (Hybrid),Android v16
Ringme Bold 17 Pro (6GB RAM + 64GB),"₹12,018",,"Dual Sim, 4G, VoLTE, Wi-Fi","Dual Core, 1.7 GHz Processor","6 GB RAM, 64 GB inbuilt",4000 mAh Battery,"6.68 inches, 1640 x 720 px Display",13 MP Rear Camera,Android v12,No FM Radio
Jmax 1272,"₹1,499",,Dual Sim,Single Core Processor,"32 MB RAM, 32 MB inbuilt",1100 mAh Battery,"2.4 inches, 320 x 480 px Display",No Rear Camera,Symbian v30,Bluetooth
Tecno Pova 8 5G (8GB RAM + 128GB),"₹31,999",64,"Dual Sim, 5G, VoLTE, NFC, Wi-Fi, IR Blaster","Dimensity 7100, Octa Core, 2.4 GHz Processor","8 GB RAM, 128 GB inbuilt",8000 mAh Battery with Fast Charging,"6.76 inches, 1080 x 2344 px, 144 Hz Display with Punch Hole",50 MP Dual Rear & 13 MP Front Camera,"Memory Card (Hybrid), upto 1 TB",Android v16
Infinix Smart 20 (4GB RAM + 128GB),"₹13,990",,"Dual Sim, 4G, Wi-Fi, IR Blaster","Helio G81 Ultimate, Octa Core, 2 GHz Processor","4 GB RAM, 128 GB inbuilt",5200 mAh Battery with 15W Fast Charging,"6.78 inches, 720 x 1576 px, 120 Hz Display with Punch Hole",8 MP Rear & 8 MP Front Camera,"Memory Card Supported, upto 2 TB",Android v16
Lava Bold N2 5G,"₹13,499",,"Dual Sim, 5G, VoLTE, Wi-Fi","Unisoc T8200, Octa Core Processor","4 GB RAM, 64 GB inbuilt",6000 mAh Battery with 18W Fast Charging,"6.75 inches, 720 x 1600 px, 120 Hz Display with Water Drop Notch",13 MP Dual Rear & 5 MP Front Camera,"Memory Card Supported, upto 1 TB",Android v16
POCO C81,"₹11,963",,"Dual Sim, 4G, VoLTE, Wi-Fi","Unisoc T7250, Octa Core, 1.8 GHz Processor","4 GB RAM, 64 GB inbuilt",6300 mAh Battery with 15W Fast Charging,"6.9 inches, 720 x 1600 px, 120 Hz Display with Water Drop Notch",13 MP Rear & 8 MP Front Camera,"Memory Card Supported, upto 2 TB",Android v16
POCO C81x,"₹10,918",,"Dual Sim, 4G, VoLTE, Wi-Fi","Unisoc T7250, Octa Core, 1.8 GHz Processor","3 GB RAM, 64 GB inbuilt",5200 mAh Battery with 15W Fast Charging,"6.88 inches, 720 x 1640 px, 120 Hz Display with Water Drop Notch",13 MP Rear & 8 MP Front Camera,"Memory Card Supported, upto 2 TB",Android v15
Xiaomi Redmi A7 4G,"₹12,445",,"Dual Sim, 4G, VoLTE, Wi-Fi","Unisoc T7250, Octa Core, 1.8 GHz Processor","3 GB RAM, 64 GB inbuilt",5200 mAh Battery with 15W Fast Charging,"6.88 inches, 1640 x 720 px, 120 Hz Display with Water Drop Notch",13 MP Rear & 8 MP Front Camera,"Memory Card Supported, upto 2 TB",Android v15
Ai+ Nova 2,"₹13,627",53,"Dual Sim, 5G, VoLTE, Wi-Fi","Unisoc T8200, Octa Core, 2.3 GHz Processor","4 GB RAM, 64 GB inbuilt",6000 mAh Battery with 18W Fast Charging,"6.74 inches, 720 x 1600 px, 120 Hz Display with Punch Hole",50 MP Rear & 8 MP Front Camera,"Memory Card Supported, upto 1 TB",Android v16
Lava Hero Shakti 2026,₹956,,Dual Sim,1.5 MHz Processor,"4 MB RAM, 32 GB inbuilt",1000 mAh Battery,"1.8 inches, 160 x 128 px Display",No Rear Camera,Memory Card (Hybrid),
Realme 16 5G (12GB RAM + 256GB),"₹40,999",71,"Dual Sim, 5G, VoLTE, Wi-Fi","Dimensity 6400 Turbo, Octa Core, 2.5 GHz Processor","12 GB RAM, 256 GB inbuilt",7000 mAh Battery with 60W Fast Charging,"6.57 inches, 1080 x 2372 px, 120 Hz Display with Punch Hole",50 MP + 2 MP Dual Rear & 50 MP Front Camera,Memory Card (Hybrid),Android v16
Realme P4 Lite 5G (6GB RAM + 128GB),"₹21,599",50,"Dual Sim, 5G, VoLTE, Wi-Fi","Dimensity 6300, Octa Core, 2.4 GHz Processor","6 GB RAM, 128 GB inbuilt",7000 mAh Battery with 15W Fast Charging,"6.81 inches, 720 x 1570 px, 144 Hz Display with Punch Hole",13 MP Rear & 5 MP Front Camera,Memory Card (Hybrid),Android v16
Realme P4 Lite 4G (4GB RAM + 128GB),"₹13,999",,"Dual Sim, 4G, Wi-Fi","Unisoc T7250, Octa Core, 1.8 GHz Processor","4 GB RAM, 128 GB inbuilt",6300 mAh Battery with 15W Fast Charging,"6.74 inches, 720 x 1600 px Display",13 MP Rear & 5 MP Front Camera,Memory Card Supported,Android v15
iQOO Z10 Lite 5G (4GB RAM + 64GB),"₹16,999",50,"Dual Sim, 5G, VoLTE, Wi-Fi","Dimensity 6300, Octa Core, 2.4 GHz Processor","4 GB RAM, 64 GB inbuilt",6000 mAh Battery with 15W Fast Charging,"6.74 inches, 720 x 1600 px, 90 Hz Display",50 MP + 2 MP Dual Rear & 5 MP Front Camera,Android v15,Bluetooth
MTR M16 Pro,"₹6,400",,"Dual Sim, 4G, Wi-Fi","Helio, 512 MHz Processor","3 GB RAM, 32 MB inbuilt",2000 mAh Battery,"4 inches, 480 x 640 px Display with Punch Hole",5 MP Rear Camera,Android v13.0,Bluetooth
Vivo Y19s 5G (4GB RAM + 128GB),"₹20,799",50,"Dual Sim, 5G, VoLTE, Wi-Fi","Dimensity 6300, Octa Core, 2.4 GHz Processor","4 GB RAM, 128 GB inbuilt",6000 mAh Battery with 15W Fast Charging,"6.74 inches, 720 x 1600 px, 90 Hz Display with Water Drop Notch",13 MP + 0.08 MP Dual Rear & 5 MP Front Camera,Memory Card Supported,Android v15
iQOO Z10R (12GB RAM + 256GB),"₹32,999",67,"Dual Sim, 5G, VoLTE, Vo5G, Wi-Fi","Dimensity 7400, Octa Core, 2.6 GHz Processor","12 GB RAM, 256 GB inbuilt",5700 mAh Battery with 44W Fast Charging,"6.77 inches, 1080 x 2392 px, 120 Hz Display with Punch Hole",50 MP + 2 MP Dual Rear & 32 MP Front Camera,Memory Card Not Supported,Android v15
Realme C71,"₹12,599",,"Dual Sim, 4G, Wi-Fi","Unisoc UMS9230E, Octa Core, 1.8 GHz Processor","4 GB RAM, 64 GB inbuilt",6300 mAh Battery with 15W Fast Charging,"6.75 inches, 720 x 1600 px, 90 Hz Display with Water Drop Notch",13 MP Rear & 5 MP Front Camera,Memory Card Supported,Android v15
iQOO Z10 Lite 5G (6GB RAM + 128GB),"₹23,999",52,"Dual Sim, 5G, VoLTE, Wi-Fi","Dimensity 6300, Octa Core, 2.4 GHz Processor","6 GB RAM, 128 GB inbuilt",6000 mAh Battery with 15W Fast Charging,"6.74 inches, 720 x 1600 px, 90 Hz Display",50 MP + 2 MP Dual Rear & 5 MP Front Camera,Android v15,Bluetooth
Alcatel V3 Classic,"₹13,990",55,"Dual Sim, 5G, VoLTE, NFC, Wi-Fi","Dimensity 6300, Octa Core, 2.4 GHz Processor","4 GB RAM, 128 GB inbuilt",5200 mAh Battery with 18W Fast Charging,"6.67 inches, 720 x 1600 px, 120 Hz Display with Punch Hole",50 MP + 0.08 MP Dual Rear & 8 MP Front Camera,"Memory Card (Hybrid), upto 2 TB",Android v15
Oppo A5 Pro 5G,"₹29,490",58,"Dual Sim, 5G, VoLTE, Wi-Fi","Dimensity 6300, Octa Core, 2.4 GHz Processor","8 GB RAM, 128 GB inbuilt",5800 mAh Battery with 45W Fast Charging,"6.67 inches, 720 x 1604 px, 120 Hz Display with Punch Hole",50 MP + 2 MP Dual Rear & 8 MP Front Camera,Android v15,No FM Radio
Samsung Galaxy M06 (6GB RAM + 128GB),"₹18,999",,"Dual Sim, 5G, VoLTE, Wi-Fi","Dimensity 6300, Octa Core, 2.4 GHz Processor","6 GB RAM, 128 GB inbuilt",5000 mAh Battery with 25W Fast Charging,"6.74 inches, 720 x 1600 px, 90 Hz Display with Water Drop Notch",50 MP + 2 MP Dual Rear & 8 MP Front Camera,"Memory Card (Hybrid), upto 1.5 TB",Android v15
OPPO Reno 13 5G (8GB+256GB),"₹43,999",72,"Dual Sim, 5G, VoLTE, NFC, Wi-Fi, IR Blaster","Dimensity 8350, Octa Core, 3.35 GHz Processor","8 GB RAM, 256 GB inbuilt",5600 mAh Battery with 80W Fast Charging,"6.59 inches, 1256 x 2760 px, 120 Hz Display with Punch Hole",50 MP + 8 MP + 2 MP Triple Rear & 50 MP Front Camera,Android v15,No FM Radio
Realme GT 7 Pro (16GB RAM + 512GB),"₹65,999",,"Dual Sim, 5G, VoLTE, NFC, Wi-Fi, IR Blaster","Snapdragon 8 Elite, Octa Core, 4.32 GHz Processor","16 GB RAM, 512 GB inbuilt",5800 mAh Battery with 120W Fast Charging,"6.78 inches, 1264 x 2780 px, 120 Hz Display with Punch Hole",50 MP + 50 MP + 8 MP Triple Rear & 16 MP Front Camera,Memory Card Not Supported,Android v15
Nokia 6310 (2024),"₹3,499",,Dual Sim,Unisoc 6531F,"8 MB RAM, 16 MB inbuilt",1450 mAh Battery,"2.8 inches, 240 x 320 px Display",0.3 MP Rear Camera,"Memory Card Supported, upto 32 GB",S30+
OPPO A3x 4G,"₹17,900",,"Dual Sim, 4G, VoLTE, Wi-Fi","Snapdragon 6s Gen1 4G, Octa Core Processor","4 GB RAM, 64 GB inbuilt",5100 mAh Battery with 45W Fast Charging,"6.67 inches, 720 x 1604 px, 90 Hz Display with Punch Hole",8 MP Dual Rear & 5 MP Front Camera,Memory Card (Hybrid),Android v14
OPPO F27 5G,"₹26,499",61,"Dual Sim, 5G, VoLTE, Wi-Fi","Dimensity 6300, Octa Core, 2.4 GHz Processor","8 GB RAM, 128 GB inbuilt",5000 mAh Battery with 45W Fast Charging,"6.67 inches, 1080 x 2412 px, 120 Hz Display with Punch Hole",50 MP + 2 MP Dual Rear & 32 MP Front Camera,"Memory Card (Hybrid), upto 2 TB",Android v14
Samsung Galaxy M35 5G (8GB RAM + 128GB),"₹30,999",61,"Dual Sim, 5G, VoLTE, NFC, Wi-Fi","Exynos 1380, Octa Core, 2.4 GHz Processor","8 GB RAM, 128 GB inbuilt",6000 mAh Battery with 25W Fast Charging,"6.6 inches, 1080 x 2340 px, 120 Hz Display with Punch Hole",50 MP + 8 MP + 2 MP Triple Rear & 13 MP Front Camera,"Memory Card (Hybrid), upto 1 TB",Android v14
Vivo Y58 5G,"₹29,999",59,"Dual Sim, 5G, VoLTE, Wi-Fi","Snapdragon 4 Gen2, Octa Core, 2.2 GHz Processor","8 GB RAM, 128 GB inbuilt",6000 mAh Battery with 44W Fast Charging,"6.72 inches, 1080 x 2408 px, 120 Hz Display with Punch Hole",50 MP + 2 MP Dual Rear & 8 MP Front Camera,"Memory Card (Hybrid), upto 1 TB",Android v14
Samsung Galaxy M55 (8GB RAM + 256GB),"₹31,999",66,"Dual Sim, 5G, VoLTE, NFC, Wi-Fi","Snapdragon 7 Gen1, Octa Core, 2.4 GHz Processor","8 GB RAM, 256 GB inbuilt",5000 mAh Battery with 45W Fast Charging,"6.67 inches, 1080 x 2400 px, 120 Hz Display with Punch Hole",50 MP + 8 MP + 2 MP Triple Rear & 50 MP Front Camera,"Memory Card (Hybrid), upto 1 TB",Android v14
itel Power 450,"₹1,699",,Dual Sim,2500 mAh Battery,"2.4 inches, 240 x 320 px Display",0.3 MP Rear Camera,"Memory Card Supported, upto 32 GB",Nucleus,Bluetooth,
Xiaomi Redmi Note 13 Pro 5G (8GB RAM + 256GB),"₹30,999",67,"Dual Sim, 5G, VoLTE, Wi-Fi, IR Blaster","Snapdragon 7s Gen 2, Octa Core, 2.4 GHz Processor","8 GB RAM, 256 GB inbuilt",5100 mAh Battery with 67W Fast Charging,"6.67 inches, 1220 x 2712 px, 120 Hz Display with Punch Hole",200 MP + 8 MP + 2 MP Triple Rear & 16 MP Front Camera,Android v13,No FM Radio
Nokia 105 Classic 2023,"₹1,029",,Single Sim,"4 MB RAM, 4 MB inbuilt",800 mAh Battery,"1.77 inches, 128 x 160 px Display",No Rear Camera,S30+,,
Samsung Galaxy S23 FE 5G (8GB RAM + 256GB),"₹84,999",70,"Dual Sim, 5G, VoLTE, Vo5G, NFC, Wi-Fi","Exynos 2200, Octa Core, 2.8 GHz Processor","8 GB RAM, 256 GB inbuilt",4500 mAh Battery with 25W Fast Charging,"6.4 inches, 1080 x 2340 px, 120 Hz Display with Punch Hole",50 MP + 12 MP + 8 MP Triple Rear & 10 MP Front Camera,Memory Card Not Supported,Android v13
Motorola Edge 40 Neo (12GB RAM + 256GB),"₹29,499",66,"Dual Sim, 5G, VoLTE, NFC, Wi-Fi","Dimensity 7030, Octa Core, 2.5 GHz Processor","12 GB RAM, 256 GB inbuilt",5000 mAh Battery with 68W Fast Charging,"6.55 inches, 1080 x 2400 px, 144 Hz Display with Punch Hole",50 MP + 13 MP Dual Rear & 32 MP Front Camera,Android v13,No FM Radio
Apple iPhone 15 Pro Max (1TB),"₹1,99,900",74,"Dual Sim, 5G, VoLTE, NFC, Wi-Fi","Bionic A17 Pro, Hexa Core, 3.78 GHz Processor","8 GB RAM, 1 TB inbuilt",4441 mAh Battery with Fast Charging,"6.7 inches, 1290 x 2796 px, 120 Hz Display with Dynamic Island",48 MP + 12 MP + 12 MP Triple Rear & 12 MP Front Camera,Memory Card Not Supported,iOS v17
Jio Bharat K1 Karbonn,"₹1,249",,"Single Sim, 4G, VoLTE",No Wifi,ASR,"512 MB RAM, 4 GB inbuilt",1000 mAh Battery,"1.77 inches, 240 x 320 px Display",0.3 MP Rear Camera,"Memory Card Supported, upto 128 GB"
Samsung Galaxy A54 5G,"₹41,999",70,"Dual Sim, 5G, VoLTE, NFC, Wi-Fi","Exynos 1380, Octa Core, 2.4 GHz Processor","8 GB RAM, 128 GB inbuilt",5000 mAh Battery with 25W Fast Charging,"6.4 inches, 1080 x 2340 px, 120 Hz Display with Punch Hole",50 MP + 12 MP + 5 MP Triple Rear & 32 MP Front Camera,"Memory Card (Hybrid), upto 1 TB",Android v13
Samsung Galaxy A34 5G (8GB RAM + 256GB),"₹39,499",67,"Dual Sim, 5G, VoLTE, NFC, Wi-Fi","Dimensity 1080, Octa Core, 2.6 GHz Processor","8 GB RAM, 256 GB inbuilt",5000 mAh Battery with 25W Fast Charging,"6.6 inches, 1080 x 2340 px, 120 Hz Display with Water Drop Notch",48 MP + 8 MP + 5 MP Triple Rear & 13 MP Front Camera,"Memory Card (Hybrid), upto 1 TB",Android v13
OnePlus 11 (16GB RAM + 256GB),"₹61,999",76,"Dual Sim, 5G, VoLTE, NFC, Wi-Fi","Snapdragon 8 Gen2, Octa Core, 3.2 GHz Processor","16 GB RAM, 256 GB inbuilt",5000 mAh Battery with 100W Fast Charging,"6.7 inches, 1440 x 3216 px, 120 Hz Display with Punch Hole",50 MP + 48 MP + 32 MP Triple Rear & 16 MP Front Camera,Memory Card Not Supported,Android v13
Samsung Galaxy A14 5G (6GB RAM + 128GB),"₹20,999",53,"Dual Sim, 5G, VoLTE, Wi-Fi","Exynos 1330, Octa Core, 2.4 GHz Processor","6 GB RAM, 128 GB inbuilt",5000 mAh Battery with 15W Fast Charging,"6.6 inches, 1080 x 2408 px, 90 Hz Display with Water Drop Notch",50 MP + 2 MP + 2 MP Triple Rear & 13 MP Front Camera,"Memory Card Supported, upto 1 TB",Android v13
Google Pixel 7 5G,"₹30,999",66,"Dual Sim, 5G, VoLTE, NFC, Wi-Fi","Tensor G2, Octa Core, 2.85 GHz Processor","8 GB RAM, 128 GB inbuilt",4355 mAh Battery with 30W Fast Charging,"6.3 inches, 1080 x 2400 px, 90 Hz Display with Punch Hole",50 MP + 12 MP Dual Rear & 10.8 MP Front Camera,Android v13,No FM Radio
OPPO A17,"₹14,999",,"Dual Sim, 4G, VoLTE, Wi-Fi","Helio G35, Octa Core, 2.3 GHz Processor","4 GB RAM, 64 GB inbuilt",5000 mAh Battery with Fast Charging,"6.56 inches, 720 x 1612 px Display with Water Drop Notch",50 MP + 2 MP Dual Rear & 5 MP Front Camera,"Memory Card Supported, upto 1 TB",Android v12
Motorola Moto G32,"₹14,999",,"Dual Sim, 4G, VoLTE, Wi-Fi","Snapdragon 680, Octa Core, 2.4 GHz Processor","4 GB RAM, 64 GB inbuilt",5000 mAh Battery with 33W Fast Charging,"6.55 inches, 1080 x 2400 px, 90 Hz Display with Punch Hole",50 MP + 8 MP + 2 MP Triple Rear & 16 MP Front Camera,"Memory Card (Hybrid), upto 1 TB",Android v12
Poco M4 5G,"₹14,999",53,"Dual Sim, 5G, VoLTE, Wi-Fi, IR Blaster","Dimensity 700 5G, Octa Core, 2.2 GHz Processor","4 GB RAM, 64 GB inbuilt",5000 mAh Battery with 18W Fast Charging,"6.58 inches, 1080 x 2400 px, 90 Hz Display with Water Drop Notch",50 MP + 2 MP Dual Rear & 8 MP Front Camera,"Memory Card Supported, upto 512 GB",Android v12
iQOO 9 Pro 5G (12GB RAM + 256GB),"₹49,999",72,"Dual Sim, 5G, VoLTE, NFC, Wi-Fi","Snapdragon 8 Gen1, Octa Core, 3 GHz Processor","12 GB RAM, 256 GB inbuilt",4700 mAh Battery with 120W Fast Charging,"6.78 inches, 1440 x 3200 px, 120 Hz Display with Punch Hole",50 MP + 50 MP + 16 MP Triple Rear & 16 MP Front Camera,Android v12,No FM Radio
OPPO Reno7 5G,"₹39,999",64,"Dual Sim, 5G, VoLTE, NFC, Wi-Fi","Dimensity 900, Octa Core, 2 GHz Processor","8 GB RAM, 256 GB inbuilt",4500 mAh Battery with 65W Fast Charging,"6.43 inches, 1080 x 2400 px, 90 Hz Display with Punch Hole",64 MP + 8 MP + 2 MP Triple Rear & 32 MP Front Camera,"Memory Card Supported, upto 1 TB",Android v11
Infinix Hot 11,"₹9,999",,"Dual Sim, 4G, VoLTE, Wi-Fi","Helio G70, Octa Core, 2 GHz Processor","4 GB RAM, 64 GB inbuilt",5200 mAh Battery,"6.6 inches, 1080 x 2408 px Display with Water Drop Notch",13 MP Dual Rear & 8 MP Front Camera,"Memory Card Supported, upto 256 GB",Android v11
Realme 2 (3GB RAM + 32GB),"₹9,990",,"Dual Sim, 4G, VoLTE, Wi-Fi","Snapdragon 450, Octa Core, 1.8 GHz Processor","3 GB RAM, 32 GB inbuilt",4230 mAh Battery,"6.2 inches, 720 x 1520 px Display with Small Notch",13 MP + 2 MP Dual Rear & 8 MP Front Camera,"Memory Card Supported, upto 256 GB",Android v8.1 (Oreo)
Xiaomi Redmi Y2,"₹10,499",,"Dual Sim, 4G, VoLTE, Wi-Fi, IR Blaster","Snapdragon 625, Octa Core, 2 GHz Processor","3 GB RAM, 32 GB inbuilt",3080 mAh Battery,"5.99 inches, 720 x 1440 px Display",12 MP + 5 MP Dual Rear & 16 MP Front Camera,"Memory Card Supported, upto 128 GB",Android v8.1 (Oreo)
Lava Bold N2 5G (4GB RAM + 128GB),"₹14,499",,"Dual Sim, 5G, VoLTE, Wi-Fi","Unisoc T8200, Octa Core Processor","4 GB RAM, 128 GB inbuilt",6000 mAh Battery with 18W Fast Charging,"6.75 inches, 720 x 1600 px, 120 Hz Display with Water Drop Notch",13 MP Dual Rear & 5 MP Front Camera,"Memory Card Supported, upto 1 TB",Android v16
Jmax Hero Plus,₹999,,Dual Sim,"Single Core, 1.3 MHz Processor","32 MB RAM, 32 MB inbuilt",3000 mAh Battery,1.8 inches Display,1 MP Rear Camera,,
iQOO Z11 5G (12GB RAM + 256GB),"₹49,999",75,"Dual Sim, 5G, VoLTE, Wi-Fi, IR Blaster","Dimensity 7500 Turbo, Octa Core, 2.6 GHz Processor","12 GB RAM, 256 GB inbuilt",7050 mAh Battery with 44W Fast Charging,"6.83 inches, 1260 x 2800 px, 144 Hz Display with Punch Hole",50 MP + 8 MP Dual Rear & 32 MP Front Camera,Memory Card Not Supported,Android v16
Ringme Bold 16 Pro,"₹9,899",,"Dual Sim, 4G, VoLTE, Wi-Fi",Dual Core Processor,"4 GB RAM, 64 GB inbuilt",3900 mAh Battery,"6.61 inches, 128 x 160 px Display",13 MP Rear Camera,"Memory Card (Hybrid), upto 128 GB",Bluetooth
itel Zeno 100 Lite,"₹8,599",,"Dual Sim, 4G, Wi-Fi, IR Blaster",Octa Core Processor,"2 GB RAM, 64 GB inbuilt",5000 mAh Battery with Fast Charging,"6.6 inches, 720 x 1612 px, 90 Hz Display with Water Drop Notch",8 MP Rear & 5 MP Front Camera,Memory Card Supported,Android v15
Ai+ Nova 2 5G (4GB RAM + 128GB),"₹14,499",53,"Dual Sim, 5G, VoLTE, Wi-Fi","Unisoc T8200, Octa Core, 2.3 GHz Processor","4 GB RAM, 128 GB inbuilt",6000 mAh Battery with 18W Fast Charging,"6.74 inches, 720 x 1600 px, 120 Hz Display with Punch Hole",50 MP Rear & 8 MP Front Camera,"Memory Card Supported, upto 1 TB",Android v16
Peace Nova 17 Pro 4G (6GB RAM + 64GB),"₹8,988",,"Dual Sim, 4G, VoLTE, Wi-Fi","MTK6739, Single Core Processor","6 GB RAM, 64 GB inbuilt",5000 mAh Battery,"6.56 inches, 1640 x 720 px Display",20 MP Rear & 8 MP Front Camera,"Memory Card (Hybrid), upto 128 GB",No FM Radio
Ringme Bold 16 Pro (6GB RAM + 64GB),"₹12,018",,"Dual Sim, 4G, VoLTE, Wi-Fi",Dual Core Processor,"6 GB RAM, 64 GB inbuilt",3900 mAh Battery,"6.61 inches, 128 x 160 px Display",13 MP Rear Camera,"Memory Card (Hybrid), upto 128 GB",Bluetooth
Realme Narzo 100 Lite 5G (4GB RAM + 128GB),"₹17,880",50,"Dual Sim, 5G, VoLTE, Wi-Fi","Dimensity 6300, Octa Core, 2.4 GHz Processor","4 GB RAM, 128 GB inbuilt",7000 mAh Battery with 15W Fast Charging,"6.8 inches, 720 x 1570 px, 144 Hz Display with Water Drop Notch",13 MP Dual Rear & 5 MP Front Camera,"Memory Card (Hybrid), upto 2 TB",Android v16
Oppo F33 5G (8GB RAM + 128GB),"₹36,998",64,"Dual Sim, 5G, VoLTE, Wi-Fi, IR Blaster","Dimensity 6360 MAX, Octa Core Processor","8 GB RAM, 128 GB inbuilt",7000 mAh Battery with 80W Fast Charging,"6.57 inches, 1080 x 2372 px, 120 Hz Display with Punch Hole",50 MP + 2 MP Dual Rear & 16 MP Front Camera,Memory Card (Hybrid),Android v16
Wobble One,"₹27,999",66,"Dual Sim, 5G, VoLTE, Wi-Fi","Dimensity 7400, Octa Core, 2.6 GHz Processor","8 GB RAM, 128 GB inbuilt",5000 mAh Battery with 33W Fast Charging,"6.67 inches, 1080 x 1920 px, 120 Hz Display with Punch Hole",50 MP + 8 MP + 2 MP Triple Rear & 50 MP Front Camera,Android v15,No FM Radio
Lava Bold N2,"₹9,999",,"Dual Sim, 4G, VoLTE, Wi-Fi","UNISOC 9863a, Octa Core Processor","4 GB RAM, 64 GB inbuilt",5000 mAh Battery with 10W Fast Charging,"6.75 inches, 720 x 1600 px, 90 Hz Display with Water Drop Notch",13 MP Dual Rear & 5 MP Front Camera,"Memory Card Supported, upto 256 GB",Android 15 Go
Realme Narzo 90x (4GB+128GB),"₹19,499",57,"Dual Sim, 5G, VoLTE, Wi-Fi","Dimensity 6300, Octa Core, 2.4 GHz Processor","4 GB RAM, 128 GB inbuilt",7000 mAh Battery with 60W Fast Charging,"6.8 inches, 720 x 1570 px, 144 Hz Display with Punch Hole",50 MP + 2 MP Dual Rear & 8 MP Front Camera,"Memory Card (Hybrid), upto 2 TB",Android v15
Lava Shark 5G (4GB RAM + 128GB),"₹14,999",,"Dual Sim, 5G, VoLTE, Wi-Fi","Unisoc T765, Octa Core Processor","4 GB RAM, 128 GB inbuilt",5000 mAh Battery with Fast Charging,"6.75 inches, 720 x 1600 px, 90 Hz Display with Punch Hole",13 MP Rear & 5 MP Front Camera,"Memory Card Supported, upto 1 TB",Android v15
Samsung Galaxy M17 5G (8GB RAM + 128GB),"₹26,499",57,"Dual Sim, 5G, VoLTE, NFC, Wi-Fi","Exynos 1330, Octa Core, 2.4 GHz Processor","8 GB RAM, 128 GB inbuilt",5000 mAh Battery with 25W Fast Charging,"6.7 inches, 1080 x 2340 px, 90 Hz Display with Water Drop Notch",50 MP + 5 MP + 2 MP Triple Rear & 13 MP Front Camera,"Memory Card (Hybrid), upto 2 TB",Android v15
Google Pixel 10 Pro Fold,"₹1,62,999",,"Dual Sim, 5G, VoLTE, NFC, eSIM, Wi-Fi","Tensor G5, Octa Core, 3.78 GHz Processor","16 GB RAM, 256 GB inbuilt",5015 mAh Battery with 30W Fast Charging,"8 inches, 2076 x 2152 px, 120 Hz Display with Punch Hole","Foldable Display, Dual Display",48 MP + 10.8 MP + 10.5 MP Triple Rear & 10 MP + 10 MP Dual Front Camera,Android v16
Realme 15x 5G (8GB RAM + 256GB),"₹27,999",62,"Dual Sim, 5G, VoLTE, Wi-Fi","Dimensity 6300, Octa Core, 2.4 GHz Processor","8 GB RAM, 256 GB inbuilt",7000 mAh Battery with 60W Fast Charging,"6.81 inches, 720 x 1570 px, 144 Hz Display with Punch Hole",50 MP + 2 MP Dual Rear & 50 MP Front Camera,Memory Card (Hybrid),Android v15
Realme 15 5G (8GB RAM + 256GB),"₹31,999",66,"Dual Sim, 5G, VoLTE, Wi-Fi","Dimensity 7300 Plus, Octa Core Processor","8 GB RAM, 256 GB inbuilt",7000 mAh Battery with 80W Fast Charging,"6.8 inches, 1280 x 2800 px, 144 Hz Display with Punch Hole",50 MP + 8 MP Dual Rear & 50 MP Front Camera,Android v15,No FM Radio
Realme 15 5G (12GB RAM + 256GB),"₹33,499",67,"Dual Sim, 5G, VoLTE, Wi-Fi","Dimensity 7300 Plus, Octa Core Processor","12 GB RAM, 256 GB inbuilt",7000 mAh Battery with 80W Fast Charging,"6.8 inches, 1280 x 2800 px, 144 Hz Display with Punch Hole",50 MP + 8 MP Dual Rear & 50 MP Front Camera,Android v15,No FM Radio
Samsung Galaxy Z Fold 7 (12GB RAM + 512GB),"₹1,86,999",,"Dual Sim, 5G, VoLTE, Vo5G, NFC, eSIM, Wi-Fi","Snapdragon 8 Elite for Galaxy, Octa Core, 4.47 GHz Processor","12 GB RAM, 512 GB inbuilt",4400 mAh Battery with 25W Fast Charging,"8 inches, 1968 x 2184 px, 120 Hz Display with Punch Hole","Foldable Display, Dual Display",200 MP + 12 MP + 10 MP Triple Rear & 10 MP + 10 MP Dual Front Camera,Android v16
Snexian Rock Fold Mini,"₹1,774",,Dual Sim,1.77 MHz Processor,"32 MB RAM, 32 MB inbuilt",2500 mAh Battery,"2.8 inches, 320 x 420 px Display",0.3 MP Rear Camera,"Memory Card Supported, upto 16 GB",Bluetooth
Acer Super ZX 5G  (8GB RAM + 128GB),"₹19,499",53,"Dual Sim, 5G, VoLTE, Wi-Fi","Dimensity 6300, Octa Core, 2.4 GHz Processor","8 GB RAM, 128 GB inbuilt",5000 mAh Battery with 33W Fast Charging,"6.8 inches, 1080 x 2400 px, 120 Hz Display with Punch Hole",64 MP + 2 MP + 2 MP Triple Rear & 13 MP Front Camera,Android v15,Bluetooth
Realme 14T 5G,"₹28,990",61,"Dual Sim, 5G, VoLTE, Wi-Fi","Dimensity 6300, Octa Core, 2.4 GHz Processor","8 GB RAM, 128 GB inbuilt",6000 mAh Battery with 45W Fast Charging,"6.67 inches, 1080 x 2400 px, 120 Hz Display with Punch Hole",50 MP + 2 MP Dual Rear & 16 MP Front Camera,"Memory Card (Hybrid), upto 2 TB",Android v15
HMD 150 Music (2025),"₹2,249",,Dual Sim,No Wifi,Unisoc 6531F,"8 MB RAM, 8 MB inbuilt",2500 mAh Battery,"2.4 inches, 240 x 320 px Display",QVGA Rear Camera,"Memory Card Supported, upto 32 GB"
OPPO Reno 13 Pro 5G (12GB RAM + 512GB),"₹60,999",,"Dual Sim, 5G, VoLTE, NFC, Wi-Fi, IR Blaster","Dimensity 8350, Octa Core, 3.35 GHz Processor","12 GB RAM, 512 GB inbuilt",5800 mAh Battery with 80W Fast Charging,"6.83 inches, 1272 x 2800 px, 120 Hz Display with Punch Hole",50 MP + 50 MP + 8 MP Triple Rear & 50 MP Front Camera,Android v15,No FM Radio
Amaq Q1 4G,"₹3,300",,"Dual Sim, 4G",512 MB RAM,3500 mAh Battery,2.8 inches Display,0.6 MP Rear Camera,"Memory Card Supported, upto 32 GB",Bluetooth,
Oppo Find X8 5G,"₹79,999",,"Dual Sim, 5G, VoLTE, NFC, Wi-Fi, IR Blaster","Dimensity 9400, Octa Core, 3.63 GHz Processor","12 GB RAM, 256 GB inbuilt",5630 mAh Battery with 80W Fast Charging,"6.59 inches, 1256 x 2760 px, 120 Hz Display with Punch Hole",50 MP + 50 MP + 50 MP Triple Rear & 32 MP Front Camera,Android v15,No FM Radio
Micromax X1i Smart Plus,₹998,,Dual Sim,"Single Core, 1.2 MHz Processor","32 MB RAM, 32 MB inbuilt",1750 mAh Battery,"2.4 inches, 320 x 240 px Display",0.08 MP Rear Camera,Memory Card Supported,
Micromax X1i Flip,"₹1,199",,Dual Sim,"Single Core, 1.2 MHz Processor","32 MB RAM, 32 MB inbuilt",1200 mAh Battery,"2.4 inches, 320 x 240 px Display",0.08 MP Rear Camera,Memory Card Supported,Nucleus OS
Karbonn Jio Bharat A1,"₹1,949",,"Single Sim, 4G, VoLTE",1 MHz Processor,"50 MB RAM, 50 MB inbuilt",2000 mAh Battery,"2.4 inches, 240 x 320 px Display",0.03 MP Rear Camera,Memory Card Supported,No FM Radio
Samsung Galaxy A55 5G (8GB RAM + 256GB),"₹44,999",64,"Dual Sim, 5G, VoLTE, NFC, eSIM, Wi-Fi","Exynos 1480, Octa Core, 2.7 GHz Processor","8 GB RAM, 256 GB inbuilt",5000 mAh Battery with 25W Fast Charging,"6.6 inches, 1080 x 2340 px, 120 Hz Display with Punch Hole",50 MP + 12 MP + 5 MP Triple Rear & 32 MP Front Camera,"Memory Card (Hybrid), upto 1 TB",Android v14
Realme 12 Plus 5G,"₹20,999",61,"Dual Sim, 5G, VoLTE, Wi-Fi","Dimensity 7050, Octa Core, 2.6 GHz Processor","8 GB RAM, 128 GB inbuilt",5000 mAh Battery with 67W Fast Charging,"6.67 inches, 1080 x 2400 px, 120 Hz Display with Punch Hole",50 MP + 8 MP + 2 MP Triple Rear & 16 MP Front Camera,"Memory Card (Hybrid), upto 2 TB",Android v14
Realme 12 Pro 5G (8GB RAM + 256GB),"₹31,990",61,"Dual Sim, 5G, VoLTE, Wi-Fi","Snapdragon 6 Gen1, Octa Core, 2.2 GHz Processor","8 GB RAM, 256 GB inbuilt",5000 mAh Battery with 67W Fast Charging,"6.7 inches, 1080 x 2412 px, 120 Hz Display with Punch Hole",50 MP + 32 MP + 8 MP Triple Rear & 16 MP Front Camera,Android v14,No FM Radio
Samsung Galaxy S21 FE (Snapdragon + 8GB RAM + 128GB),"₹69,999",70,"Dual Sim, 5G, VoLTE, NFC, Wi-Fi","Snapdragon 888, Octa Core, 2.84 GHz Processor","8 GB RAM, 128 GB inbuilt",4500 mAh Battery with 25W Fast Charging,"6.4 inches, 1080 x 2340 px, 120 Hz Display with Punch Hole",12 MP + 12 MP + 8 MP Triple Rear & 32 MP Front Camera,Memory Card Not Supported,Android v13
Jio Bharat B1 4G,"₹2,599",,"Single Sim, 4G, VoLTE",No Wifi,"512 MB RAM, 4 GB inbuilt",2000 mAh Battery,"2.4 inches, 240 x 320 px Display",0.3 MP Rear Camera,"Memory Card Supported, upto 128 GB",Bluetooth
Lava Yuva 2,"₹8,399",,"Dual Sim, 4G, VoLTE, Wi-Fi","Unisoc T606, Octa Core, 2 GHz Processor","3 GB RAM, 64 GB inbuilt",5000 mAh Battery with 10W Fast Charging,"6.5 inches, 1600 x 720 px, 90 Hz Display with Water Drop Notch",13 MP Dual Rear & 5 MP Front Camera,"Memory Card (Hybrid), upto 512 GB",Android v12
OPPO Reno 10 Pro,"₹41,900",68,"Dual Sim, 5G, VoLTE, NFC, Wi-Fi, IR Blaster","Snapdragon 778G, Octa Core, 2.4 GHz Processor","12 GB RAM, 256 GB inbuilt",4600 mAh Battery with 80W Fast Charging,"6.7 inches, 1080 x 2412 px, 120 Hz Display with Punch Hole",50 MP + 32 MP + 8 MP Triple Rear & 32 MP Front Camera,Android v13,No FM Radio
Samsung Galaxy M34 5G,"₹29,999",62,"Dual Sim, 5G, VoLTE, NFC, Wi-Fi","Exynos 1280 , Octa Core, 2.4 GHz Processor","6 GB RAM, 128 GB inbuilt",6000 mAh Battery with 25W Fast Charging,"6.5 inches, 1080 x 2340 px, 120 Hz Display with Water Drop Notch",50 MP + 8 MP + 2 MP Triple Rear & 13 MP Front Camera,"Memory Card (Hybrid), upto 1 TB",Android v13
Xiaomi Redmi Note 12 4G,"₹18,999",55,"Dual Sim, 4G, VoLTE, Wi-Fi, IR Blaster","Snapdragon 685, Octa Core, 2.8 GHz Processor","6 GB RAM, 64 GB inbuilt",5000 mAh Battery with 33W Fast Charging,"6.67 inches, 1080 x 2400 px, 120 Hz Display with Punch Hole",50 MP + 8 MP + 2 MP Triple Rear & 13 MP Front Camera,"Memory Card (Hybrid), upto 1 TB",Android v13
Samsung Galaxy F14 5G (6GB RAM + 128GB),"₹18,490",52,"Dual Sim, 5G, VoLTE, Wi-Fi","Exynos 1330, Octa Core Processor","6 GB RAM, 128 GB inbuilt",6000 mAh Battery with 25W Fast Charging,"6.6 inches, 2408 x 1080 px Display with Water Drop Notch",50 MP + 2 MP Dual Rear & 13 MP Front Camera,"Memory Card Supported, upto 1 TB",Android v13
Poco X5 Pro,"₹24,499",63,"Dual Sim, 5G, VoLTE, Wi-Fi, IR Blaster","Snapdragon 778G, Octa Core, 2.4 GHz Processor","6 GB RAM, 128 GB inbuilt",5000 mAh Battery with 67W Fast Charging,"6.67 inches, 1080 x 2400 px, 120 Hz Display with Punch Hole",108 MP + 8 MP + 2 MP Triple Rear & 16 MP Front Camera,Memory Card Not Supported,Android v12
Xiaomi Redmi Note 12 Pro Plus,"₹33,999",68,"Dual Sim, 5G, VoLTE, Wi-Fi, IR Blaster","Dimensity 1080, Octa Core, 2.6 GHz Processor","8 GB RAM, 256 GB inbuilt",4980 mAh Battery with 120W Fast Charging,"6.67 inches, 1080 x 2400 px, 120 Hz Display with Punch Hole",200 MP + 8 MP + 2 MP Triple Rear & 16 MP Front Camera,Memory Card Not Supported,Android v12
Samsung Galaxy Z Flip 4 5G,"₹54,991",74,"Dual Sim, 5G, VoLTE, NFC, eSIM, Wi-Fi","Snapdragon  8+ Gen1, Octa Core, 3.2 GHz Processor","8 GB RAM, 128 GB inbuilt",3700 mAh Battery with 25W Fast Charging,"6.7 inches, 1080 x 2640 px, 120 Hz Display with Punch Hole","Foldable Display, Dual Display",12 MP + 12 MP Dual Rear & 10 MP Front Camera,Memory Card Not Supported
OPPO Reno 8 Pro 5G,"₹33,900",66,"Dual Sim, 5G, VoLTE, NFC, Wi-Fi","Dimensity 8100-Max, Octa Core, 2.85 GHz Processor","12 GB RAM, 256 GB inbuilt",4500 mAh Battery with 80W Fast Charging,"6.7 inches, 1080 x 2412 px, 120 Hz Display with Punch Hole",50 MP + 8 MP + 2 MP Triple Rear & 32 MP Front Camera,Android v12,No FM Radio
Poco X4 Pro 5G,"₹18,499",58,"Dual Sim, 5G, VoLTE, Wi-Fi, IR Blaster","Snapdragon 695 , Octa Core, 2.2 GHz Processor","6 GB RAM, 64 GB inbuilt",5000 mAh Battery with 67W Fast Charging,"6.67 inches, 1080 x 2400 px, 120 Hz Display with Punch Hole",64 MP + 8 MP + 2 MP Triple Rear & 16 MP Front Camera,"Memory Card (Hybrid), upto 1 TB",Android v11
Poco X4 Pro 5G (6GB RAM + 128GB),"₹20,499",61,"Dual Sim, 5G, VoLTE, Wi-Fi, IR Blaster","Snapdragon 695 , Octa Core, 2.2 GHz Processor","6 GB RAM, 128 GB inbuilt",5000 mAh Battery with 67W Fast Charging,"6.67 inches, 1080 x 2400 px, 120 Hz Display with Punch Hole",64 MP + 8 MP + 2 MP Triple Rear & 16 MP Front Camera,"Memory Card (Hybrid), upto 1 TB",Android v11
iQOO 9 SE 5G (12GB RAM + 256GB),"₹34,899",66,"Dual Sim, 5G, VoLTE, NFC, Wi-Fi","Snapdragon  888 , Octa Core, 2.84 GHz Processor","12 GB RAM, 256 GB inbuilt",4500 mAh Battery with 66W Fast Charging,"6.62 inches, 1080 x 2400 px, 120 Hz Display with Punch Hole",48 MP + 13 MP + 2 MP Triple Rear & 16 MP Front Camera,Android v12,No FM Radio
Realme 9 Pro Plus 5G,"₹25,999",59,"Dual Sim, 5G, VoLTE, Wi-Fi","Dimensity  920 5G, Octa Core, 2.5 GHz Processor","6 GB RAM, 128 GB inbuilt",4500 mAh Battery with 60W Fast Charging,"6.4 inches, 1080 x 2400 px, 90 Hz Display with Punch Hole",50 MP + 8 MP + 2 MP Triple Rear & 16 MP Front Camera,Memory Card Not Supported,Android v12
Motorola Moto G71 5G,"₹19,890",55,"Dual Sim, 5G, VoLTE, NFC, Wi-Fi","Snapdragon 695, Octa Core, 2.2 GHz Processor","6 GB RAM, 128 GB inbuilt",5000 mAh Battery with 33W Fast Charging,"6.4 inches, 1080 x 2400 px Display with Punch Hole",50 MP + 8 MP + 2 MP Triple Rear & 16 MP Front Camera,Memory Card Not Supported,Android v11
Karbonn KX 29,"₹1,499",,Dual Sim,"32 MB RAM, 32 MB inbuilt",2700 mAh Battery,"2.4 inches, 240 x 320 px Display",0.3 MP Rear Camera,"Memory Card Supported, upto 32 GB",Bluetooth,
Motorola Moto E40,"₹10,999",,"Dual Sim, 4G, VoLTE, Wi-Fi","Tiger T700, Octa Core, 1.8 GHz Processor","4 GB RAM, 64 GB inbuilt",5000 mAh Battery,"6.5 inches, 720 x 1600 px, 90 Hz Display with Punch Hole",48 MP + 2 MP + 2 MP Triple Rear & 8 MP Front Camera,"Memory Card Supported, upto 1 TB",Android v11
Motorola Edge 20 Fusion 5G,"₹24,999",62,"Dual Sim, 5G, VoLTE, NFC, Wi-Fi","Dimensity 800U, Octa Core, 2.4 GHz Processor","6 GB RAM, 128 GB inbuilt",5000 mAh Battery with 30W Fast Charging,"6.67 inches, 1080 x 2400 px, 90 Hz Display with Punch Hole",108 MP + 8 MP + 2 MP Triple Rear & 32 MP Front Camera,"Memory Card (Hybrid), upto 1 TB",Android v11
Xiaomi Mi 11X 5G (8GB RAM + 128GB),"₹29,999",59,"Dual Sim, 5G, VoLTE, Wi-Fi, IR Blaster","Snapdragon 870, Octa Core, 3.2 GHz Processor","8 GB RAM, 128 GB inbuilt",4520 mAh Battery with 33W Fast Charging,"6.67 inches, 1080 x 2400 px, 120 Hz Display with Punch Hole",48 MP + 8 MP + 5 MP Triple Rear & 20 MP Front Camera,Android v11,No FM Radio
OnePlus 9,"₹32,999",63,"Dual Sim, 5G, VoLTE, NFC, Wi-Fi","Snapdragon 888, Octa Core, 2.84 GHz Processor","8 GB RAM, 128 GB inbuilt",4500 mAh Battery with Fast Charging,"6.55 inches, 1080 x 2400 px, 120 Hz Display with Punch Hole",50 MP + 48 MP + 2 MP Triple Rear & 16 MP Front Camera,Memory Card Not Supported,Android v11
OnePlus 9 Pro (12GB RAM + 256GB),"₹54,999",77,"Dual Sim, 5G, VoLTE, NFC, Wi-Fi","Snapdragon 888, Octa Core, 2.84 GHz Processor","12 GB RAM, 256 GB inbuilt",4500 mAh Battery with 65W Fast Charging,"6.7 inches, 1440 x 3216 px, 120 Hz Display with Punch Hole",48 MP Quad Rear & 16 MP Front Camera,Memory Card Not Supported,Android v11
Samsung Galaxy Note 20,"₹86,000",70,"Dual Sim, 4G, VoLTE, NFC, Wi-Fi","Exynos  990, Octa Core, 2.73 GHz Processor","8 GB RAM, 256 GB inbuilt",4300 mAh Battery with 25W Fast Charging,"6.7 inches, 1080 x 2400 px Display with Punch Hole",64 MP + 12 MP + 12 MP Triple Rear & 10 MP Front Camera,Android v10,No FM Radio
Realme X3 SuperZoom Edition (12GB RAM + 256GB),"₹24,700",54,"Dual Sim, 4G, VoLTE, Wi-Fi","Snapdragon 855+, Octa Core, 2.96 GHz Processor","12 GB RAM, 256 GB inbuilt",4200 mAh Battery with 30W Fast Charging,"6.57 inches, 1080 x 2400 px, 120 Hz Display with Dual Punch Hole",64 MP Quad Rear & 32 MP + 8 MP Dual Front Camera,Memory Card Not Supported,Android v10
OnePlus 8 Pro (12GB RAM + 256GB),"₹49,999",71,"Dual Sim, 5G, VoLTE, NFC, Wi-Fi","Snapdragon 865, Octa Core, 2.84 GHz Processor","12 GB RAM, 256 GB inbuilt",4510 mAh Battery with Fast Charging,"6.78 inches, 1440 x 3168 px, 120 Hz Display with Punch Hole",48 MP Quad Rear & 16 MP Front Camera,Memory Card Not Supported,Android v10.0
Micromax X809,₹800,,Dual Sim,1 MHz Processor,"32 MB RAM, 32 MB inbuilt",1000 mAh Battery,"2.4 inches, 240 x 320 px Display",1 MP Rear Camera,No FM Radio,
Realme X,"₹17,999",,"Dual Sim, 4G, VoLTE, Wi-Fi","Snapdragon 710, Octa Core, 2.2 GHz Processor","4 GB RAM, 128 GB inbuilt",3765 mAh Battery with 20W Fast Charging,"6.53 inches, 1080 x 2340 px Display",48 MP + 5 MP Dual Rear & 16 MP Front Camera,Memory Card Not Supported,Android v9.0 (Pie)
Tecno Spark Go 3 Pro (4GB RAM + 128GB),"₹16,999",,"Dual Sim, 4G, Wi-Fi, IR Blaster","Helio G81, Octa Core, 2 GHz Processor","4 GB RAM, 128 GB inbuilt",5200 mAh Battery with 15W Fast Charging,"6.78 inches, 720 x 1526 px, 120 Hz Display with Punch Hole",13 MP Rear & 8 MP Front Camera,Memory Card Supported,Android v16
Philips E2104S,"₹1,599",,Dual Sim,"32 MB RAM, 32 MB inbuilt",1000 mAh Battery,2 inches Display,Digital Video Rear Camera,"Memory Card Supported, upto 32 GB",Bluetooth,
Lava Gem 2025,"₹1,759",,Dual Sim,100 MHz Processor,"4 MB RAM, 4 GB inbuilt",2575 mAh Battery,"2.8 inches, 320 x 240 px Display",VGA Rear Camera,No FM Radio,
Peace Honor 40 Mini,"₹7,999",,"Dual Sim, 4G, VoLTE, Wi-Fi",Single Core Processor,"4 GB RAM, 32 GB inbuilt",2000 mAh Battery,"4.5 inches, 412 x 960 px Display",8 MP Rear & 5 MP Front Camera,Android,No FM Radio
Ringme Mini 25c,₹950,,Dual Sim,No Wifi,1 MHz Processor,"32 MB RAM, 32 MB inbuilt",600 mAh Battery with Fast Charging,"0.66 inches, 240 x 320 px Display",No Rear Camera,"Memory Card (Hybrid), upto 32 TB"
Ringme Mini 26c,₹950,,Dual Sim,1 MHz Processor,"32 MB RAM, 32 MB inbuilt",600 mAh Battery with Fast Charging,"0.66 inches, 240 x 320 px Display",No Rear Camera,"Memory Card (Hybrid), upto 32 TB",Bluetooth
Ringme Bold 26 Ultra,"₹9,999",,"Dual Sim, 4G, VoLTE, Wi-Fi",Dual Core Processor,"4 GB RAM, 64 GB inbuilt",5000 mAh Battery,"6.79 inches, 1640 x 720 px Display with Punch Hole",13 MP Rear Camera,Android v12,No FM Radio
Samsung Galaxy Z Flip 8 5G (12GB RAM + 512GB),"₹1,34,999",,"Dual Sim, 5G, VoLTE, Vo5G, NFC, eSIM, Wi-Fi","Exynos 2600, Deca Core, 3.8 GHz Processor","12 GB RAM, 512 GB inbuilt",4300 mAh Battery with 25W Fast Charging,"6.9 inches, 1080 x 2520 px, 120 Hz Display with Punch Hole","Foldable Display, Dual Display",50 MP + 12 MP Dual Rear & 10 MP Front Camera,Memory Card Not Supported
Oppo A6c 4G (4GB RAM + 128GB),"₹33,999",,"Dual Sim, 4G, Wi-Fi","Unisoc T7250, Octa Core, 1.8 GHz Processor","4 GB RAM, 128 GB inbuilt",7000 mAh Battery with 15W Fast Charging,"6.75 inches, 720 x 1570 px, 120 Hz Display with Water Drop Notch",13 MP Rear & 5 MP Front Camera,Memory Card (Hybrid),Android v15
Realme Narzo 100 Lite 5G (6GB RAM + 128GB),"₹21,438",52,"Dual Sim, 5G, VoLTE, Wi-Fi","Dimensity 6300, Octa Core, 2.4 GHz Processor","6 GB RAM, 128 GB inbuilt",7000 mAh Battery with 15W Fast Charging,"6.8 inches, 720 x 1570 px, 144 Hz Display with Water Drop Notch",13 MP Dual Rear & 5 MP Front Camera,"Memory Card (Hybrid), upto 2 TB",Android v16
Realme P4 Lite 4G,"₹13,399",,"Dual Sim, 4G, Wi-Fi","Unisoc T7250, Octa Core, 1.8 GHz Processor","4 GB RAM, 64 GB inbuilt",6300 mAh Battery with 15W Fast Charging,"6.74 inches, 720 x 1600 px Display",13 MP Rear & 5 MP Front Camera,Memory Card Supported,Android v15
HMD 100 (Single Sim),₹899,,Single Sim,Unisoc 6533G,"8 MB RAM, 4 MB inbuilt",800 mAh Battery with 2.75W Fast Charging,"1.77 inches, 160 x 128 px Display",No Rear Camera,S30+​,
HMD 102,"₹1,269",,Dual Sim,"4 MB RAM, 4 MB inbuilt",1000 mAh Battery with 2.7W Fast Charging,"1.77 inches, 160 x 128 px Display",QVGA Rear Camera,"Memory Card Supported, upto 32 GB",S30+​,
Poco M8 5G (8GB RAM + 128GB),"₹26,999",61,"Dual Sim, 5G, VoLTE, Wi-Fi, IR Blaster","Snapdragon 6 Gen3, Octa Core Processor","8 GB RAM, 128 GB inbuilt",5520 mAh Battery with 45W Fast Charging,"6.77 inches, 1080 x 2392 px, 120 Hz Display with Punch Hole",50 MP + 2 MP Dual Rear & 20 MP Front Camera,"Memory Card (Hybrid), upto 1 TB",Android v15
HMD 101,"₹1,069",,Dual Sim,Unisoc 6533G,"4 MB RAM, 4 MB inbuilt",1000 mAh Battery with 2.75W Fast Charging,"1.77 inches, 160 x 128 px Display",No Rear Camera,"Memory Card Supported, upto 32 GB",S30+​
Peace Nova 17 Pro 4G,"₹9,997",,"Dual Sim, 4G, VoLTE, Wi-Fi","MTK6739, Single Core Processor","4 GB RAM, 64 GB inbuilt",5000 mAh Battery,"6.56 inches, 1640 x 720 px Display",20 MP Rear & 8 MP Front Camera,"Memory Card (Hybrid), upto 128 GB",No FM Radio
Peace Honor 20,"₹6,800",,"Dual Sim, 4G, VoLTE, Wi-Fi","Helio, Single Core, 1.3 MHz Processor","3 GB RAM, 32 GB inbuilt",2000 mAh Battery,"4.5 inches, 412 x 960 px Display",8 MP Rear & 5 MP Front Camera,Android v12,No FM Radio
Vivo Y19s 5G (4GB RAM + 64GB),"₹19,979",,"Dual Sim, 5G, VoLTE, Wi-Fi","Dimensity 6300, Octa Core, 2.4 GHz Processor","4 GB RAM, 64 GB inbuilt",6000 mAh Battery with 15W Fast Charging,"6.74 inches, 720 x 1600 px, 90 Hz Display with Water Drop Notch",13 MP + 0.08 MP Dual Rear & 5 MP Front Camera,Memory Card Supported,Android v15
Peace Mini 5,"₹3,999",,"Dual Sim, 4G, Wi-Fi","Helio, Single Core, 1.3 MHz Processor","3 GB RAM, 32 GB inbuilt",2000 mAh Battery,"3.75 inches, 412 x 960 px Display",8 MP Rear Camera,Android v12,No FM Radio
Philips E2101C,"₹1,028",,"32 MB RAM, 32 MB inbuilt",1000 mAh Battery,1.77 inches Display,No Rear Camera,"Memory Card Supported, upto 32 GB",,,
HMD Touch 4G,"₹4,049",,"Dual Sim, 4G, Wi-Fi",Unisoc T127,"128 MB RAM, 64 MB inbuilt",1950 mAh Battery,"3.2 inches, 240 x 320 px Display",2 MP Rear & 0.3 MP Front Camera,"Memory Card Supported, upto 128 MB",RTOS Touch
itel it5027 Slim,"₹1,129",,Dual Sim,208 MHz Processor,"4 MB RAM, 4 MB inbuilt",1200 mAh Battery,"2.4 inches, 240 x 320 px Display",0.3 MP Rear Camera,"Memory Card Supported, upto 32 GB",
Jmax Boost,₹599,,Dual Sim,"Spreadtrum, 1.4 MHz Processor","32 MB RAM, 32 MB inbuilt",1150 mAh Battery,"1.4 inches, 120 x 240 px Display",0.3 MP Rear Camera,"Memory Card (Hybrid), upto 16 GB",Bluetooth
Apple iPhone Air (1TB),"₹1,59,900",67,"Dual Sim, 5G, VoLTE, NFC, eSIM, Wi-Fi","Apple A19 Pro, Hexa Core Processor","8 GB RAM, 1 TB inbuilt",3149 mAh Battery with Fast Charging,"6.5 inches, 1260 x 2736 px Display with Dynamic Island",48 MP Rear & 18 MP Front Camera,Memory Card Not Supported,iOS v26
Apple iPhone Air (512GB),"₹1,39,900",66,"Dual Sim, 5G, VoLTE, NFC, eSIM, Wi-Fi","Apple A19 Pro, Hexa Core Processor","8 GB RAM, 512 GB inbuilt",3149 mAh Battery with Fast Charging,"6.5 inches, 1260 x 2736 px Display with Dynamic Island",48 MP Rear & 18 MP Front Camera,Memory Card Not Supported,iOS v26
Lava A2 Smart,"₹1,132",,Dual Sim,"Single Core, 1.5 MHz Processor","4 MB RAM, 32 MB inbuilt",1200 mAh Battery,"2.4 inches, 120 x 240 px Display",Digital Rear Camera,"Memory Card Supported, upto 32 GB",No FM Radio
Realme Narzo 80 Lite (6GB RAM + 128GB),"₹21,999",53,"Dual Sim, 5G, VoLTE, Wi-Fi","Dimensity 6300, Octa Core, 2.4 GHz Processor","6 GB RAM, 128 GB inbuilt",6000 mAh Battery with 15W Fast Charging,"6.67 inches, 720 x 1604 px, 120 Hz Display with Punch Hole",32 MP Dual Rear & 8 MP Front Camera,"Memory Card (Hybrid), upto 2 TB",Android v15
Motorola Moto A200,"₹1,251",,Dual Sim,"56 MB RAM, 36 MB inbuilt",800 mAh Battery,"1.77 inches, 128 x 160 px Display",No Rear Camera,"Memory Card Supported, upto 64 GB",,
Samsung Galaxy M06 (4GB RAM + 64GB),"₹14,399",,"Dual Sim, 5G, VoLTE, Wi-Fi","Dimensity 6300, Octa Core, 2.4 GHz Processor","4 GB RAM, 64 GB inbuilt",5000 mAh Battery with 25W Fast Charging,"6.74 inches, 720 x 1600 px, 90 Hz Display with Water Drop Notch",50 MP + 2 MP Dual Rear & 8 MP Front Camera,"Memory Card (Hybrid), upto 1.5 TB",Android v15
Samsung Galaxy F06 5G (4GB RAM + 64GB),"₹14,935",,"Dual Sim, 5G, VoLTE, Wi-Fi","Dimensity 6300, Octa Core, 2.4 GHz Processor","4 GB RAM, 64 GB inbuilt",5000 mAh Battery with 25W Fast Charging,"6.7 inches, 720 x 1600 px Display with Water Drop Notch",50 MP + 2 MP Dual Rear & 8 MP Front Camera,"Memory Card (Hybrid), upto 1 TB",Android v15
HMD 130 Music (2025),"₹1,749",,Dual Sim,Unisoc 6531F,"8 MB RAM, 8 MB inbuilt",2500 mAh Battery,"2.4 inches, 240 x 320 px Display",No Rear Camera,"Memory Card Supported, upto 32 GB",S30+​
Jio Bharat V3,"₹1,499",,"Single Sim, 4G, VoLTE",No Wifi,"512 MB RAM, 4 GB inbuilt",1000 mAh Battery,"1.77 inches, 240 x 320 px Display",0.3 MP Rear Camera,"Memory Card Supported, upto 128 GB",Bluetooth
HMD 110,"₹1,249",,Dual Sim,No Wifi,"4 MB RAM, 4 MB inbuilt",1000 mAh Battery,"2 inches, 120 x 160 px Display","Memory Card Supported, upto 32 GB",RTOS,
Poco F6 5G (12GB RAM + 512GB),"₹42,900",74,"Dual Sim, 5G, VoLTE, NFC, Wi-Fi, IR Blaster","Snapdragon 8s Gen3, Octa Core, 3 GHz Processor","12 GB RAM, 512 GB inbuilt",5000 mAh Battery with 90W Fast Charging,"6.67 inches, 1220 x 2712 px, 120 Hz Display with Punch Hole",50 MP + 8 MP Dual Rear & 20 MP Front Camera,Memory Card Not Supported,Android v14
Motorola Moto A50V,"₹1,799",,Dual Sim,"4 MB RAM, 4 MB inbuilt",1750 mAh Battery,"1.8 inches, 160 x 128 px Display",0.3 MP Rear Camera,"Memory Card Supported, upto 32 GB",Bluetooth,
Vivo Y18,"₹14,999",,"Dual Sim, 4G, VoLTE, Wi-Fi","Helio G85, Octa Core, 2 GHz Processor","4 GB RAM, 64 GB inbuilt",5000 mAh Battery with 15W Fast Charging,"6.56 inches, 720 x 1612 px, 90 Hz Display with Water Drop Notch",50 MP + 0.08 MP Dual Rear & 8 MP Front Camera,Memory Card Supported,Android v14
Realme Narzo 70x 5G,"₹21,990",54,"Dual Sim, 5G, VoLTE, Wi-Fi","Dimensity 6100 Plus, Octa Core, 2.2 GHz Processor","4 GB RAM, 128 GB inbuilt",5000 mAh Battery with 45W Fast Charging,"6.72 inches, 1080 x 2400 px, 120 Hz Display with Punch Hole",50 MP + 2 MP Dual Rear & 8 MP Front Camera,"Memory Card (Hybrid), upto 2 TB",Android v14
Itel it5262,"₹1,579",,Dual Sim,"4 MB RAM, 4 MB inbuilt",2000 mAh Battery,"2.4 inches, 240 x 320 px Display",0.3 MP Rear Camera,"Memory Card Supported, upto 32 GB",,
Realme C51 (4GB RAM + 128 GB),"₹15,990",,"Dual Sim, 4G, VoLTE, Wi-Fi","Unisoc T612, Octa Core, 1.8 GHz Processor","4 GB RAM, 128 GB inbuilt",5000 mAh Battery with 33W Fast Charging,"6.74 inches, 720 x 1600 px, 90 Hz Display with Water Drop Notch",50 MP + 0.08 MP Dual Rear & 5 MP Front Camera,"Memory Card Supported, upto 2 TB",Android v13
Lava A7 Torch,"₹1,780",,Dual Sim,"32 MB RAM, 32 MB inbuilt",2575 mAh Battery,"2.4 inches, 320 x 240 px Display",0.3 MP Rear Camera,"Memory Card Supported, upto 32 GB",Bluetooth,
Realme 11,"₹25,990",58,"Dual Sim, 5G, VoLTE, Wi-Fi","Dimensity 6100 Plus, Octa Core, 2.2 GHz Processor","8 GB RAM, 128 GB inbuilt",5000 mAh Battery with 67W Fast Charging,"6.72 inches, 1080 x 2400 px, 120 Hz Display with Punch Hole",108 MP + 2 MP Dual Rear & 16 MP Front Camera,"Memory Card Supported, upto 1 TB",Android v13
Nokia 130 Music 2023,"₹1,949",,Dual Sim,No Wifi,"4 MB RAM, 4 MB inbuilt",1450 mAh Battery,"2.4 inches, 240 x 320 px Display",No Rear Camera,"Memory Card Supported, upto 32 GB",v30
Samsung Galaxy Z Flip 5 (8GB RAM + 512GB),"₹67,800",77,"Single Sim, 5G, VoLTE, Vo5G, NFC, Wi-Fi","Snapdragon 8 Gen 2, Octa Core, 3.2 GHz Processor","8 GB RAM, 512 GB inbuilt",3700 mAh Battery with 25W Fast Charging,"6.7 inches, 1080 x 2640 px, 120 Hz Display with Punch Hole","Foldable Display, Dual Display",12 MP + 12 MP Dual Rear & 10 MP Front Camera,Memory Card Not Supported
Lava A3 Vibe,"₹1,299",,Dual Sim,1 MHz Processor,"32 MB RAM, 32 MB inbuilt",1750 mAh Battery,"1.77 inches, 128 x 160 px Display",0.3 MP Rear Camera,"Memory Card Supported, upto 32 GB",Bluetooth
Samsung Galaxy S21 FE (Snapdragon),"₹74,999",66,"Dual Sim, 5G, VoLTE, NFC, Wi-Fi","Snapdragon 888, Octa Core, 2.84 GHz Processor","8 GB RAM, 256 GB inbuilt",4500 mAh Battery with 25W Fast Charging,"6.4 inches, 1080 x 2340 px, 120 Hz Display with Punch Hole",12 MP + 12 MP + 8 MP Triple Rear & 32 MP Front Camera,Memory Card Not Supported,Android v13
Motorola Razr 40 Ultra,"₹69,990",74,"Dual Sim, 5G, VoLTE, NFC, Wi-Fi","Snapdragon  8+ Gen1, Octa Core, 3.2 GHz Processor","8 GB RAM, 256 GB inbuilt",3800 mAh Battery with 30W Fast Charging,"6.9 inches, 1080 x 2640 px, 165 Hz Display with Punch Hole","Foldable Display, Dual Display",13 MP + 12 MP Dual Rear & 32 MP Front Camera,Memory Card Not Supported
Poco F5,"₹34,999",64,"Dual Sim, 5G, VoLTE, Wi-Fi, IR Blaster","Snapdragon 7+ Gen2, Octa Core, 2.91 GHz Processor","8 GB RAM, 256 GB inbuilt",5000 mAh Battery with 67W Fast Charging,"6.67 inches, 1080 x 2400 px, 120 Hz Display with Punch Hole",64 MP + 8 MP + 2 MP Triple Rear & 16 MP Front Camera,Android v13,No FM Radio
Tecno Spark 10C,"₹13,899",,"Dual Sim, 4G, VoLTE, Wi-Fi","Unisoc T606, Octa Core, 2 GHz Processor","8 GB RAM, 128 GB inbuilt",5000 mAh Battery with 18W Fast Charging,"6.6 inches, 720 x 1612 px, 90 Hz Display with Water Drop Notch",16 MP Dual Rear & 8 MP Front Camera,Memory Card Supported,Android v12
Samsung Galaxy A34 5G (8GB RAM + 128GB),"₹35,499",66,"Dual Sim, 5G, VoLTE, NFC, Wi-Fi","Dimensity 1080, Octa Core, 2.6 GHz Processor","8 GB RAM, 128 GB inbuilt",5000 mAh Battery with 25W Fast Charging,"6.6 inches, 1080 x 2340 px, 120 Hz Display with Water Drop Notch",48 MP + 8 MP + 5 MP Triple Rear & 13 MP Front Camera,"Memory Card (Hybrid), upto 1 TB",Android v13
POCO X5 5G,"₹21,999",61,"Dual Sim, 5G, VoLTE, Wi-Fi, IR Blaster","Snapdragon 695, Octa Core, 2.2 GHz Processor","6 GB RAM, 128 GB inbuilt",5000 mAh Battery with 33W Fast Charging,"6.67 inches, 1080 x 2400 px, 120 Hz Display with Punch Hole",48 MP + 8 MP + 2 MP Triple Rear & 13 MP Front Camera,"Memory Card (Hybrid), upto 1 TB",Android v12
Motorola Moto E13 (4GB RAM + 64GB),"₹10,999",,"Dual Sim, 4G, VoLTE, Wi-Fi","Tiger T606, Octa Core, 1.6 GHz Processor","4 GB RAM, 64 GB inbuilt",5000 mAh Battery with 10W Fast Charging,"6.5 inches, 720 x 1600 px Display with Water Drop Notch",13 MP Rear & 5 MP Front Camera,"Memory Card Supported, upto 1 TB",Android v13
Samsung Galaxy F04,"₹16,999",,"Dual Sim, 4G, VoLTE, Wi-Fi","Helio P35, Octa Core, 2.3 GHz Processor","4 GB RAM, 64 GB inbuilt",5000 mAh Battery with 15W Fast Charging,"6.5 inches, 720 x 1600 px Display with Water Drop Notch",13 MP + 2 MP Dual Rear & 5 MP Front Camera,"Memory Card Supported, upto 1 TB",Android v12
Samsung Galaxy A23 5G,"₹28,990",55,"Dual Sim, 5G, VoLTE, Wi-Fi","Snapdragon 695, Octa Core, 2.2 GHz Processor","6 GB RAM, 128 GB inbuilt",5000 mAh Battery with 25W Fast Charging,"6.6 inches, 1080 x 2408 px, 120 Hz Display with Water Drop Notch",50 MP Quad Rear & 8 MP Front Camera,"Memory Card Supported, upto 1 TB",Android v12
Lava Gem Power,"₹1,759",,Dual Sim,No 3G,No Wifi,"512 MB RAM, 512 MB inbuilt",2575 mAh Battery,"2.8 inches, 320 x 240 px Display",1.3 MP Rear Camera,"Memory Card Supported, upto 32 GB"
OnePlus 10T (12GB RAM + 256GB),"₹54,999",68,"Dual Sim, 5G, VoLTE, NFC, Wi-Fi","Snapdragon 8+ Gen1, Octa Core, 3.2 GHz Processor","12 GB RAM, 256 GB inbuilt",4800 mAh Battery with 150W Fast Charging,"6.7 inches, 1080 x 2412 px, 120 Hz Display with Punch Hole",50 MP + 8 MP + 2 MP Triple Rear & 16 MP Front Camera,Android v12,No FM Radio
Motorola Edge 30 5G (8GB RAM + 128GB),"₹34,999",64,"Dual Sim, 5G, VoLTE, NFC, Wi-Fi","Snapdragon 778G+, Octa Core, 2.5 GHz Processor","8 GB RAM, 128 GB inbuilt",4020 mAh Battery with 33W Fast Charging,"6.5 inches, 1080 x 2400 px, 144 Hz Display with Punch Hole",50 MP + 50 MP + 2 MP Triple Rear & 32 MP Front Camera,Android v12,No FM Radio
Samsung Galaxy A23,"₹23,500",,"Dual Sim, 4G, VoLTE, Wi-Fi","Snapdragon  680, Octa Core, 2.4 GHz Processor","6 GB RAM, 128 GB inbuilt",5000 mAh Battery with 25W Fast Charging,"6.6 inches, 1080 x 2408 px Display with Water Drop Notch",50 MP Quad Rear & 8 MP Front Camera,"Memory Card Supported, upto 1 TB",Android v12
Realme 9 5G,"₹16,999",53,"Dual Sim, 5G, VoLTE, Wi-Fi","Dimensity  810 5G, Octa Core, 2.4 GHz Processor","4 GB RAM, 64 GB inbuilt",5000 mAh Battery with 18W Fast Charging,"6.5 inches, 1080 x 2400 px, 90 Hz Display with Punch Hole",48 MP + 2 MP + 2 MP Triple Rear & 16 MP Front Camera,"Memory Card Supported, upto 1 TB",Android v11
Realme 9 5G SE (8GB RAM + 128GB),"₹21,990",57,"Dual Sim, 5G, VoLTE, Wi-Fi","Snapdragon  778G, Octa Core, 2.4 GHz Processor","8 GB RAM, 128 GB inbuilt",5000 mAh Battery with 30W Fast Charging,"6.6 inches, 1080 x 2412 px, 144 Hz Display with Punch Hole",48 MP + 2 MP + 2 MP Triple Rear & 16 MP Front Camera,"Memory Card Supported, upto 1 TB",Android v11
Samsung Galaxy S22 Plus 5G (8GB RAM + 256GB),"₹1,05,999",76,"Dual Sim, 5G, VoLTE, Vo5G, NFC, Wi-Fi","Snapdragon  8 Gen1, Octa Core, 3 GHz Processor","8 GB RAM, 256 GB inbuilt",4500 mAh Battery with 45W Fast Charging,"6.6 inches, 1080 x 2340 px, 120 Hz Display with Punch Hole",50 MP + 12 MP + 10 MP Triple Rear & 10 MP Front Camera,Android v12,Bluetooth
POCO M4 Pro 4G (8GB RAM + 128GB),"₹19,990",54,"Dual Sim, 4G, VoLTE, Wi-Fi, IR Blaster","Helio G96, Octa Core, 2.05 GHz Processor","8 GB RAM, 128 GB inbuilt",5000 mAh Battery with 33W Fast Charging,"6.43 inches, 1080 x 2400 px, 90 Hz Display with Punch Hole",64 MP + 8 MP + 2 MP Triple Rear & 16 MP Front Camera,"Memory Card Supported, upto 1 TB",Android v11
Micromax X818,"₹1,499",,Dual Sim,1 MHz Processor,"32 MB RAM, 32 MB inbuilt",1450 mAh Battery,"2.8 inches, 240 x 320 px Display",0.3 MP Rear Camera,,
iQOO 9 5G (12GB RAM + 256GB),"₹50,650",68,"Dual Sim, 5G, VoLTE, Wi-Fi","Snapdragon  888+, Octa Core, 2.9 GHz Processor","12 GB RAM, 256 GB inbuilt",4350 mAh Battery with 120W Fast Charging,"6.56 inches, 1080 x 2376 px, 120 Hz Display with Punch Hole",48 MP + 13 MP + 13 MP Triple Rear & 16 MP Front Camera,Android v12,No FM Radio
Micromax X778,"₹1,362",,Dual Sim,1 MHz Processor,"32 MB RAM, 32 MB inbuilt",2700 mAh Battery,"2.4 inches, 240 x 320 px Display",0.3 MP Rear Camera,,
Motorola Moto G31,"₹14,290",,"Dual Sim, 4G, VoLTE, Wi-Fi","Helio  G85, Octa Core, 2 GHz Processor","4 GB RAM, 64 GB inbuilt",5000 mAh Battery with 20W Fast Charging,"6.47 inches, 1080 x 2400 px Display with Punch Hole",50 MP + 8 MP + 2 MP Triple Rear & 13 MP Front Camera,"Memory Card (Hybrid), upto 1 TB",Android v11
Motorola Moto G31 (6GB RAM+ 128GB),"₹16,999",50,"Dual Sim, 4G, VoLTE, Wi-Fi","Helio  G85, Octa Core, 2 GHz Processor","6 GB RAM, 128 GB inbuilt",5000 mAh Battery with 20W Fast Charging,"6.47 inches, 1080 x 2400 px Display with Punch Hole",50 MP + 8 MP + 2 MP Triple Rear & 13 MP Front Camera,"Memory Card (Hybrid), upto 1 TB",Android v11
Xiaomi Mi 11 Lite NE 5G (8GB RAM + 128GB),"₹26,499",61,"Dual Sim, 5G, VoLTE, NFC, Wi-Fi, IR Blaster","Snapdragon  778G , Octa Core, 2.4 GHz Processor","8 GB RAM, 128 GB inbuilt",4250 mAh Battery with 33W Fast Charging,"6.55 inches, 1080 x 2400 px, 90 Hz Display with Punch Hole",64 MP + 8 MP + 5 MP Triple Rear & 20 MP Front Camera,Memory Card (Hybrid),Android v11
Motorola Edge 20 5G,"₹25,490",64,"Dual Sim, 5G, VoLTE, NFC, Wi-Fi","Snapdragon  778G , Octa Core, 2.4 GHz Processor","8 GB RAM, 128 GB inbuilt",4000 mAh Battery with 30W Fast Charging,"6.7 inches, 1080 x 2460 px, 144 Hz Display with Punch Hole",108 MP + 16 MP + 8 MP Triple Rear & 32 MP Front Camera,Android v11,Bluetooth
POCO M3 Pro 5G (6GB RAM + 128GB),"₹17,690",54,"Dual Sim, 5G, VoLTE, Wi-Fi, IR Blaster","Dimensity 700 5G, Octa Core, 2.2 GHz Processor","6 GB RAM, 128 GB inbuilt",5000 mAh Battery with 18W Fast Charging,"6.5 inches, 1080 x 2400 px, 90 Hz Display with Punch Hole",48 MP + 2 MP + 2 MP Triple Rear & 8 MP Front Camera,"Memory Card (Hybrid), upto 1 TB",Android v11
Xiaomi Mi 11 Lite,"₹19,990",55,"Dual Sim, 4G, VoLTE, Wi-Fi, IR Blaster","Snapdragon 732G, Octa Core, 2.3 GHz Processor","6 GB RAM, 128 GB inbuilt",4250 mAh Battery with 33W Fast Charging,"6.55 inches, 1080 x 2400 px, 90 Hz Display with Punch Hole",64 MP + 8 MP + 5 MP Triple Rear & 16 MP Front Camera,"Memory Card (Hybrid), upto 512 GB",Android v11
Motorola Moto G40 Fusion,"₹16,590",53,"Dual Sim, 4G, VoLTE, Wi-Fi","Snapdragon  732G, Octa Core, 2.3 GHz Processor","4 GB RAM, 64 GB inbuilt",6000 mAh Battery with 20W Fast Charging,"6.78 inches, 1080 x 2460 px, 120 Hz Display with Punch Hole",64 MP + 8 MP + 2 MP Triple Rear & 16 MP Front Camera,"Memory Card (Hybrid), upto 256 GB",Android v11
Realme 7i (4GB RAM + 128GB),"₹14,999",50,"Dual Sim, 4G, VoLTE, Wi-Fi","Snapdragon 662, Octa Core, 2 GHz Processor","4 GB RAM, 128 GB inbuilt",5000 mAh Battery with 18W Fast Charging,"6.5 inches, 720 x 1600 px, 90 Hz Display with Punch Hole",64 MP Quad Rear & 16 MP Front Camera,"Memory Card Supported, upto 256 GB",Android v10
Nokia 5310 Dual Sim,"₹3,689",,Dual Sim,"8 MB RAM, 16 MB inbuilt",1200 mAh Battery,"2.4 inches, 240 x 320 px Display",0.3 MP Rear Camera,"Memory Card Supported, upto 32 GB",Bluetooth,Browser
OnePlus 7T (8GB RAM + 256GB),"₹29,999",61,"Dual Sim, 4G, VoLTE, NFC, Wi-Fi","Snapdragon  855+, Octa Core, 2.96 GHz Processor","8 GB RAM, 256 GB inbuilt",3800 mAh Battery with 30W Fast Charging,"6.55 inches, 1080 x 2400 px Display with Water Drop Notch",48 MP + 16 MP + 12 MP Triple Rear & 16 MP Front Camera,Memory Card Not Supported,Android v10.0
Vivo S1 (6GB RAM + 128GB),"₹22,999",,"Dual Sim, 4G, VoLTE, Wi-Fi","Helio  P65 , Octa Core, 2 GHz Processor","6 GB RAM, 128 GB inbuilt",4500 mAh Battery with 18W Fast Charging,"6.38 inches, 1080 x 2340 px Display with Water Drop Notch",16 MP + 8 MP + 2 MP Triple Rear & 32 MP Front Camera,"Memory Card Supported, upto 256 GB",Android v9.0 (Pie)
Realme 5 (4GB RAM + 64GB),"₹11,999",,"Dual Sim, 4G, VoLTE, Wi-Fi","Snapdragon  665, Octa Core, 2 GHz Processor","4 GB RAM, 64 GB inbuilt",5000 mAh Battery,"6.5 inches, 720 x 1600 px Display with Water Drop Notch",12 MP Quad Rear & 13 MP Front Camera,"Memory Card Supported, upto 256 GB",Android v9.0 (Pie)
OnePlus 7,"₹31,999",55,"Dual Sim, 4G, VoLTE, NFC, Wi-Fi","Snapdragon 855, Octa Core, 2.84 GHz Processor","6 GB RAM, 128 GB inbuilt",3700 mAh Battery with 20W Fast Charging,"6.41 inches, 1080 x 2340 px Display with Water Drop Notch",48 MP + 5 MP Dual Rear & 16 MP Front Camera,Memory Card Not Supported,Android v9.0 (Pie)
Realme 3 Pro,"₹15,999",,"Dual Sim, 4G, VoLTE, Wi-Fi","Qualcomm Snapdragon 710 AIE, Octa Core, 2.2 GHz Processor","4 GB RAM, 64 GB inbuilt",4045 mAh Battery with Fast Charging,"6.3 inches, 1080 x 2340 px Display with Water Drop Notch",16 MP + 5 MP Dual Rear & 25 MP Front Camera,"Memory Card Supported, upto 256 GB",Android v9.0 (Pie)
Apple iPhone 8 (256GB),"₹77,000",,"Single Sim, 4G, VoLTE, NFC, Wi-Fi","Apple A11, Hexa Core, 2.39 GHz Processor","2 GB RAM, 256 GB inbuilt",1821 mAh Battery with Fast Charging,"4.7 inches, 750 x 1334 px Display",12 MP Rear & 7 MP Front Camera,Memory Card Not Supported,iOS v11
Coolpad Cool 20s 5G,"₹14,999",,"Dual Sim, 5G, Wi-Fi","Dimensity 700, Octa Core, 2.2 GHz Processor","6 GB RAM, 128 GB inbuilt",4500 mAh Battery with 18W Fast Charging,"6.58 inches, 1080 x 2408 px Display",50 MP + 2 MP Dual Rear & 8 MP Front Camera,Memory Card Supported,Android v13
Peace Nova 13,"₹9,999",,"Dual Sim, 4G, VoLTE, Wi-Fi","Helio, Single Core, 1.7 GHz Processor","4 GB RAM, 64 GB inbuilt",5000 mAh Battery,"6.85 inches, 1640 x 720 px Display with Punch Hole",20 MP Rear Camera,"Memory Card Supported, upto 128 GB",v60
Coolpad CP12 Neo Plus,"₹9,000",,"Dual Sim, 4G, Wi-Fi","Unisoc SC9863A1, Octa Core, 1.6 GHz Processor","3 GB RAM, 64 GB inbuilt",5000 mAh Battery with 10W Fast Charging,"6.56 inches, 720 x 1612 px, 120 Hz Display with Water Drop Notch",13 MP Rear & 5 MP Front Camera,Memory Card Supported,Android v15
Ringme Bold 17 Mini,"₹6,999",,"Dual Sim, 4G, VoLTE, Wi-Fi","Helio, Quad Core, 1.8 GHz Processor","3 GB RAM, 32 GB inbuilt",2000 mAh Battery,"3.75 inches, 412 x 960 px Display",8 MP Rear Camera,Android v10,No FM Radio
Itel Zeno 100 Pro,"₹9,199",,"Dual Sim, 4G, Wi-Fi, IR Blaster","Unisoc T7100, Octa Core Processor","3 GB RAM, 64 GB inbuilt",5000 mAh Battery with 10W Fast Charging,"6.6 inches, 720 x 1612 px, 90 Hz Display with Water Drop Notch",8 MP Rear & 5 MP Front Camera,Memory Card Supported,Android 15 Go Edition
Ai+ Pulse 2 (4GB RAM + 128GB),"₹11,499",,"Dual Sim, 4G, VoLTE, Wi-Fi","Unisoc T7250, Octa Core, 1.8 GHz Processor","4 GB RAM, 128 GB inbuilt",6000 mAh Battery with 10W Fast Charging,"6.75 inches, 720 x 1600 px, 120 Hz Display with Water Drop Notch",50 MP Dual Rear & 8 MP Front Camera,"Memory Card Supported, upto 1 TB",Android v16
Coolpad Cool 30i,"₹12,000",,"Dual Sim, 4G, VoLTE, Wi-Fi","Helio G37, Octa Core, 2.3 GHz Processor","6 GB RAM, 256 GB inbuilt",4500 mAh Battery,"6.56 inches, 720 x 1600 px Display with Water Drop Notch",50 MP Dual Rear & 8 MP Front Camera,Memory Card (Hybrid),Android v13
HMD Vibe 2 5G (4GB RAM + 128GB),"₹17,999",50,"Dual Sim, 5G, VoLTE, Wi-Fi","Unisoc T8200, Octa Core, 2.3 GHz Processor","4 GB RAM, 128 GB inbuilt",6000 mAh Battery with 18W Fast Charging,"6.75 inches, 720 x 1600 px, 120 Hz Display with Water Drop Notch",50 MP Dual Rear & 8 MP Front Camera,"Memory Card (Hybrid), upto 1 TB",Android v16
Gamma K2 Mini 2,₹949,,Dual Sim,No Wifi,1 MHz Processor,"32 MB RAM, 32 MB inbuilt",1000 mAh Battery,"0.66 inches, 128 x 160 px Display",No Rear Camera,v40
Itel Zeno 200,"₹10,399",,"Dual Sim, 4G, Wi-Fi, IR Blaster","Unisoc T7100, Octa Core, 1.8 GHz Processor","4 GB RAM, 128 GB inbuilt",5000 mAh Battery with Fast Charging,"6.75 inches, 720 x 1600 px, 120 Hz Display with Water Drop Notch",13 MP Rear & Main Front Camera,Memory Card Supported,Android v15
Jmax X4 4G,"₹2,499",,Dual Sim,225 MHz Processor,"32 MB RAM, 32 MB inbuilt",3000 mAh Battery,"2.8 inches, 320 x 480 px Display",0.3 MP Rear Camera,Memory Card Supported,
Lava Bold N2 Lite,"₹9,299",,"Dual Sim, 4G, VoLTE, Wi-Fi","Unisoc SC9863A, Octa Core Processor","3 GB RAM, 64 GB inbuilt",5000 mAh Battery with 10W Fast Charging,"6.75 inches, 720 x 1600 px, 90 Hz Display with Water Drop Notch",13 MP Dual Rear & 5 MP Front Camera,"Memory Card Supported, upto 512 GB",Android 15 Go Edition
Snexian Rock X Flip,"₹1,299",,Dual Sim,"Unisoc, Single Core, 1 MHz Processor","32 MB RAM, 32 MB inbuilt",1500 mAh Battery,"1.8 inches, 120 x 240 px Display",0.3 MP Rear Camera,Symbian v0,No FM Radio
MTR M10,₹900,,Dual Sim,256 MHz Processor,"32 MB RAM, 32 MB inbuilt",700 mAh Battery,"0.66 inches, 120 x 240 px Display",No Rear Camera,No FM Radio,
Snexian Guru Two,₹899,,Dual Sim,"32 MB RAM, 32 MB inbuilt",2500 mAh Battery,"2.4 inches, 320 x 240 px Display",0.3 MP Rear Camera,"Memory Card Supported, upto 16 GB",Symbian v30,Bluetooth
Lava A1 Tejas,"₹1,154",,Dual Sim,"4 MB RAM, 4 MB inbuilt",1000 mAh Battery with Fast Charging,"2 inches, 160 x 128 px Display",Main Rear Camera,"Memory Card Supported, upto 32 GB",Bluetooth,
iKall I2 New,"₹2,182",,"Dual Sim, 4G",1.4 MHz Processor,"32 MB RAM, 32 MB inbuilt",2500 mAh Battery,"2.8 inches, 240 x 320 px Display",1 MP Rear Camera,"Memory Card Supported, upto 8 GB",No FM Radio
itel it2165c,"₹1,025",,Dual Sim,"Single Core, 308 MHz Processor","32 MB RAM, 32 MB inbuilt",1200 mAh Battery,"2 inches, 120 x 240 px Display",No Rear Camera,"Memory Card Supported, upto 32 GB",No FM Radio
HMD 100,₹999,,Dual Sim,Unisoc 6533G,"8 MB RAM, 4 MB inbuilt",800 mAh Battery with 2.75W Fast Charging,"1.77 inches, 160 x 128 px Display",No Rear Camera,S30+​,
Gamma K2 Tiny,₹999,,Dual Sim,1 MHz Processor,"32 MB RAM, 32 MB inbuilt",1000 mAh Battery,"0.66 inches, 120 x 360 px Display",No Rear Camera,No FM Radio,
Peace Nova 11 4G,"₹8,749",,"Dual Sim, 4G, Wi-Fi",Helio 6739,"4 GB RAM, 64 GB inbuilt",2000 mAh Battery,6.56 inches Display,20 MP Rear & 5 MP Front Camera,"Memory Card Supported, upto 128 GB",No FM Radio
Lava A1 Josh Bol,"₹1,044",,Dual Sim,"4 MB RAM, 4 MB inbuilt",1000 mAh Battery with Fast Charging,"2 inches, 160 x 128 px Display","Memory Card Supported, upto 32 GB",Bluetooth,,
Philips E2104,"₹1,086",,Dual Sim,"32 MB RAM, 32 MB inbuilt",1420 mAh Battery,2 inches Display,Digital Video Rear Camera,"Memory Card Supported, upto 32 GB",Bluetooth,
itel It9120,"₹2,200",,Dual Sim,1 GHz Processor,"64 MB RAM, 128 MB inbuilt",1200 mAh Battery,"2.4 inches, 640 x 480 px Display",0.3 MP Rear Camera,Memory Card Supported,No FM Radio
itel it2181,"₹1,199",,Dual Sim,"Single Core, 1 MHz Processor","4 MB RAM, 4 MB inbuilt",1200 mAh Battery with Fast Charging,"2 inches, 240 x 320 px Display",0.3 MP Rear Camera,"Memory Card Supported, upto 32 GB",
Lava A1 Music,"₹1,033",,Dual Sim,"32 MB RAM, 32 MB inbuilt",1000 mAh Battery,"2 inches, 240 x 320 px Display",0.3 MP Rear Camera,"Memory Card Supported, upto 32 GB",Bluetooth,
Samsung Galaxy Z Flip 7 FE (8GB RAM + 256GB),"₹95,999",,"Dual Sim, 5G, VoLTE, Vo5G, NFC, eSIM, Wi-Fi","Exynos 2400, Octa Core, 3.2 GHz Processor","8 GB RAM, 256 GB inbuilt",4000 mAh Battery with 25W Fast Charging,"6.7 inches, 1080 x 2640 px, 120 Hz Display with Punch Hole","Foldable Display, Dual Display",50 MP + 12 MP Dual Rear & 10 MP Front Camera,Memory Card Not Supported
Philips E2221,"₹1,799",,"32 MB RAM, 32 MB inbuilt",2500 mAh Battery,2.44 inches Display,Digital Camera Rear Camera,"Memory Card Supported, upto 32 GB",,,
Snexian Rock 7600,₹999,,Dual Sim,1.41 MHz Processor,"512 MB RAM, 256 MB inbuilt",1000 mAh Battery,"1.8 inches, 120 x 240 px Display",0.3 MP Rear Camera,Bluetooth,
Philips E2112,"₹1,168",,"32 MB RAM, 32 MB inbuilt",2500 mAh Battery,1.77 inches Display,Main Rear Camera,"Memory Card Supported, upto 32 GB",,,
Alcatel V3 Ultra (8GB RAM + 128GB),"₹20,590",64,"Dual Sim, 5G, VoLTE, NFC, eSIM, Wi-Fi","Dimensity 6300, Octa Core, 2.4 GHz Processor","8 GB RAM, 128 GB inbuilt",5010 mAh Battery with 33W Fast Charging,"6.78 inches, 1080 x 2460 px, 120 Hz Display with Punch Hole",108 MP + 8 MP + 2 MP Triple Rear & 32 MP Front Camera,"Memory Card Supported, upto 2 TB",Android v14
Lava Shark 5G,"₹13,999",,"Dual Sim, 5G, VoLTE, Wi-Fi","Unisoc T765, Octa Core Processor","4 GB RAM, 64 GB inbuilt",5000 mAh Battery with Fast Charging,"6.75 inches, 720 x 1600 px, 90 Hz Display with Punch Hole",13 MP Rear & 5 MP Front Camera,"Memory Card Supported, upto 1 TB",Android v15
Realme C75 5G (6GB RAM + 128GB),"₹21,990",53,"Dual Sim, 5G, VoLTE, Wi-Fi","Dimensity 6300, Octa Core, 2.4 GHz Processor","6 GB RAM, 128 GB inbuilt",6000 mAh Battery with 45W Fast Charging,"6.67 inches, 720 x 1604 px, 120 Hz Display with Punch Hole",32 MP Rear & 8 MP Front Camera,Memory Card (Hybrid),Android v15
GFive K-116 C,₹749,,"Dual Sim, 3G","Spreadtrum, Single Core, 1.4 GHz Processor","32 MB RAM, 32 MB inbuilt",1000 mAh Battery,"1.44 inches, 320 x 480 px Display",0.3 MP Rear Camera,Memory Card (Hybrid),Symbian v30
Lava A5 2025,"₹1,650",,Dual Sim,"32 MB RAM, 24 MB inbuilt",1200 mAh Battery,"2.4 inches, 240 x 320 px Display",0.3 MP Rear Camera,"Memory Card Supported, upto 32 GB",Bluetooth,
Lava A7 Torch Plus,"₹1,649",,Dual Sim,"32 MB RAM, 32 MB inbuilt",2575 mAh Battery,"2.4 inches, 320 x 240 px Display",0.3 MP Rear Camera,"Memory Card Supported, upto 32 GB",Bluetooth,
Lava A3 Torch,"₹1,341",,Dual Sim,1 MHz Processor,"4 MB RAM, 3 MB inbuilt",1750 mAh Battery,"1.8 inches, 128 x 160 px Display",0.3 MP Rear Camera,"Memory Card Supported, upto 32 GB",Bluetooth
Google Pixel 9 Pro Fold,"₹1,35,900",,"Dual Sim, 5G, VoLTE, NFC, Wi-Fi","Tensor G4, Octa Core, 3.1 GHz Processor","16 GB RAM, 256 GB inbuilt",4650 mAh Battery with Fast Charging,"8.03 inches, 2152 x 2076 px, 120 Hz Display with Punch Hole","Foldable Display, Dual Display",48 MP + 10.8 MP + 10.5 MP Triple Rear & 10 MP + 10 MP Dual Front Camera,Android v14
itel Ace 3 Shine,₹898,,Dual Sim,"Single Core, 208 MHz Processor","4 MB RAM, 4 MB inbuilt",1000 mAh Battery,"1.8 inches, 160 x 128 px Display",No Rear Camera,Memory Card Supported,No FM Radio
Samsung Galaxy Z Flip 6 (512GB),"₹83,000",,"Dual Sim, 5G, VoLTE, Vo5G, NFC, eSIM, Wi-Fi","Snapdragon 8 Gen3, Octa Core, 3.3 GHz Processor","12 GB RAM, 512 GB inbuilt",4000 mAh Battery with 25W Fast Charging,"6.7 inches, 1080 x 2640 px, 120 Hz Display with Punch Hole","Foldable Display, Dual Display",50 MP + 12 MP Dual Rear & 10 MP Front Camera,Memory Card Not Supported
Ringme R1 Plus Jumbo,"₹1,680",,Quad Sim,256 MHz Processor,"32 MB RAM, 32 MB inbuilt",4000 mAh Battery,"2.4 inches, 128 x 160 px Display",1 MP Rear Camera,Memory Card Supported,No FM Radio
HMD 105,"₹1,019",,Dual Sim,No Wifi,"4 MB RAM, 4 MB inbuilt",1000 mAh Battery,"1.8 inches, 120 x 160 px Display",No Rear Camera,Memory Card Supported,
Lava Hero Shakti,₹956,,Dual Sim,800 mAh Battery,"1.8 inches, 128 x 160 px Display",No Rear Camera,"Memory Card Supported, upto 32 GB",Bluetooth,,
Motorola Moto A10V,"₹1,499",,Dual Sim,"4 MB RAM, 4 MB inbuilt",800 mAh Battery,"1.8 inches, 160 x 128 px Display",No Rear Camera,"Memory Card Supported, upto 32 GB",Bluetooth,
Poco C61,"₹12,990",,"Dual Sim, 4G, VoLTE, Wi-Fi","Helio G36, Octa Core, 2.2 GHz Processor","4 GB RAM, 64 GB inbuilt",5000 mAh Battery with 18W Fast Charging,"6.71 inches, 720 x 1650 px, 90 Hz Display with Water Drop Notch",8 MP + 0.08 MP Dual Rear & 5 MP Front Camera,"Memory Card Supported, upto 1 TB",Android v14
Samsung Galaxy S24 (8GB RAM + 512GB),"₹69,999",76,"Dual Sim, 5G, VoLTE, Vo5G, NFC, eSIM, Wi-Fi","Exynos 2400, Deca Core, 3.2 GHz Processor","8 GB RAM, 512 GB inbuilt",4000 mAh Battery with 25W Fast Charging,"6.2 inches, 1080 x 2340 px, 120 Hz Display with Punch Hole",50 MP + 12 MP + 10 MP Triple Rear & 12 MP Front Camera,Android v14,No FM Radio
Poco C65,"₹14,490",,"Dual Sim, 4G, VoLTE, Wi-Fi","Helio G85, Octa Core, 2 GHz Processor","4 GB RAM, 128 GB inbuilt",5000 mAh Battery with 18W Fast Charging,"6.74 inches, 720 x 1600 px, 90 Hz Display with Water Drop Notch",50 MP + 2 MP Triple Rear & 8 MP Front Camera,"Memory Card Supported, upto 1 TB",Android v13
Nokia 105 Classic 2023 (Dual Sim),"₹1,259",,Dual Sim,"4 MB RAM, 4 MB inbuilt",800 mAh Battery,"1.77 inches, 128 x 160 px Display",No Rear Camera,S30+,,
MTR Speed,"₹1,700",,"Dual Sim, 4G, VoLTE",1.4 MHz Processor,"32 MB RAM, 32 MB inbuilt",3000 mAh Battery,"2.4 inches, 120 x 240 px Display",0.3 MP Rear Camera,Memory Card Supported,
Nokia 150 2023,"₹2,799",,Dual Sim,No Wifi,"4 MB RAM, 4 MB inbuilt",1450 mAh Battery,"2.4 inches, 240 x 320 px Display","Memory Card Supported, upto 32 GB",v30,
OPPO A58 4G,"₹20,900",,"Dual Sim, 4G, VoLTE, Wi-Fi, IR Blaster","Helio G85, Octa Core, 2 GHz Processor","6 GB RAM, 128 GB inbuilt",5000 mAh Battery with 33W Fast Charging,"6.72 inches, 1080 x 2400 px Display with Water Drop Notch",50 MP + 2 MP Dual Rear & 8 MP Front Camera,"Memory Card Supported, upto 1 TB",Android v13
Samsung Galaxy F34 5G (8GB RAM + 128GB),"₹25,999",62,"Dual Sim, 5G, VoLTE, NFC, Wi-Fi","Exynos 1280, Octa Core, 2.4 GHz Processor","8 GB RAM, 128 GB inbuilt",6000 mAh Battery with 25W Fast Charging,"6.5 inches, 1080 x 2340 px, 120 Hz Display with Water Drop Notch",50 MP + 8 MP + 2 MP Triple Rear & 13 MP Front Camera,"Memory Card (Hybrid), upto 1 TB",Android v13
Samsung Galaxy Z Fold 5 (12GB RAM + 512GB),"₹1,64,999",,"Dual Sim, 5G, VoLTE, Vo5G, NFC, Wi-Fi","Snapdragon 8 Gen 2, Octa Core, 3.36 GHz Processor","12 GB RAM, 512 GB inbuilt",4400 mAh Battery with 25W Fast Charging,"7.6 inches, 1812 x 2176 px, 120 Hz Display with Punch Hole","Foldable Display, Dual Display",50 MP + 12 MP + 10 MP Triple Rear & 10 MP + 4 MP Dual Front Camera,Android v13
Nokia 105 2023,"₹1,249",,Single Sim,No Wifi,"4 MB RAM, 4 MB inbuilt",1000 mAh Battery,"1.8 inches, 120 x 160 px Display",No Rear Camera,Memory Card Supported,
POCO X5 5G (8GB RAM + 256GB),"₹27,900",62,"Dual Sim, 5G, VoLTE, Wi-Fi, IR Blaster","Snapdragon 695, Octa Core, 2.2 GHz Processor","8 GB RAM, 256 GB inbuilt",5000 mAh Battery with 33W Fast Charging,"6.67 inches, 1080 x 2400 px, 120 Hz Display with Punch Hole",48 MP + 8 MP + 2 MP Triple Rear & 13 MP Front Camera,"Memory Card (Hybrid), upto 1 TB",Android v12
Motorola Moto A10e,"₹1,275",,Dual Sim,"4 MB RAM, 32 MB inbuilt",800 mAh Battery,"1.8 inches, 128 x 160 px Display",No Rear Camera,"Memory Card Supported, upto 32 GB",,
Motorola Moto G73,"₹21,999",57,"Dual Sim, 5G, VoLTE, NFC, Wi-Fi","Dimensity 930, Octa Core, 2.2 GHz Processor","8 GB RAM, 128 GB inbuilt",5000 mAh Battery with 30W Fast Charging,"6.5 inches, 1080 x 2400 px, 120 Hz Display with Punch Hole",50 MP + 8 MP Dual Rear & 16 MP Front Camera,"Memory Card (Hybrid), upto 1 TB",Android v13
Motorola Moto G72 4G,"₹21,999",57,"Dual Sim, 4G, VoLTE, Wi-Fi","Helio  G99, Octa Core, 2.2 GHz Processor","6 GB RAM, 128 GB inbuilt",5000 mAh Battery with 33W Fast Charging,"6.55 inches, 1080 x 2400 px, 120 Hz Display with Punch Hole",108 MP + 8 MP + 2 MP Triple Rear & 16 MP Front Camera,Memory Card (Hybrid),Android v12
Realme C30s (4GB RAM + 64GB),"₹11,990",,"Dual Sim, 4G, VoLTE, Wi-Fi","Unisoc SC9863A, Octa Core, 1.6 GHz Processor","4 GB RAM, 64 GB inbuilt",5000 mAh Battery with 10W Fast Charging,"6.5 inches, 720 x 1600 px Display with Water Drop Notch",8 MP Rear & 5 MP Front Camera,"Memory Card Supported, upto 1 TB",Android v12
OPPO A77 (4GB RAM + 128 GB),"₹18,900",,"Dual Sim, 4G, VoLTE, Wi-Fi","Helio G35, Octa Core, 2.3 GHz Processor","4 GB RAM, 128 GB inbuilt",5000 mAh Battery with 33W Fast Charging,"6.56 inches, 720 x 1600 px Display with Water Drop Notch",50 MP Dual Rear & 8 MP Front Camera,Memory Card Supported,Android v12
Motorola Moto G62 (8GB RAM + 128GB),"₹24,999",58,"Dual Sim, 5G, VoLTE, Wi-Fi","Snapdragon  695, Octa Core, 2.2 GHz Processor","8 GB RAM, 128 GB inbuilt",5000 mAh Battery with Fast Charging,"6.55 inches, 1080 x 2400 px, 120 Hz Display with Punch Hole",50 MP + 8 MP + 2 MP Triple Rear & 16 MP Front Camera,"Memory Card (Hybrid), upto 1 TB",Android v12
Motorola Moto G62 5G,"₹21,999",57,"Dual Sim, 5G, VoLTE, Wi-Fi","Snapdragon  695, Octa Core, 2.2 GHz Processor","6 GB RAM, 128 GB inbuilt",5000 mAh Battery with Fast Charging,"6.55 inches, 1080 x 2400 px, 120 Hz Display with Punch Hole",50 MP + 8 MP + 2 MP Triple Rear & 16 MP Front Camera,"Memory Card (Hybrid), upto 1 TB",Android v12
Samsung Galaxy M13 5G (4GB RAM + 64GB),"₹16,999",50,"Dual Sim, 5G, VoLTE, Wi-Fi","Dimensity 700, Octa Core, 2.2 GHz Processor","4 GB RAM, 64 GB inbuilt",5000 mAh Battery with 15W Fast Charging,"6.5 inches, 720 x 1600 px, 90 Hz Display with Water Drop Notch",50 MP + 2 MP Dual Rear & 5 MP Front Camera,"Memory Card Supported, upto 1 TB",Android v12
Motorola Moto G42,"₹15,900",52,"Dual Sim, 4G, VoLTE, NFC, Wi-Fi","Snapdragon 680, Octa Core, 2.4 GHz Processor","4 GB RAM, 64 GB inbuilt",5000 mAh Battery with 20W Fast Charging,"6.47 inches, 1080 x 2400 px Display with Punch Hole",50 MP + 8 MP + 2 MP Triple Rear & 16 MP Front Camera,"Memory Card Supported, upto 1 TB",Android v12
Realme Narzo 50 5G,"₹26,999",55,"Dual Sim, 5G, VoLTE, Wi-Fi","Dimensity 810 5G, Octa Core, 2.4 GHz Processor","6 GB RAM, 128 GB inbuilt",5000 mAh Battery with 33W Fast Charging,"6.6 inches, 1080 x 2400 px, 90 Hz Display with Punch Hole",48 MP + 2 MP + 2 MP Triple Rear & 16 MP Front Camera,"Memory Card Supported, upto 1 TB",Android v11
Motorola Edge 30 5G,"₹30,999",63,"Dual Sim, 5G, VoLTE, NFC, Wi-Fi","Snapdragon 778G+, Octa Core, 2.5 GHz Processor","6 GB RAM, 128 GB inbuilt",4020 mAh Battery with 33W Fast Charging,"6.5 inches, 1080 x 2400 px, 144 Hz Display with Punch Hole",50 MP + 50 MP + 2 MP Triple Rear & 32 MP Front Camera,Android v12,No FM Radio
Samsung Galaxy M33 5G (8GB RAM + 128GB),"₹29,999",55,"Dual Sim, 5G, VoLTE, NFC, Wi-Fi","Exynos  1280, Octa Core, 2.4 GHz Processor","8 GB RAM, 128 GB inbuilt",6000 mAh Battery with 25W Fast Charging,"6.6 inches, 1080 x 2400 px, 120 Hz Display with Water Drop Notch",50 MP Quad Rear & 8 MP Front Camera,"Memory Card Supported, upto 1 TB",Android v12
Realme 9 4G (8GB RAM + 128GB),"₹22,999",61,"Dual Sim, 4G, VoLTE, Wi-Fi","Snapdragon 680, Octa Core, 2.4 GHz Processor","8 GB RAM, 128 GB inbuilt",5000 mAh Battery with 33W Fast Charging,"6.4 inches, 1080 x 2400 px, 90 Hz Display with Punch Hole",108 MP + 8 MP + 2 MP Triple Rear & 16 MP Front Camera,"Memory Card Supported, upto 256 GB",Android v12
Kechaoda K115 Pro,"₹1,090",,Dual Sim,"32 MB RAM, 32 MB inbuilt",850 mAh Battery,"1.44 inches, 320 x 240 px Display",0.3 MP Rear Camera,No FM Radio,Bluetooth,
Samsung Galaxy S22 Plus 5G,"₹1,01,999",75,"Dual Sim, 5G, VoLTE, Vo5G, NFC, Wi-Fi","Snapdragon  8 Gen1, Octa Core, 3 GHz Processor","8 GB RAM, 128 GB inbuilt",4500 mAh Battery with 45W Fast Charging,"6.6 inches, 1080 x 2340 px, 120 Hz Display with Punch Hole",50 MP + 12 MP + 10 MP Triple Rear & 10 MP Front Camera,Android v12,Bluetooth
Realme 9 Pro Plus 5G (8GB RAM + 256GB),"₹28,900",61,"Dual Sim, 5G, VoLTE, Wi-Fi","Dimensity  920 5G, Octa Core, 2.5 GHz Processor","8 GB RAM, 256 GB inbuilt",4500 mAh Battery with 60W Fast Charging,"6.4 inches, 1080 x 2400 px, 90 Hz Display with Punch Hole",50 MP + 8 MP + 2 MP Triple Rear & 16 MP Front Camera,Memory Card Not Supported,Android v12
Xiaomi Mi 11T Pro 5G,"₹38,905",71,"Dual Sim, 5G, VoLTE, NFC, Wi-Fi, IR Blaster","Snapdragon  888 , Octa Core, 2.84 GHz Processor","8 GB RAM, 128 GB inbuilt",5000 mAh Battery with 120W Fast Charging,"6.67 inches, 1080 x 2400 px, 120 Hz Display with Punch Hole",108 MP + 8 MP + 5 MP Triple Rear & 16 MP Front Camera,Android v11,No FM Radio
Motorola Moto G51 5G,"₹16,400",53,"Dual Sim, 5G, VoLTE, NFC, Wi-Fi","Snapdragon  480+, Octa Core, 2.2 GHz Processor","4 GB RAM, 64 GB inbuilt",5000 mAh Battery,"6.8 inches, 1080 x 2400 px, 120 Hz Display with Punch Hole",50 MP + 8 MP + 2 MP Triple Rear & 13 MP Front Camera,"Memory Card (Hybrid), upto 512 GB",Android v11
Jmax Super 2,₹669,,"Dual Sim, 3G",1.2 MHz Processor,"32 MB RAM, 32 MB inbuilt",1100 mAh Battery,"1.8 inches, 320 x 480 px Display",0.3 MP Rear Camera,Bluetooth,
Realme C21Y,"₹10,990",,"Dual Sim, 4G, VoLTE, Wi-Fi","Unisoc T610, Octa Core, 1.8 GHz Processor","3 GB RAM, 32 GB inbuilt",5000 mAh Battery,"6.5 inches, 720 x 1600 px Display with Water Drop Notch",13 MP + 2 MP + 2 MP Triple Rear & 5 MP Front Camera,"Memory Card Supported, upto 256 GB",Android v11
POCO M3 Pro 5G,"₹18,990",52,"Dual Sim, 5G, VoLTE, Wi-Fi, IR Blaster","Dimensity 700 5G, Octa Core, 2.2 GHz Processor","4 GB RAM, 64 GB inbuilt",5000 mAh Battery with 18W Fast Charging,"6.5 inches, 1080 x 2400 px, 90 Hz Display with Punch Hole",48 MP + 2 MP + 2 MP Triple Rear & 8 MP Front Camera,"Memory Card (Hybrid), upto 1 TB",Android v11
Realme X7 Max (12GB RAM + 256GB),"₹32,999",64,"Dual Sim, 5G, VoLTE, NFC, Wi-Fi","Dimensity 1200, Octa Core, 3 GHz Processor","12 GB RAM, 256 GB inbuilt",4500 mAh Battery with 50W Fast Charging,"6.43 inches, 1080 x 2400 px, 120 Hz Display with Punch Hole",64 MP + 8 MP + 2 MP Triple Rear & 16 MP Front Camera,Android v11,No FM Radio
OnePlus 9 (12GB RAM + 256GB),"₹39,999",67,"Dual Sim, 5G, VoLTE, NFC, Wi-Fi","Snapdragon 888, Octa Core, 2.84 GHz Processor","12 GB RAM, 256 GB inbuilt",4500 mAh Battery with Fast Charging,"6.55 inches, 1080 x 2400 px, 120 Hz Display with Punch Hole",50 MP + 48 MP + 2 MP Triple Rear & 16 MP Front Camera,Memory Card Not Supported,Android v11
Motorola Moto G10 Power,"₹12,999",,"Dual Sim, 4G, VoLTE, Wi-Fi","Snapdragon 460, Octa Core, 1.8 GHz Processor","4 GB RAM, 64 GB inbuilt",6000 mAh Battery with 20W Fast Charging,"6.51 inches, 1600 x 720 px Display with Water Drop Notch",48 MP Quad Rear & 8 MP Front Camera,"Memory Card (Hybrid), upto 1 TB",Android v11
Realme C15 (4GB RAM + 64GB),"₹12,999",,"Dual Sim, 4G, VoLTE, Wi-Fi","Helio  G35, Octa Core, 2.3 GHz Processor","4 GB RAM, 64 GB inbuilt",6000 mAh Battery with 18W Fast Charging,"6.52 inches, 720 x 1600 px Display with Water Drop Notch",13 MP Quad Rear & 8 MP Front Camera,"Memory Card Supported, upto 256 GB",Android v10
Motorola Razr 2019,"₹1,49,999",55,"Single Sim, 4G, VoLTE, NFC, eSIM, Wi-Fi","Snapdragon 710, Octa Core, 2.2 GHz Processor","6 GB RAM, 128 GB inbuilt",2510 mAh Battery with 18W Fast Charging,"6.2 inches, 876 x 2142 px Display with Large Notch",Dual Display,16 MP Rear & 5 MP Front Camera,Memory Card Not Supported
Poco X2 (6GB RAM + 128GB),"₹18,990",54,"Dual Sim, 4G, VoLTE, Wi-Fi, IR Blaster","Snapdragon  730G, Octa Core, 2.2 GHz Processor","6 GB RAM, 128 GB inbuilt",4500 mAh Battery with 27W Fast Charging,"6.67 inches, 1080 x 2400 px, 120 Hz Display with Dual Punch Hole",64 MP Quad Rear & 20 MP + 2 MP Dual Front Camera,"Memory Card (Hybrid), upto 512 GB",Android v10
Nokia 105 (2019),"₹1,349",,Single Sim,No Wifi,"4 MB RAM, 4 MB inbuilt",800 mAh Battery,"1.77 inches, 120 x 160 px Display",No Rear Camera,,
OnePlus 7 Pro (12GB RAM + 256GB),"₹40,599",61,"Dual Sim, 4G, VoLTE, NFC, Wi-Fi","Snapdragon 855, Octa Core, 2.84 GHz Processor","12 GB RAM, 256 GB inbuilt",4000 mAh Battery with 30W Fast Charging,"6.67 inches, 1440 x 3120 px Display",48 MP + 16 MP + 8 MP Triple Rear & 16 MP Front Camera,Memory Card Not Supported,Android v9.0 (Pie)
OnePlus 7 (8GB RAM + 256GB),"₹33,999",57,"Dual Sim, 4G, VoLTE, NFC, Wi-Fi","Snapdragon 855, Octa Core, 2.84 GHz Processor","8 GB RAM, 256 GB inbuilt",3700 mAh Battery with 20W Fast Charging,"6.41 inches, 1080 x 2340 px Display with Water Drop Notch",48 MP + 5 MP Dual Rear & 16 MP Front Camera,Memory Card Not Supported,Android v9.0 (Pie)
Samsung Galaxy M30 (6GB RAM + 128GB),"₹16,999",,"Dual Sim, 4G, VoLTE, Wi-Fi","Exynos  7904, Octa Core, 1.8 GHz Processor","6 GB RAM, 128 GB inbuilt",5000 mAh Battery with Fast Charging,"6.4 inches, 1080 x 2340 px Display with Water Drop Notch",13 MP + 5 MP + 5 MP Triple Rear & 16 MP Front Camera,"Memory Card Supported, upto 1 TB",Android v8.1 (Oreo)
Realme 3 (3GB RAM + 32GB),"₹10,999",,"Dual Sim, 4G, VoLTE, Wi-Fi","Helio P70, Octa Core, 2.1 GHz Processor","3 GB RAM, 32 GB inbuilt",4230 mAh Battery,"6.22 inches, 1520 x 720 px Display with Water Drop Notch",13 MP + 2 MP Dual Rear & 13 MP Front Camera,"Memory Card Supported, upto 256 GB",Android v9.0 (Pie)
Lava A1,"₹1,045",,Dual Sim,1 MHz Processor,"24 MB RAM, 24 MB inbuilt",800 mAh Battery,"1.77 inches, 240 x 320 px Display",0.3 MP Rear Camera,"Memory Card Supported, upto 32 GB",
Apple iPhone 8 Plus (256GB),"₹84,900",52,"Single Sim, 4G, VoLTE, NFC, Wi-Fi","Apple A11, Hexa Core, 2.39 GHz Processor","3 GB RAM, 256 GB inbuilt",2691 mAh Battery with Fast Charging,"5.5 inches, 1080 x 1920 px Display",12 MP + 12 MP Dual Rear & 7 MP Front Camera,Memory Card Not Supported,iOS v11
Micromax X412,₹832,,Dual Sim,"32 MB RAM, 32 MB inbuilt",800 mAh Battery,"1.8 inches, 128 x 160 px Display",0.3 MP Rear Camera,"Memory Card Supported, upto 8 GB",,
Micromax X072,₹975,,Dual Sim,1750 mAh Battery,"1.8 inches, 128 x 160 px Display",0.8 MP Rear Camera,"Memory Card Supported, upto 8 GB",Bluetooth,,
Lava ARC One,"₹1,483",,Dual Sim,1000 mAh Battery,"2.4 inches, 320 x 240 px Display",0.3 MP Rear Camera,"Memory Card Supported, upto 8 GB",Bluetooth,,
Karbonn K9,"₹1,496",,Dual Sim,No Wifi,128 MB inbuilt,1800 mAh Battery,"2.4 inches, 240 x 320 px Display",1.3 MP Rear Camera,"Memory Card Supported, upto 16 GB",Bluetooth
Jmax 6310,"₹1,299",,Dual Sim,Single Core Processor,"32 MB RAM, 32 MB inbuilt",1800 mAh Battery,"2.8 inches, 240 x 320 px Display",0.3 MP Rear Camera,Bluetooth,
Ringme Royal V2,"₹2,299",,Dual Sim,"Single Core, 1.3 MHz Processor","32 MB RAM, 32 MB inbuilt",1000 mAh Battery,"1.8 inches, 128 x 160 px Display",VGA Rear Camera,No FM Radio,
Gamma K2 Mini 1,₹949,,Dual Sim,1 MHz Processor,"32 MB RAM, 32 MB inbuilt",1000 mAh Battery with Fast Charging,"0.66 inches, 128 x 160 px Display",No Rear Camera,Symbian v1.5,No FM Radio
Foneme FM-1 Power 30C,"₹1,299",,Dual Sim,"Single Core, 1.77 MHz Processor","8 MB RAM, 16 MB inbuilt",3000 mAh Battery,"2.4 inches, 128 x 160 px Display",0.3 MP Rear Camera,Symbian v60,Bluetooth
Foneme Fm-2 Guru 4G,"₹1,499",,"Dual Sim, 4G, VoLTE","Single Core, 1.77 MHz Processor","32 MB RAM, 32 MB inbuilt",3000 mAh Battery,"2.4 inches, 128 x 160 px Display",0.3 MP Rear Camera,"Memory Card (Hybrid), upto 8 GB",Symbian v4.11
Gamma G27,"₹1,117",,Dual Sim,1 MHz Processor,"32 MB RAM, 32 MB inbuilt",1000 mAh Battery,"0.66 inches, 120 x 160 px Display",No Rear Camera,No FM Radio,Bluetooth
Foneme Power 10,₹849,,Dual Sim,"32 MB RAM, 32 MB inbuilt",3000 mAh Battery,"1.8 inches, 176 x 220 px Display",0.3 MP Rear Camera,,,
Snexian Rock Z Flip,"₹2,099",,Dual Sim,Single Core Processor,"32 MB RAM, 32 MB inbuilt",2000 mAh Battery,"2.4 inches, 320 x 240 px Display",0.3 MP Rear Camera,Symbian v0,No FM Radio
Snexian Guru 218C,₹749,,Dual Sim,1.41 MHz Processor,"16 MB RAM, 128 MB inbuilt",1000 mAh Battery,"1.8 inches, 120 x 240 px Display",0.3 MP Rear Camera,Symbian v30,Bluetooth
Gamma G26,₹999,,Dual Sim,1 MHz Processor,"32 MB RAM, 32 MB inbuilt",1000 mAh Battery,"0.66 inches, 128 x 160 px Display",No Rear Camera,No FM Radio,Bluetooth
